date,sku_id,opening_stock,stock_received,quantity_sold,returns,adjustments,closing_stock
2026-08-01,P01-S-WHITE,17,0,0,0,0,17
2026-08-01,P01-S-BLACK,17,0,0,0,0,17
2026-08-01,P01-S-NAVY,19,0,0,0,0,19
2026-08-01,P01-S-OLIVE,19,0,0,0,0,19
2026-08-01,P01-M-WHITE,17,0,0,0,0,17
2026-08-01,P01-M-BLACK,20,0,6,0,0,14
2026-08-01,P01-M-NAVY,21,0,2,0,0,19
2026-08-01,P01-M-OLIVE,20,0,2,0,0,18
2026-08-01,P01-L-WHITE,20,0,1,0,0,19
2026-08-01,P01-L-BLACK,19,0,1,0,0,18
2026-08-01,P01-L-NAVY,21,0,2,0,0,19
2026-08-01,P01-L-OLIVE,17,0,0,0,0,17
2026-08-01,P01-XL-WHITE,21,0,0,0,0,21
2026-08-01,P01-XL-BLACK,21,0,0,0,0,21
2026-08-01,P01-XL-NAVY,21,0,1,0,0,20
2026-08-01,P01-XL-OLIVE,20,0,0,0,0,20
2026-08-01,P02-S-NAVY,13,0,1,0,0,12
2026-08-01,P02-S-MAROON,13,0,1,0,0,12
2026-08-01,P02-S-GREY,17,0,0,0,0,17
2026-08-01,P02-M-NAVY,13,0,3,0,0,10
2026-08-01,P02-M-MAROON,15,0,2,0,0,13
2026-08-01,P02-M-GREY,12,0,0,0,0,12
2026-08-01,P02-L-NAVY,16,0,1,0,0,15
2026-08-01,P02-L-MAROON,14,0,0,0,0,14
2026-08-01,P02-L-GREY,12,0,2,0,0,10
2026-08-01,P02-XL-NAVY,16,0,0,0,0,16
2026-08-01,P02-XL-MAROON,13,0,3,0,0,10
2026-08-01,P02-XL-GREY,16,0,3,0,0,13
2026-08-01,P03-30-NAVY,18,0,0,0,0,18
2026-08-01,P03-30-BLACK,16,0,1,0,0,15
2026-08-01,P03-30-LIGHTBLU,18,0,0,0,0,18
2026-08-01,P03-32-NAVY,17,0,0,0,0,17
2026-08-01,P03-32-BLACK,18,0,0,0,0,18
2026-08-01,P03-32-LIGHTBLU,17,0,1,0,0,16
2026-08-01,P03-34-NAVY,14,0,0,0,0,14
2026-08-01,P03-34-BLACK,15,0,0,0,0,15
2026-08-01,P03-34-LIGHTBLU,15,0,2,0,0,13
2026-08-01,P03-36-NAVY,31,0,0,0,0,31
2026-08-01,P03-36-BLACK,32,0,1,0,0,31
2026-08-01,P03-36-LIGHTBLU,30,0,0,0,0,30
2026-08-01,P04-30-BEIGE,13,0,1,0,0,12
2026-08-01,P04-30-OLIVE,15,0,1,0,0,14
2026-08-01,P04-30-NAVY,15,0,0,0,0,15
2026-08-01,P04-32-BEIGE,12,0,0,0,0,12
2026-08-01,P04-32-OLIVE,14,0,0,0,0,14
2026-08-01,P04-32-NAVY,14,0,0,0,0,14
2026-08-01,P04-34-BEIGE,15,0,1,0,0,14
2026-08-01,P04-34-OLIVE,11,0,1,0,0,10
2026-08-01,P04-34-NAVY,14,0,0,0,0,14
2026-08-01,P04-36-BEIGE,12,0,1,0,0,11
2026-08-01,P04-36-OLIVE,12,0,1,0,0,11
2026-08-01,P04-36-NAVY,12,0,0,0,0,12
2026-08-01,P05-S-WHITE,16,0,0,0,0,16
2026-08-01,P05-S-BLUE,17,0,1,0,0,16
2026-08-01,P05-S-GREY,17,0,1,0,0,16
2026-08-01,P05-M-WHITE,14,0,2,0,0,12
2026-08-01,P05-M-BLUE,14,0,0,0,0,14
2026-08-01,P05-M-GREY,12,0,0,0,0,12
2026-08-01,P05-L-WHITE,17,0,3,0,0,14
2026-08-01,P05-L-BLUE,12,0,0,0,0,12
2026-08-01,P05-L-GREY,14,0,0,0,0,14
2026-08-01,P05-XL-WHITE,15,0,0,0,0,15
2026-08-01,P05-XL-BLUE,15,0,0,0,0,15
2026-08-01,P05-XL-GREY,13,0,0,0,0,13
2026-08-01,P06-S-BLACK,18,0,2,0,0,16
2026-08-01,P06-S-WHITE,18,0,0,0,0,18
2026-08-01,P06-S-RED,14,0,0,0,0,14
2026-08-01,P06-M-BLACK,15,0,3,0,0,12
2026-08-01,P06-M-WHITE,13,0,1,0,0,12
2026-08-01,P06-M-RED,13,0,2,0,0,11
2026-08-01,P06-L-BLACK,16,0,1,0,0,15
2026-08-01,P06-L-WHITE,16,0,1,0,0,15
2026-08-01,P06-L-RED,17,0,3,0,0,14
2026-08-01,P06-XL-BLACK,13,0,2,0,0,11
2026-08-01,P06-XL-WHITE,14,0,0,0,0,14
2026-08-01,P06-XL-RED,13,0,0,0,0,13
2026-08-01,P07-XS-MUSTARD,20,0,0,0,0,20
2026-08-01,P07-XS-TEAL,16,0,0,0,0,16
2026-08-01,P07-XS-MAROON,18,0,1,0,0,17
2026-08-01,P07-S-MUSTARD,16,0,2,0,0,14
2026-08-01,P07-S-TEAL,17,0,0,0,0,17
2026-08-01,P07-S-MAROON,19,0,0,0,0,19
2026-08-01,P07-M-MUSTARD,4,0,1,0,0,3
2026-08-01,P07-M-TEAL,5,0,0,0,0,5
2026-08-01,P07-M-MAROON,5,0,1,0,0,4
2026-08-01,P07-L-MUSTARD,21,0,6,0,0,15
2026-08-01,P07-L-TEAL,18,0,1,0,0,17
2026-08-01,P07-L-MAROON,16,0,0,0,0,16
2026-08-01,P07-XL-MUSTARD,21,0,0,0,0,21
2026-08-01,P07-XL-TEAL,17,0,1,0,0,16
2026-08-01,P07-XL-MAROON,19,0,2,0,0,17
2026-08-01,P08-XS-PINK,15,0,0,0,0,15
2026-08-01,P08-XS-BLUE,17,0,0,0,0,17
2026-08-01,P08-XS-GREEN,12,0,1,0,0,11
2026-08-01,P08-S-PINK,13,0,0,0,0,13
2026-08-01,P08-S-BLUE,14,0,0,0,0,14
2026-08-01,P08-S-GREEN,13,0,0,0,0,13
2026-08-01,P08-M-PINK,16,0,0,0,0,16
2026-08-01,P08-M-BLUE,17,0,0,0,0,17
2026-08-01,P08-M-GREEN,12,0,1,0,0,11
2026-08-01,P08-L-PINK,15,0,0,0,0,15
2026-08-01,P08-L-BLUE,17,0,1,0,0,16
2026-08-01,P08-L-GREEN,15,0,1,0,0,14
2026-08-01,P08-XL-PINK,16,0,0,0,0,16
2026-08-01,P08-XL-BLUE,17,0,0,0,0,17
2026-08-01,P08-XL-GREEN,13,0,0,0,0,13
2026-08-01,P09-XS-BLACK,13,0,0,0,0,13
2026-08-01,P09-XS-BEIGE,14,0,0,0,0,14
2026-08-01,P09-XS-NAVY,14,0,0,0,0,14
2026-08-01,P09-S-BLACK,17,0,0,0,0,17
2026-08-01,P09-S-BEIGE,13,0,0,0,0,13
2026-08-01,P09-S-NAVY,16,0,1,0,0,15
2026-08-01,P09-M-BLACK,12,0,3,0,0,9
2026-08-01,P09-M-BEIGE,13,0,3,0,0,10
2026-08-01,P09-M-NAVY,17,0,0,0,0,17
2026-08-01,P09-L-BLACK,15,0,1,0,0,14
2026-08-01,P09-L-BEIGE,13,0,1,0,0,12
2026-08-01,P09-L-NAVY,14,0,0,0,0,14
2026-08-01,P09-XL-BLACK,13,0,0,0,0,13
2026-08-01,P09-XL-BEIGE,16,0,0,0,0,16
2026-08-01,P09-XL-NAVY,11,0,0,0,0,11
2026-08-01,P10-XS-INDIGO,17,0,1,0,0,16
2026-08-01,P10-XS-BLACK,12,0,0,0,0,12
2026-08-01,P10-S-INDIGO,15,0,2,0,0,13
2026-08-01,P10-S-BLACK,16,0,1,0,0,15
2026-08-01,P10-M-INDIGO,14,0,2,0,0,12
2026-08-01,P10-M-BLACK,16,0,1,0,0,15
2026-08-01,P10-L-INDIGO,16,0,7,0,0,9
2026-08-01,P10-L-BLACK,16,0,1,0,0,15
2026-08-01,P10-XL-INDIGO,13,0,0,0,0,13
2026-08-01,P10-XL-BLACK,13,0,0,0,0,13
2026-08-01,P11-XS-WHITE,17,0,0,0,0,17
2026-08-01,P11-XS-LAVENDER,19,0,0,0,0,19
2026-08-01,P11-XS-BLACK,13,0,0,0,0,13
2026-08-01,P11-S-WHITE,16,0,0,0,0,16
2026-08-01,P11-S-LAVENDER,18,0,1,0,0,17
2026-08-01,P11-S-BLACK,14,0,0,0,0,14
2026-08-01,P11-M-WHITE,18,0,4,0,0,14
2026-08-01,P11-M-LAVENDER,18,0,0,0,0,18
2026-08-01,P11-M-BLACK,15,0,4,0,0,11
2026-08-01,P11-L-WHITE,17,0,0,0,0,17
2026-08-01,P11-L-LAVENDER,15,0,0,0,0,15
2026-08-01,P11-L-BLACK,14,0,0,0,0,14
2026-08-01,P12-XS-RED,17,0,0,0,0,17
2026-08-01,P12-XS-BLUE,17,0,2,0,0,15
2026-08-01,P12-XS-WHITE,14,0,1,0,0,13
2026-08-01,P12-S-RED,18,0,0,0,0,18
2026-08-01,P12-S-BLUE,15,0,1,0,0,14
2026-08-01,P12-S-WHITE,14,0,0,0,0,14
2026-08-01,P12-M-RED,15,0,1,0,0,14
2026-08-01,P12-M-BLUE,13,0,0,0,0,13
2026-08-01,P12-M-WHITE,16,0,3,0,0,13
2026-08-01,P12-L-RED,15,0,0,0,0,15
2026-08-01,P12-L-BLUE,14,0,2,0,0,12
2026-08-01,P12-L-WHITE,16,0,1,0,0,15
2026-08-01,P12-XL-RED,13,0,1,0,0,12
2026-08-01,P12-XL-BLUE,14,0,1,0,0,13
2026-08-01,P12-XL-WHITE,14,0,2,0,0,12
2026-08-01,P13-S-WINE,25,0,0,0,0,25
2026-08-01,P13-S-EMERALD,29,0,0,0,0,29
2026-08-01,P13-S-NAVY,24,0,0,0,0,24
2026-08-01,P13-M-WINE,30,0,0,0,0,30
2026-08-01,P13-M-EMERALD,25,0,0,0,0,25
2026-08-01,P13-M-NAVY,29,0,0,0,0,29
2026-08-01,P13-L-WINE,25,0,0,0,0,25
2026-08-01,P13-L-EMERALD,27,0,0,0,0,27
2026-08-01,P13-L-NAVY,24,0,0,0,0,24
2026-08-01,P13-XL-WINE,28,0,0,0,0,28
2026-08-01,P13-XL-EMERALD,27,0,0,0,0,27
2026-08-01,P13-XL-NAVY,28,0,0,0,0,28
2026-08-01,P14-XS-TEAL,15,0,0,0,0,15
2026-08-01,P14-XS-MUSTARD,14,0,0,0,0,14
2026-08-01,P14-XS-MAROON,13,0,0,0,0,13
2026-08-01,P14-S-TEAL,14,0,0,0,0,14
2026-08-01,P14-S-MUSTARD,15,0,0,0,0,15
2026-08-01,P14-S-MAROON,11,0,1,0,0,10
2026-08-01,P14-M-TEAL,10,0,1,0,0,9
2026-08-01,P14-M-MUSTARD,12,0,0,0,0,12
2026-08-01,P14-M-MAROON,13,0,0,0,0,13
2026-08-01,P14-L-TEAL,15,0,1,0,0,14
2026-08-01,P14-L-MUSTARD,11,0,0,0,0,11
2026-08-01,P14-L-MAROON,12,0,1,0,0,11
2026-08-01,P14-XL-TEAL,15,0,0,0,0,15
2026-08-01,P14-XL-MUSTARD,16,0,0,0,0,16
2026-08-01,P14-XL-MAROON,15,0,1,0,0,14
2026-08-01,P15-23Y-YELLOW,12,0,0,0,0,12
2026-08-01,P15-23Y-BLUE,12,0,0,0,0,12
2026-08-01,P15-23Y-RED,17,0,3,0,0,14
2026-08-01,P15-45Y-YELLOW,14,0,0,0,0,14
2026-08-01,P15-45Y-BLUE,18,0,2,0,0,16
2026-08-01,P15-45Y-RED,14,0,1,0,0,13
2026-08-01,P15-67Y-YELLOW,17,0,0,0,0,17
2026-08-01,P15-67Y-BLUE,17,0,1,0,0,16
2026-08-01,P15-67Y-RED,12,0,0,0,0,12
2026-08-01,P15-89Y-YELLOW,12,0,0,0,0,12
2026-08-01,P15-89Y-BLUE,17,0,1,0,0,16
2026-08-01,P15-89Y-RED,13,0,0,0,0,13
2026-08-01,P16-23Y-BLUE,17,0,1,0,0,16
2026-08-01,P16-23Y-BLACK,13,0,1,0,0,12
2026-08-01,P16-45Y-BLUE,13,0,1,0,0,12
2026-08-01,P16-45Y-BLACK,12,0,4,0,0,8
2026-08-01,P16-67Y-BLUE,11,0,1,0,0,10
2026-08-01,P16-67Y-BLACK,17,0,1,0,0,16
2026-08-01,P16-89Y-BLUE,13,0,0,0,0,13
2026-08-01,P16-89Y-BLACK,13,0,0,0,0,13
2026-08-01,P17-23Y-MAROON,13,0,0,0,0,13
2026-08-01,P17-23Y-MUSTARD,15,0,0,0,0,15
2026-08-01,P17-23Y-GREEN,12,0,0,0,0,12
2026-08-01,P17-45Y-MAROON,10,0,0,0,0,10
2026-08-01,P17-45Y-MUSTARD,15,0,1,0,0,14
2026-08-01,P17-45Y-GREEN,13,0,0,0,0,13
2026-08-01,P17-67Y-MAROON,11,0,1,0,0,10
2026-08-01,P17-67Y-MUSTARD,15,0,0,0,0,15
2026-08-01,P17-67Y-GREEN,10,0,0,0,0,10
2026-08-01,P17-89Y-MAROON,12,0,1,0,0,11
2026-08-01,P17-89Y-MUSTARD,11,0,0,0,0,11
2026-08-01,P17-89Y-GREEN,13,0,0,0,0,13
2026-08-01,P18-23Y-PINK,8,0,0,0,0,8
2026-08-01,P18-23Y-PEACH,9,0,0,0,0,9
2026-08-01,P18-23Y-MINT,12,0,0,0,0,12
2026-08-01,P18-45Y-PINK,10,0,0,0,0,10
2026-08-01,P18-45Y-PEACH,11,0,0,0,0,11
2026-08-01,P18-45Y-MINT,13,0,0,0,0,13
2026-08-01,P18-67Y-PINK,13,0,1,0,0,12
2026-08-01,P18-67Y-PEACH,14,0,0,0,0,14
2026-08-01,P18-67Y-MINT,14,0,1,0,0,13
2026-08-01,P18-89Y-PINK,13,0,0,0,0,13
2026-08-01,P18-89Y-PEACH,10,0,0,0,0,10
2026-08-01,P18-89Y-MINT,14,0,0,0,0,14
2026-08-01,P19-23Y-GREY,15,0,0,0,0,15
2026-08-01,P19-23Y-NAVY,15,0,1,0,0,14
2026-08-01,P19-23Y-BLACK,14,0,0,0,0,14
2026-08-01,P19-45Y-GREY,11,0,0,0,0,11
2026-08-01,P19-45Y-NAVY,13,0,0,0,0,13
2026-08-01,P19-45Y-BLACK,14,0,0,0,0,14
2026-08-01,P19-67Y-GREY,14,0,1,0,0,13
2026-08-01,P19-67Y-NAVY,14,0,2,0,0,12
2026-08-01,P19-67Y-BLACK,11,0,0,0,0,11
2026-08-01,P19-89Y-GREY,14,0,0,0,0,14
2026-08-01,P19-89Y-NAVY,11,0,0,0,0,11
2026-08-01,P19-89Y-BLACK,12,0,1,0,0,11
2026-08-01,P20-7-WHITE,16,0,1,0,0,15
2026-08-01,P20-7-BLACK,12,0,0,0,0,12
2026-08-01,P20-7-GREY,10,0,0,0,0,10
2026-08-01,P20-8-WHITE,14,0,1,0,0,13
2026-08-01,P20-8-BLACK,16,0,0,0,0,16
2026-08-01,P20-8-GREY,15,0,1,0,0,14
2026-08-01,P20-9-WHITE,11,0,2,0,0,9
2026-08-01,P20-9-BLACK,16,0,1,0,0,15
2026-08-01,P20-9-GREY,11,0,3,0,0,8
2026-08-01,P20-10-WHITE,16,0,0,0,0,16
2026-08-01,P20-10-BLACK,15,0,0,0,0,15
2026-08-01,P20-10-GREY,12,0,0,0,0,12
2026-08-01,P21-4-TAN,14,0,0,0,0,14
2026-08-01,P21-4-BLACK,11,0,1,0,0,10
2026-08-01,P21-4-GOLD,14,0,0,0,0,14
2026-08-01,P21-5-TAN,10,0,0,0,0,10
2026-08-01,P21-5-BLACK,14,0,2,0,0,12
2026-08-01,P21-5-GOLD,13,0,1,0,0,12
2026-08-01,P21-6-TAN,11,0,1,0,0,10
2026-08-01,P21-6-BLACK,12,0,0,0,0,12
2026-08-01,P21-6-GOLD,12,0,3,0,0,9
2026-08-01,P21-7-TAN,15,0,1,0,0,14
2026-08-01,P21-7-BLACK,11,0,2,0,0,9
2026-08-01,P21-7-GOLD,12,0,0,0,0,12
2026-08-01,P21-8-TAN,16,0,0,0,0,16
2026-08-01,P21-8-BLACK,16,0,2,0,0,14
2026-08-01,P21-8-GOLD,15,0,0,0,0,15
2026-08-01,P22-10C-BLUE,13,0,0,0,0,13
2026-08-01,P22-10C-PINK,12,0,0,0,0,12
2026-08-01,P22-10C-BLACK,12,0,0,0,0,12
2026-08-01,P22-11C-BLUE,12,0,0,0,0,12
2026-08-01,P22-11C-PINK,14,0,1,0,0,13
2026-08-01,P22-11C-BLACK,12,0,0,0,0,12
2026-08-01,P22-12C-BLUE,15,0,0,0,0,15
2026-08-01,P22-12C-PINK,10,0,1,0,0,9
2026-08-01,P22-12C-BLACK,12,0,0,0,0,12
2026-08-01,P22-13C-BLUE,13,0,1,0,0,12
2026-08-01,P22-13C-PINK,13,0,1,0,0,12
2026-08-01,P22-13C-BLACK,12,0,1,0,0,11
2026-08-01,P22-1Y-BLUE,11,0,0,0,0,11
2026-08-01,P22-1Y-PINK,13,0,0,0,0,13
2026-08-01,P22-1Y-BLACK,14,0,1,0,0,13
2026-08-01,P23-7-BLACK,11,0,0,0,0,11
2026-08-01,P23-7-NAVY,10,0,5,0,0,5
2026-08-01,P23-7-GREY,13,0,0,0,0,13
2026-08-01,P23-8-BLACK,13,0,0,0,0,13
2026-08-01,P23-8-NAVY,11,0,3,0,0,8
2026-08-01,P23-8-GREY,12,0,1,0,0,11
2026-08-01,P23-9-BLACK,12,0,0,0,0,12
2026-08-01,P23-9-NAVY,12,0,0,0,0,12
2026-08-01,P23-9-GREY,10,0,1,0,0,9
2026-08-01,P23-10-BLACK,10,0,0,0,0,10
2026-08-01,P23-10-NAVY,12,0,0,0,0,12
2026-08-01,P23-10-GREY,14,0,1,0,0,13
2026-08-01,P24-ONESIZE-BLACK,16,0,1,0,0,15
2026-08-01,P24-ONESIZE-TAN,15,0,0,0,0,15
2026-08-01,P24-ONESIZE-MAROON,14,0,0,0,0,14
2026-08-01,P25-ONESIZE-BLACK,16,0,2,0,0,14
2026-08-01,P25-ONESIZE-PINK,12,0,0,0,0,12
2026-08-01,P25-ONESIZE-BEIGE,11,0,0,0,0,11
2026-08-01,P26-32-BLACK,15,0,0,0,0,15
2026-08-01,P26-32-BROWN,14,0,0,0,0,14
2026-08-01,P26-34-BLACK,14,0,0,0,0,14
2026-08-01,P26-34-BROWN,16,0,0,0,0,16
2026-08-01,P26-36-BLACK,13,0,2,0,0,11
2026-08-01,P26-36-BROWN,14,0,0,0,0,14
2026-08-01,P26-38-BLACK,14,0,2,0,0,12
2026-08-01,P26-38-BROWN,13,0,0,0,0,13
2026-08-01,P27-ONESIZE-BLACK,10,0,2,0,0,8
2026-08-01,P27-ONESIZE-BROWN,10,0,0,0,0,10
2026-08-01,P27-ONESIZE-TAN,11,0,2,0,0,9
2026-08-01,P28-ONESIZE-MULTICOL,12,0,0,0,0,12
2026-08-01,P28-ONESIZE-PINK,14,0,1,0,0,13
2026-08-01,P28-ONESIZE-BLACK,11,0,0,0,0,11
2026-08-01,P29-ONESIZE-BLACK,13,0,0,0,0,13
2026-08-01,P29-ONESIZE-NAVY,13,0,1,0,0,12
2026-08-01,P29-ONESIZE-BEIGE,12,0,0,0,0,12
2026-08-01,P30-ONESIZE-FLORAL,25,0,0,0,0,25
2026-08-01,P30-ONESIZE-MAROON,26,0,1,0,0,25
2026-08-01,P30-ONESIZE-TEAL,24,0,0,0,0,24
2026-08-01,P31-ONESIZE-RED,13,0,0,0,0,13
2026-08-01,P31-ONESIZE-MUSTARD,11,0,1,0,0,10
2026-08-01,P31-ONESIZE-GREEN,14,0,1,0,0,13
2026-08-01,P32-4-BLACK,15,0,2,0,0,13
2026-08-01,P32-4-BEIGE,13,0,2,0,0,11
2026-08-01,P32-4-SILVER,13,0,0,0,0,13
2026-08-01,P32-5-BLACK,14,0,0,0,0,14
2026-08-01,P32-5-BEIGE,13,0,0,0,0,13
2026-08-01,P32-5-SILVER,14,0,2,0,0,12
2026-08-01,P32-6-BLACK,11,0,0,0,0,11
2026-08-01,P32-6-BEIGE,16,0,0,0,0,16
2026-08-01,P32-6-SILVER,15,0,3,0,0,12
2026-08-01,P32-7-BLACK,12,0,2,0,0,10
2026-08-01,P32-7-BEIGE,15,0,0,0,0,15
2026-08-01,P32-7-SILVER,11,0,0,0,0,11
2026-08-01,P32-8-BLACK,16,0,2,0,0,14
2026-08-01,P32-8-BEIGE,11,0,1,0,0,10
2026-08-01,P32-8-SILVER,11,0,1,0,0,10
2026-08-02,P01-S-WHITE,17,0,2,0,0,15
2026-08-02,P01-S-BLACK,17,0,5,0,0,12
2026-08-02,P01-S-NAVY,19,0,0,0,0,19
2026-08-02,P01-S-OLIVE,19,0,3,0,0,16
2026-08-02,P01-M-WHITE,17,0,4,0,0,13
2026-08-02,P01-M-BLACK,14,0,0,0,0,14
2026-08-02,P01-M-NAVY,19,0,3,0,0,16
2026-08-02,P01-M-OLIVE,18,0,1,0,0,17
2026-08-02,P01-L-WHITE,19,0,1,0,0,18
2026-08-02,P01-L-BLACK,18,0,1,0,0,17
2026-08-02,P01-L-NAVY,19,0,3,0,0,16
2026-08-02,P01-L-OLIVE,17,0,0,0,0,17
2026-08-02,P01-XL-WHITE,21,0,0,0,0,21
2026-08-02,P01-XL-BLACK,21,0,1,0,0,20
2026-08-02,P01-XL-NAVY,20,0,0,0,0,20
2026-08-02,P01-XL-OLIVE,20,0,2,0,0,18
2026-08-02,P02-S-NAVY,12,0,0,0,0,12
2026-08-02,P02-S-MAROON,12,0,0,0,0,12
2026-08-02,P02-S-GREY,17,0,0,0,0,17
2026-08-02,P02-M-NAVY,10,0,1,0,0,9
2026-08-02,P02-M-MAROON,13,0,3,0,0,10
2026-08-02,P02-M-GREY,12,0,2,0,0,10
2026-08-02,P02-L-NAVY,15,0,0,0,0,15
2026-08-02,P02-L-MAROON,14,0,0,0,0,14
2026-08-02,P02-L-GREY,10,0,3,0,0,7
2026-08-02,P02-XL-NAVY,16,0,2,0,0,14
2026-08-02,P02-XL-MAROON,10,0,0,0,0,10
2026-08-02,P02-XL-GREY,13,0,0,0,0,13
2026-08-02,P03-30-NAVY,18,0,0,0,0,18
2026-08-02,P03-30-BLACK,15,0,1,0,0,14
2026-08-02,P03-30-LIGHTBLU,18,0,1,0,0,17
2026-08-02,P03-32-NAVY,17,0,0,0,0,17
2026-08-02,P03-32-BLACK,18,0,5,0,0,13
2026-08-02,P03-32-LIGHTBLU,16,0,0,0,0,16
2026-08-02,P03-34-NAVY,14,0,1,0,0,13
2026-08-02,P03-34-BLACK,15,0,1,0,0,14
2026-08-02,P03-34-LIGHTBLU,13,0,0,0,0,13
2026-08-02,P03-36-NAVY,31,0,0,0,0,31
2026-08-02,P03-36-BLACK,31,0,1,0,0,30
2026-08-02,P03-36-LIGHTBLU,30,0,0,0,0,30
2026-08-02,P04-30-BEIGE,12,0,1,0,0,11
2026-08-02,P04-30-OLIVE,14,0,1,0,0,13
2026-08-02,P04-30-NAVY,15,0,1,0,0,14
2026-08-02,P04-32-BEIGE,12,0,1,0,0,11
2026-08-02,P04-32-OLIVE,14,0,0,0,0,14
2026-08-02,P04-32-NAVY,14,0,1,0,0,13
2026-08-02,P04-34-BEIGE,14,0,1,0,0,13
2026-08-02,P04-34-OLIVE,10,0,0,0,0,10
2026-08-02,P04-34-NAVY,14,0,0,0,0,14
2026-08-02,P04-36-BEIGE,11,0,1,0,0,10
2026-08-02,P04-36-OLIVE,11,0,0,0,0,11
2026-08-02,P04-36-NAVY,12,0,2,0,0,10
2026-08-02,P05-S-WHITE,16,0,0,0,0,16
2026-08-02,P05-S-BLUE,16,0,0,0,0,16
2026-08-02,P05-S-GREY,16,0,1,0,0,15
2026-08-02,P05-M-WHITE,12,0,1,0,0,11
2026-08-02,P05-M-BLUE,14,0,2,0,0,12
2026-08-02,P05-M-GREY,12,0,0,0,0,12
2026-08-02,P05-L-WHITE,14,0,2,0,0,12
2026-08-02,P05-L-BLUE,12,0,0,0,0,12
2026-08-02,P05-L-GREY,14,0,0,0,0,14
2026-08-02,P05-XL-WHITE,15,0,0,0,0,15
2026-08-02,P05-XL-BLUE,15,0,0,0,0,15
2026-08-02,P05-XL-GREY,13,0,0,0,0,13
2026-08-02,P06-S-BLACK,16,0,3,0,0,13
2026-08-02,P06-S-WHITE,18,0,0,0,0,18
2026-08-02,P06-S-RED,14,0,1,0,0,13
2026-08-02,P06-M-BLACK,12,0,1,0,0,11
2026-08-02,P06-M-WHITE,12,0,2,0,0,10
2026-08-02,P06-M-RED,11,0,0,0,0,11
2026-08-02,P06-L-BLACK,15,0,2,0,0,13
2026-08-02,P06-L-WHITE,15,0,0,0,0,15
2026-08-02,P06-L-RED,14,0,2,0,0,12
2026-08-02,P06-XL-BLACK,11,0,1,0,0,10
2026-08-02,P06-XL-WHITE,14,0,0,0,0,14
2026-08-02,P06-XL-RED,13,0,0,0,0,13
2026-08-02,P07-XS-MUSTARD,20,0,0,0,0,20
2026-08-02,P07-XS-TEAL,16,0,1,0,0,15
2026-08-02,P07-XS-MAROON,17,0,0,0,0,17
2026-08-02,P07-S-MUSTARD,14,0,0,0,0,14
2026-08-02,P07-S-TEAL,17,0,3,0,0,14
2026-08-02,P07-S-MAROON,19,0,2,0,0,17
2026-08-02,P07-M-MUSTARD,3,0,1,0,0,2
2026-08-02,P07-M-TEAL,5,0,2,0,0,3
2026-08-02,P07-M-MAROON,4,0,3,0,0,1
2026-08-02,P07-L-MUSTARD,15,0,2,0,0,13
2026-08-02,P07-L-TEAL,17,0,0,0,0,17
2026-08-02,P07-L-MAROON,16,0,4,0,0,12
2026-08-02,P07-XL-MUSTARD,21,0,0,0,0,21
2026-08-02,P07-XL-TEAL,16,0,0,0,0,16
2026-08-02,P07-XL-MAROON,17,0,2,0,0,15
2026-08-02,P08-XS-PINK,15,0,0,0,0,15
2026-08-02,P08-XS-BLUE,17,0,1,0,0,16
2026-08-02,P08-XS-GREEN,11,0,0,0,0,11
2026-08-02,P08-S-PINK,13,0,0,0,0,13
2026-08-02,P08-S-BLUE,14,0,0,0,0,14
2026-08-02,P08-S-GREEN,13,0,0,0,0,13
2026-08-02,P08-M-PINK,16,0,2,0,0,14
2026-08-02,P08-M-BLUE,17,0,2,0,0,15
2026-08-02,P08-M-GREEN,11,0,1,0,0,10
2026-08-02,P08-L-PINK,15,0,4,0,0,11
2026-08-02,P08-L-BLUE,16,0,0,0,0,16
2026-08-02,P08-L-GREEN,14,0,1,0,0,13
2026-08-02,P08-XL-PINK,16,0,0,0,0,16
2026-08-02,P08-XL-BLUE,17,0,0,0,0,17
2026-08-02,P08-XL-GREEN,13,0,0,0,0,13
2026-08-02,P09-XS-BLACK,13,0,0,0,0,13
2026-08-02,P09-XS-BEIGE,14,0,0,0,0,14
2026-08-02,P09-XS-NAVY,14,0,0,0,0,14
2026-08-02,P09-S-BLACK,17,0,0,0,0,17
2026-08-02,P09-S-BEIGE,13,0,0,0,0,13
2026-08-02,P09-S-NAVY,15,0,1,0,0,14
2026-08-02,P09-M-BLACK,9,0,1,0,0,8
2026-08-02,P09-M-BEIGE,10,0,1,0,0,9
2026-08-02,P09-M-NAVY,17,0,0,0,0,17
2026-08-02,P09-L-BLACK,14,0,0,0,0,14
2026-08-02,P09-L-BEIGE,12,0,0,0,0,12
2026-08-02,P09-L-NAVY,14,0,1,0,0,13
2026-08-02,P09-XL-BLACK,13,0,1,0,0,12
2026-08-02,P09-XL-BEIGE,16,0,2,0,0,14
2026-08-02,P09-XL-NAVY,11,0,0,0,0,11
2026-08-02,P10-XS-INDIGO,16,0,0,0,0,16
2026-08-02,P10-XS-BLACK,12,0,1,0,0,11
2026-08-02,P10-S-INDIGO,13,0,3,0,0,10
2026-08-02,P10-S-BLACK,15,0,0,0,0,15
2026-08-02,P10-M-INDIGO,12,0,0,0,0,12
2026-08-02,P10-M-BLACK,15,0,3,0,0,12
2026-08-02,P10-L-INDIGO,9,0,1,0,0,8
2026-08-02,P10-L-BLACK,15,0,0,0,0,15
2026-08-02,P10-XL-INDIGO,13,0,0,0,0,13
2026-08-02,P10-XL-BLACK,13,0,1,0,0,12
2026-08-02,P11-XS-WHITE,17,0,0,0,0,17
2026-08-02,P11-XS-LAVENDER,19,0,0,0,0,19
2026-08-02,P11-XS-BLACK,13,0,0,0,0,13
2026-08-02,P11-S-WHITE,16,0,0,0,0,16
2026-08-02,P11-S-LAVENDER,17,0,0,0,0,17
2026-08-02,P11-S-BLACK,14,0,1,0,0,13
2026-08-02,P11-M-WHITE,14,0,2,0,0,12
2026-08-02,P11-M-LAVENDER,18,0,0,0,0,18
2026-08-02,P11-M-BLACK,11,0,2,0,0,9
2026-08-02,P11-L-WHITE,17,0,0,0,0,17
2026-08-02,P11-L-LAVENDER,15,0,5,0,0,10
2026-08-02,P11-L-BLACK,14,0,0,0,0,14
2026-08-02,P12-XS-RED,17,0,0,0,0,17
2026-08-02,P12-XS-BLUE,15,0,0,0,0,15
2026-08-02,P12-XS-WHITE,13,0,0,0,0,13
2026-08-02,P12-S-RED,18,0,2,0,0,16
2026-08-02,P12-S-BLUE,14,0,3,0,0,11
2026-08-02,P12-S-WHITE,14,0,0,0,0,14
2026-08-02,P12-M-RED,14,0,2,0,0,12
2026-08-02,P12-M-BLUE,13,0,0,0,0,13
2026-08-02,P12-M-WHITE,13,0,0,0,0,13
2026-08-02,P12-L-RED,15,0,1,0,0,14
2026-08-02,P12-L-BLUE,12,0,0,0,0,12
2026-08-02,P12-L-WHITE,15,0,1,0,0,14
2026-08-02,P12-XL-RED,12,0,0,0,0,12
2026-08-02,P12-XL-BLUE,13,0,0,0,0,13
2026-08-02,P12-XL-WHITE,12,0,0,0,0,12
2026-08-02,P13-S-WINE,25,0,0,0,0,25
2026-08-02,P13-S-EMERALD,29,0,0,0,0,29
2026-08-02,P13-S-NAVY,24,0,0,0,0,24
2026-08-02,P13-M-WINE,30,0,0,0,0,30
2026-08-02,P13-M-EMERALD,25,0,1,0,0,24
2026-08-02,P13-M-NAVY,29,0,0,0,0,29
2026-08-02,P13-L-WINE,25,0,0,0,0,25
2026-08-02,P13-L-EMERALD,27,0,0,0,0,27
2026-08-02,P13-L-NAVY,24,0,0,0,0,24
2026-08-02,P13-XL-WINE,28,0,0,0,0,28
2026-08-02,P13-XL-EMERALD,27,0,0,0,0,27
2026-08-02,P13-XL-NAVY,28,0,0,0,0,28
2026-08-02,P14-XS-TEAL,15,0,0,0,0,15
2026-08-02,P14-XS-MUSTARD,14,0,0,0,0,14
2026-08-02,P14-XS-MAROON,13,0,0,0,0,13
2026-08-02,P14-S-TEAL,14,0,0,0,0,14
2026-08-02,P14-S-MUSTARD,15,0,0,0,0,15
2026-08-02,P14-S-MAROON,10,0,1,0,0,9
2026-08-02,P14-M-TEAL,9,0,1,0,0,8
2026-08-02,P14-M-MUSTARD,12,0,0,0,0,12
2026-08-02,P14-M-MAROON,13,0,0,0,0,13
2026-08-02,P14-L-TEAL,14,0,1,0,0,13
2026-08-02,P14-L-MUSTARD,11,0,0,0,0,11
2026-08-02,P14-L-MAROON,11,0,0,0,0,11
2026-08-02,P14-XL-TEAL,15,0,0,0,0,15
2026-08-02,P14-XL-MUSTARD,16,0,1,0,0,15
2026-08-02,P14-XL-MAROON,14,0,0,0,0,14
2026-08-02,P15-23Y-YELLOW,12,0,0,0,0,12
2026-08-02,P15-23Y-BLUE,12,0,0,0,0,12
2026-08-02,P15-23Y-RED,14,0,2,0,0,12
2026-08-02,P15-45Y-YELLOW,14,0,1,0,0,13
2026-08-02,P15-45Y-BLUE,16,0,0,0,0,16
2026-08-02,P15-45Y-RED,13,0,1,0,0,12
2026-08-02,P15-67Y-YELLOW,17,0,3,0,0,14
2026-08-02,P15-67Y-BLUE,16,0,0,0,0,16
2026-08-02,P15-67Y-RED,12,0,2,0,0,10
2026-08-02,P15-89Y-YELLOW,12,0,1,0,0,11
2026-08-02,P15-89Y-BLUE,16,0,0,0,0,16
2026-08-02,P15-89Y-RED,13,0,2,0,0,11
2026-08-02,P16-23Y-BLUE,16,0,3,0,0,13
2026-08-02,P16-23Y-BLACK,12,0,0,0,0,12
2026-08-02,P16-45Y-BLUE,12,0,1,0,0,11
2026-08-02,P16-45Y-BLACK,8,0,0,0,0,8
2026-08-02,P16-67Y-BLUE,10,0,1,0,0,9
2026-08-02,P16-67Y-BLACK,16,0,2,0,0,14
2026-08-02,P16-89Y-BLUE,13,0,1,0,0,12
2026-08-02,P16-89Y-BLACK,13,0,0,0,0,13
2026-08-02,P17-23Y-MAROON,13,0,1,0,0,12
2026-08-02,P17-23Y-MUSTARD,15,0,0,0,0,15
2026-08-02,P17-23Y-GREEN,12,0,0,0,0,12
2026-08-02,P17-45Y-MAROON,10,0,0,0,0,10
2026-08-02,P17-45Y-MUSTARD,14,0,0,0,0,14
2026-08-02,P17-45Y-GREEN,13,0,0,0,0,13
2026-08-02,P17-67Y-MAROON,10,0,1,0,0,9
2026-08-02,P17-67Y-MUSTARD,15,0,0,0,0,15
2026-08-02,P17-67Y-GREEN,10,0,0,0,0,10
2026-08-02,P17-89Y-MAROON,11,0,0,0,0,11
2026-08-02,P17-89Y-MUSTARD,11,0,1,0,0,10
2026-08-02,P17-89Y-GREEN,13,0,0,0,0,13
2026-08-02,P18-23Y-PINK,8,0,0,0,0,8
2026-08-02,P18-23Y-PEACH,9,0,0,0,0,9
2026-08-02,P18-23Y-MINT,12,0,0,0,0,12
2026-08-02,P18-45Y-PINK,10,0,0,0,0,10
2026-08-02,P18-45Y-PEACH,11,0,0,0,0,11
2026-08-02,P18-45Y-MINT,13,0,0,0,0,13
2026-08-02,P18-67Y-PINK,12,0,2,0,0,10
2026-08-02,P18-67Y-PEACH,14,0,0,0,0,14
2026-08-02,P18-67Y-MINT,13,0,0,0,0,13
2026-08-02,P18-89Y-PINK,13,0,0,0,0,13
2026-08-02,P18-89Y-PEACH,10,0,0,0,0,10
2026-08-02,P18-89Y-MINT,14,0,0,0,0,14
2026-08-02,P19-23Y-GREY,15,0,1,0,0,14
2026-08-02,P19-23Y-NAVY,14,0,0,0,0,14
2026-08-02,P19-23Y-BLACK,14,0,2,0,0,12
2026-08-02,P19-45Y-GREY,11,0,1,0,0,10
2026-08-02,P19-45Y-NAVY,13,0,0,0,0,13
2026-08-02,P19-45Y-BLACK,14,0,1,0,0,13
2026-08-02,P19-67Y-GREY,13,0,1,0,0,12
2026-08-02,P19-67Y-NAVY,12,0,3,0,0,9
2026-08-02,P19-67Y-BLACK,11,0,0,0,0,11
2026-08-02,P19-89Y-GREY,14,0,0,0,0,14
2026-08-02,P19-89Y-NAVY,11,0,2,0,0,9
2026-08-02,P19-89Y-BLACK,11,0,0,0,0,11
2026-08-02,P20-7-WHITE,15,0,0,0,0,15
2026-08-02,P20-7-BLACK,12,0,3,0,0,9
2026-08-02,P20-7-GREY,10,0,0,0,0,10
2026-08-02,P20-8-WHITE,13,0,3,0,0,10
2026-08-02,P20-8-BLACK,16,0,0,0,0,16
2026-08-02,P20-8-GREY,14,0,0,0,0,14
2026-08-02,P20-9-WHITE,9,0,0,0,0,9
2026-08-02,P20-9-BLACK,15,0,0,0,0,15
2026-08-02,P20-9-GREY,8,0,0,0,0,8
2026-08-02,P20-10-WHITE,16,0,0,0,0,16
2026-08-02,P20-10-BLACK,15,0,0,0,0,15
2026-08-02,P20-10-GREY,12,0,2,0,0,10
2026-08-02,P21-4-TAN,14,0,1,0,0,13
2026-08-02,P21-4-BLACK,10,0,1,0,0,9
2026-08-02,P21-4-GOLD,14,0,1,0,0,13
2026-08-02,P21-5-TAN,10,0,0,0,0,10
2026-08-02,P21-5-BLACK,12,0,2,0,0,10
2026-08-02,P21-5-GOLD,12,0,1,0,0,11
2026-08-02,P21-6-TAN,10,0,0,0,0,10
2026-08-02,P21-6-BLACK,12,0,1,0,0,11
2026-08-02,P21-6-GOLD,9,0,0,0,0,9
2026-08-02,P21-7-TAN,14,0,0,0,0,14
2026-08-02,P21-7-BLACK,9,0,0,0,0,9
2026-08-02,P21-7-GOLD,12,0,0,0,0,12
2026-08-02,P21-8-TAN,16,0,2,0,0,14
2026-08-02,P21-8-BLACK,14,0,2,0,0,12
2026-08-02,P21-8-GOLD,15,0,0,0,0,15
2026-08-02,P22-10C-BLUE,13,0,0,0,0,13
2026-08-02,P22-10C-PINK,12,0,0,0,0,12
2026-08-02,P22-10C-BLACK,12,0,1,0,0,11
2026-08-02,P22-11C-BLUE,12,0,1,0,0,11
2026-08-02,P22-11C-PINK,13,0,0,0,0,13
2026-08-02,P22-11C-BLACK,12,0,0,0,0,12
2026-08-02,P22-12C-BLUE,15,0,0,0,0,15
2026-08-02,P22-12C-PINK,9,0,0,0,0,9
2026-08-02,P22-12C-BLACK,12,0,1,0,0,11
2026-08-02,P22-13C-BLUE,12,0,0,0,0,12
2026-08-02,P22-13C-PINK,12,0,0,0,0,12
2026-08-02,P22-13C-BLACK,11,0,1,0,0,10
2026-08-02,P22-1Y-BLUE,11,0,0,0,0,11
2026-08-02,P22-1Y-PINK,13,0,0,0,0,13
2026-08-02,P22-1Y-BLACK,13,0,0,0,0,13
2026-08-02,P23-7-BLACK,11,0,2,0,0,9
2026-08-02,P23-7-NAVY,5,0,0,0,0,5
2026-08-02,P23-7-GREY,13,0,0,0,0,13
2026-08-02,P23-8-BLACK,13,0,3,0,0,10
2026-08-02,P23-8-NAVY,8,0,0,0,0,8
2026-08-02,P23-8-GREY,11,0,1,0,0,10
2026-08-02,P23-9-BLACK,12,0,1,0,0,11
2026-08-02,P23-9-NAVY,12,0,1,0,0,11
2026-08-02,P23-9-GREY,9,0,1,0,0,8
2026-08-02,P23-10-BLACK,10,0,2,0,0,8
2026-08-02,P23-10-NAVY,12,0,1,0,0,11
2026-08-02,P23-10-GREY,13,0,0,0,0,13
2026-08-02,P24-ONESIZE-BLACK,15,0,1,0,0,14
2026-08-02,P24-ONESIZE-TAN,15,0,0,0,0,15
2026-08-02,P24-ONESIZE-MAROON,14,0,0,0,0,14
2026-08-02,P25-ONESIZE-BLACK,14,0,1,0,0,13
2026-08-02,P25-ONESIZE-PINK,12,0,0,0,0,12
2026-08-02,P25-ONESIZE-BEIGE,11,0,0,0,0,11
2026-08-02,P26-32-BLACK,15,0,0,0,0,15
2026-08-02,P26-32-BROWN,14,0,0,0,0,14
2026-08-02,P26-34-BLACK,14,0,1,0,0,13
2026-08-02,P26-34-BROWN,16,0,3,0,0,13
2026-08-02,P26-36-BLACK,11,0,0,0,0,11
2026-08-02,P26-36-BROWN,14,0,0,0,0,14
2026-08-02,P26-38-BLACK,12,0,0,0,0,12
2026-08-02,P26-38-BROWN,13,0,0,0,0,13
2026-08-02,P27-ONESIZE-BLACK,8,0,0,0,0,8
2026-08-02,P27-ONESIZE-BROWN,10,0,0,0,0,10
2026-08-02,P27-ONESIZE-TAN,9,0,0,0,0,9
2026-08-02,P28-ONESIZE-MULTICOL,12,0,0,0,0,12
2026-08-02,P28-ONESIZE-PINK,13,0,1,0,0,12
2026-08-02,P28-ONESIZE-BLACK,11,0,0,0,0,11
2026-08-02,P29-ONESIZE-BLACK,13,0,0,0,0,13
2026-08-02,P29-ONESIZE-NAVY,12,0,0,0,0,12
2026-08-02,P29-ONESIZE-BEIGE,12,0,2,0,0,10
2026-08-02,P30-ONESIZE-FLORAL,25,0,0,0,0,25
2026-08-02,P30-ONESIZE-MAROON,25,0,0,0,0,25
2026-08-02,P30-ONESIZE-TEAL,24,0,1,0,0,23
2026-08-02,P31-ONESIZE-RED,13,0,0,0,0,13
2026-08-02,P31-ONESIZE-MUSTARD,10,0,0,0,0,10
2026-08-02,P31-ONESIZE-GREEN,13,0,0,0,0,13
2026-08-02,P32-4-BLACK,13,0,0,0,0,13
2026-08-02,P32-4-BEIGE,11,0,1,0,0,10
2026-08-02,P32-4-SILVER,13,0,0,0,0,13
2026-08-02,P32-5-BLACK,14,0,0,0,0,14
2026-08-02,P32-5-BEIGE,13,0,0,0,0,13
2026-08-02,P32-5-SILVER,12,0,1,0,0,11
2026-08-02,P32-6-BLACK,11,0,1,0,0,10
2026-08-02,P32-6-BEIGE,16,0,0,0,0,16
2026-08-02,P32-6-SILVER,12,0,0,0,0,12
2026-08-02,P32-7-BLACK,10,0,0,0,0,10
2026-08-02,P32-7-BEIGE,15,0,2,0,0,13
2026-08-02,P32-7-SILVER,11,0,1,0,0,10
2026-08-02,P32-8-BLACK,14,0,0,0,0,14
2026-08-02,P32-8-BEIGE,10,0,0,0,0,10
2026-08-02,P32-8-SILVER,10,0,0,0,0,10
2026-08-03,P01-S-WHITE,15,0,0,0,0,15
2026-08-03,P01-S-BLACK,12,0,1,0,0,11
2026-08-03,P01-S-NAVY,19,0,1,0,0,18
2026-08-03,P01-S-OLIVE,16,0,0,0,0,16
2026-08-03,P01-M-WHITE,13,0,2,0,0,11
2026-08-03,P01-M-BLACK,14,0,1,0,0,13
2026-08-03,P01-M-NAVY,16,0,1,0,0,15
2026-08-03,P01-M-OLIVE,17,0,0,0,0,17
2026-08-03,P01-L-WHITE,18,0,0,0,0,18
2026-08-03,P01-L-BLACK,17,0,2,0,0,15
2026-08-03,P01-L-NAVY,16,0,2,0,0,14
2026-08-03,P01-L-OLIVE,17,0,0,0,0,17
2026-08-03,P01-XL-WHITE,21,0,4,0,0,17
2026-08-03,P01-XL-BLACK,20,0,2,0,0,18
2026-08-03,P01-XL-NAVY,20,0,2,0,0,18
2026-08-03,P01-XL-OLIVE,18,0,3,0,0,15
2026-08-03,P02-S-NAVY,12,0,0,0,0,12
2026-08-03,P02-S-MAROON,12,0,0,0,0,12
2026-08-03,P02-S-GREY,17,0,0,0,0,17
2026-08-03,P02-M-NAVY,9,0,3,0,0,6
2026-08-03,P02-M-MAROON,10,0,0,0,0,10
2026-08-03,P02-M-GREY,10,0,1,0,0,9
2026-08-03,P02-L-NAVY,15,0,1,0,0,14
2026-08-03,P02-L-MAROON,14,0,0,0,0,14
2026-08-03,P02-L-GREY,7,0,0,0,0,7
2026-08-03,P02-XL-NAVY,14,0,1,0,0,13
2026-08-03,P02-XL-MAROON,10,0,1,0,0,9
2026-08-03,P02-XL-GREY,13,0,0,0,0,13
2026-08-03,P03-30-NAVY,18,0,1,0,0,17
2026-08-03,P03-30-BLACK,14,0,0,0,0,14
2026-08-03,P03-30-LIGHTBLU,17,0,0,0,0,17
2026-08-03,P03-32-NAVY,17,0,0,0,0,17
2026-08-03,P03-32-BLACK,13,0,0,0,0,13
2026-08-03,P03-32-LIGHTBLU,16,0,0,0,0,16
2026-08-03,P03-34-NAVY,13,0,0,0,0,13
2026-08-03,P03-34-BLACK,14,0,0,0,0,14
2026-08-03,P03-34-LIGHTBLU,13,0,2,0,0,11
2026-08-03,P03-36-NAVY,31,0,0,0,0,31
2026-08-03,P03-36-BLACK,30,0,0,0,0,30
2026-08-03,P03-36-LIGHTBLU,30,0,0,0,0,30
2026-08-03,P04-30-BEIGE,11,0,1,0,0,10
2026-08-03,P04-30-OLIVE,13,0,1,0,0,12
2026-08-03,P04-30-NAVY,14,0,0,0,0,14
2026-08-03,P04-32-BEIGE,11,0,0,0,0,11
2026-08-03,P04-32-OLIVE,14,0,0,0,0,14
2026-08-03,P04-32-NAVY,13,0,0,0,0,13
2026-08-03,P04-34-BEIGE,13,0,0,0,0,13
2026-08-03,P04-34-OLIVE,10,0,0,0,0,10
2026-08-03,P04-34-NAVY,14,0,1,0,0,13
2026-08-03,P04-36-BEIGE,10,0,0,0,0,10
2026-08-03,P04-36-OLIVE,11,0,1,0,0,10
2026-08-03,P04-36-NAVY,10,0,0,0,0,10
2026-08-03,P05-S-WHITE,16,0,4,0,0,12
2026-08-03,P05-S-BLUE,16,0,0,0,0,16
2026-08-03,P05-S-GREY,15,0,0,0,0,15
2026-08-03,P05-M-WHITE,11,0,2,0,0,9
2026-08-03,P05-M-BLUE,12,0,3,0,0,9
2026-08-03,P05-M-GREY,12,0,1,0,0,11
2026-08-03,P05-L-WHITE,12,0,0,0,0,12
2026-08-03,P05-L-BLUE,12,0,1,0,0,11
2026-08-03,P05-L-GREY,14,0,1,0,0,13
2026-08-03,P05-XL-WHITE,15,0,1,0,0,14
2026-08-03,P05-XL-BLUE,15,0,2,0,0,13
2026-08-03,P05-XL-GREY,13,0,0,0,0,13
2026-08-03,P06-S-BLACK,13,0,0,0,0,13
2026-08-03,P06-S-WHITE,18,0,0,0,0,18
2026-08-03,P06-S-RED,13,0,0,0,0,13
2026-08-03,P06-M-BLACK,11,0,0,0,0,11
2026-08-03,P06-M-WHITE,10,0,0,0,0,10
2026-08-03,P06-M-RED,11,0,0,0,0,11
2026-08-03,P06-L-BLACK,13,0,3,0,0,10
2026-08-03,P06-L-WHITE,15,0,0,0,0,15
2026-08-03,P06-L-RED,12,0,0,0,0,12
2026-08-03,P06-XL-BLACK,10,0,2,0,0,8
2026-08-03,P06-XL-WHITE,14,0,0,0,0,14
2026-08-03,P06-XL-RED,13,0,0,0,0,13
2026-08-03,P07-XS-MUSTARD,20,0,0,0,0,20
2026-08-03,P07-XS-TEAL,15,0,0,0,0,15
2026-08-03,P07-XS-MAROON,17,0,0,0,0,17
2026-08-03,P07-S-MUSTARD,14,0,1,0,0,13
2026-08-03,P07-S-TEAL,14,0,0,0,0,14
2026-08-03,P07-S-MAROON,17,0,0,0,0,17
2026-08-03,P07-M-MUSTARD,2,0,0,0,0,2
2026-08-03,P07-M-TEAL,3,0,0,0,0,3
2026-08-03,P07-M-MAROON,1,0,0,0,0,1
2026-08-03,P07-L-MUSTARD,13,0,1,0,0,12
2026-08-03,P07-L-TEAL,17,0,1,0,0,16
2026-08-03,P07-L-MAROON,12,0,2,0,0,10
2026-08-03,P07-XL-MUSTARD,21,0,1,0,0,20
2026-08-03,P07-XL-TEAL,16,0,0,0,0,16
2026-08-03,P07-XL-MAROON,15,0,0,0,0,15
2026-08-03,P08-XS-PINK,15,0,0,0,0,15
2026-08-03,P08-XS-BLUE,16,0,0,0,0,16
2026-08-03,P08-XS-GREEN,11,0,0,0,0,11
2026-08-03,P08-S-PINK,13,0,0,0,0,13
2026-08-03,P08-S-BLUE,14,0,0,0,0,14
2026-08-03,P08-S-GREEN,13,0,0,0,0,13
2026-08-03,P08-M-PINK,14,0,0,0,0,14
2026-08-03,P08-M-BLUE,15,0,0,0,0,15
2026-08-03,P08-M-GREEN,10,0,0,0,0,10
2026-08-03,P08-L-PINK,11,0,0,0,0,11
2026-08-03,P08-L-BLUE,16,0,2,0,0,14
2026-08-03,P08-L-GREEN,13,0,2,0,0,11
2026-08-03,P08-XL-PINK,16,0,0,0,0,16
2026-08-03,P08-XL-BLUE,17,0,1,0,0,16
2026-08-03,P08-XL-GREEN,13,0,0,0,0,13
2026-08-03,P09-XS-BLACK,13,0,0,0,0,13
2026-08-03,P09-XS-BEIGE,14,0,1,0,0,13
2026-08-03,P09-XS-NAVY,14,0,0,0,0,14
2026-08-03,P09-S-BLACK,17,0,0,0,0,17
2026-08-03,P09-S-BEIGE,13,0,0,0,0,13
2026-08-03,P09-S-NAVY,14,0,0,0,0,14
2026-08-03,P09-M-BLACK,8,0,0,0,0,8
2026-08-03,P09-M-BEIGE,9,0,1,0,0,8
2026-08-03,P09-M-NAVY,17,0,1,0,0,16
2026-08-03,P09-L-BLACK,14,0,0,0,0,14
2026-08-03,P09-L-BEIGE,12,0,1,0,0,11
2026-08-03,P09-L-NAVY,13,0,0,0,0,13
2026-08-03,P09-XL-BLACK,12,0,0,0,0,12
2026-08-03,P09-XL-BEIGE,14,0,0,0,0,14
2026-08-03,P09-XL-NAVY,11,0,0,0,0,11
2026-08-03,P10-XS-INDIGO,16,0,0,0,0,16
2026-08-03,P10-XS-BLACK,11,0,0,0,0,11
2026-08-03,P10-S-INDIGO,10,0,0,0,0,10
2026-08-03,P10-S-BLACK,15,0,0,0,0,15
2026-08-03,P10-M-INDIGO,12,0,1,0,0,11
2026-08-03,P10-M-BLACK,12,0,0,0,0,12
2026-08-03,P10-L-INDIGO,8,0,1,0,0,7
2026-08-03,P10-L-BLACK,15,0,0,0,0,15
2026-08-03,P10-XL-INDIGO,13,0,1,0,0,12
2026-08-03,P10-XL-BLACK,12,0,0,0,0,12
2026-08-03,P11-XS-WHITE,17,0,1,0,0,16
2026-08-03,P11-XS-LAVENDER,19,0,0,0,0,19
2026-08-03,P11-XS-BLACK,13,0,0,0,0,13
2026-08-03,P11-S-WHITE,16,0,0,0,0,16
2026-08-03,P11-S-LAVENDER,17,0,0,0,0,17
2026-08-03,P11-S-BLACK,13,0,3,0,0,10
2026-08-03,P11-M-WHITE,12,0,0,0,0,12
2026-08-03,P11-M-LAVENDER,18,0,1,0,0,17
2026-08-03,P11-M-BLACK,9,0,0,0,0,9
2026-08-03,P11-L-WHITE,17,0,0,0,0,17
2026-08-03,P11-L-LAVENDER,10,0,1,0,0,9
2026-08-03,P11-L-BLACK,14,0,0,0,0,14
2026-08-03,P12-XS-RED,17,0,0,0,0,17
2026-08-03,P12-XS-BLUE,15,0,0,0,0,15
2026-08-03,P12-XS-WHITE,13,0,0,0,0,13
2026-08-03,P12-S-RED,16,0,0,0,0,16
2026-08-03,P12-S-BLUE,11,0,0,0,0,11
2026-08-03,P12-S-WHITE,14,0,1,0,0,13
2026-08-03,P12-M-RED,12,0,0,0,0,12
2026-08-03,P12-M-BLUE,13,0,1,0,0,12
2026-08-03,P12-M-WHITE,13,0,1,0,0,12
2026-08-03,P12-L-RED,14,0,0,0,0,14
2026-08-03,P12-L-BLUE,12,0,1,0,0,11
2026-08-03,P12-L-WHITE,14,0,1,0,0,13
2026-08-03,P12-XL-RED,12,0,1,0,0,11
2026-08-03,P12-XL-BLUE,13,0,0,0,0,13
2026-08-03,P12-XL-WHITE,12,0,0,0,0,12
2026-08-03,P13-S-WINE,25,0,0,0,0,25
2026-08-03,P13-S-EMERALD,29,0,0,0,0,29
2026-08-03,P13-S-NAVY,24,0,0,0,0,24
2026-08-03,P13-M-WINE,30,0,0,0,0,30
2026-08-03,P13-M-EMERALD,24,0,0,0,0,24
2026-08-03,P13-M-NAVY,29,0,0,0,0,29
2026-08-03,P13-L-WINE,25,0,0,0,0,25
2026-08-03,P13-L-EMERALD,27,0,0,0,0,27
2026-08-03,P13-L-NAVY,24,0,1,0,0,23
2026-08-03,P13-XL-WINE,28,0,0,0,0,28
2026-08-03,P13-XL-EMERALD,27,0,0,0,0,27
2026-08-03,P13-XL-NAVY,28,0,0,0,0,28
2026-08-03,P14-XS-TEAL,15,0,0,0,0,15
2026-08-03,P14-XS-MUSTARD,14,0,1,0,0,13
2026-08-03,P14-XS-MAROON,13,0,0,0,0,13
2026-08-03,P14-S-TEAL,14,0,0,0,0,14
2026-08-03,P14-S-MUSTARD,15,0,0,0,0,15
2026-08-03,P14-S-MAROON,9,0,0,0,0,9
2026-08-03,P14-M-TEAL,8,0,0,0,0,8
2026-08-03,P14-M-MUSTARD,12,0,5,0,0,7
2026-08-03,P14-M-MAROON,13,0,0,0,0,13
2026-08-03,P14-L-TEAL,13,0,0,0,0,13
2026-08-03,P14-L-MUSTARD,11,0,2,0,0,9
2026-08-03,P14-L-MAROON,11,0,1,0,0,10
2026-08-03,P14-XL-TEAL,15,0,0,0,0,15
2026-08-03,P14-XL-MUSTARD,15,0,0,0,0,15
2026-08-03,P14-XL-MAROON,14,0,0,0,0,14
2026-08-03,P15-23Y-YELLOW,12,0,0,0,0,12
2026-08-03,P15-23Y-BLUE,12,0,0,0,0,12
2026-08-03,P15-23Y-RED,12,0,1,0,0,11
2026-08-03,P15-45Y-YELLOW,13,0,0,0,0,13
2026-08-03,P15-45Y-BLUE,16,0,0,0,0,16
2026-08-03,P15-45Y-RED,12,0,0,0,0,12
2026-08-03,P15-67Y-YELLOW,14,0,0,0,0,14
2026-08-03,P15-67Y-BLUE,16,0,0,0,0,16
2026-08-03,P15-67Y-RED,10,0,0,0,0,10
2026-08-03,P15-89Y-YELLOW,11,0,0,0,0,11
2026-08-03,P15-89Y-BLUE,16,0,0,0,0,16
2026-08-03,P15-89Y-RED,11,0,0,0,0,11
2026-08-03,P16-23Y-BLUE,13,0,0,0,0,13
2026-08-03,P16-23Y-BLACK,12,0,2,0,0,10
2026-08-03,P16-45Y-BLUE,11,0,0,0,0,11
2026-08-03,P16-45Y-BLACK,8,0,0,0,0,8
2026-08-03,P16-67Y-BLUE,9,0,0,0,0,9
2026-08-03,P16-67Y-BLACK,14,0,3,0,0,11
2026-08-03,P16-89Y-BLUE,12,0,0,0,0,12
2026-08-03,P16-89Y-BLACK,13,0,0,0,0,13
2026-08-03,P17-23Y-MAROON,12,0,0,0,0,12
2026-08-03,P17-23Y-MUSTARD,15,0,0,0,0,15
2026-08-03,P17-23Y-GREEN,12,0,0,0,0,12
2026-08-03,P17-45Y-MAROON,10,0,0,0,0,10
2026-08-03,P17-45Y-MUSTARD,14,0,0,0,0,14
2026-08-03,P17-45Y-GREEN,13,0,0,0,0,13
2026-08-03,P17-67Y-MAROON,9,0,1,0,0,8
2026-08-03,P17-67Y-MUSTARD,15,0,1,0,0,14
2026-08-03,P17-67Y-GREEN,10,0,0,0,0,10
2026-08-03,P17-89Y-MAROON,11,0,0,0,0,11
2026-08-03,P17-89Y-MUSTARD,10,0,0,0,0,10
2026-08-03,P17-89Y-GREEN,13,0,0,0,0,13
2026-08-03,P18-23Y-PINK,8,0,0,0,0,8
2026-08-03,P18-23Y-PEACH,9,0,1,0,0,8
2026-08-03,P18-23Y-MINT,12,0,0,0,0,12
2026-08-03,P18-45Y-PINK,10,0,0,0,0,10
2026-08-03,P18-45Y-PEACH,11,0,0,0,0,11
2026-08-03,P18-45Y-MINT,13,0,0,0,0,13
2026-08-03,P18-67Y-PINK,10,0,0,0,0,10
2026-08-03,P18-67Y-PEACH,14,0,0,0,0,14
2026-08-03,P18-67Y-MINT,13,0,0,0,0,13
2026-08-03,P18-89Y-PINK,13,0,0,0,0,13
2026-08-03,P18-89Y-PEACH,10,0,0,0,0,10
2026-08-03,P18-89Y-MINT,14,0,0,0,0,14
2026-08-03,P19-23Y-GREY,14,0,0,0,0,14
2026-08-03,P19-23Y-NAVY,14,0,0,0,0,14
2026-08-03,P19-23Y-BLACK,12,0,0,0,0,12
2026-08-03,P19-45Y-GREY,10,0,0,0,0,10
2026-08-03,P19-45Y-NAVY,13,0,0,0,0,13
2026-08-03,P19-45Y-BLACK,13,0,0,0,0,13
2026-08-03,P19-67Y-GREY,12,0,0,0,0,12
2026-08-03,P19-67Y-NAVY,9,0,1,0,0,8
2026-08-03,P19-67Y-BLACK,11,0,0,0,0,11
2026-08-03,P19-89Y-GREY,14,0,0,0,0,14
2026-08-03,P19-89Y-NAVY,9,0,0,0,0,9
2026-08-03,P19-89Y-BLACK,11,0,0,0,0,11
2026-08-03,P20-7-WHITE,15,0,0,0,0,15
2026-08-03,P20-7-BLACK,9,0,0,0,0,9
2026-08-03,P20-7-GREY,10,0,0,0,0,10
2026-08-03,P20-8-WHITE,10,0,0,0,0,10
2026-08-03,P20-8-BLACK,16,0,0,0,0,16
2026-08-03,P20-8-GREY,14,0,0,0,0,14
2026-08-03,P20-9-WHITE,9,0,0,0,0,9
2026-08-03,P20-9-BLACK,15,0,0,0,0,15
2026-08-03,P20-9-GREY,8,0,0,0,0,8
2026-08-03,P20-10-WHITE,16,0,0,0,0,16
2026-08-03,P20-10-BLACK,15,0,1,0,0,14
2026-08-03,P20-10-GREY,10,0,1,0,0,9
2026-08-03,P21-4-TAN,13,0,0,0,0,13
2026-08-03,P21-4-BLACK,9,0,0,0,0,9
2026-08-03,P21-4-GOLD,13,0,0,0,0,13
2026-08-03,P21-5-TAN,10,0,1,0,0,9
2026-08-03,P21-5-BLACK,10,0,0,0,0,10
2026-08-03,P21-5-GOLD,11,0,0,0,0,11
2026-08-03,P21-6-TAN,10,0,1,0,0,9
2026-08-03,P21-6-BLACK,11,0,1,0,0,10
2026-08-03,P21-6-GOLD,9,0,0,0,0,9
2026-08-03,P21-7-TAN,14,0,1,0,0,13
2026-08-03,P21-7-BLACK,9,0,0,0,0,9
2026-08-03,P21-7-GOLD,12,0,0,0,0,12
2026-08-03,P21-8-TAN,14,0,0,0,0,14
2026-08-03,P21-8-BLACK,12,0,0,0,0,12
2026-08-03,P21-8-GOLD,15,0,0,0,0,15
2026-08-03,P22-10C-BLUE,13,0,0,0,0,13
2026-08-03,P22-10C-PINK,12,0,0,0,0,12
2026-08-03,P22-10C-BLACK,11,0,0,0,0,11
2026-08-03,P22-11C-BLUE,11,0,0,0,0,11
2026-08-03,P22-11C-PINK,13,0,0,0,0,13
2026-08-03,P22-11C-BLACK,12,0,0,0,0,12
2026-08-03,P22-12C-BLUE,15,0,0,0,0,15
2026-08-03,P22-12C-PINK,9,0,0,0,0,9
2026-08-03,P22-12C-BLACK,11,0,1,0,0,10
2026-08-03,P22-13C-BLUE,12,0,1,0,0,11
2026-08-03,P22-13C-PINK,12,0,0,0,0,12
2026-08-03,P22-13C-BLACK,10,0,0,0,0,10
2026-08-03,P22-1Y-BLUE,11,0,0,0,0,11
2026-08-03,P22-1Y-PINK,13,0,0,0,0,13
2026-08-03,P22-1Y-BLACK,13,0,0,0,0,13
2026-08-03,P23-7-BLACK,9,0,0,0,0,9
2026-08-03,P23-7-NAVY,5,0,0,0,0,5
2026-08-03,P23-7-GREY,13,0,0,0,0,13
2026-08-03,P23-8-BLACK,10,0,0,0,0,10
2026-08-03,P23-8-NAVY,8,0,0,0,0,8
2026-08-03,P23-8-GREY,10,0,1,0,0,9
2026-08-03,P23-9-BLACK,11,0,0,0,0,11
2026-08-03,P23-9-NAVY,11,0,1,0,0,10
2026-08-03,P23-9-GREY,8,0,0,0,0,8
2026-08-03,P23-10-BLACK,8,0,2,0,0,6
2026-08-03,P23-10-NAVY,11,0,0,0,0,11
2026-08-03,P23-10-GREY,13,0,2,0,0,11
2026-08-03,P24-ONESIZE-BLACK,14,0,0,0,0,14
2026-08-03,P24-ONESIZE-TAN,15,0,0,0,0,15
2026-08-03,P24-ONESIZE-MAROON,14,0,0,0,0,14
2026-08-03,P25-ONESIZE-BLACK,13,0,0,0,0,13
2026-08-03,P25-ONESIZE-PINK,12,0,0,0,0,12
2026-08-03,P25-ONESIZE-BEIGE,11,0,0,0,0,11
2026-08-03,P26-32-BLACK,15,0,0,0,0,15
2026-08-03,P26-32-BROWN,14,0,0,0,0,14
2026-08-03,P26-34-BLACK,13,0,0,0,0,13
2026-08-03,P26-34-BROWN,13,0,0,0,0,13
2026-08-03,P26-36-BLACK,11,0,0,0,0,11
2026-08-03,P26-36-BROWN,14,0,0,0,0,14
2026-08-03,P26-38-BLACK,12,0,1,0,0,11
2026-08-03,P26-38-BROWN,13,0,0,0,0,13
2026-08-03,P27-ONESIZE-BLACK,8,0,0,0,0,8
2026-08-03,P27-ONESIZE-BROWN,10,0,0,0,0,10
2026-08-03,P27-ONESIZE-TAN,9,0,0,0,0,9
2026-08-03,P28-ONESIZE-MULTICOL,12,0,0,0,0,12
2026-08-03,P28-ONESIZE-PINK,12,0,1,0,0,11
2026-08-03,P28-ONESIZE-BLACK,11,0,0,0,0,11
2026-08-03,P29-ONESIZE-BLACK,13,0,0,0,0,13
2026-08-03,P29-ONESIZE-NAVY,12,0,0,0,0,12
2026-08-03,P29-ONESIZE-BEIGE,10,0,0,0,0,10
2026-08-03,P30-ONESIZE-FLORAL,25,0,0,0,0,25
2026-08-03,P30-ONESIZE-MAROON,25,0,0,0,0,25
2026-08-03,P30-ONESIZE-TEAL,23,0,0,0,0,23
2026-08-03,P31-ONESIZE-RED,13,0,0,0,0,13
2026-08-03,P31-ONESIZE-MUSTARD,10,0,0,0,0,10
2026-08-03,P31-ONESIZE-GREEN,13,0,0,0,0,13
2026-08-03,P32-4-BLACK,13,0,0,0,0,13
2026-08-03,P32-4-BEIGE,10,0,0,0,0,10
2026-08-03,P32-4-SILVER,13,0,0,0,0,13
2026-08-03,P32-5-BLACK,14,0,0,0,0,14
2026-08-03,P32-5-BEIGE,13,0,0,0,0,13
2026-08-03,P32-5-SILVER,11,0,0,0,0,11
2026-08-03,P32-6-BLACK,10,0,0,0,0,10
2026-08-03,P32-6-BEIGE,16,0,0,0,0,16
2026-08-03,P32-6-SILVER,12,0,0,0,0,12
2026-08-03,P32-7-BLACK,10,0,0,0,0,10
2026-08-03,P32-7-BEIGE,13,0,0,0,0,13
2026-08-03,P32-7-SILVER,10,0,0,0,0,10
2026-08-03,P32-8-BLACK,14,0,0,0,0,14
2026-08-03,P32-8-BEIGE,10,0,0,0,0,10
2026-08-03,P32-8-SILVER,10,0,0,0,0,10
2026-08-04,P01-S-WHITE,15,0,0,0,0,15
2026-08-04,P01-S-BLACK,11,0,1,0,0,10
2026-08-04,P01-S-NAVY,18,0,0,0,0,18
2026-08-04,P01-S-OLIVE,16,0,0,0,0,16
2026-08-04,P01-M-WHITE,11,0,0,0,0,11
2026-08-04,P01-M-BLACK,13,0,1,0,0,12
2026-08-04,P01-M-NAVY,15,0,0,0,0,15
2026-08-04,P01-M-OLIVE,17,0,2,0,0,15
2026-08-04,P01-L-WHITE,18,0,1,0,0,17
2026-08-04,P01-L-BLACK,15,0,0,0,0,15
2026-08-04,P01-L-NAVY,14,0,2,0,0,12
2026-08-04,P01-L-OLIVE,17,0,0,0,0,17
2026-08-04,P01-XL-WHITE,17,0,1,0,0,16
2026-08-04,P01-XL-BLACK,18,0,0,0,0,18
2026-08-04,P01-XL-NAVY,18,0,0,0,0,18
2026-08-04,P01-XL-OLIVE,15,0,2,0,0,13
2026-08-04,P02-S-NAVY,12,0,2,0,0,10
2026-08-04,P02-S-MAROON,12,0,0,0,0,12
2026-08-04,P02-S-GREY,17,0,0,0,0,17
2026-08-04,P02-M-NAVY,6,0,1,0,0,5
2026-08-04,P02-M-MAROON,10,0,1,0,0,9
2026-08-04,P02-M-GREY,9,0,0,0,0,9
2026-08-04,P02-L-NAVY,14,0,1,0,0,13
2026-08-04,P02-L-MAROON,14,0,1,0,0,13
2026-08-04,P02-L-GREY,7,0,0,0,0,7
2026-08-04,P02-XL-NAVY,13,0,0,0,0,13
2026-08-04,P02-XL-MAROON,9,0,0,0,0,9
2026-08-04,P02-XL-GREY,13,0,0,0,0,13
2026-08-04,P03-30-NAVY,17,0,1,0,0,16
2026-08-04,P03-30-BLACK,14,0,0,0,0,14
2026-08-04,P03-30-LIGHTBLU,17,0,0,0,0,17
2026-08-04,P03-32-NAVY,17,0,0,0,0,17
2026-08-04,P03-32-BLACK,13,0,4,0,0,9
2026-08-04,P03-32-LIGHTBLU,16,0,0,0,0,16
2026-08-04,P03-34-NAVY,13,0,1,0,0,12
2026-08-04,P03-34-BLACK,14,0,1,0,0,13
2026-08-04,P03-34-LIGHTBLU,11,0,2,0,0,9
2026-08-04,P03-36-NAVY,31,0,0,0,0,31
2026-08-04,P03-36-BLACK,30,0,0,0,0,30
2026-08-04,P03-36-LIGHTBLU,30,0,0,0,0,30
2026-08-04,P04-30-BEIGE,10,0,3,0,0,7
2026-08-04,P04-30-OLIVE,12,0,1,0,0,11
2026-08-04,P04-30-NAVY,14,0,0,0,0,14
2026-08-04,P04-32-BEIGE,11,0,1,0,0,10
2026-08-04,P04-32-OLIVE,14,0,0,0,0,14
2026-08-04,P04-32-NAVY,13,0,0,0,0,13
2026-08-04,P04-34-BEIGE,13,0,0,0,0,13
2026-08-04,P04-34-OLIVE,10,0,0,0,0,10
2026-08-04,P04-34-NAVY,13,0,2,0,0,11
2026-08-04,P04-36-BEIGE,10,0,0,0,0,10
2026-08-04,P04-36-OLIVE,10,0,0,0,0,10
2026-08-04,P04-36-NAVY,10,0,0,0,0,10
2026-08-04,P05-S-WHITE,12,0,0,0,0,12
2026-08-04,P05-S-BLUE,16,0,0,0,0,16
2026-08-04,P05-S-GREY,15,0,0,0,0,15
2026-08-04,P05-M-WHITE,9,0,0,0,0,9
2026-08-04,P05-M-BLUE,9,0,1,0,0,8
2026-08-04,P05-M-GREY,11,0,1,0,0,10
2026-08-04,P05-L-WHITE,12,0,0,0,0,12
2026-08-04,P05-L-BLUE,11,0,0,0,0,11
2026-08-04,P05-L-GREY,13,0,4,0,0,9
2026-08-04,P05-XL-WHITE,14,0,0,0,0,14
2026-08-04,P05-XL-BLUE,13,0,0,0,0,13
2026-08-04,P05-XL-GREY,13,0,0,0,0,13
2026-08-04,P06-S-BLACK,13,0,0,0,0,13
2026-08-04,P06-S-WHITE,18,0,0,0,0,18
2026-08-04,P06-S-RED,13,0,0,0,0,13
2026-08-04,P06-M-BLACK,11,0,0,0,0,11
2026-08-04,P06-M-WHITE,10,0,0,0,0,10
2026-08-04,P06-M-RED,11,0,1,0,0,10
2026-08-04,P06-L-BLACK,10,0,0,0,0,10
2026-08-04,P06-L-WHITE,15,0,1,0,0,14
2026-08-04,P06-L-RED,12,0,0,0,0,12
2026-08-04,P06-XL-BLACK,8,0,0,0,0,8
2026-08-04,P06-XL-WHITE,14,0,1,0,0,13
2026-08-04,P06-XL-RED,13,0,0,0,0,13
2026-08-04,P07-XS-MUSTARD,20,0,1,0,0,19
2026-08-04,P07-XS-TEAL,15,0,0,0,0,15
2026-08-04,P07-XS-MAROON,17,0,0,0,0,17
2026-08-04,P07-S-MUSTARD,13,0,1,0,0,12
2026-08-04,P07-S-TEAL,14,0,0,0,0,14
2026-08-04,P07-S-MAROON,17,0,2,0,0,15
2026-08-04,P07-M-MUSTARD,2,0,0,0,0,2
2026-08-04,P07-M-TEAL,3,0,1,0,0,2
2026-08-04,P07-M-MAROON,1,0,0,0,0,1
2026-08-04,P07-L-MUSTARD,12,0,2,0,0,10
2026-08-04,P07-L-TEAL,16,0,0,0,0,16
2026-08-04,P07-L-MAROON,10,0,0,0,0,10
2026-08-04,P07-XL-MUSTARD,20,0,0,0,0,20
2026-08-04,P07-XL-TEAL,16,0,0,0,0,16
2026-08-04,P07-XL-MAROON,15,0,0,0,0,15
2026-08-04,P08-XS-PINK,15,0,1,0,0,14
2026-08-04,P08-XS-BLUE,16,0,0,0,0,16
2026-08-04,P08-XS-GREEN,11,0,0,0,0,11
2026-08-04,P08-S-PINK,13,0,0,0,0,13
2026-08-04,P08-S-BLUE,14,0,0,0,0,14
2026-08-04,P08-S-GREEN,13,0,0,0,0,13
2026-08-04,P08-M-PINK,14,0,0,0,0,14
2026-08-04,P08-M-BLUE,15,0,0,0,0,15
2026-08-04,P08-M-GREEN,10,0,0,0,0,10
2026-08-04,P08-L-PINK,11,0,0,0,0,11
2026-08-04,P08-L-BLUE,14,0,0,0,0,14
2026-08-04,P08-L-GREEN,11,0,0,0,0,11
2026-08-04,P08-XL-PINK,16,0,0,0,0,16
2026-08-04,P08-XL-BLUE,16,0,0,0,0,16
2026-08-04,P08-XL-GREEN,13,0,0,0,0,13
2026-08-04,P09-XS-BLACK,13,0,0,0,0,13
2026-08-04,P09-XS-BEIGE,13,0,0,0,0,13
2026-08-04,P09-XS-NAVY,14,0,0,0,0,14
2026-08-04,P09-S-BLACK,17,0,0,0,0,17
2026-08-04,P09-S-BEIGE,13,0,0,0,0,13
2026-08-04,P09-S-NAVY,14,0,0,0,0,14
2026-08-04,P09-M-BLACK,8,0,1,0,0,7
2026-08-04,P09-M-BEIGE,8,0,1,0,0,7
2026-08-04,P09-M-NAVY,16,0,0,0,0,16
2026-08-04,P09-L-BLACK,14,0,2,0,0,12
2026-08-04,P09-L-BEIGE,11,0,0,0,0,11
2026-08-04,P09-L-NAVY,13,0,0,0,0,13
2026-08-04,P09-XL-BLACK,12,0,0,0,0,12
2026-08-04,P09-XL-BEIGE,14,0,0,0,0,14
2026-08-04,P09-XL-NAVY,11,0,0,0,0,11
2026-08-04,P10-XS-INDIGO,16,0,0,0,0,16
2026-08-04,P10-XS-BLACK,11,0,0,0,0,11
2026-08-04,P10-S-INDIGO,10,0,0,0,0,10
2026-08-04,P10-S-BLACK,15,0,2,0,0,13
2026-08-04,P10-M-INDIGO,11,0,0,0,0,11
2026-08-04,P10-M-BLACK,12,0,0,0,0,12
2026-08-04,P10-L-INDIGO,7,0,0,0,0,7
2026-08-04,P10-L-BLACK,15,0,0,0,0,15
2026-08-04,P10-XL-INDIGO,12,0,0,0,0,12
2026-08-04,P10-XL-BLACK,12,0,0,0,0,12
2026-08-04,P11-XS-WHITE,16,0,0,0,0,16
2026-08-04,P11-XS-LAVENDER,19,0,0,0,0,19
2026-08-04,P11-XS-BLACK,13,0,0,0,0,13
2026-08-04,P11-S-WHITE,16,0,0,0,0,16
2026-08-04,P11-S-LAVENDER,17,0,0,0,0,17
2026-08-04,P11-S-BLACK,10,0,0,0,0,10
2026-08-04,P11-M-WHITE,12,0,0,0,0,12
2026-08-04,P11-M-LAVENDER,17,0,2,0,0,15
2026-08-04,P11-M-BLACK,9,0,0,0,0,9
2026-08-04,P11-L-WHITE,17,0,1,0,0,16
2026-08-04,P11-L-LAVENDER,9,0,1,0,0,8
2026-08-04,P11-L-BLACK,14,0,0,0,0,14
2026-08-04,P12-XS-RED,17,0,0,0,0,17
2026-08-04,P12-XS-BLUE,15,0,0,0,0,15
2026-08-04,P12-XS-WHITE,13,0,0,0,0,13
2026-08-04,P12-S-RED,16,0,0,0,0,16
2026-08-04,P12-S-BLUE,11,0,0,0,0,11
2026-08-04,P12-S-WHITE,13,0,1,0,0,12
2026-08-04,P12-M-RED,12,0,0,0,0,12
2026-08-04,P12-M-BLUE,12,0,0,0,0,12
2026-08-04,P12-M-WHITE,12,0,4,0,0,8
2026-08-04,P12-L-RED,14,0,0,0,0,14
2026-08-04,P12-L-BLUE,11,0,0,0,0,11
2026-08-04,P12-L-WHITE,13,0,1,0,0,12
2026-08-04,P12-XL-RED,11,0,0,0,0,11
2026-08-04,P12-XL-BLUE,13,0,1,0,0,12
2026-08-04,P12-XL-WHITE,12,0,0,0,0,12
2026-08-04,P13-S-WINE,25,0,0,0,0,25
2026-08-04,P13-S-EMERALD,29,0,0,0,0,29
2026-08-04,P13-S-NAVY,24,0,0,0,0,24
2026-08-04,P13-M-WINE,30,0,0,0,0,30
2026-08-04,P13-M-EMERALD,24,0,0,0,0,24
2026-08-04,P13-M-NAVY,29,0,0,0,0,29
2026-08-04,P13-L-WINE,25,0,0,0,0,25
2026-08-04,P13-L-EMERALD,27,0,0,0,0,27
2026-08-04,P13-L-NAVY,23,0,0,0,0,23
2026-08-04,P13-XL-WINE,28,0,0,0,0,28
2026-08-04,P13-XL-EMERALD,27,0,0,0,0,27
2026-08-04,P13-XL-NAVY,28,0,0,0,0,28
2026-08-04,P14-XS-TEAL,15,0,0,0,0,15
2026-08-04,P14-XS-MUSTARD,13,0,0,0,0,13
2026-08-04,P14-XS-MAROON,13,0,0,0,0,13
2026-08-04,P14-S-TEAL,14,0,0,0,0,14
2026-08-04,P14-S-MUSTARD,15,0,0,0,0,15
2026-08-04,P14-S-MAROON,9,0,0,0,0,9
2026-08-04,P14-M-TEAL,8,0,0,0,0,8
2026-08-04,P14-M-MUSTARD,7,0,0,0,0,7
2026-08-04,P14-M-MAROON,13,0,0,0,0,13
2026-08-04,P14-L-TEAL,13,0,1,0,0,12
2026-08-04,P14-L-MUSTARD,9,0,0,0,0,9
2026-08-04,P14-L-MAROON,10,0,0,0,0,10
2026-08-04,P14-XL-TEAL,15,0,0,0,0,15
2026-08-04,P14-XL-MUSTARD,15,0,0,0,0,15
2026-08-04,P14-XL-MAROON,14,0,1,0,0,13
2026-08-04,P15-23Y-YELLOW,12,0,0,0,0,12
2026-08-04,P15-23Y-BLUE,12,0,0,0,0,12
2026-08-04,P15-23Y-RED,11,0,1,0,0,10
2026-08-04,P15-45Y-YELLOW,13,0,1,0,0,12
2026-08-04,P15-45Y-BLUE,16,0,1,0,0,15
2026-08-04,P15-45Y-RED,12,0,0,0,0,12
2026-08-04,P15-67Y-YELLOW,14,0,0,0,0,14
2026-08-04,P15-67Y-BLUE,16,0,0,0,0,16
2026-08-04,P15-67Y-RED,10,0,2,0,0,8
2026-08-04,P15-89Y-YELLOW,11,0,0,0,0,11
2026-08-04,P15-89Y-BLUE,16,0,0,0,0,16
2026-08-04,P15-89Y-RED,11,0,1,0,0,10
2026-08-04,P16-23Y-BLUE,13,0,0,0,0,13
2026-08-04,P16-23Y-BLACK,10,0,0,0,0,10
2026-08-04,P16-45Y-BLUE,11,0,0,0,0,11
2026-08-04,P16-45Y-BLACK,8,0,0,0,0,8
2026-08-04,P16-67Y-BLUE,9,0,0,0,0,9
2026-08-04,P16-67Y-BLACK,11,0,1,0,0,10
2026-08-04,P16-89Y-BLUE,12,0,0,0,0,12
2026-08-04,P16-89Y-BLACK,13,0,1,0,0,12
2026-08-04,P17-23Y-MAROON,12,0,0,0,0,12
2026-08-04,P17-23Y-MUSTARD,15,0,1,0,0,14
2026-08-04,P17-23Y-GREEN,12,0,2,0,0,10
2026-08-04,P17-45Y-MAROON,10,0,0,0,0,10
2026-08-04,P17-45Y-MUSTARD,14,0,0,0,0,14
2026-08-04,P17-45Y-GREEN,13,0,0,0,0,13
2026-08-04,P17-67Y-MAROON,8,0,0,0,0,8
2026-08-04,P17-67Y-MUSTARD,14,0,0,0,0,14
2026-08-04,P17-67Y-GREEN,10,0,1,0,0,9
2026-08-04,P17-89Y-MAROON,11,0,0,0,0,11
2026-08-04,P17-89Y-MUSTARD,10,0,1,0,0,9
2026-08-04,P17-89Y-GREEN,13,0,0,0,0,13
2026-08-04,P18-23Y-PINK,8,0,0,0,0,8
2026-08-04,P18-23Y-PEACH,8,0,0,0,0,8
2026-08-04,P18-23Y-MINT,12,0,1,0,0,11
2026-08-04,P18-45Y-PINK,10,0,0,0,0,10
2026-08-04,P18-45Y-PEACH,11,0,0,0,0,11
2026-08-04,P18-45Y-MINT,13,0,1,0,0,12
2026-08-04,P18-67Y-PINK,10,0,1,0,0,9
2026-08-04,P18-67Y-PEACH,14,0,0,0,0,14
2026-08-04,P18-67Y-MINT,13,0,0,0,0,13
2026-08-04,P18-89Y-PINK,13,0,0,0,0,13
2026-08-04,P18-89Y-PEACH,10,0,0,0,0,10
2026-08-04,P18-89Y-MINT,14,0,0,0,0,14
2026-08-04,P19-23Y-GREY,14,0,0,0,0,14
2026-08-04,P19-23Y-NAVY,14,0,0,0,0,14
2026-08-04,P19-23Y-BLACK,12,0,1,0,0,11
2026-08-04,P19-45Y-GREY,10,0,0,0,0,10
2026-08-04,P19-45Y-NAVY,13,0,1,0,0,12
2026-08-04,P19-45Y-BLACK,13,0,0,0,0,13
2026-08-04,P19-67Y-GREY,12,0,2,0,0,10
2026-08-04,P19-67Y-NAVY,8,0,0,0,0,8
2026-08-04,P19-67Y-BLACK,11,0,1,0,0,10
2026-08-04,P19-89Y-GREY,14,0,0,0,0,14
2026-08-04,P19-89Y-NAVY,9,0,0,0,0,9
2026-08-04,P19-89Y-BLACK,11,0,0,0,0,11
2026-08-04,P20-7-WHITE,15,0,0,0,0,15
2026-08-04,P20-7-BLACK,9,0,0,0,0,9
2026-08-04,P20-7-GREY,10,0,1,0,0,9
2026-08-04,P20-8-WHITE,10,0,0,0,0,10
2026-08-04,P20-8-BLACK,16,0,0,0,0,16
2026-08-04,P20-8-GREY,14,0,1,0,0,13
2026-08-04,P20-9-WHITE,9,0,1,0,0,8
2026-08-04,P20-9-BLACK,15,0,0,0,0,15
2026-08-04,P20-9-GREY,8,0,0,0,0,8
2026-08-04,P20-10-WHITE,16,0,1,0,0,15
2026-08-04,P20-10-BLACK,14,0,1,0,0,13
2026-08-04,P20-10-GREY,9,0,0,0,0,9
2026-08-04,P21-4-TAN,13,0,0,0,0,13
2026-08-04,P21-4-BLACK,9,0,1,0,0,8
2026-08-04,P21-4-GOLD,13,0,0,0,0,13
2026-08-04,P21-5-TAN,9,0,0,0,0,9
2026-08-04,P21-5-BLACK,10,0,0,0,0,10
2026-08-04,P21-5-GOLD,11,0,1,0,0,10
2026-08-04,P21-6-TAN,9,0,0,0,0,9
2026-08-04,P21-6-BLACK,10,0,0,0,0,10
2026-08-04,P21-6-GOLD,9,0,0,0,0,9
2026-08-04,P21-7-TAN,13,0,0,0,0,13
2026-08-04,P21-7-BLACK,9,0,0,0,0,9
2026-08-04,P21-7-GOLD,12,0,0,0,0,12
2026-08-04,P21-8-TAN,14,0,1,0,0,13
2026-08-04,P21-8-BLACK,12,0,0,0,0,12
2026-08-04,P21-8-GOLD,15,0,0,0,0,15
2026-08-04,P22-10C-BLUE,13,0,0,0,0,13
2026-08-04,P22-10C-PINK,12,0,1,0,0,11
2026-08-04,P22-10C-BLACK,11,0,0,0,0,11
2026-08-04,P22-11C-BLUE,11,0,0,0,0,11
2026-08-04,P22-11C-PINK,13,0,0,0,0,13
2026-08-04,P22-11C-BLACK,12,0,1,0,0,11
2026-08-04,P22-12C-BLUE,15,0,0,0,0,15
2026-08-04,P22-12C-PINK,9,0,0,0,0,9
2026-08-04,P22-12C-BLACK,10,0,0,0,0,10
2026-08-04,P22-13C-BLUE,11,0,0,0,0,11
2026-08-04,P22-13C-PINK,12,0,0,0,0,12
2026-08-04,P22-13C-BLACK,10,0,0,0,0,10
2026-08-04,P22-1Y-BLUE,11,0,1,0,0,10
2026-08-04,P22-1Y-PINK,13,0,0,0,0,13
2026-08-04,P22-1Y-BLACK,13,0,0,0,0,13
2026-08-04,P23-7-BLACK,9,0,0,0,0,9
2026-08-04,P23-7-NAVY,5,0,0,0,0,5
2026-08-04,P23-7-GREY,13,0,0,0,0,13
2026-08-04,P23-8-BLACK,10,0,0,0,0,10
2026-08-04,P23-8-NAVY,8,0,0,0,0,8
2026-08-04,P23-8-GREY,9,0,1,0,0,8
2026-08-04,P23-9-BLACK,11,0,0,0,0,11
2026-08-04,P23-9-NAVY,10,0,0,0,0,10
2026-08-04,P23-9-GREY,8,0,4,0,0,4
2026-08-04,P23-10-BLACK,6,0,0,0,0,6
2026-08-04,P23-10-NAVY,11,0,0,0,0,11
2026-08-04,P23-10-GREY,11,0,0,0,0,11
2026-08-04,P24-ONESIZE-BLACK,14,0,1,0,0,13
2026-08-04,P24-ONESIZE-TAN,15,0,0,0,0,15
2026-08-04,P24-ONESIZE-MAROON,14,0,0,0,0,14
2026-08-04,P25-ONESIZE-BLACK,13,0,1,0,0,12
2026-08-04,P25-ONESIZE-PINK,12,0,1,0,0,11
2026-08-04,P25-ONESIZE-BEIGE,11,0,0,0,0,11
2026-08-04,P26-32-BLACK,15,0,0,0,0,15
2026-08-04,P26-32-BROWN,14,0,0,0,0,14
2026-08-04,P26-34-BLACK,13,0,0,0,0,13
2026-08-04,P26-34-BROWN,13,0,0,0,0,13
2026-08-04,P26-36-BLACK,11,0,0,0,0,11
2026-08-04,P26-36-BROWN,14,0,0,0,0,14
2026-08-04,P26-38-BLACK,11,0,0,0,0,11
2026-08-04,P26-38-BROWN,13,0,0,0,0,13
2026-08-04,P27-ONESIZE-BLACK,8,0,0,0,0,8
2026-08-04,P27-ONESIZE-BROWN,10,0,0,0,0,10
2026-08-04,P27-ONESIZE-TAN,9,0,0,0,0,9
2026-08-04,P28-ONESIZE-MULTICOL,12,0,0,0,0,12
2026-08-04,P28-ONESIZE-PINK,11,0,0,0,0,11
2026-08-04,P28-ONESIZE-BLACK,11,0,0,0,0,11
2026-08-04,P29-ONESIZE-BLACK,13,0,0,0,0,13
2026-08-04,P29-ONESIZE-NAVY,12,0,0,0,0,12
2026-08-04,P29-ONESIZE-BEIGE,10,0,0,0,0,10
2026-08-04,P30-ONESIZE-FLORAL,25,0,0,0,0,25
2026-08-04,P30-ONESIZE-MAROON,25,0,0,0,0,25
2026-08-04,P30-ONESIZE-TEAL,23,0,0,0,0,23
2026-08-04,P31-ONESIZE-RED,13,0,1,0,0,12
2026-08-04,P31-ONESIZE-MUSTARD,10,0,0,0,0,10
2026-08-04,P31-ONESIZE-GREEN,13,0,0,0,0,13
2026-08-04,P32-4-BLACK,13,0,0,0,0,13
2026-08-04,P32-4-BEIGE,10,0,0,0,0,10
2026-08-04,P32-4-SILVER,13,0,0,0,0,13
2026-08-04,P32-5-BLACK,14,0,0,0,0,14
2026-08-04,P32-5-BEIGE,13,0,0,0,0,13
2026-08-04,P32-5-SILVER,11,0,1,0,0,10
2026-08-04,P32-6-BLACK,10,0,0,0,0,10
2026-08-04,P32-6-BEIGE,16,0,0,0,0,16
2026-08-04,P32-6-SILVER,12,0,0,0,0,12
2026-08-04,P32-7-BLACK,10,0,2,0,0,8
2026-08-04,P32-7-BEIGE,13,0,0,0,0,13
2026-08-04,P32-7-SILVER,10,0,0,0,0,10
2026-08-04,P32-8-BLACK,14,0,3,0,0,11
2026-08-04,P32-8-BEIGE,10,0,0,0,0,10
2026-08-04,P32-8-SILVER,10,0,0,0,0,10
2026-08-05,P01-S-WHITE,15,0,1,0,0,14
2026-08-05,P01-S-BLACK,10,0,0,0,0,10
2026-08-05,P01-S-NAVY,18,0,0,0,0,18
2026-08-05,P01-S-OLIVE,16,0,0,0,0,16
2026-08-05,P01-M-WHITE,11,0,1,0,0,10
2026-08-05,P01-M-BLACK,12,0,3,0,0,9
2026-08-05,P01-M-NAVY,15,0,0,0,0,15
2026-08-05,P01-M-OLIVE,15,0,2,0,0,13
2026-08-05,P01-L-WHITE,17,0,0,0,0,17
2026-08-05,P01-L-BLACK,15,0,2,0,0,13
2026-08-05,P01-L-NAVY,12,0,1,0,0,11
2026-08-05,P01-L-OLIVE,17,0,0,0,0,17
2026-08-05,P01-XL-WHITE,16,0,0,0,0,16
2026-08-05,P01-XL-BLACK,18,0,1,0,0,17
2026-08-05,P01-XL-NAVY,18,0,0,0,0,18
2026-08-05,P01-XL-OLIVE,13,0,1,0,0,12
2026-08-05,P02-S-NAVY,10,0,2,0,0,8
2026-08-05,P02-S-MAROON,12,0,0,0,0,12
2026-08-05,P02-S-GREY,17,0,0,0,0,17
2026-08-05,P02-M-NAVY,5,0,1,0,0,4
2026-08-05,P02-M-MAROON,9,0,0,0,0,9
2026-08-05,P02-M-GREY,9,0,1,0,0,8
2026-08-05,P02-L-NAVY,13,0,1,0,0,12
2026-08-05,P02-L-MAROON,13,0,0,0,0,13
2026-08-05,P02-L-GREY,7,0,1,0,0,6
2026-08-05,P02-XL-NAVY,13,0,1,0,0,12
2026-08-05,P02-XL-MAROON,9,0,0,0,0,9
2026-08-05,P02-XL-GREY,13,0,1,0,0,12
2026-08-05,P03-30-NAVY,16,0,3,0,0,13
2026-08-05,P03-30-BLACK,14,0,1,0,0,13
2026-08-05,P03-30-LIGHTBLU,17,0,0,0,0,17
2026-08-05,P03-32-NAVY,17,0,2,0,0,15
2026-08-05,P03-32-BLACK,9,0,0,0,0,9
2026-08-05,P03-32-LIGHTBLU,16,0,1,0,0,15
2026-08-05,P03-34-NAVY,12,0,0,0,0,12
2026-08-05,P03-34-BLACK,13,0,0,0,0,13
2026-08-05,P03-34-LIGHTBLU,9,0,1,0,0,8
2026-08-05,P03-36-NAVY,31,0,0,0,0,31
2026-08-05,P03-36-BLACK,30,0,0,0,0,30
2026-08-05,P03-36-LIGHTBLU,30,0,0,0,0,30
2026-08-05,P04-30-BEIGE,7,0,0,0,0,7
2026-08-05,P04-30-OLIVE,11,0,1,0,0,10
2026-08-05,P04-30-NAVY,14,0,0,0,0,14
2026-08-05,P04-32-BEIGE,10,0,0,0,0,10
2026-08-05,P04-32-OLIVE,14,0,0,0,0,14
2026-08-05,P04-32-NAVY,13,0,1,0,0,12
2026-08-05,P04-34-BEIGE,13,0,0,0,0,13
2026-08-05,P04-34-OLIVE,10,0,0,0,0,10
2026-08-05,P04-34-NAVY,11,0,0,0,0,11
2026-08-05,P04-36-BEIGE,10,0,0,0,0,10
2026-08-05,P04-36-OLIVE,10,0,0,0,0,10
2026-08-05,P04-36-NAVY,10,0,0,0,0,10
2026-08-05,P05-S-WHITE,12,0,2,0,0,10
2026-08-05,P05-S-BLUE,16,0,0,0,0,16
2026-08-05,P05-S-GREY,15,0,0,0,0,15
2026-08-05,P05-M-WHITE,9,0,0,0,0,9
2026-08-05,P05-M-BLUE,8,0,3,0,0,5
2026-08-05,P05-M-GREY,10,0,2,0,0,8
2026-08-05,P05-L-WHITE,12,0,0,0,0,12
2026-08-05,P05-L-BLUE,11,0,0,0,0,11
2026-08-05,P05-L-GREY,9,0,0,0,0,9
2026-08-05,P05-XL-WHITE,14,0,1,0,0,13
2026-08-05,P05-XL-BLUE,13,0,0,0,0,13
2026-08-05,P05-XL-GREY,13,0,0,0,0,13
2026-08-05,P06-S-BLACK,13,0,0,0,0,13
2026-08-05,P06-S-WHITE,18,0,0,0,0,18
2026-08-05,P06-S-RED,13,0,1,0,0,12
2026-08-05,P06-M-BLACK,11,0,1,0,0,10
2026-08-05,P06-M-WHITE,10,0,0,0,0,10
2026-08-05,P06-M-RED,10,0,1,0,0,9
2026-08-05,P06-L-BLACK,10,0,0,0,0,10
2026-08-05,P06-L-WHITE,14,0,2,0,0,12
2026-08-05,P06-L-RED,12,0,1,0,0,11
2026-08-05,P06-XL-BLACK,8,0,0,0,0,8
2026-08-05,P06-XL-WHITE,13,0,0,0,0,13
2026-08-05,P06-XL-RED,13,0,0,0,0,13
2026-08-05,P07-XS-MUSTARD,19,0,0,0,0,19
2026-08-05,P07-XS-TEAL,15,0,0,0,0,15
2026-08-05,P07-XS-MAROON,17,0,0,0,0,17
2026-08-05,P07-S-MUSTARD,12,0,1,0,0,11
2026-08-05,P07-S-TEAL,14,0,0,0,0,14
2026-08-05,P07-S-MAROON,15,0,1,0,0,14
2026-08-05,P07-M-MUSTARD,2,7,1,0,0,8
2026-08-05,P07-M-TEAL,2,0,2,0,0,0
2026-08-05,P07-M-MAROON,1,0,0,0,0,1
2026-08-05,P07-L-MUSTARD,10,0,0,0,0,10
2026-08-05,P07-L-TEAL,16,0,1,0,0,15
2026-08-05,P07-L-MAROON,10,0,0,0,0,10
2026-08-05,P07-XL-MUSTARD,20,0,0,0,0,20
2026-08-05,P07-XL-TEAL,16,0,0,0,0,16
2026-08-05,P07-XL-MAROON,15,0,1,0,0,14
2026-08-05,P08-XS-PINK,14,0,0,0,0,14
2026-08-05,P08-XS-BLUE,16,0,0,0,0,16
2026-08-05,P08-XS-GREEN,11,0,0,0,0,11
2026-08-05,P08-S-PINK,13,0,0,0,0,13
2026-08-05,P08-S-BLUE,14,0,0,0,0,14
2026-08-05,P08-S-GREEN,13,0,1,0,0,12
2026-08-05,P08-M-PINK,14,0,3,0,0,11
2026-08-05,P08-M-BLUE,15,0,0,0,0,15
2026-08-05,P08-M-GREEN,10,0,0,0,0,10
2026-08-05,P08-L-PINK,11,0,1,0,0,10
2026-08-05,P08-L-BLUE,14,0,3,0,0,11
2026-08-05,P08-L-GREEN,11,0,0,0,0,11
2026-08-05,P08-XL-PINK,16,0,0,0,0,16
2026-08-05,P08-XL-BLUE,16,0,0,0,0,16
2026-08-05,P08-XL-GREEN,13,0,0,0,0,13
2026-08-05,P09-XS-BLACK,13,0,1,0,0,12
2026-08-05,P09-XS-BEIGE,13,0,0,0,0,13
2026-08-05,P09-XS-NAVY,14,0,0,0,0,14
2026-08-05,P09-S-BLACK,17,0,0,0,0,17
2026-08-05,P09-S-BEIGE,13,0,0,0,0,13
2026-08-05,P09-S-NAVY,14,0,0,0,0,14
2026-08-05,P09-M-BLACK,7,0,1,0,0,6
2026-08-05,P09-M-BEIGE,7,0,0,0,0,7
2026-08-05,P09-M-NAVY,16,0,0,0,0,16
2026-08-05,P09-L-BLACK,12,0,0,0,0,12
2026-08-05,P09-L-BEIGE,11,0,1,0,0,10
2026-08-05,P09-L-NAVY,13,0,0,0,0,13
2026-08-05,P09-XL-BLACK,12,0,0,0,0,12
2026-08-05,P09-XL-BEIGE,14,0,0,0,0,14
2026-08-05,P09-XL-NAVY,11,0,0,0,0,11
2026-08-05,P10-XS-INDIGO,16,0,1,0,0,15
2026-08-05,P10-XS-BLACK,11,0,0,0,0,11
2026-08-05,P10-S-INDIGO,10,0,1,0,0,9
2026-08-05,P10-S-BLACK,13,0,0,0,0,13
2026-08-05,P10-M-INDIGO,11,0,3,0,0,8
2026-08-05,P10-M-BLACK,12,0,0,0,0,12
2026-08-05,P10-L-INDIGO,7,0,0,0,0,7
2026-08-05,P10-L-BLACK,15,0,3,0,0,12
2026-08-05,P10-XL-INDIGO,12,0,0,0,0,12
2026-08-05,P10-XL-BLACK,12,0,0,0,0,12
2026-08-05,P11-XS-WHITE,16,0,0,0,0,16
2026-08-05,P11-XS-LAVENDER,19,0,0,0,0,19
2026-08-05,P11-XS-BLACK,13,0,0,0,0,13
2026-08-05,P11-S-WHITE,16,0,0,0,0,16
2026-08-05,P11-S-LAVENDER,17,0,2,0,0,15
2026-08-05,P11-S-BLACK,10,0,0,0,0,10
2026-08-05,P11-M-WHITE,12,0,2,0,0,10
2026-08-05,P11-M-LAVENDER,15,0,2,0,0,13
2026-08-05,P11-M-BLACK,9,0,1,0,0,8
2026-08-05,P11-L-WHITE,16,0,0,0,0,16
2026-08-05,P11-L-LAVENDER,8,0,1,0,0,7
2026-08-05,P11-L-BLACK,14,0,2,0,0,12
2026-08-05,P12-XS-RED,17,0,0,0,0,17
2026-08-05,P12-XS-BLUE,15,0,0,0,0,15
2026-08-05,P12-XS-WHITE,13,0,0,0,0,13
2026-08-05,P12-S-RED,16,0,0,0,0,16
2026-08-05,P12-S-BLUE,11,0,0,0,0,11
2026-08-05,P12-S-WHITE,12,0,0,0,0,12
2026-08-05,P12-M-RED,12,0,2,0,0,10
2026-08-05,P12-M-BLUE,12,0,0,0,0,12
2026-08-05,P12-M-WHITE,8,0,3,0,0,5
2026-08-05,P12-L-RED,14,0,1,0,0,13
2026-08-05,P12-L-BLUE,11,0,1,0,0,10
2026-08-05,P12-L-WHITE,12,0,1,0,0,11
2026-08-05,P12-XL-RED,11,0,2,0,0,9
2026-08-05,P12-XL-BLUE,12,0,0,0,0,12
2026-08-05,P12-XL-WHITE,12,0,0,0,0,12
2026-08-05,P13-S-WINE,25,0,0,0,0,25
2026-08-05,P13-S-EMERALD,29,0,0,0,0,29
2026-08-05,P13-S-NAVY,24,0,0,0,0,24
2026-08-05,P13-M-WINE,30,0,0,0,0,30
2026-08-05,P13-M-EMERALD,24,0,0,0,0,24
2026-08-05,P13-M-NAVY,29,0,0,0,0,29
2026-08-05,P13-L-WINE,25,0,0,0,0,25
2026-08-05,P13-L-EMERALD,27,0,0,0,0,27
2026-08-05,P13-L-NAVY,23,0,0,0,0,23
2026-08-05,P13-XL-WINE,28,0,0,0,0,28
2026-08-05,P13-XL-EMERALD,27,0,0,0,0,27
2026-08-05,P13-XL-NAVY,28,0,0,0,0,28
2026-08-05,P14-XS-TEAL,15,0,0,0,0,15
2026-08-05,P14-XS-MUSTARD,13,0,0,0,0,13
2026-08-05,P14-XS-MAROON,13,0,1,0,0,12
2026-08-05,P14-S-TEAL,14,0,0,0,0,14
2026-08-05,P14-S-MUSTARD,15,0,0,0,0,15
2026-08-05,P14-S-MAROON,9,0,0,0,0,9
2026-08-05,P14-M-TEAL,8,0,1,0,0,7
2026-08-05,P14-M-MUSTARD,7,0,0,0,0,7
2026-08-05,P14-M-MAROON,13,0,0,0,0,13
2026-08-05,P14-L-TEAL,12,0,0,0,0,12
2026-08-05,P14-L-MUSTARD,9,0,0,0,0,9
2026-08-05,P14-L-MAROON,10,0,0,0,0,10
2026-08-05,P14-XL-TEAL,15,0,0,0,0,15
2026-08-05,P14-XL-MUSTARD,15,0,0,0,0,15
2026-08-05,P14-XL-MAROON,13,0,0,0,0,13
2026-08-05,P15-23Y-YELLOW,12,0,0,0,0,12
2026-08-05,P15-23Y-BLUE,12,0,2,0,0,10
2026-08-05,P15-23Y-RED,10,0,1,0,0,9
2026-08-05,P15-45Y-YELLOW,12,0,0,0,0,12
2026-08-05,P15-45Y-BLUE,15,0,0,0,0,15
2026-08-05,P15-45Y-RED,12,0,0,0,0,12
2026-08-05,P15-67Y-YELLOW,14,0,1,0,0,13
2026-08-05,P15-67Y-BLUE,16,0,0,0,0,16
2026-08-05,P15-67Y-RED,8,0,0,0,0,8
2026-08-05,P15-89Y-YELLOW,11,0,0,0,0,11
2026-08-05,P15-89Y-BLUE,16,0,1,0,0,15
2026-08-05,P15-89Y-RED,10,0,0,0,0,10
2026-08-05,P16-23Y-BLUE,13,0,0,0,0,13
2026-08-05,P16-23Y-BLACK,10,0,0,0,0,10
2026-08-05,P16-45Y-BLUE,11,0,0,0,0,11
2026-08-05,P16-45Y-BLACK,8,0,1,0,0,7
2026-08-05,P16-67Y-BLUE,9,0,2,0,0,7
2026-08-05,P16-67Y-BLACK,10,0,0,0,0,10
2026-08-05,P16-89Y-BLUE,12,0,0,0,0,12
2026-08-05,P16-89Y-BLACK,12,0,0,0,0,12
2026-08-05,P17-23Y-MAROON,12,0,0,0,0,12
2026-08-05,P17-23Y-MUSTARD,14,0,0,0,0,14
2026-08-05,P17-23Y-GREEN,10,0,0,0,0,10
2026-08-05,P17-45Y-MAROON,10,0,0,0,0,10
2026-08-05,P17-45Y-MUSTARD,14,0,1,0,0,13
2026-08-05,P17-45Y-GREEN,13,0,0,0,0,13
2026-08-05,P17-67Y-MAROON,8,0,2,0,0,6
2026-08-05,P17-67Y-MUSTARD,14,0,0,0,0,14
2026-08-05,P17-67Y-GREEN,9,0,0,0,0,9
2026-08-05,P17-89Y-MAROON,11,0,1,0,0,10
2026-08-05,P17-89Y-MUSTARD,9,0,0,0,0,9
2026-08-05,P17-89Y-GREEN,13,0,0,0,0,13
2026-08-05,P18-23Y-PINK,8,0,0,0,0,8
2026-08-05,P18-23Y-PEACH,8,0,0,0,0,8
2026-08-05,P18-23Y-MINT,11,0,0,0,0,11
2026-08-05,P18-45Y-PINK,10,0,0,0,0,10
2026-08-05,P18-45Y-PEACH,11,0,1,0,0,10
2026-08-05,P18-45Y-MINT,12,0,1,0,0,11
2026-08-05,P18-67Y-PINK,9,0,0,0,0,9
2026-08-05,P18-67Y-PEACH,14,0,0,0,0,14
2026-08-05,P18-67Y-MINT,13,0,0,0,0,13
2026-08-05,P18-89Y-PINK,13,0,0,0,0,13
2026-08-05,P18-89Y-PEACH,10,0,0,0,0,10
2026-08-05,P18-89Y-MINT,14,0,0,0,0,14
2026-08-05,P19-23Y-GREY,14,0,0,0,0,14
2026-08-05,P19-23Y-NAVY,14,0,0,0,0,14
2026-08-05,P19-23Y-BLACK,11,0,0,0,0,11
2026-08-05,P19-45Y-GREY,10,0,2,0,0,8
2026-08-05,P19-45Y-NAVY,12,0,0,0,0,12
2026-08-05,P19-45Y-BLACK,13,0,1,0,0,12
2026-08-05,P19-67Y-GREY,10,0,1,0,0,9
2026-08-05,P19-67Y-NAVY,8,0,0,0,0,8
2026-08-05,P19-67Y-BLACK,10,0,0,0,0,10
2026-08-05,P19-89Y-GREY,14,0,1,0,0,13
2026-08-05,P19-89Y-NAVY,9,0,1,0,0,8
2026-08-05,P19-89Y-BLACK,11,0,1,0,0,10
2026-08-05,P20-7-WHITE,15,0,0,0,0,15
2026-08-05,P20-7-BLACK,9,0,0,0,0,9
2026-08-05,P20-7-GREY,9,0,0,0,0,9
2026-08-05,P20-8-WHITE,10,0,0,0,0,10
2026-08-05,P20-8-BLACK,16,0,0,0,0,16
2026-08-05,P20-8-GREY,13,0,0,0,0,13
2026-08-05,P20-9-WHITE,8,0,0,0,0,8
2026-08-05,P20-9-BLACK,15,0,0,0,0,15
2026-08-05,P20-9-GREY,8,0,0,0,0,8
2026-08-05,P20-10-WHITE,15,0,0,0,0,15
2026-08-05,P20-10-BLACK,13,0,0,0,0,13
2026-08-05,P20-10-GREY,9,0,1,0,0,8
2026-08-05,P21-4-TAN,13,0,0,0,0,13
2026-08-05,P21-4-BLACK,8,0,0,0,0,8
2026-08-05,P21-4-GOLD,13,0,0,0,0,13
2026-08-05,P21-5-TAN,9,0,0,0,0,9
2026-08-05,P21-5-BLACK,10,0,0,0,0,10
2026-08-05,P21-5-GOLD,10,0,0,0,0,10
2026-08-05,P21-6-TAN,9,0,0,0,0,9
2026-08-05,P21-6-BLACK,10,0,0,0,0,10
2026-08-05,P21-6-GOLD,9,0,1,0,0,8
2026-08-05,P21-7-TAN,13,0,0,0,0,13
2026-08-05,P21-7-BLACK,9,0,0,0,0,9
2026-08-05,P21-7-GOLD,12,0,0,0,0,12
2026-08-05,P21-8-TAN,13,0,0,0,0,13
2026-08-05,P21-8-BLACK,12,0,0,0,0,12
2026-08-05,P21-8-GOLD,15,0,0,0,0,15
2026-08-05,P22-10C-BLUE,13,0,0,0,0,13
2026-08-05,P22-10C-PINK,11,0,0,0,0,11
2026-08-05,P22-10C-BLACK,11,0,1,0,0,10
2026-08-05,P22-11C-BLUE,11,0,1,0,0,10
2026-08-05,P22-11C-PINK,13,0,0,0,0,13
2026-08-05,P22-11C-BLACK,11,0,1,0,0,10
2026-08-05,P22-12C-BLUE,15,0,0,0,0,15
2026-08-05,P22-12C-PINK,9,0,0,0,0,9
2026-08-05,P22-12C-BLACK,10,0,0,0,0,10
2026-08-05,P22-13C-BLUE,11,0,1,0,0,10
2026-08-05,P22-13C-PINK,12,0,0,0,0,12
2026-08-05,P22-13C-BLACK,10,0,1,0,0,9
2026-08-05,P22-1Y-BLUE,10,0,0,0,0,10
2026-08-05,P22-1Y-PINK,13,0,0,0,0,13
2026-08-05,P22-1Y-BLACK,13,0,0,0,0,13
2026-08-05,P23-7-BLACK,9,0,0,0,0,9
2026-08-05,P23-7-NAVY,5,0,1,0,0,4
2026-08-05,P23-7-GREY,13,0,0,0,0,13
2026-08-05,P23-8-BLACK,10,0,0,0,0,10
2026-08-05,P23-8-NAVY,8,0,0,0,0,8
2026-08-05,P23-8-GREY,8,0,0,0,0,8
2026-08-05,P23-9-BLACK,11,0,1,0,0,10
2026-08-05,P23-9-NAVY,10,0,0,0,0,10
2026-08-05,P23-9-GREY,4,0,0,0,0,4
2026-08-05,P23-10-BLACK,6,0,0,0,0,6
2026-08-05,P23-10-NAVY,11,0,0,0,0,11
2026-08-05,P23-10-GREY,11,0,0,0,0,11
2026-08-05,P24-ONESIZE-BLACK,13,0,0,0,0,13
2026-08-05,P24-ONESIZE-TAN,15,0,1,0,0,14
2026-08-05,P24-ONESIZE-MAROON,14,0,0,0,0,14
2026-08-05,P25-ONESIZE-BLACK,12,0,1,0,0,11
2026-08-05,P25-ONESIZE-PINK,11,0,0,0,0,11
2026-08-05,P25-ONESIZE-BEIGE,11,0,0,0,0,11
2026-08-05,P26-32-BLACK,15,0,1,0,0,14
2026-08-05,P26-32-BROWN,14,0,0,0,0,14
2026-08-05,P26-34-BLACK,13,0,2,0,0,11
2026-08-05,P26-34-BROWN,13,0,0,0,0,13
2026-08-05,P26-36-BLACK,11,0,0,0,0,11
2026-08-05,P26-36-BROWN,14,0,0,0,0,14
2026-08-05,P26-38-BLACK,11,0,0,0,0,11
2026-08-05,P26-38-BROWN,13,0,0,0,0,13
2026-08-05,P27-ONESIZE-BLACK,8,0,1,0,0,7
2026-08-05,P27-ONESIZE-BROWN,10,0,0,0,0,10
2026-08-05,P27-ONESIZE-TAN,9,0,0,0,0,9
2026-08-05,P28-ONESIZE-MULTICOL,12,0,0,0,0,12
2026-08-05,P28-ONESIZE-PINK,11,0,0,0,0,11
2026-08-05,P28-ONESIZE-BLACK,11,0,0,0,0,11
2026-08-05,P29-ONESIZE-BLACK,13,0,0,0,0,13
2026-08-05,P29-ONESIZE-NAVY,12,0,0,0,0,12
2026-08-05,P29-ONESIZE-BEIGE,10,0,1,0,0,9
2026-08-05,P30-ONESIZE-FLORAL,25,0,0,0,0,25
2026-08-05,P30-ONESIZE-MAROON,25,0,0,0,0,25
2026-08-05,P30-ONESIZE-TEAL,23,0,0,0,0,23
2026-08-05,P31-ONESIZE-RED,12,0,0,0,0,12
2026-08-05,P31-ONESIZE-MUSTARD,10,0,1,0,0,9
2026-08-05,P31-ONESIZE-GREEN,13,0,0,0,0,13
2026-08-05,P32-4-BLACK,13,0,1,0,0,12
2026-08-05,P32-4-BEIGE,10,0,2,0,0,8
2026-08-05,P32-4-SILVER,13,0,2,0,0,11
2026-08-05,P32-5-BLACK,14,0,1,0,0,13
2026-08-05,P32-5-BEIGE,13,0,0,0,0,13
2026-08-05,P32-5-SILVER,10,0,0,0,0,10
2026-08-05,P32-6-BLACK,10,0,2,0,0,8
2026-08-05,P32-6-BEIGE,16,0,1,0,0,15
2026-08-05,P32-6-SILVER,12,0,0,0,0,12
2026-08-05,P32-7-BLACK,8,0,1,0,0,7
2026-08-05,P32-7-BEIGE,13,0,0,0,0,13
2026-08-05,P32-7-SILVER,10,0,1,0,0,9
2026-08-05,P32-8-BLACK,11,0,0,0,0,11
2026-08-05,P32-8-BEIGE,10,0,0,0,0,10
2026-08-05,P32-8-SILVER,10,0,2,0,0,8
2026-08-06,P01-S-WHITE,14,0,0,0,0,14
2026-08-06,P01-S-BLACK,10,0,0,0,0,10
2026-08-06,P01-S-NAVY,18,0,0,0,0,18
2026-08-06,P01-S-OLIVE,16,0,0,0,0,16
2026-08-06,P01-M-WHITE,10,0,0,0,0,10
2026-08-06,P01-M-BLACK,9,0,3,0,0,6
2026-08-06,P01-M-NAVY,15,0,5,0,0,10
2026-08-06,P01-M-OLIVE,13,0,2,0,0,11
2026-08-06,P01-L-WHITE,17,0,1,0,0,16
2026-08-06,P01-L-BLACK,13,0,1,0,0,12
2026-08-06,P01-L-NAVY,11,0,0,0,0,11
2026-08-06,P01-L-OLIVE,17,0,2,0,0,15
2026-08-06,P01-XL-WHITE,16,0,0,0,0,16
2026-08-06,P01-XL-BLACK,17,0,0,0,0,17
2026-08-06,P01-XL-NAVY,18,0,0,0,0,18
2026-08-06,P01-XL-OLIVE,12,0,0,0,0,12
2026-08-06,P02-S-NAVY,8,0,0,0,0,8
2026-08-06,P02-S-MAROON,12,0,1,0,0,11
2026-08-06,P02-S-GREY,17,0,0,0,0,17
2026-08-06,P02-M-NAVY,4,0,0,0,0,4
2026-08-06,P02-M-MAROON,9,0,0,0,0,9
2026-08-06,P02-M-GREY,8,0,1,0,0,7
2026-08-06,P02-L-NAVY,12,0,0,0,0,12
2026-08-06,P02-L-MAROON,13,0,0,0,0,13
2026-08-06,P02-L-GREY,6,0,0,0,0,6
2026-08-06,P02-XL-NAVY,12,0,0,0,0,12
2026-08-06,P02-XL-MAROON,9,0,3,0,0,6
2026-08-06,P02-XL-GREY,12,0,0,0,0,12
2026-08-06,P03-30-NAVY,13,0,0,0,0,13
2026-08-06,P03-30-BLACK,13,0,1,0,0,12
2026-08-06,P03-30-LIGHTBLU,17,0,1,0,0,16
2026-08-06,P03-32-NAVY,15,0,1,0,0,14
2026-08-06,P03-32-BLACK,9,0,0,0,0,9
2026-08-06,P03-32-LIGHTBLU,15,0,1,0,0,14
2026-08-06,P03-34-NAVY,12,0,1,0,0,11
2026-08-06,P03-34-BLACK,13,0,2,0,0,11
2026-08-06,P03-34-LIGHTBLU,8,0,1,0,0,7
2026-08-06,P03-36-NAVY,31,0,0,0,0,31
2026-08-06,P03-36-BLACK,30,0,2,0,0,28
2026-08-06,P03-36-LIGHTBLU,30,0,0,0,0,30
2026-08-06,P04-30-BEIGE,7,0,0,0,0,7
2026-08-06,P04-30-OLIVE,10,0,0,0,0,10
2026-08-06,P04-30-NAVY,14,0,0,0,0,14
2026-08-06,P04-32-BEIGE,10,0,0,0,0,10
2026-08-06,P04-32-OLIVE,14,0,0,0,0,14
2026-08-06,P04-32-NAVY,12,0,0,0,0,12
2026-08-06,P04-34-BEIGE,13,0,0,0,0,13
2026-08-06,P04-34-OLIVE,10,0,1,0,0,9
2026-08-06,P04-34-NAVY,11,0,1,0,0,10
2026-08-06,P04-36-BEIGE,10,0,0,0,0,10
2026-08-06,P04-36-OLIVE,10,0,0,0,0,10
2026-08-06,P04-36-NAVY,10,0,0,0,0,10
2026-08-06,P05-S-WHITE,10,0,0,0,0,10
2026-08-06,P05-S-BLUE,16,0,0,0,0,16
2026-08-06,P05-S-GREY,15,0,0,0,0,15
2026-08-06,P05-M-WHITE,9,0,0,0,0,9
2026-08-06,P05-M-BLUE,5,0,0,0,0,5
2026-08-06,P05-M-GREY,8,0,1,0,0,7
2026-08-06,P05-L-WHITE,12,0,1,0,0,11
2026-08-06,P05-L-BLUE,11,0,3,0,0,8
2026-08-06,P05-L-GREY,9,0,0,0,0,9
2026-08-06,P05-XL-WHITE,13,0,0,0,0,13
2026-08-06,P05-XL-BLUE,13,0,0,0,0,13
2026-08-06,P05-XL-GREY,13,0,0,0,0,13
2026-08-06,P06-S-BLACK,13,0,2,0,0,11
2026-08-06,P06-S-WHITE,18,0,0,0,0,18
2026-08-06,P06-S-RED,12,0,0,0,0,12
2026-08-06,P06-M-BLACK,10,0,3,0,0,7
2026-08-06,P06-M-WHITE,10,0,1,0,0,9
2026-08-06,P06-M-RED,9,0,1,0,0,8
2026-08-06,P06-L-BLACK,10,0,1,0,0,9
2026-08-06,P06-L-WHITE,12,0,1,0,0,11
2026-08-06,P06-L-RED,11,0,2,0,0,9
2026-08-06,P06-XL-BLACK,8,0,0,0,0,8
2026-08-06,P06-XL-WHITE,13,0,0,0,0,13
2026-08-06,P06-XL-RED,13,0,0,0,0,13
2026-08-06,P07-XS-MUSTARD,19,0,0,0,0,19
2026-08-06,P07-XS-TEAL,15,0,0,0,0,15
2026-08-06,P07-XS-MAROON,17,0,0,0,0,17
2026-08-06,P07-S-MUSTARD,11,0,0,0,0,11
2026-08-06,P07-S-TEAL,14,0,1,0,0,13
2026-08-06,P07-S-MAROON,14,0,1,0,0,13
2026-08-06,P07-M-MUSTARD,8,0,2,0,0,6
2026-08-06,P07-M-TEAL,0,0,0,0,0,0
2026-08-06,P07-M-MAROON,1,0,1,0,0,0
2026-08-06,P07-L-MUSTARD,10,0,1,0,0,9
2026-08-06,P07-L-TEAL,15,0,0,0,0,15
2026-08-06,P07-L-MAROON,10,0,0,0,0,10
2026-08-06,P07-XL-MUSTARD,20,0,0,0,0,20
2026-08-06,P07-XL-TEAL,16,0,2,0,0,14
2026-08-06,P07-XL-MAROON,14,0,0,0,0,14
2026-08-06,P08-XS-PINK,14,0,1,0,0,13
2026-08-06,P08-XS-BLUE,16,0,0,0,0,16
2026-08-06,P08-XS-GREEN,11,0,0,0,0,11
2026-08-06,P08-S-PINK,13,0,0,0,0,13
2026-08-06,P08-S-BLUE,14,0,0,0,0,14
2026-08-06,P08-S-GREEN,12,0,2,0,0,10
2026-08-06,P08-M-PINK,11,0,0,0,0,11
2026-08-06,P08-M-BLUE,15,0,0,0,0,15
2026-08-06,P08-M-GREEN,10,0,0,0,0,10
2026-08-06,P08-L-PINK,10,0,1,0,0,9
2026-08-06,P08-L-BLUE,11,0,0,0,0,11
2026-08-06,P08-L-GREEN,11,0,0,0,0,11
2026-08-06,P08-XL-PINK,16,0,0,0,0,16
2026-08-06,P08-XL-BLUE,16,0,0,0,0,16
2026-08-06,P08-XL-GREEN,13,0,0,0,0,13
2026-08-06,P09-XS-BLACK,12,0,0,0,0,12
2026-08-06,P09-XS-BEIGE,13,0,0,0,0,13
2026-08-06,P09-XS-NAVY,14,0,0,0,0,14
2026-08-06,P09-S-BLACK,17,0,1,0,0,16
2026-08-06,P09-S-BEIGE,13,0,1,0,0,12
2026-08-06,P09-S-NAVY,14,0,0,0,0,14
2026-08-06,P09-M-BLACK,6,0,0,0,0,6
2026-08-06,P09-M-BEIGE,7,0,0,0,0,7
2026-08-06,P09-M-NAVY,16,0,0,0,0,16
2026-08-06,P09-L-BLACK,12,0,0,0,0,12
2026-08-06,P09-L-BEIGE,10,0,1,0,0,9
2026-08-06,P09-L-NAVY,13,0,0,0,0,13
2026-08-06,P09-XL-BLACK,12,0,2,0,0,10
2026-08-06,P09-XL-BEIGE,14,0,0,0,0,14
2026-08-06,P09-XL-NAVY,11,0,0,0,0,11
2026-08-06,P10-XS-INDIGO,15,0,0,0,0,15
2026-08-06,P10-XS-BLACK,11,0,0,0,0,11
2026-08-06,P10-S-INDIGO,9,0,2,0,0,7
2026-08-06,P10-S-BLACK,13,0,0,0,0,13
2026-08-06,P10-M-INDIGO,8,0,2,0,0,6
2026-08-06,P10-M-BLACK,12,0,0,0,0,12
2026-08-06,P10-L-INDIGO,7,0,0,0,0,7
2026-08-06,P10-L-BLACK,12,0,1,0,0,11
2026-08-06,P10-XL-INDIGO,12,0,0,0,0,12
2026-08-06,P10-XL-BLACK,12,0,0,0,0,12
2026-08-06,P11-XS-WHITE,16,0,0,0,0,16
2026-08-06,P11-XS-LAVENDER,19,0,0,0,0,19
2026-08-06,P11-XS-BLACK,13,0,0,0,0,13
2026-08-06,P11-S-WHITE,16,0,0,0,0,16
2026-08-06,P11-S-LAVENDER,15,0,0,0,0,15
2026-08-06,P11-S-BLACK,10,0,0,0,0,10
2026-08-06,P11-M-WHITE,10,0,0,0,0,10
2026-08-06,P11-M-LAVENDER,13,0,1,0,0,12
2026-08-06,P11-M-BLACK,8,0,1,0,0,7
2026-08-06,P11-L-WHITE,16,0,0,0,0,16
2026-08-06,P11-L-LAVENDER,7,0,2,0,0,5
2026-08-06,P11-L-BLACK,12,0,4,0,0,8
2026-08-06,P12-XS-RED,17,0,1,0,0,16
2026-08-06,P12-XS-BLUE,15,0,1,0,0,14
2026-08-06,P12-XS-WHITE,13,0,0,0,0,13
2026-08-06,P12-S-RED,16,0,0,0,0,16
2026-08-06,P12-S-BLUE,11,0,0,0,0,11
2026-08-06,P12-S-WHITE,12,0,0,0,0,12
2026-08-06,P12-M-RED,10,0,2,0,0,8
2026-08-06,P12-M-BLUE,12,0,1,0,0,11
2026-08-06,P12-M-WHITE,5,0,0,0,0,5
2026-08-06,P12-L-RED,13,0,0,0,0,13
2026-08-06,P12-L-BLUE,10,0,1,0,0,9
2026-08-06,P12-L-WHITE,11,0,0,0,0,11
2026-08-06,P12-XL-RED,9,0,0,0,0,9
2026-08-06,P12-XL-BLUE,12,0,0,0,0,12
2026-08-06,P12-XL-WHITE,12,0,1,0,0,11
2026-08-06,P13-S-WINE,25,0,0,0,0,25
2026-08-06,P13-S-EMERALD,29,0,0,0,0,29
2026-08-06,P13-S-NAVY,24,0,1,0,0,23
2026-08-06,P13-M-WINE,30,0,0,0,0,30
2026-08-06,P13-M-EMERALD,24,0,0,0,0,24
2026-08-06,P13-M-NAVY,29,0,0,0,0,29
2026-08-06,P13-L-WINE,25,0,0,0,0,25
2026-08-06,P13-L-EMERALD,27,0,1,0,0,26
2026-08-06,P13-L-NAVY,23,0,0,0,0,23
2026-08-06,P13-XL-WINE,28,0,0,0,0,28
2026-08-06,P13-XL-EMERALD,27,0,0,0,0,27
2026-08-06,P13-XL-NAVY,28,0,0,0,0,28
2026-08-06,P14-XS-TEAL,15,0,0,0,0,15
2026-08-06,P14-XS-MUSTARD,13,0,0,0,0,13
2026-08-06,P14-XS-MAROON,12,0,0,0,0,12
2026-08-06,P14-S-TEAL,14,0,0,0,0,14
2026-08-06,P14-S-MUSTARD,15,0,0,0,0,15
2026-08-06,P14-S-MAROON,9,0,0,0,0,9
2026-08-06,P14-M-TEAL,7,0,0,0,0,7
2026-08-06,P14-M-MUSTARD,7,0,0,0,0,7
2026-08-06,P14-M-MAROON,13,0,1,0,0,12
2026-08-06,P14-L-TEAL,12,0,1,0,0,11
2026-08-06,P14-L-MUSTARD,9,0,0,0,0,9
2026-08-06,P14-L-MAROON,10,0,1,0,0,9
2026-08-06,P14-XL-TEAL,15,0,0,0,0,15
2026-08-06,P14-XL-MUSTARD,15,0,1,0,0,14
2026-08-06,P14-XL-MAROON,13,0,0,0,0,13
2026-08-06,P15-23Y-YELLOW,12,0,0,0,0,12
2026-08-06,P15-23Y-BLUE,10,0,0,0,0,10
2026-08-06,P15-23Y-RED,9,0,0,0,0,9
2026-08-06,P15-45Y-YELLOW,12,0,1,0,0,11
2026-08-06,P15-45Y-BLUE,15,0,0,0,0,15
2026-08-06,P15-45Y-RED,12,0,0,0,0,12
2026-08-06,P15-67Y-YELLOW,13,0,0,0,0,13
2026-08-06,P15-67Y-BLUE,16,0,1,0,0,15
2026-08-06,P15-67Y-RED,8,0,0,0,0,8
2026-08-06,P15-89Y-YELLOW,11,0,0,0,0,11
2026-08-06,P15-89Y-BLUE,15,0,1,0,0,14
2026-08-06,P15-89Y-RED,10,0,0,0,0,10
2026-08-06,P16-23Y-BLUE,13,0,0,0,0,13
2026-08-06,P16-23Y-BLACK,10,0,1,0,0,9
2026-08-06,P16-45Y-BLUE,11,0,1,0,0,10
2026-08-06,P16-45Y-BLACK,7,0,1,0,0,6
2026-08-06,P16-67Y-BLUE,7,0,0,0,0,7
2026-08-06,P16-67Y-BLACK,10,0,0,0,0,10
2026-08-06,P16-89Y-BLUE,12,0,0,0,0,12
2026-08-06,P16-89Y-BLACK,12,0,0,0,0,12
2026-08-06,P17-23Y-MAROON,12,0,0,0,0,12
2026-08-06,P17-23Y-MUSTARD,14,0,0,0,0,14
2026-08-06,P17-23Y-GREEN,10,0,0,0,0,10
2026-08-06,P17-45Y-MAROON,10,0,1,0,0,9
2026-08-06,P17-45Y-MUSTARD,13,0,0,0,0,13
2026-08-06,P17-45Y-GREEN,13,0,0,0,0,13
2026-08-06,P17-67Y-MAROON,6,0,2,0,0,4
2026-08-06,P17-67Y-MUSTARD,14,0,0,0,0,14
2026-08-06,P17-67Y-GREEN,9,0,0,0,0,9
2026-08-06,P17-89Y-MAROON,10,0,0,0,0,10
2026-08-06,P17-89Y-MUSTARD,9,0,0,0,0,9
2026-08-06,P17-89Y-GREEN,13,0,0,0,0,13
2026-08-06,P18-23Y-PINK,8,0,0,0,0,8
2026-08-06,P18-23Y-PEACH,8,0,0,0,0,8
2026-08-06,P18-23Y-MINT,11,0,0,0,0,11
2026-08-06,P18-45Y-PINK,10,0,0,0,0,10
2026-08-06,P18-45Y-PEACH,10,0,0,0,0,10
2026-08-06,P18-45Y-MINT,11,0,0,0,0,11
2026-08-06,P18-67Y-PINK,9,0,0,0,0,9
2026-08-06,P18-67Y-PEACH,14,0,0,0,0,14
2026-08-06,P18-67Y-MINT,13,0,0,0,0,13
2026-08-06,P18-89Y-PINK,13,0,0,0,0,13
2026-08-06,P18-89Y-PEACH,10,0,0,0,0,10
2026-08-06,P18-89Y-MINT,14,0,0,0,0,14
2026-08-06,P19-23Y-GREY,14,0,0,0,0,14
2026-08-06,P19-23Y-NAVY,14,0,1,0,0,13
2026-08-06,P19-23Y-BLACK,11,0,0,0,0,11
2026-08-06,P19-45Y-GREY,8,0,0,0,0,8
2026-08-06,P19-45Y-NAVY,12,0,1,0,0,11
2026-08-06,P19-45Y-BLACK,12,0,0,0,0,12
2026-08-06,P19-67Y-GREY,9,0,0,0,0,9
2026-08-06,P19-67Y-NAVY,8,0,0,0,0,8
2026-08-06,P19-67Y-BLACK,10,0,0,0,0,10
2026-08-06,P19-89Y-GREY,13,0,0,0,0,13
2026-08-06,P19-89Y-NAVY,8,0,0,0,0,8
2026-08-06,P19-89Y-BLACK,10,0,0,0,0,10
2026-08-06,P20-7-WHITE,15,0,1,0,0,14
2026-08-06,P20-7-BLACK,9,0,0,0,0,9
2026-08-06,P20-7-GREY,9,0,2,0,0,7
2026-08-06,P20-8-WHITE,10,0,0,0,0,10
2026-08-06,P20-8-BLACK,16,0,0,0,0,16
2026-08-06,P20-8-GREY,13,0,0,0,0,13
2026-08-06,P20-9-WHITE,8,0,0,0,0,8
2026-08-06,P20-9-BLACK,15,0,1,0,0,14
2026-08-06,P20-9-GREY,8,0,0,0,0,8
2026-08-06,P20-10-WHITE,15,0,1,0,0,14
2026-08-06,P20-10-BLACK,13,0,1,0,0,12
2026-08-06,P20-10-GREY,8,0,0,0,0,8
2026-08-06,P21-4-TAN,13,0,2,0,0,11
2026-08-06,P21-4-BLACK,8,0,0,0,0,8
2026-08-06,P21-4-GOLD,13,0,1,0,0,12
2026-08-06,P21-5-TAN,9,0,1,0,0,8
2026-08-06,P21-5-BLACK,10,0,0,0,0,10
2026-08-06,P21-5-GOLD,10,0,0,0,0,10
2026-08-06,P21-6-TAN,9,0,0,0,0,9
2026-08-06,P21-6-BLACK,10,0,0,0,0,10
2026-08-06,P21-6-GOLD,8,0,1,0,0,7
2026-08-06,P21-7-TAN,13,0,1,0,0,12
2026-08-06,P21-7-BLACK,9,0,1,0,0,8
2026-08-06,P21-7-GOLD,12,0,1,0,0,11
2026-08-06,P21-8-TAN,13,0,1,0,0,12
2026-08-06,P21-8-BLACK,12,0,2,0,0,10
2026-08-06,P21-8-GOLD,15,0,0,0,0,15
2026-08-06,P22-10C-BLUE,13,0,1,0,0,12
2026-08-06,P22-10C-PINK,11,0,0,0,0,11
2026-08-06,P22-10C-BLACK,10,0,0,0,0,10
2026-08-06,P22-11C-BLUE,10,0,0,0,0,10
2026-08-06,P22-11C-PINK,13,0,0,0,0,13
2026-08-06,P22-11C-BLACK,10,0,1,0,0,9
2026-08-06,P22-12C-BLUE,15,0,0,0,0,15
2026-08-06,P22-12C-PINK,9,0,0,0,0,9
2026-08-06,P22-12C-BLACK,10,0,0,0,0,10
2026-08-06,P22-13C-BLUE,10,0,2,0,0,8
2026-08-06,P22-13C-PINK,12,0,0,0,0,12
2026-08-06,P22-13C-BLACK,9,0,1,0,0,8
2026-08-06,P22-1Y-BLUE,10,0,1,0,0,9
2026-08-06,P22-1Y-PINK,13,0,0,0,0,13
2026-08-06,P22-1Y-BLACK,13,0,1,0,0,12
2026-08-06,P23-7-BLACK,9,0,1,0,0,8
2026-08-06,P23-7-NAVY,4,0,0,0,0,4
2026-08-06,P23-7-GREY,13,0,0,0,0,13
2026-08-06,P23-8-BLACK,10,0,1,0,0,9
2026-08-06,P23-8-NAVY,8,0,1,0,0,7
2026-08-06,P23-8-GREY,8,0,0,0,0,8
2026-08-06,P23-9-BLACK,10,0,1,0,0,9
2026-08-06,P23-9-NAVY,10,0,0,0,0,10
2026-08-06,P23-9-GREY,4,13,0,0,0,17
2026-08-06,P23-10-BLACK,6,0,1,0,0,5
2026-08-06,P23-10-NAVY,11,0,0,0,0,11
2026-08-06,P23-10-GREY,11,0,0,0,0,11
2026-08-06,P24-ONESIZE-BLACK,13,0,1,0,0,12
2026-08-06,P24-ONESIZE-TAN,14,0,0,0,0,14
2026-08-06,P24-ONESIZE-MAROON,14,0,0,0,0,14
2026-08-06,P25-ONESIZE-BLACK,11,0,0,0,0,11
2026-08-06,P25-ONESIZE-PINK,11,0,0,0,0,11
2026-08-06,P25-ONESIZE-BEIGE,11,0,0,0,0,11
2026-08-06,P26-32-BLACK,14,0,0,0,0,14
2026-08-06,P26-32-BROWN,14,0,0,0,0,14
2026-08-06,P26-34-BLACK,11,0,0,0,0,11
2026-08-06,P26-34-BROWN,13,0,0,0,0,13
2026-08-06,P26-36-BLACK,11,0,0,0,0,11
2026-08-06,P26-36-BROWN,14,0,0,0,0,14
2026-08-06,P26-38-BLACK,11,0,0,0,0,11
2026-08-06,P26-38-BROWN,13,0,0,0,0,13
2026-08-06,P27-ONESIZE-BLACK,7,0,1,0,0,6
2026-08-06,P27-ONESIZE-BROWN,10,0,0,0,0,10
2026-08-06,P27-ONESIZE-TAN,9,0,0,0,0,9
2026-08-06,P28-ONESIZE-MULTICOL,12,0,0,0,0,12
2026-08-06,P28-ONESIZE-PINK,11,0,1,0,0,10
2026-08-06,P28-ONESIZE-BLACK,11,0,2,0,0,9
2026-08-06,P29-ONESIZE-BLACK,13,0,0,0,0,13
2026-08-06,P29-ONESIZE-NAVY,12,0,0,0,0,12
2026-08-06,P29-ONESIZE-BEIGE,9,0,0,0,0,9
2026-08-06,P30-ONESIZE-FLORAL,25,0,0,0,0,25
2026-08-06,P30-ONESIZE-MAROON,25,0,0,0,0,25
2026-08-06,P30-ONESIZE-TEAL,23,0,0,0,0,23
2026-08-06,P31-ONESIZE-RED,12,0,0,0,0,12
2026-08-06,P31-ONESIZE-MUSTARD,9,0,0,0,0,9
2026-08-06,P31-ONESIZE-GREEN,13,0,0,0,0,13
2026-08-06,P32-4-BLACK,12,0,0,0,0,12
2026-08-06,P32-4-BEIGE,8,0,0,0,0,8
2026-08-06,P32-4-SILVER,11,0,0,0,0,11
2026-08-06,P32-5-BLACK,13,0,1,0,0,12
2026-08-06,P32-5-BEIGE,13,0,0,0,0,13
2026-08-06,P32-5-SILVER,10,0,0,0,0,10
2026-08-06,P32-6-BLACK,8,0,0,0,0,8
2026-08-06,P32-6-BEIGE,15,0,0,0,0,15
2026-08-06,P32-6-SILVER,12,0,0,0,0,12
2026-08-06,P32-7-BLACK,7,0,1,0,0,6
2026-08-06,P32-7-BEIGE,13,0,0,0,0,13
2026-08-06,P32-7-SILVER,9,0,2,0,0,7
2026-08-06,P32-8-BLACK,11,0,2,0,0,9
2026-08-06,P32-8-BEIGE,10,0,2,0,0,8
2026-08-06,P32-8-SILVER,8,0,0,0,0,8
2026-08-07,P01-S-WHITE,14,0,1,0,0,13
2026-08-07,P01-S-BLACK,10,0,1,0,0,9
2026-08-07,P01-S-NAVY,18,0,0,0,0,18
2026-08-07,P01-S-OLIVE,16,0,2,0,0,14
2026-08-07,P01-M-WHITE,10,0,0,0,0,10
2026-08-07,P01-M-BLACK,6,0,1,0,0,5
2026-08-07,P01-M-NAVY,10,0,0,0,0,10
2026-08-07,P01-M-OLIVE,11,0,0,0,0,11
2026-08-07,P01-L-WHITE,16,0,0,0,0,16
2026-08-07,P01-L-BLACK,12,0,1,0,0,11
2026-08-07,P01-L-NAVY,11,0,0,0,0,11
2026-08-07,P01-L-OLIVE,15,0,1,0,0,14
2026-08-07,P01-XL-WHITE,16,0,1,0,0,15
2026-08-07,P01-XL-BLACK,17,0,0,0,0,17
2026-08-07,P01-XL-NAVY,18,0,0,0,0,18
2026-08-07,P01-XL-OLIVE,12,0,0,0,0,12
2026-08-07,P02-S-NAVY,8,0,0,0,0,8
2026-08-07,P02-S-MAROON,11,0,1,0,0,10
2026-08-07,P02-S-GREY,17,0,0,0,0,17
2026-08-07,P02-M-NAVY,4,13,1,0,0,16
2026-08-07,P02-M-MAROON,9,0,0,0,0,9
2026-08-07,P02-M-GREY,7,0,0,0,0,7
2026-08-07,P02-L-NAVY,12,0,0,0,0,12
2026-08-07,P02-L-MAROON,13,0,0,0,0,13
2026-08-07,P02-L-GREY,6,0,2,0,0,4
2026-08-07,P02-XL-NAVY,12,0,0,0,0,12
2026-08-07,P02-XL-MAROON,6,0,1,0,0,5
2026-08-07,P02-XL-GREY,12,0,0,0,0,12
2026-08-07,P03-30-NAVY,13,0,1,0,0,12
2026-08-07,P03-30-BLACK,12,0,0,0,0,12
2026-08-07,P03-30-LIGHTBLU,16,0,1,0,0,15
2026-08-07,P03-32-NAVY,14,0,0,0,0,14
2026-08-07,P03-32-BLACK,9,0,0,0,0,9
2026-08-07,P03-32-LIGHTBLU,14,0,1,0,0,13
2026-08-07,P03-34-NAVY,11,0,1,0,0,10
2026-08-07,P03-34-BLACK,11,0,2,0,0,9
2026-08-07,P03-34-LIGHTBLU,7,0,0,0,0,7
2026-08-07,P03-36-NAVY,31,0,0,0,0,31
2026-08-07,P03-36-BLACK,28,0,0,0,0,28
2026-08-07,P03-36-LIGHTBLU,30,0,0,0,0,30
2026-08-07,P04-30-BEIGE,7,0,0,0,0,7
2026-08-07,P04-30-OLIVE,10,0,0,0,0,10
2026-08-07,P04-30-NAVY,14,0,1,0,0,13
2026-08-07,P04-32-BEIGE,10,0,1,0,0,9
2026-08-07,P04-32-OLIVE,14,0,0,0,0,14
2026-08-07,P04-32-NAVY,12,0,1,0,0,11
2026-08-07,P04-34-BEIGE,13,0,0,0,0,13
2026-08-07,P04-34-OLIVE,9,0,0,0,0,9
2026-08-07,P04-34-NAVY,10,0,0,0,0,10
2026-08-07,P04-36-BEIGE,10,0,0,0,0,10
2026-08-07,P04-36-OLIVE,10,0,0,0,0,10
2026-08-07,P04-36-NAVY,10,0,1,0,0,9
2026-08-07,P05-S-WHITE,10,0,0,0,0,10
2026-08-07,P05-S-BLUE,16,0,0,0,0,16
2026-08-07,P05-S-GREY,15,0,1,0,0,14
2026-08-07,P05-M-WHITE,9,0,0,0,0,9
2026-08-07,P05-M-BLUE,5,0,1,0,0,4
2026-08-07,P05-M-GREY,7,0,3,0,0,4
2026-08-07,P05-L-WHITE,11,0,0,0,0,11
2026-08-07,P05-L-BLUE,8,0,0,0,0,8
2026-08-07,P05-L-GREY,9,0,2,0,0,7
2026-08-07,P05-XL-WHITE,13,0,0,0,0,13
2026-08-07,P05-XL-BLUE,13,0,0,0,0,13
2026-08-07,P05-XL-GREY,13,0,0,0,0,13
2026-08-07,P06-S-BLACK,11,0,1,0,0,10
2026-08-07,P06-S-WHITE,18,0,0,0,0,18
2026-08-07,P06-S-RED,12,0,0,0,0,12
2026-08-07,P06-M-BLACK,7,0,0,0,0,7
2026-08-07,P06-M-WHITE,9,0,0,0,0,9
2026-08-07,P06-M-RED,8,0,1,0,0,7
2026-08-07,P06-L-BLACK,9,0,2,0,0,7
2026-08-07,P06-L-WHITE,11,0,0,0,0,11
2026-08-07,P06-L-RED,9,0,0,0,0,9
2026-08-07,P06-XL-BLACK,8,0,0,0,0,8
2026-08-07,P06-XL-WHITE,13,0,0,0,0,13
2026-08-07,P06-XL-RED,13,0,0,0,0,13
2026-08-07,P07-XS-MUSTARD,19,0,0,0,0,19
2026-08-07,P07-XS-TEAL,15,0,1,0,0,14
2026-08-07,P07-XS-MAROON,17,0,1,0,0,16
2026-08-07,P07-S-MUSTARD,11,0,1,0,0,10
2026-08-07,P07-S-TEAL,13,0,1,0,0,12
2026-08-07,P07-S-MAROON,13,0,1,0,0,12
2026-08-07,P07-M-MUSTARD,6,0,2,0,0,4
2026-08-07,P07-M-TEAL,0,0,0,0,0,0
2026-08-07,P07-M-MAROON,0,7,0,0,0,7
2026-08-07,P07-L-MUSTARD,9,0,1,0,0,8
2026-08-07,P07-L-TEAL,15,0,0,0,0,15
2026-08-07,P07-L-MAROON,10,0,2,0,0,8
2026-08-07,P07-XL-MUSTARD,20,0,0,0,0,20
2026-08-07,P07-XL-TEAL,14,0,1,0,0,13
2026-08-07,P07-XL-MAROON,14,0,0,0,0,14
2026-08-07,P08-XS-PINK,13,0,0,0,0,13
2026-08-07,P08-XS-BLUE,16,0,0,0,0,16
2026-08-07,P08-XS-GREEN,11,0,0,0,0,11
2026-08-07,P08-S-PINK,13,0,0,0,0,13
2026-08-07,P08-S-BLUE,14,0,0,0,0,14
2026-08-07,P08-S-GREEN,10,0,0,0,0,10
2026-08-07,P08-M-PINK,11,0,1,0,0,10
2026-08-07,P08-M-BLUE,15,0,2,0,0,13
2026-08-07,P08-M-GREEN,10,0,0,0,0,10
2026-08-07,P08-L-PINK,9,0,0,0,0,9
2026-08-07,P08-L-BLUE,11,0,0,0,0,11
2026-08-07,P08-L-GREEN,11,0,0,0,0,11
2026-08-07,P08-XL-PINK,16,0,0,0,0,16
2026-08-07,P08-XL-BLUE,16,0,0,0,0,16
2026-08-07,P08-XL-GREEN,13,0,1,0,0,12
2026-08-07,P09-XS-BLACK,12,0,0,0,0,12
2026-08-07,P09-XS-BEIGE,13,0,0,0,0,13
2026-08-07,P09-XS-NAVY,14,0,0,0,0,14
2026-08-07,P09-S-BLACK,16,0,0,0,0,16
2026-08-07,P09-S-BEIGE,12,0,0,0,0,12
2026-08-07,P09-S-NAVY,14,0,0,0,0,14
2026-08-07,P09-M-BLACK,6,0,0,0,0,6
2026-08-07,P09-M-BEIGE,7,0,1,0,0,6
2026-08-07,P09-M-NAVY,16,0,1,0,0,15
2026-08-07,P09-L-BLACK,12,0,1,0,0,11
2026-08-07,P09-L-BEIGE,9,0,0,0,0,9
2026-08-07,P09-L-NAVY,13,0,0,0,0,13
2026-08-07,P09-XL-BLACK,10,0,0,0,0,10
2026-08-07,P09-XL-BEIGE,14,0,0,0,0,14
2026-08-07,P09-XL-NAVY,11,0,0,0,0,11
2026-08-07,P10-XS-INDIGO,15,0,0,0,0,15
2026-08-07,P10-XS-BLACK,11,0,0,0,0,11
2026-08-07,P10-S-INDIGO,7,0,0,0,0,7
2026-08-07,P10-S-BLACK,13,0,2,0,0,11
2026-08-07,P10-M-INDIGO,6,0,0,0,0,6
2026-08-07,P10-M-BLACK,12,0,0,0,0,12
2026-08-07,P10-L-INDIGO,7,0,1,0,0,6
2026-08-07,P10-L-BLACK,11,0,1,0,0,10
2026-08-07,P10-XL-INDIGO,12,0,0,0,0,12
2026-08-07,P10-XL-BLACK,12,0,0,0,0,12
2026-08-07,P11-XS-WHITE,16,0,0,0,0,16
2026-08-07,P11-XS-LAVENDER,19,0,1,0,0,18
2026-08-07,P11-XS-BLACK,13,0,1,0,0,12
2026-08-07,P11-S-WHITE,16,0,1,0,0,15
2026-08-07,P11-S-LAVENDER,15,0,0,0,0,15
2026-08-07,P11-S-BLACK,10,0,1,0,0,9
2026-08-07,P11-M-WHITE,10,0,2,0,0,8
2026-08-07,P11-M-LAVENDER,12,0,0,0,0,12
2026-08-07,P11-M-BLACK,7,0,0,0,0,7
2026-08-07,P11-L-WHITE,16,0,0,0,0,16
2026-08-07,P11-L-LAVENDER,5,0,2,0,0,3
2026-08-07,P11-L-BLACK,8,0,0,0,0,8
2026-08-07,P12-XS-RED,16,0,1,0,0,15
2026-08-07,P12-XS-BLUE,14,0,0,0,0,14
2026-08-07,P12-XS-WHITE,13,0,0,0,0,13
2026-08-07,P12-S-RED,16,0,0,0,0,16
2026-08-07,P12-S-BLUE,11,0,1,0,0,10
2026-08-07,P12-S-WHITE,12,0,0,0,0,12
2026-08-07,P12-M-RED,8,0,2,0,0,6
2026-08-07,P12-M-BLUE,11,0,1,0,0,10
2026-08-07,P12-M-WHITE,5,0,0,0,0,5
2026-08-07,P12-L-RED,13,0,1,0,0,12
2026-08-07,P12-L-BLUE,9,0,0,0,0,9
2026-08-07,P12-L-WHITE,11,0,0,0,0,11
2026-08-07,P12-XL-RED,9,0,0,0,0,9
2026-08-07,P12-XL-BLUE,12,0,2,0,0,10
2026-08-07,P12-XL-WHITE,11,0,0,0,0,11
2026-08-07,P13-S-WINE,25,0,1,0,0,24
2026-08-07,P13-S-EMERALD,29,0,0,0,0,29
2026-08-07,P13-S-NAVY,23,0,0,0,0,23
2026-08-07,P13-M-WINE,30,0,0,0,0,30
2026-08-07,P13-M-EMERALD,24,0,1,0,0,23
2026-08-07,P13-M-NAVY,29,0,0,0,0,29
2026-08-07,P13-L-WINE,25,0,0,0,0,25
2026-08-07,P13-L-EMERALD,26,0,0,0,0,26
2026-08-07,P13-L-NAVY,23,0,0,0,0,23
2026-08-07,P13-XL-WINE,28,0,0,0,0,28
2026-08-07,P13-XL-EMERALD,27,0,0,0,0,27
2026-08-07,P13-XL-NAVY,28,0,0,0,0,28
2026-08-07,P14-XS-TEAL,15,0,0,0,0,15
2026-08-07,P14-XS-MUSTARD,13,0,0,0,0,13
2026-08-07,P14-XS-MAROON,12,0,0,0,0,12
2026-08-07,P14-S-TEAL,14,0,0,0,0,14
2026-08-07,P14-S-MUSTARD,15,0,0,0,0,15
2026-08-07,P14-S-MAROON,9,0,0,0,0,9
2026-08-07,P14-M-TEAL,7,0,0,0,0,7
2026-08-07,P14-M-MUSTARD,7,0,0,0,0,7
2026-08-07,P14-M-MAROON,12,0,0,0,0,12
2026-08-07,P14-L-TEAL,11,0,0,0,0,11
2026-08-07,P14-L-MUSTARD,9,0,0,0,0,9
2026-08-07,P14-L-MAROON,9,0,0,0,0,9
2026-08-07,P14-XL-TEAL,15,0,0,0,0,15
2026-08-07,P14-XL-MUSTARD,14,0,0,0,0,14
2026-08-07,P14-XL-MAROON,13,0,2,0,0,11
2026-08-07,P15-23Y-YELLOW,12,0,0,0,0,12
2026-08-07,P15-23Y-BLUE,10,0,0,0,0,10
2026-08-07,P15-23Y-RED,9,0,0,0,0,9
2026-08-07,P15-45Y-YELLOW,11,0,1,0,0,10
2026-08-07,P15-45Y-BLUE,15,0,0,0,0,15
2026-08-07,P15-45Y-RED,12,0,1,0,0,11
2026-08-07,P15-67Y-YELLOW,13,0,2,0,0,11
2026-08-07,P15-67Y-BLUE,15,0,0,0,0,15
2026-08-07,P15-67Y-RED,8,0,0,0,0,8
2026-08-07,P15-89Y-YELLOW,11,0,0,0,0,11
2026-08-07,P15-89Y-BLUE,14,0,1,0,0,13
2026-08-07,P15-89Y-RED,10,0,2,0,0,8
2026-08-07,P16-23Y-BLUE,13,0,0,0,0,13
2026-08-07,P16-23Y-BLACK,9,0,0,0,0,9
2026-08-07,P16-45Y-BLUE,10,0,0,0,0,10
2026-08-07,P16-45Y-BLACK,6,0,0,0,0,6
2026-08-07,P16-67Y-BLUE,7,0,0,0,0,7
2026-08-07,P16-67Y-BLACK,10,0,1,0,0,9
2026-08-07,P16-89Y-BLUE,12,0,0,0,0,12
2026-08-07,P16-89Y-BLACK,12,0,0,0,0,12
2026-08-07,P17-23Y-MAROON,12,0,0,0,0,12
2026-08-07,P17-23Y-MUSTARD,14,0,0,0,0,14
2026-08-07,P17-23Y-GREEN,10,0,0,0,0,10
2026-08-07,P17-45Y-MAROON,9,0,0,0,0,9
2026-08-07,P17-45Y-MUSTARD,13,0,0,0,0,13
2026-08-07,P17-45Y-GREEN,13,0,0,0,0,13
2026-08-07,P17-67Y-MAROON,4,0,0,0,0,4
2026-08-07,P17-67Y-MUSTARD,14,0,0,0,0,14
2026-08-07,P17-67Y-GREEN,9,0,0,0,0,9
2026-08-07,P17-89Y-MAROON,10,0,1,0,0,9
2026-08-07,P17-89Y-MUSTARD,9,0,0,0,0,9
2026-08-07,P17-89Y-GREEN,13,0,0,0,0,13
2026-08-07,P18-23Y-PINK,8,0,0,0,0,8
2026-08-07,P18-23Y-PEACH,8,0,0,0,0,8
2026-08-07,P18-23Y-MINT,11,0,0,0,0,11
2026-08-07,P18-45Y-PINK,10,0,0,0,0,10
2026-08-07,P18-45Y-PEACH,10,0,0,0,0,10
2026-08-07,P18-45Y-MINT,11,0,0,0,0,11
2026-08-07,P18-67Y-PINK,9,0,0,0,0,9
2026-08-07,P18-67Y-PEACH,14,0,0,0,0,14
2026-08-07,P18-67Y-MINT,13,0,0,0,0,13
2026-08-07,P18-89Y-PINK,13,0,0,0,0,13
2026-08-07,P18-89Y-PEACH,10,0,0,0,0,10
2026-08-07,P18-89Y-MINT,14,0,0,0,0,14
2026-08-07,P19-23Y-GREY,14,0,0,0,0,14
2026-08-07,P19-23Y-NAVY,13,0,0,0,0,13
2026-08-07,P19-23Y-BLACK,11,0,1,0,0,10
2026-08-07,P19-45Y-GREY,8,0,0,0,0,8
2026-08-07,P19-45Y-NAVY,11,0,0,0,0,11
2026-08-07,P19-45Y-BLACK,12,0,0,0,0,12
2026-08-07,P19-67Y-GREY,9,0,2,0,0,7
2026-08-07,P19-67Y-NAVY,8,0,0,0,0,8
2026-08-07,P19-67Y-BLACK,10,0,0,0,0,10
2026-08-07,P19-89Y-GREY,13,0,0,0,0,13
2026-08-07,P19-89Y-NAVY,8,0,0,0,0,8
2026-08-07,P19-89Y-BLACK,10,0,0,0,0,10
2026-08-07,P20-7-WHITE,14,0,0,0,0,14
2026-08-07,P20-7-BLACK,9,0,1,0,0,8
2026-08-07,P20-7-GREY,7,0,0,0,0,7
2026-08-07,P20-8-WHITE,10,0,1,0,0,9
2026-08-07,P20-8-BLACK,16,0,0,0,0,16
2026-08-07,P20-8-GREY,13,0,0,0,0,13
2026-08-07,P20-9-WHITE,8,0,0,0,0,8
2026-08-07,P20-9-BLACK,14,0,1,0,0,13
2026-08-07,P20-9-GREY,8,0,0,0,0,8
2026-08-07,P20-10-WHITE,14,0,2,0,0,12
2026-08-07,P20-10-BLACK,12,0,2,0,0,10
2026-08-07,P20-10-GREY,8,0,0,0,0,8
2026-08-07,P21-4-TAN,11,0,0,0,0,11
2026-08-07,P21-4-BLACK,8,0,0,0,0,8
2026-08-07,P21-4-GOLD,12,0,0,0,0,12
2026-08-07,P21-5-TAN,8,0,0,0,0,8
2026-08-07,P21-5-BLACK,10,0,0,0,0,10
2026-08-07,P21-5-GOLD,10,0,1,0,0,9
2026-08-07,P21-6-TAN,9,0,2,0,0,7
2026-08-07,P21-6-BLACK,10,0,0,0,0,10
2026-08-07,P21-6-GOLD,7,0,0,0,0,7
2026-08-07,P21-7-TAN,12,0,0,0,0,12
2026-08-07,P21-7-BLACK,8,0,1,0,0,7
2026-08-07,P21-7-GOLD,11,0,0,0,0,11
2026-08-07,P21-8-TAN,12,0,1,0,0,11
2026-08-07,P21-8-BLACK,10,0,0,0,0,10
2026-08-07,P21-8-GOLD,15,0,0,0,0,15
2026-08-07,P22-10C-BLUE,12,0,0,0,0,12
2026-08-07,P22-10C-PINK,11,0,0,0,0,11
2026-08-07,P22-10C-BLACK,10,0,0,0,0,10
2026-08-07,P22-11C-BLUE,10,0,0,0,0,10
2026-08-07,P22-11C-PINK,13,0,3,0,0,10
2026-08-07,P22-11C-BLACK,9,0,0,0,0,9
2026-08-07,P22-12C-BLUE,15,0,0,0,0,15
2026-08-07,P22-12C-PINK,9,0,1,0,0,8
2026-08-07,P22-12C-BLACK,10,0,0,0,0,10
2026-08-07,P22-13C-BLUE,8,0,0,0,0,8
2026-08-07,P22-13C-PINK,12,0,0,0,0,12
2026-08-07,P22-13C-BLACK,8,0,0,0,0,8
2026-08-07,P22-1Y-BLUE,9,0,0,0,0,9
2026-08-07,P22-1Y-PINK,13,0,0,0,0,13
2026-08-07,P22-1Y-BLACK,12,0,0,0,0,12
2026-08-07,P23-7-BLACK,8,0,0,0,0,8
2026-08-07,P23-7-NAVY,4,17,0,0,0,21
2026-08-07,P23-7-GREY,13,0,0,0,0,13
2026-08-07,P23-8-BLACK,9,0,0,0,0,9
2026-08-07,P23-8-NAVY,7,0,0,0,0,7
2026-08-07,P23-8-GREY,8,0,1,0,0,7
2026-08-07,P23-9-BLACK,9,0,2,0,0,7
2026-08-07,P23-9-NAVY,10,0,0,0,0,10
2026-08-07,P23-9-GREY,17,0,0,0,0,17
2026-08-07,P23-10-BLACK,5,0,1,0,0,4
2026-08-07,P23-10-NAVY,11,0,0,0,0,11
2026-08-07,P23-10-GREY,11,0,0,0,0,11
2026-08-07,P24-ONESIZE-BLACK,12,0,0,0,0,12
2026-08-07,P24-ONESIZE-TAN,14,0,0,0,0,14
2026-08-07,P24-ONESIZE-MAROON,14,0,1,0,0,13
2026-08-07,P25-ONESIZE-BLACK,11,0,0,0,0,11
2026-08-07,P25-ONESIZE-PINK,11,0,3,0,0,8
2026-08-07,P25-ONESIZE-BEIGE,11,0,2,0,0,9
2026-08-07,P26-32-BLACK,14,0,0,0,0,14
2026-08-07,P26-32-BROWN,14,0,0,0,0,14
2026-08-07,P26-34-BLACK,11,0,0,0,0,11
2026-08-07,P26-34-BROWN,13,0,0,0,0,13
2026-08-07,P26-36-BLACK,11,0,0,0,0,11
2026-08-07,P26-36-BROWN,14,0,0,0,0,14
2026-08-07,P26-38-BLACK,11,0,0,0,0,11
2026-08-07,P26-38-BROWN,13,0,2,0,0,11
2026-08-07,P27-ONESIZE-BLACK,6,0,0,0,0,6
2026-08-07,P27-ONESIZE-BROWN,10,0,0,0,0,10
2026-08-07,P27-ONESIZE-TAN,9,0,0,0,0,9
2026-08-07,P28-ONESIZE-MULTICOL,12,0,0,0,0,12
2026-08-07,P28-ONESIZE-PINK,10,0,0,0,0,10
2026-08-07,P28-ONESIZE-BLACK,9,0,0,0,0,9
2026-08-07,P29-ONESIZE-BLACK,13,0,0,0,0,13
2026-08-07,P29-ONESIZE-NAVY,12,0,0,0,0,12
2026-08-07,P29-ONESIZE-BEIGE,9,0,1,0,0,8
2026-08-07,P30-ONESIZE-FLORAL,25,0,0,0,0,25
2026-08-07,P30-ONESIZE-MAROON,25,0,2,0,0,23
2026-08-07,P30-ONESIZE-TEAL,23,0,0,0,0,23
2026-08-07,P31-ONESIZE-RED,12,0,0,0,0,12
2026-08-07,P31-ONESIZE-MUSTARD,9,0,0,0,0,9
2026-08-07,P31-ONESIZE-GREEN,13,0,0,0,0,13
2026-08-07,P32-4-BLACK,12,0,1,0,0,11
2026-08-07,P32-4-BEIGE,8,0,0,0,0,8
2026-08-07,P32-4-SILVER,11,0,0,0,0,11
2026-08-07,P32-5-BLACK,12,0,0,0,0,12
2026-08-07,P32-5-BEIGE,13,0,0,0,0,13
2026-08-07,P32-5-SILVER,10,0,0,0,0,10
2026-08-07,P32-6-BLACK,8,0,1,0,0,7
2026-08-07,P32-6-BEIGE,15,0,0,0,0,15
2026-08-07,P32-6-SILVER,12,0,0,0,0,12
2026-08-07,P32-7-BLACK,6,0,0,0,0,6
2026-08-07,P32-7-BEIGE,13,0,0,0,0,13
2026-08-07,P32-7-SILVER,7,0,1,0,0,6
2026-08-07,P32-8-BLACK,9,0,0,0,0,9
2026-08-07,P32-8-BEIGE,8,0,0,0,0,8
2026-08-07,P32-8-SILVER,8,0,0,0,0,8
2026-08-08,P01-S-WHITE,13,0,1,0,0,12
2026-08-08,P01-S-BLACK,9,0,0,0,0,9
2026-08-08,P01-S-NAVY,18,0,1,0,0,17
2026-08-08,P01-S-OLIVE,14,0,1,0,0,13
2026-08-08,P01-M-WHITE,10,0,0,0,0,10
2026-08-08,P01-M-BLACK,5,0,2,0,0,3
2026-08-08,P01-M-NAVY,10,0,3,0,0,7
2026-08-08,P01-M-OLIVE,11,0,3,0,0,8
2026-08-08,P01-L-WHITE,16,0,1,0,0,15
2026-08-08,P01-L-BLACK,11,0,2,0,0,9
2026-08-08,P01-L-NAVY,11,0,0,0,0,11
2026-08-08,P01-L-OLIVE,14,0,2,0,0,12
2026-08-08,P01-XL-WHITE,15,0,1,0,0,14
2026-08-08,P01-XL-BLACK,17,0,2,0,0,15
2026-08-08,P01-XL-NAVY,18,0,1,0,0,17
2026-08-08,P01-XL-OLIVE,12,0,1,0,0,11
2026-08-08,P02-S-NAVY,8,0,0,0,0,8
2026-08-08,P02-S-MAROON,10,0,0,0,0,10
2026-08-08,P02-S-GREY,17,0,0,0,0,17
2026-08-08,P02-M-NAVY,16,0,3,0,0,13
2026-08-08,P02-M-MAROON,9,0,1,0,0,8
2026-08-08,P02-M-GREY,7,0,0,0,0,7
2026-08-08,P02-L-NAVY,12,0,0,0,0,12
2026-08-08,P02-L-MAROON,13,0,1,0,0,12
2026-08-08,P02-L-GREY,4,0,0,0,0,4
2026-08-08,P02-XL-NAVY,12,0,1,0,0,11
2026-08-08,P02-XL-MAROON,5,0,1,0,0,4
2026-08-08,P02-XL-GREY,12,0,0,0,0,12
2026-08-08,P03-30-NAVY,12,0,0,0,0,12
2026-08-08,P03-30-BLACK,12,0,0,0,0,12
2026-08-08,P03-30-LIGHTBLU,15,0,1,0,0,14
2026-08-08,P03-32-NAVY,14,0,1,0,0,13
2026-08-08,P03-32-BLACK,9,0,1,0,0,8
2026-08-08,P03-32-LIGHTBLU,13,0,0,0,0,13
2026-08-08,P03-34-NAVY,10,0,0,0,0,10
2026-08-08,P03-34-BLACK,9,0,1,0,0,8
2026-08-08,P03-34-LIGHTBLU,7,0,2,0,0,5
2026-08-08,P03-36-NAVY,31,0,0,0,0,31
2026-08-08,P03-36-BLACK,28,0,0,0,0,28
2026-08-08,P03-36-LIGHTBLU,30,0,0,0,0,30
2026-08-08,P04-30-BEIGE,7,0,0,0,0,7
2026-08-08,P04-30-OLIVE,10,0,1,0,0,9
2026-08-08,P04-30-NAVY,13,0,0,0,0,13
2026-08-08,P04-32-BEIGE,9,0,1,0,0,8
2026-08-08,P04-32-OLIVE,14,0,0,0,0,14
2026-08-08,P04-32-NAVY,11,0,1,0,0,10
2026-08-08,P04-34-BEIGE,13,0,1,0,0,12
2026-08-08,P04-34-OLIVE,9,0,0,0,0,9
2026-08-08,P04-34-NAVY,10,0,0,0,0,10
2026-08-08,P04-36-BEIGE,10,0,1,0,0,9
2026-08-08,P04-36-OLIVE,10,0,1,0,0,9
2026-08-08,P04-36-NAVY,9,0,2,0,0,7
2026-08-08,P05-S-WHITE,10,0,0,0,0,10
2026-08-08,P05-S-BLUE,16,0,0,0,0,16
2026-08-08,P05-S-GREY,14,0,0,0,0,14
2026-08-08,P05-M-WHITE,9,0,1,0,0,8
2026-08-08,P05-M-BLUE,4,11,1,0,0,14
2026-08-08,P05-M-GREY,4,17,1,0,0,20
2026-08-08,P05-L-WHITE,11,0,0,0,0,11
2026-08-08,P05-L-BLUE,8,0,2,0,0,6
2026-08-08,P05-L-GREY,7,0,1,0,0,6
2026-08-08,P05-XL-WHITE,13,0,1,0,0,12
2026-08-08,P05-XL-BLUE,13,0,0,0,0,13
2026-08-08,P05-XL-GREY,13,0,0,0,0,13
2026-08-08,P06-S-BLACK,10,0,3,0,0,7
2026-08-08,P06-S-WHITE,18,0,2,0,0,16
2026-08-08,P06-S-RED,12,0,0,0,0,12
2026-08-08,P06-M-BLACK,7,0,1,0,0,6
2026-08-08,P06-M-WHITE,9,0,1,0,0,8
2026-08-08,P06-M-RED,7,0,2,0,0,5
2026-08-08,P06-L-BLACK,7,0,0,0,0,7
2026-08-08,P06-L-WHITE,11,0,1,0,0,10
2026-08-08,P06-L-RED,9,0,1,0,0,8
2026-08-08,P06-XL-BLACK,8,0,1,0,0,7
2026-08-08,P06-XL-WHITE,13,0,0,0,0,13
2026-08-08,P06-XL-RED,13,0,3,0,0,10
2026-08-08,P07-XS-MUSTARD,19,0,0,0,0,19
2026-08-08,P07-XS-TEAL,14,0,1,0,0,13
2026-08-08,P07-XS-MAROON,16,0,3,0,0,13
2026-08-08,P07-S-MUSTARD,10,0,3,0,0,7
2026-08-08,P07-S-TEAL,12,0,0,0,0,12
2026-08-08,P07-S-MAROON,12,0,0,0,0,12
2026-08-08,P07-M-MUSTARD,4,0,3,0,0,1
2026-08-08,P07-M-TEAL,0,0,0,0,0,0
2026-08-08,P07-M-MAROON,7,0,1,0,0,6
2026-08-08,P07-L-MUSTARD,8,0,3,0,0,5
2026-08-08,P07-L-TEAL,15,0,5,0,0,10
2026-08-08,P07-L-MAROON,8,0,2,0,0,6
2026-08-08,P07-XL-MUSTARD,20,0,1,0,0,19
2026-08-08,P07-XL-TEAL,13,0,0,0,0,13
2026-08-08,P07-XL-MAROON,14,0,1,0,0,13
2026-08-08,P08-XS-PINK,13,0,0,0,0,13
2026-08-08,P08-XS-BLUE,16,0,0,0,0,16
2026-08-08,P08-XS-GREEN,11,0,0,0,0,11
2026-08-08,P08-S-PINK,13,0,0,0,0,13
2026-08-08,P08-S-BLUE,14,0,1,0,0,13
2026-08-08,P08-S-GREEN,10,0,0,0,0,10
2026-08-08,P08-M-PINK,10,0,1,0,0,9
2026-08-08,P08-M-BLUE,13,0,1,0,0,12
2026-08-08,P08-M-GREEN,10,0,1,0,0,9
2026-08-08,P08-L-PINK,9,0,0,0,0,9
2026-08-08,P08-L-BLUE,11,0,0,0,0,11
2026-08-08,P08-L-GREEN,11,0,1,0,0,10
2026-08-08,P08-XL-PINK,16,0,5,0,0,11
2026-08-08,P08-XL-BLUE,16,0,1,0,0,15
2026-08-08,P08-XL-GREEN,12,0,2,0,0,10
2026-08-08,P09-XS-BLACK,12,0,0,0,0,12
2026-08-08,P09-XS-BEIGE,13,0,1,0,0,12
2026-08-08,P09-XS-NAVY,14,0,0,0,0,14
2026-08-08,P09-S-BLACK,16,0,0,0,0,16
2026-08-08,P09-S-BEIGE,12,0,0,0,0,12
2026-08-08,P09-S-NAVY,14,0,0,0,0,14
2026-08-08,P09-M-BLACK,6,0,0,0,0,6
2026-08-08,P09-M-BEIGE,6,0,2,0,0,4
2026-08-08,P09-M-NAVY,15,0,2,0,0,13
2026-08-08,P09-L-BLACK,11,0,1,0,0,10
2026-08-08,P09-L-BEIGE,9,0,0,0,0,9
2026-08-08,P09-L-NAVY,13,0,0,0,0,13
2026-08-08,P09-XL-BLACK,10,0,0,0,0,10
2026-08-08,P09-XL-BEIGE,14,0,1,0,0,13
2026-08-08,P09-XL-NAVY,11,0,0,0,0,11
2026-08-08,P10-XS-INDIGO,15,0,1,0,0,14
2026-08-08,P10-XS-BLACK,11,0,0,0,0,11
2026-08-08,P10-S-INDIGO,7,0,0,0,0,7
2026-08-08,P10-S-BLACK,11,0,0,0,0,11
2026-08-08,P10-M-INDIGO,6,0,0,0,0,6
2026-08-08,P10-M-BLACK,12,0,4,0,0,8
2026-08-08,P10-L-INDIGO,6,0,0,0,0,6
2026-08-08,P10-L-BLACK,10,0,3,0,0,7
2026-08-08,P10-XL-INDIGO,12,0,0,0,0,12
2026-08-08,P10-XL-BLACK,12,0,0,0,0,12
2026-08-08,P11-XS-WHITE,16,0,0,0,0,16
2026-08-08,P11-XS-LAVENDER,18,0,1,0,0,17
2026-08-08,P11-XS-BLACK,12,0,1,0,0,11
2026-08-08,P11-S-WHITE,15,0,0,0,0,15
2026-08-08,P11-S-LAVENDER,15,0,0,0,0,15
2026-08-08,P11-S-BLACK,9,0,1,0,0,8
2026-08-08,P11-M-WHITE,8,0,0,0,0,8
2026-08-08,P11-M-LAVENDER,12,0,0,0,0,12
2026-08-08,P11-M-BLACK,7,0,2,0,0,5
2026-08-08,P11-L-WHITE,16,0,2,0,0,14
2026-08-08,P11-L-LAVENDER,3,19,1,0,0,21
2026-08-08,P11-L-BLACK,8,0,1,0,0,7
2026-08-08,P12-XS-RED,15,0,0,0,0,15
2026-08-08,P12-XS-BLUE,14,0,0,0,0,14
2026-08-08,P12-XS-WHITE,13,0,0,0,0,13
2026-08-08,P12-S-RED,16,0,0,0,0,16
2026-08-08,P12-S-BLUE,10,0,3,0,0,7
2026-08-08,P12-S-WHITE,12,0,0,0,0,12
2026-08-08,P12-M-RED,6,0,3,0,0,3
2026-08-08,P12-M-BLUE,10,0,0,0,0,10
2026-08-08,P12-M-WHITE,5,0,3,0,0,2
2026-08-08,P12-L-RED,12,0,0,0,0,12
2026-08-08,P12-L-BLUE,9,0,2,0,0,7
2026-08-08,P12-L-WHITE,11,0,0,0,0,11
2026-08-08,P12-XL-RED,9,0,0,0,0,9
2026-08-08,P12-XL-BLUE,10,0,1,0,0,9
2026-08-08,P12-XL-WHITE,11,0,0,0,0,11
2026-08-08,P13-S-WINE,24,0,0,0,0,24
2026-08-08,P13-S-EMERALD,29,0,0,0,0,29
2026-08-08,P13-S-NAVY,23,0,0,0,0,23
2026-08-08,P13-M-WINE,30,0,0,0,0,30
2026-08-08,P13-M-EMERALD,23,0,0,0,0,23
2026-08-08,P13-M-NAVY,29,0,0,0,0,29
2026-08-08,P13-L-WINE,25,0,0,0,0,25
2026-08-08,P13-L-EMERALD,26,0,0,0,0,26
2026-08-08,P13-L-NAVY,23,0,0,0,0,23
2026-08-08,P13-XL-WINE,28,0,0,0,0,28
2026-08-08,P13-XL-EMERALD,27,0,0,0,0,27
2026-08-08,P13-XL-NAVY,28,0,0,0,0,28
2026-08-08,P14-XS-TEAL,15,0,0,0,0,15
2026-08-08,P14-XS-MUSTARD,13,0,0,0,0,13
2026-08-08,P14-XS-MAROON,12,0,0,0,0,12
2026-08-08,P14-S-TEAL,14,0,0,0,0,14
2026-08-08,P14-S-MUSTARD,15,0,0,0,0,15
2026-08-08,P14-S-MAROON,9,0,0,0,0,9
2026-08-08,P14-M-TEAL,7,0,1,0,0,6
2026-08-08,P14-M-MUSTARD,7,0,0,0,0,7
2026-08-08,P14-M-MAROON,12,0,0,0,0,12
2026-08-08,P14-L-TEAL,11,0,1,0,0,10
2026-08-08,P14-L-MUSTARD,9,0,3,0,0,6
2026-08-08,P14-L-MAROON,9,0,0,0,0,9
2026-08-08,P14-XL-TEAL,15,0,0,0,0,15
2026-08-08,P14-XL-MUSTARD,14,0,0,0,0,14
2026-08-08,P14-XL-MAROON,11,0,0,0,0,11
2026-08-08,P15-23Y-YELLOW,12,0,1,0,0,11
2026-08-08,P15-23Y-BLUE,10,0,0,0,0,10
2026-08-08,P15-23Y-RED,9,0,3,0,0,6
2026-08-08,P15-45Y-YELLOW,10,0,0,0,0,10
2026-08-08,P15-45Y-BLUE,15,0,3,0,0,12
2026-08-08,P15-45Y-RED,11,0,1,0,0,10
2026-08-08,P15-67Y-YELLOW,11,0,1,0,0,10
2026-08-08,P15-67Y-BLUE,15,0,3,0,0,12
2026-08-08,P15-67Y-RED,8,0,0,0,0,8
2026-08-08,P15-89Y-YELLOW,11,0,1,0,0,10
2026-08-08,P15-89Y-BLUE,13,0,0,0,0,13
2026-08-08,P15-89Y-RED,8,0,0,0,0,8
2026-08-08,P16-23Y-BLUE,13,0,0,0,0,13
2026-08-08,P16-23Y-BLACK,9,0,0,0,0,9
2026-08-08,P16-45Y-BLUE,10,0,1,0,0,9
2026-08-08,P16-45Y-BLACK,6,0,1,0,0,5
2026-08-08,P16-67Y-BLUE,7,0,0,0,0,7
2026-08-08,P16-67Y-BLACK,9,0,1,0,0,8
2026-08-08,P16-89Y-BLUE,12,0,1,0,0,11
2026-08-08,P16-89Y-BLACK,12,0,0,0,0,12
2026-08-08,P17-23Y-MAROON,12,0,0,0,0,12
2026-08-08,P17-23Y-MUSTARD,14,0,0,0,0,14
2026-08-08,P17-23Y-GREEN,10,0,0,0,0,10
2026-08-08,P17-45Y-MAROON,9,0,1,0,0,8
2026-08-08,P17-45Y-MUSTARD,13,0,0,0,0,13
2026-08-08,P17-45Y-GREEN,13,0,1,0,0,12
2026-08-08,P17-67Y-MAROON,4,15,0,0,0,19
2026-08-08,P17-67Y-MUSTARD,14,0,1,0,0,13
2026-08-08,P17-67Y-GREEN,9,0,0,0,0,9
2026-08-08,P17-89Y-MAROON,9,0,0,0,0,9
2026-08-08,P17-89Y-MUSTARD,9,0,0,0,0,9
2026-08-08,P17-89Y-GREEN,13,0,0,0,0,13
2026-08-08,P18-23Y-PINK,8,0,0,0,0,8
2026-08-08,P18-23Y-PEACH,8,0,0,0,0,8
2026-08-08,P18-23Y-MINT,11,0,0,0,0,11
2026-08-08,P18-45Y-PINK,10,0,1,0,0,9
2026-08-08,P18-45Y-PEACH,10,0,0,0,0,10
2026-08-08,P18-45Y-MINT,11,0,1,0,0,10
2026-08-08,P18-67Y-PINK,9,0,0,0,0,9
2026-08-08,P18-67Y-PEACH,14,0,0,0,0,14
2026-08-08,P18-67Y-MINT,13,0,0,0,0,13
2026-08-08,P18-89Y-PINK,13,0,0,0,0,13
2026-08-08,P18-89Y-PEACH,10,0,0,0,0,10
2026-08-08,P18-89Y-MINT,14,0,0,0,0,14
2026-08-08,P19-23Y-GREY,14,0,0,0,0,14
2026-08-08,P19-23Y-NAVY,13,0,0,0,0,13
2026-08-08,P19-23Y-BLACK,10,0,1,0,0,9
2026-08-08,P19-45Y-GREY,8,0,2,0,0,6
2026-08-08,P19-45Y-NAVY,11,0,3,0,0,8
2026-08-08,P19-45Y-BLACK,12,0,0,0,0,12
2026-08-08,P19-67Y-GREY,7,0,0,0,0,7
2026-08-08,P19-67Y-NAVY,8,0,0,0,0,8
2026-08-08,P19-67Y-BLACK,10,0,1,0,0,9
2026-08-08,P19-89Y-GREY,13,0,0,0,0,13
2026-08-08,P19-89Y-NAVY,8,0,0,0,0,8
2026-08-08,P19-89Y-BLACK,10,0,0,0,0,10
2026-08-08,P20-7-WHITE,14,0,0,0,0,14
2026-08-08,P20-7-BLACK,8,0,0,0,0,8
2026-08-08,P20-7-GREY,7,0,1,0,0,6
2026-08-08,P20-8-WHITE,9,0,1,0,0,8
2026-08-08,P20-8-BLACK,16,0,0,0,0,16
2026-08-08,P20-8-GREY,13,0,0,0,0,13
2026-08-08,P20-9-WHITE,8,0,0,0,0,8
2026-08-08,P20-9-BLACK,13,0,1,0,0,12
2026-08-08,P20-9-GREY,8,0,0,0,0,8
2026-08-08,P20-10-WHITE,12,0,0,0,0,12
2026-08-08,P20-10-BLACK,10,0,1,0,0,9
2026-08-08,P20-10-GREY,8,0,0,0,0,8
2026-08-08,P21-4-TAN,11,0,0,0,0,11
2026-08-08,P21-4-BLACK,8,0,1,0,0,7
2026-08-08,P21-4-GOLD,12,0,0,0,0,12
2026-08-08,P21-5-TAN,8,0,1,0,0,7
2026-08-08,P21-5-BLACK,10,0,0,0,0,10
2026-08-08,P21-5-GOLD,9,0,2,0,0,7
2026-08-08,P21-6-TAN,7,0,0,0,0,7
2026-08-08,P21-6-BLACK,10,0,1,0,0,9
2026-08-08,P21-6-GOLD,7,0,1,0,0,6
2026-08-08,P21-7-TAN,12,0,1,0,0,11
2026-08-08,P21-7-BLACK,7,0,1,0,0,6
2026-08-08,P21-7-GOLD,11,0,0,0,0,11
2026-08-08,P21-8-TAN,11,0,1,0,0,10
2026-08-08,P21-8-BLACK,10,0,0,0,0,10
2026-08-08,P21-8-GOLD,15,0,1,0,0,14
2026-08-08,P22-10C-BLUE,12,0,0,0,0,12
2026-08-08,P22-10C-PINK,11,0,1,0,0,10
2026-08-08,P22-10C-BLACK,10,0,1,0,0,9
2026-08-08,P22-11C-BLUE,10,0,0,0,0,10
2026-08-08,P22-11C-PINK,10,0,1,0,0,9
2026-08-08,P22-11C-BLACK,9,0,2,0,0,7
2026-08-08,P22-12C-BLUE,15,0,2,0,0,13
2026-08-08,P22-12C-PINK,8,0,0,0,0,8
2026-08-08,P22-12C-BLACK,10,0,0,0,0,10
2026-08-08,P22-13C-BLUE,8,0,0,0,0,8
2026-08-08,P22-13C-PINK,12,0,1,0,0,11
2026-08-08,P22-13C-BLACK,8,0,1,0,0,7
2026-08-08,P22-1Y-BLUE,9,0,0,0,0,9
2026-08-08,P22-1Y-PINK,13,0,0,0,0,13
2026-08-08,P22-1Y-BLACK,12,0,0,0,0,12
2026-08-08,P23-7-BLACK,8,0,0,0,0,8
2026-08-08,P23-7-NAVY,21,0,0,0,0,21
2026-08-08,P23-7-GREY,13,0,3,0,0,10
2026-08-08,P23-8-BLACK,9,0,2,0,0,7
2026-08-08,P23-8-NAVY,7,0,0,0,0,7
2026-08-08,P23-8-GREY,7,0,0,0,0,7
2026-08-08,P23-9-BLACK,7,0,0,0,0,7
2026-08-08,P23-9-NAVY,10,0,0,0,0,10
2026-08-08,P23-9-GREY,17,0,0,0,0,17
2026-08-08,P23-10-BLACK,4,0,0,0,0,4
2026-08-08,P23-10-NAVY,11,0,1,0,0,10
2026-08-08,P23-10-GREY,11,0,0,0,0,11
2026-08-08,P24-ONESIZE-BLACK,12,0,0,0,0,12
2026-08-08,P24-ONESIZE-TAN,14,0,0,0,0,14
2026-08-08,P24-ONESIZE-MAROON,13,0,1,0,0,12
2026-08-08,P25-ONESIZE-BLACK,11,0,0,0,0,11
2026-08-08,P25-ONESIZE-PINK,8,0,0,0,0,8
2026-08-08,P25-ONESIZE-BEIGE,9,0,1,0,0,8
2026-08-08,P26-32-BLACK,14,0,1,0,0,13
2026-08-08,P26-32-BROWN,14,0,0,0,0,14
2026-08-08,P26-34-BLACK,11,0,0,0,0,11
2026-08-08,P26-34-BROWN,13,0,0,0,0,13
2026-08-08,P26-36-BLACK,11,0,0,0,0,11
2026-08-08,P26-36-BROWN,14,0,1,0,0,13
2026-08-08,P26-38-BLACK,11,0,3,0,0,8
2026-08-08,P26-38-BROWN,11,0,1,0,0,10
2026-08-08,P27-ONESIZE-BLACK,6,0,0,0,0,6
2026-08-08,P27-ONESIZE-BROWN,10,0,0,0,0,10
2026-08-08,P27-ONESIZE-TAN,9,0,0,0,0,9
2026-08-08,P28-ONESIZE-MULTICOL,12,0,1,0,0,11
2026-08-08,P28-ONESIZE-PINK,10,0,0,0,0,10
2026-08-08,P28-ONESIZE-BLACK,9,0,0,0,0,9
2026-08-08,P29-ONESIZE-BLACK,13,0,0,0,0,13
2026-08-08,P29-ONESIZE-NAVY,12,0,0,0,0,12
2026-08-08,P29-ONESIZE-BEIGE,8,0,0,0,0,8
2026-08-08,P30-ONESIZE-FLORAL,25,0,2,0,0,23
2026-08-08,P30-ONESIZE-MAROON,23,0,0,0,0,23
2026-08-08,P30-ONESIZE-TEAL,23,0,0,0,0,23
2026-08-08,P31-ONESIZE-RED,12,0,0,0,0,12
2026-08-08,P31-ONESIZE-MUSTARD,9,0,0,0,0,9
2026-08-08,P31-ONESIZE-GREEN,13,0,0,0,0,13
2026-08-08,P32-4-BLACK,11,0,1,0,0,10
2026-08-08,P32-4-BEIGE,8,0,0,0,0,8
2026-08-08,P32-4-SILVER,11,0,0,0,0,11
2026-08-08,P32-5-BLACK,12,0,2,0,0,10
2026-08-08,P32-5-BEIGE,13,0,0,0,0,13
2026-08-08,P32-5-SILVER,10,0,1,0,0,9
2026-08-08,P32-6-BLACK,7,0,0,0,0,7
2026-08-08,P32-6-BEIGE,15,0,0,0,0,15
2026-08-08,P32-6-SILVER,12,0,0,0,0,12
2026-08-08,P32-7-BLACK,6,0,1,0,0,5
2026-08-08,P32-7-BEIGE,13,0,1,0,0,12
2026-08-08,P32-7-SILVER,6,0,1,0,0,5
2026-08-08,P32-8-BLACK,9,0,0,0,0,9
2026-08-08,P32-8-BEIGE,8,0,0,0,0,8
2026-08-08,P32-8-SILVER,8,0,3,0,0,5
2026-08-09,P01-S-WHITE,12,0,0,0,0,12
2026-08-09,P01-S-BLACK,9,0,0,0,0,9
2026-08-09,P01-S-NAVY,17,0,0,0,0,17
2026-08-09,P01-S-OLIVE,13,0,2,0,0,11
2026-08-09,P01-M-WHITE,10,0,3,0,0,7
2026-08-09,P01-M-BLACK,3,0,3,0,0,0
2026-08-09,P01-M-NAVY,7,0,2,0,0,5
2026-08-09,P01-M-OLIVE,8,0,6,0,0,2
2026-08-09,P01-L-WHITE,15,0,1,0,0,14
2026-08-09,P01-L-BLACK,9,0,1,0,0,8
2026-08-09,P01-L-NAVY,11,0,2,0,0,9
2026-08-09,P01-L-OLIVE,12,0,2,0,0,10
2026-08-09,P01-XL-WHITE,14,0,3,0,0,11
2026-08-09,P01-XL-BLACK,15,0,3,0,0,12
2026-08-09,P01-XL-NAVY,17,0,1,0,0,16
2026-08-09,P01-XL-OLIVE,11,0,1,0,0,10
2026-08-09,P02-S-NAVY,8,0,0,0,0,8
2026-08-09,P02-S-MAROON,10,0,1,0,0,9
2026-08-09,P02-S-GREY,17,0,0,0,0,17
2026-08-09,P02-M-NAVY,13,0,3,0,0,10
2026-08-09,P02-M-MAROON,8,0,0,0,0,8
2026-08-09,P02-M-GREY,7,0,1,0,0,6
2026-08-09,P02-L-NAVY,12,0,0,0,0,12
2026-08-09,P02-L-MAROON,12,0,0,0,0,12
2026-08-09,P02-L-GREY,4,0,0,0,0,4
2026-08-09,P02-XL-NAVY,11,0,0,0,0,11
2026-08-09,P02-XL-MAROON,4,17,2,0,0,19
2026-08-09,P02-XL-GREY,12,0,0,0,0,12
2026-08-09,P03-30-NAVY,12,0,2,0,0,10
2026-08-09,P03-30-BLACK,12,0,2,0,0,10
2026-08-09,P03-30-LIGHTBLU,14,0,0,0,0,14
2026-08-09,P03-32-NAVY,13,0,1,0,0,12
2026-08-09,P03-32-BLACK,8,0,0,0,0,8
2026-08-09,P03-32-LIGHTBLU,13,0,1,0,0,12
2026-08-09,P03-34-NAVY,10,0,2,0,0,8
2026-08-09,P03-34-BLACK,8,0,1,0,0,7
2026-08-09,P03-34-LIGHTBLU,5,0,1,0,0,4
2026-08-09,P03-36-NAVY,31,0,0,0,0,31
2026-08-09,P03-36-BLACK,28,0,0,0,0,28
2026-08-09,P03-36-LIGHTBLU,30,0,0,0,0,30
2026-08-09,P04-30-BEIGE,7,0,0,0,0,7
2026-08-09,P04-30-OLIVE,9,0,0,0,0,9
2026-08-09,P04-30-NAVY,13,0,1,0,0,12
2026-08-09,P04-32-BEIGE,8,0,0,0,0,8
2026-08-09,P04-32-OLIVE,14,0,1,0,0,13
2026-08-09,P04-32-NAVY,10,0,0,0,0,10
2026-08-09,P04-34-BEIGE,12,0,1,0,0,11
2026-08-09,P04-34-OLIVE,9,0,0,0,0,9
2026-08-09,P04-34-NAVY,10,0,0,0,0,10
2026-08-09,P04-36-BEIGE,9,0,0,0,0,9
2026-08-09,P04-36-OLIVE,9,0,0,0,0,9
2026-08-09,P04-36-NAVY,7,0,1,0,0,6
2026-08-09,P05-S-WHITE,10,0,0,0,0,10
2026-08-09,P05-S-BLUE,16,0,0,0,0,16
2026-08-09,P05-S-GREY,14,0,0,0,0,14
2026-08-09,P05-M-WHITE,8,0,2,0,0,6
2026-08-09,P05-M-BLUE,14,0,0,0,0,14
2026-08-09,P05-M-GREY,20,0,1,0,0,19
2026-08-09,P05-L-WHITE,11,0,0,0,0,11
2026-08-09,P05-L-BLUE,6,0,0,0,0,6
2026-08-09,P05-L-GREY,6,0,0,0,0,6
2026-08-09,P05-XL-WHITE,12,0,0,0,0,12
2026-08-09,P05-XL-BLUE,13,0,1,0,0,12
2026-08-09,P05-XL-GREY,13,0,0,0,0,13
2026-08-09,P06-S-BLACK,7,0,1,0,0,6
2026-08-09,P06-S-WHITE,16,0,1,0,0,15
2026-08-09,P06-S-RED,12,0,0,0,0,12
2026-08-09,P06-M-BLACK,6,0,1,0,0,5
2026-08-09,P06-M-WHITE,8,0,3,0,0,5
2026-08-09,P06-M-RED,5,0,2,0,0,3
2026-08-09,P06-L-BLACK,7,0,0,0,0,7
2026-08-09,P06-L-WHITE,10,0,3,0,0,7
2026-08-09,P06-L-RED,8,0,2,0,0,6
2026-08-09,P06-XL-BLACK,7,0,1,0,0,6
2026-08-09,P06-XL-WHITE,13,0,0,0,0,13
2026-08-09,P06-XL-RED,10,0,0,0,0,10
2026-08-09,P07-XS-MUSTARD,19,0,0,0,0,19
2026-08-09,P07-XS-TEAL,13,0,0,0,0,13
2026-08-09,P07-XS-MAROON,13,0,0,0,0,13
2026-08-09,P07-S-MUSTARD,7,0,0,0,0,7
2026-08-09,P07-S-TEAL,12,0,0,0,0,12
2026-08-09,P07-S-MAROON,12,0,0,0,0,12
2026-08-09,P07-M-MUSTARD,1,0,0,0,0,1
2026-08-09,P07-M-TEAL,0,5,2,0,0,3
2026-08-09,P07-M-MAROON,6,0,0,0,0,6
2026-08-09,P07-L-MUSTARD,5,0,1,0,0,4
2026-08-09,P07-L-TEAL,10,0,1,0,0,9
2026-08-09,P07-L-MAROON,6,0,0,0,0,6
2026-08-09,P07-XL-MUSTARD,19,0,0,0,0,19
2026-08-09,P07-XL-TEAL,13,0,0,0,0,13
2026-08-09,P07-XL-MAROON,13,0,1,0,0,12
2026-08-09,P08-XS-PINK,13,0,2,0,0,11
2026-08-09,P08-XS-BLUE,16,0,0,0,0,16
2026-08-09,P08-XS-GREEN,11,0,0,0,0,11
2026-08-09,P08-S-PINK,13,0,1,0,0,12
2026-08-09,P08-S-BLUE,13,0,0,0,0,13
2026-08-09,P08-S-GREEN,10,0,0,0,0,10
2026-08-09,P08-M-PINK,9,0,1,0,0,8
2026-08-09,P08-M-BLUE,12,0,1,0,0,11
2026-08-09,P08-M-GREEN,9,0,1,0,0,8
2026-08-09,P08-L-PINK,9,0,0,0,0,9
2026-08-09,P08-L-BLUE,11,0,0,0,0,11
2026-08-09,P08-L-GREEN,10,0,1,0,0,9
2026-08-09,P08-XL-PINK,11,0,0,0,0,11
2026-08-09,P08-XL-BLUE,15,0,0,0,0,15
2026-08-09,P08-XL-GREEN,10,0,0,0,0,10
2026-08-09,P09-XS-BLACK,12,0,0,0,0,12
2026-08-09,P09-XS-BEIGE,12,0,0,0,0,12
2026-08-09,P09-XS-NAVY,14,0,0,0,0,14
2026-08-09,P09-S-BLACK,16,0,1,0,0,15
2026-08-09,P09-S-BEIGE,12,0,0,0,0,12
2026-08-09,P09-S-NAVY,14,0,3,0,0,11
2026-08-09,P09-M-BLACK,6,0,0,0,0,6
2026-08-09,P09-M-BEIGE,4,11,0,0,0,15
2026-08-09,P09-M-NAVY,13,0,0,0,0,13
2026-08-09,P09-L-BLACK,10,0,2,0,0,8
2026-08-09,P09-L-BEIGE,9,0,2,0,0,7
2026-08-09,P09-L-NAVY,13,0,1,0,0,12
2026-08-09,P09-XL-BLACK,10,0,0,0,0,10
2026-08-09,P09-XL-BEIGE,13,0,1,0,0,12
2026-08-09,P09-XL-NAVY,11,0,0,0,0,11
2026-08-09,P10-XS-INDIGO,14,0,0,0,0,14
2026-08-09,P10-XS-BLACK,11,0,1,0,0,10
2026-08-09,P10-S-INDIGO,7,0,1,0,0,6
2026-08-09,P10-S-BLACK,11,0,0,0,0,11
2026-08-09,P10-M-INDIGO,6,0,0,0,0,6
2026-08-09,P10-M-BLACK,8,0,3,0,0,5
2026-08-09,P10-L-INDIGO,6,0,0,0,0,6
2026-08-09,P10-L-BLACK,7,0,0,0,0,7
2026-08-09,P10-XL-INDIGO,12,0,0,0,0,12
2026-08-09,P10-XL-BLACK,12,0,0,0,0,12
2026-08-09,P11-XS-WHITE,16,0,0,0,0,16
2026-08-09,P11-XS-LAVENDER,17,0,0,0,0,17
2026-08-09,P11-XS-BLACK,11,0,1,0,0,10
2026-08-09,P11-S-WHITE,15,0,1,0,0,14
2026-08-09,P11-S-LAVENDER,15,0,0,0,0,15
2026-08-09,P11-S-BLACK,8,0,1,0,0,7
2026-08-09,P11-M-WHITE,8,0,1,0,0,7
2026-08-09,P11-M-LAVENDER,12,0,0,0,0,12
2026-08-09,P11-M-BLACK,5,0,3,0,0,2
2026-08-09,P11-L-WHITE,14,0,1,0,0,13
2026-08-09,P11-L-LAVENDER,21,0,0,0,0,21
2026-08-09,P11-L-BLACK,7,0,2,0,0,5
2026-08-09,P12-XS-RED,15,0,0,0,0,15
2026-08-09,P12-XS-BLUE,14,0,0,0,0,14
2026-08-09,P12-XS-WHITE,13,0,0,0,0,13
2026-08-09,P12-S-RED,16,0,1,0,0,15
2026-08-09,P12-S-BLUE,7,0,0,0,0,7
2026-08-09,P12-S-WHITE,12,0,1,0,0,11
2026-08-09,P12-M-RED,3,13,0,0,0,16
2026-08-09,P12-M-BLUE,10,0,1,0,0,9
2026-08-09,P12-M-WHITE,2,0,1,0,0,1
2026-08-09,P12-L-RED,12,0,1,0,0,11
2026-08-09,P12-L-BLUE,7,0,3,0,0,4
2026-08-09,P12-L-WHITE,11,0,0,0,0,11
2026-08-09,P12-XL-RED,9,0,2,0,0,7
2026-08-09,P12-XL-BLUE,9,0,0,0,0,9
2026-08-09,P12-XL-WHITE,11,0,0,0,0,11
2026-08-09,P13-S-WINE,24,0,0,0,0,24
2026-08-09,P13-S-EMERALD,29,0,0,0,0,29
2026-08-09,P13-S-NAVY,23,0,1,0,0,22
2026-08-09,P13-M-WINE,30,0,0,0,0,30
2026-08-09,P13-M-EMERALD,23,0,0,0,0,23
2026-08-09,P13-M-NAVY,29,0,0,0,0,29
2026-08-09,P13-L-WINE,25,0,0,0,0,25
2026-08-09,P13-L-EMERALD,26,0,0,0,0,26
2026-08-09,P13-L-NAVY,23,0,0,0,0,23
2026-08-09,P13-XL-WINE,28,0,0,0,0,28
2026-08-09,P13-XL-EMERALD,27,0,0,0,0,27
2026-08-09,P13-XL-NAVY,28,0,0,0,0,28
2026-08-09,P14-XS-TEAL,15,0,0,0,0,15
2026-08-09,P14-XS-MUSTARD,13,0,0,0,0,13
2026-08-09,P14-XS-MAROON,12,0,0,0,0,12
2026-08-09,P14-S-TEAL,14,0,0,0,0,14
2026-08-09,P14-S-MUSTARD,15,0,0,0,0,15
2026-08-09,P14-S-MAROON,9,0,1,0,0,8
2026-08-09,P14-M-TEAL,6,0,2,0,0,4
2026-08-09,P14-M-MUSTARD,7,0,0,0,0,7
2026-08-09,P14-M-MAROON,12,0,0,0,0,12
2026-08-09,P14-L-TEAL,10,0,2,0,0,8
2026-08-09,P14-L-MUSTARD,6,0,0,0,0,6
2026-08-09,P14-L-MAROON,9,0,0,0,0,9
2026-08-09,P14-XL-TEAL,15,0,0,0,0,15
2026-08-09,P14-XL-MUSTARD,14,0,0,0,0,14
2026-08-09,P14-XL-MAROON,11,0,0,0,0,11
2026-08-09,P15-23Y-YELLOW,11,0,0,0,0,11
2026-08-09,P15-23Y-BLUE,10,0,1,0,0,9
2026-08-09,P15-23Y-RED,6,0,2,0,0,4
2026-08-09,P15-45Y-YELLOW,10,0,3,0,0,7
2026-08-09,P15-45Y-BLUE,12,0,1,0,0,11
2026-08-09,P15-45Y-RED,10,0,0,0,0,10
2026-08-09,P15-67Y-YELLOW,10,0,0,0,0,10
2026-08-09,P15-67Y-BLUE,12,0,0,0,0,12
2026-08-09,P15-67Y-RED,8,0,2,0,0,6
2026-08-09,P15-89Y-YELLOW,10,0,0,0,0,10
2026-08-09,P15-89Y-BLUE,13,0,1,0,0,12
2026-08-09,P15-89Y-RED,8,0,0,0,0,8
2026-08-09,P16-23Y-BLUE,13,0,0,0,0,13
2026-08-09,P16-23Y-BLACK,9,0,1,0,0,8
2026-08-09,P16-45Y-BLUE,9,0,0,0,0,9
2026-08-09,P16-45Y-BLACK,5,0,1,0,0,4
2026-08-09,P16-67Y-BLUE,7,0,1,0,0,6
2026-08-09,P16-67Y-BLACK,8,0,2,0,0,6
2026-08-09,P16-89Y-BLUE,11,0,0,0,0,11
2026-08-09,P16-89Y-BLACK,12,0,1,0,0,11
2026-08-09,P17-23Y-MAROON,12,0,1,0,0,11
2026-08-09,P17-23Y-MUSTARD,14,0,1,0,0,13
2026-08-09,P17-23Y-GREEN,10,0,0,0,0,10
2026-08-09,P17-45Y-MAROON,8,0,0,0,0,8
2026-08-09,P17-45Y-MUSTARD,13,0,0,0,0,13
2026-08-09,P17-45Y-GREEN,12,0,0,0,0,12
2026-08-09,P17-67Y-MAROON,19,0,0,0,0,19
2026-08-09,P17-67Y-MUSTARD,13,0,0,0,0,13
2026-08-09,P17-67Y-GREEN,9,0,0,0,0,9
2026-08-09,P17-89Y-MAROON,9,0,0,0,0,9
2026-08-09,P17-89Y-MUSTARD,9,0,0,0,0,9
2026-08-09,P17-89Y-GREEN,13,0,0,0,0,13
2026-08-09,P18-23Y-PINK,8,0,1,0,0,7
2026-08-09,P18-23Y-PEACH,8,0,0,0,0,8
2026-08-09,P18-23Y-MINT,11,0,0,0,0,11
2026-08-09,P18-45Y-PINK,9,0,0,0,0,9
2026-08-09,P18-45Y-PEACH,10,0,0,0,0,10
2026-08-09,P18-45Y-MINT,10,0,0,0,0,10
2026-08-09,P18-67Y-PINK,9,0,0,0,0,9
2026-08-09,P18-67Y-PEACH,14,0,0,0,0,14
2026-08-09,P18-67Y-MINT,13,0,0,0,0,13
2026-08-09,P18-89Y-PINK,13,0,0,0,0,13
2026-08-09,P18-89Y-PEACH,10,0,0,0,0,10
2026-08-09,P18-89Y-MINT,14,0,1,0,0,13
2026-08-09,P19-23Y-GREY,14,0,0,0,0,14
2026-08-09,P19-23Y-NAVY,13,0,0,0,0,13
2026-08-09,P19-23Y-BLACK,9,0,1,0,0,8
2026-08-09,P19-45Y-GREY,6,0,0,0,0,6
2026-08-09,P19-45Y-NAVY,8,0,0,0,0,8
2026-08-09,P19-45Y-BLACK,12,0,0,0,0,12
2026-08-09,P19-67Y-GREY,7,0,1,0,0,6
2026-08-09,P19-67Y-NAVY,8,0,0,0,0,8
2026-08-09,P19-67Y-BLACK,9,0,1,0,0,8
2026-08-09,P19-89Y-GREY,13,0,0,0,0,13
2026-08-09,P19-89Y-NAVY,8,0,1,0,0,7
2026-08-09,P19-89Y-BLACK,10,0,0,0,0,10
2026-08-09,P20-7-WHITE,14,0,0,0,0,14
2026-08-09,P20-7-BLACK,8,0,0,0,0,8
2026-08-09,P20-7-GREY,6,0,1,0,0,5
2026-08-09,P20-8-WHITE,8,0,0,0,0,8
2026-08-09,P20-8-BLACK,16,0,1,0,0,15
2026-08-09,P20-8-GREY,13,0,0,0,0,13
2026-08-09,P20-9-WHITE,8,0,2,0,0,6
2026-08-09,P20-9-BLACK,12,0,0,0,0,12
2026-08-09,P20-9-GREY,8,0,0,0,0,8
2026-08-09,P20-10-WHITE,12,0,0,0,0,12
2026-08-09,P20-10-BLACK,9,0,0,0,0,9
2026-08-09,P20-10-GREY,8,0,0,0,0,8
2026-08-09,P21-4-TAN,11,0,0,0,0,11
2026-08-09,P21-4-BLACK,7,0,0,0,0,7
2026-08-09,P21-4-GOLD,12,0,0,0,0,12
2026-08-09,P21-5-TAN,7,0,0,0,0,7
2026-08-09,P21-5-BLACK,10,0,0,0,0,10
2026-08-09,P21-5-GOLD,7,0,0,0,0,7
2026-08-09,P21-6-TAN,7,0,0,0,0,7
2026-08-09,P21-6-BLACK,9,0,1,0,0,8
2026-08-09,P21-6-GOLD,6,0,1,0,0,5
2026-08-09,P21-7-TAN,11,0,0,0,0,11
2026-08-09,P21-7-BLACK,6,0,1,0,0,5
2026-08-09,P21-7-GOLD,11,0,0,0,0,11
2026-08-09,P21-8-TAN,10,0,1,0,0,9
2026-08-09,P21-8-BLACK,10,0,0,0,0,10
2026-08-09,P21-8-GOLD,14,0,1,0,0,13
2026-08-09,P22-10C-BLUE,12,0,0,0,0,12
2026-08-09,P22-10C-PINK,10,0,1,0,0,9
2026-08-09,P22-10C-BLACK,9,0,0,0,0,9
2026-08-09,P22-11C-BLUE,10,0,0,0,0,10
2026-08-09,P22-11C-PINK,9,0,0,0,0,9
2026-08-09,P22-11C-BLACK,7,0,1,0,0,6
2026-08-09,P22-12C-BLUE,13,0,1,0,0,12
2026-08-09,P22-12C-PINK,8,0,0,0,0,8
2026-08-09,P22-12C-BLACK,10,0,0,0,0,10
2026-08-09,P22-13C-BLUE,8,0,2,0,0,6
2026-08-09,P22-13C-PINK,11,0,1,0,0,10
2026-08-09,P22-13C-BLACK,7,0,0,0,0,7
2026-08-09,P22-1Y-BLUE,9,0,0,0,0,9
2026-08-09,P22-1Y-PINK,13,0,0,0,0,13
2026-08-09,P22-1Y-BLACK,12,0,0,0,0,12
2026-08-09,P23-7-BLACK,8,0,0,0,0,8
2026-08-09,P23-7-NAVY,21,0,1,0,0,20
2026-08-09,P23-7-GREY,10,0,1,0,0,9
2026-08-09,P23-8-BLACK,7,0,0,0,0,7
2026-08-09,P23-8-NAVY,7,0,1,0,0,6
2026-08-09,P23-8-GREY,7,0,0,0,0,7
2026-08-09,P23-9-BLACK,7,0,0,0,0,7
2026-08-09,P23-9-NAVY,10,0,0,0,0,10
2026-08-09,P23-9-GREY,17,0,0,0,0,17
2026-08-09,P23-10-BLACK,4,0,1,0,0,3
2026-08-09,P23-10-NAVY,10,0,1,0,0,9
2026-08-09,P23-10-GREY,11,0,0,0,0,11
2026-08-09,P24-ONESIZE-BLACK,12,0,0,0,0,12
2026-08-09,P24-ONESIZE-TAN,14,0,0,0,0,14
2026-08-09,P24-ONESIZE-MAROON,12,0,0,0,0,12
2026-08-09,P25-ONESIZE-BLACK,11,0,2,0,0,9
2026-08-09,P25-ONESIZE-PINK,8,0,1,0,0,7
2026-08-09,P25-ONESIZE-BEIGE,8,0,0,0,0,8
2026-08-09,P26-32-BLACK,13,0,1,0,0,12
2026-08-09,P26-32-BROWN,14,0,0,0,0,14
2026-08-09,P26-34-BLACK,11,0,1,0,0,10
2026-08-09,P26-34-BROWN,13,0,2,0,0,11
2026-08-09,P26-36-BLACK,11,0,0,0,0,11
2026-08-09,P26-36-BROWN,13,0,1,0,0,12
2026-08-09,P26-38-BLACK,8,0,1,0,0,7
2026-08-09,P26-38-BROWN,10,0,0,0,0,10
2026-08-09,P27-ONESIZE-BLACK,6,0,0,0,0,6
2026-08-09,P27-ONESIZE-BROWN,10,0,0,0,0,10
2026-08-09,P27-ONESIZE-TAN,9,0,0,0,0,9
2026-08-09,P28-ONESIZE-MULTICOL,11,0,0,0,0,11
2026-08-09,P28-ONESIZE-PINK,10,0,1,0,0,9
2026-08-09,P28-ONESIZE-BLACK,9,0,2,0,0,7
2026-08-09,P29-ONESIZE-BLACK,13,0,0,0,0,13
2026-08-09,P29-ONESIZE-NAVY,12,0,0,0,0,12
2026-08-09,P29-ONESIZE-BEIGE,8,0,0,0,0,8
2026-08-09,P30-ONESIZE-FLORAL,23,0,0,0,0,23
2026-08-09,P30-ONESIZE-MAROON,23,0,0,0,0,23
2026-08-09,P30-ONESIZE-TEAL,23,0,0,0,0,23
2026-08-09,P31-ONESIZE-RED,12,0,0,0,0,12
2026-08-09,P31-ONESIZE-MUSTARD,9,0,1,0,0,8
2026-08-09,P31-ONESIZE-GREEN,13,0,0,0,0,13
2026-08-09,P32-4-BLACK,10,0,1,0,0,9
2026-08-09,P32-4-BEIGE,8,0,0,0,0,8
2026-08-09,P32-4-SILVER,11,0,1,0,0,10
2026-08-09,P32-5-BLACK,10,0,0,0,0,10
2026-08-09,P32-5-BEIGE,13,0,0,0,0,13
2026-08-09,P32-5-SILVER,9,0,1,0,0,8
2026-08-09,P32-6-BLACK,7,0,0,0,0,7
2026-08-09,P32-6-BEIGE,15,0,0,0,0,15
2026-08-09,P32-6-SILVER,12,0,0,0,0,12
2026-08-09,P32-7-BLACK,5,0,1,0,0,4
2026-08-09,P32-7-BEIGE,12,0,1,0,0,11
2026-08-09,P32-7-SILVER,5,0,0,0,0,5
2026-08-09,P32-8-BLACK,9,0,1,0,0,8
2026-08-09,P32-8-BEIGE,8,0,0,0,0,8
2026-08-09,P32-8-SILVER,5,0,0,0,0,5
2026-08-10,P01-S-WHITE,12,0,0,0,0,12
2026-08-10,P01-S-BLACK,9,0,0,0,0,9
2026-08-10,P01-S-NAVY,17,0,0,0,0,17
2026-08-10,P01-S-OLIVE,11,0,1,0,0,10
2026-08-10,P01-M-WHITE,7,0,1,0,0,6
2026-08-10,P01-M-BLACK,0,13,1,0,0,12
2026-08-10,P01-M-NAVY,5,0,2,0,0,3
2026-08-10,P01-M-OLIVE,2,0,1,0,0,1
2026-08-10,P01-L-WHITE,14,0,0,0,0,14
2026-08-10,P01-L-BLACK,8,0,0,0,0,8
2026-08-10,P01-L-NAVY,9,0,1,0,0,8
2026-08-10,P01-L-OLIVE,10,0,2,0,0,8
2026-08-10,P01-XL-WHITE,11,0,1,0,0,10
2026-08-10,P01-XL-BLACK,12,0,1,0,0,11
2026-08-10,P01-XL-NAVY,16,0,0,0,0,16
2026-08-10,P01-XL-OLIVE,10,0,0,0,0,10
2026-08-10,P02-S-NAVY,8,0,0,0,0,8
2026-08-10,P02-S-MAROON,9,0,0,0,0,9
2026-08-10,P02-S-GREY,17,0,1,0,0,16
2026-08-10,P02-M-NAVY,10,0,2,0,0,8
2026-08-10,P02-M-MAROON,8,0,0,0,0,8
2026-08-10,P02-M-GREY,6,0,2,0,0,4
2026-08-10,P02-L-NAVY,12,0,0,0,0,12
2026-08-10,P02-L-MAROON,12,0,0,0,0,12
2026-08-10,P02-L-GREY,4,12,0,0,0,16
2026-08-10,P02-XL-NAVY,11,0,0,0,0,11
2026-08-10,P02-XL-MAROON,19,0,0,0,0,19
2026-08-10,P02-XL-GREY,12,0,3,0,0,9
2026-08-10,P03-30-NAVY,10,0,0,0,0,10
2026-08-10,P03-30-BLACK,10,0,0,0,0,10
2026-08-10,P03-30-LIGHTBLU,14,0,0,0,0,14
2026-08-10,P03-32-NAVY,12,0,0,0,0,12
2026-08-10,P03-32-BLACK,8,0,0,0,0,8
2026-08-10,P03-32-LIGHTBLU,12,0,1,0,0,11
2026-08-10,P03-34-NAVY,8,0,0,0,0,8
2026-08-10,P03-34-BLACK,7,0,0,0,0,7
2026-08-10,P03-34-LIGHTBLU,4,0,3,0,0,1
2026-08-10,P03-36-NAVY,31,0,1,0,0,30
2026-08-10,P03-36-BLACK,28,0,0,0,0,28
2026-08-10,P03-36-LIGHTBLU,30,0,0,0,0,30
2026-08-10,P04-30-BEIGE,7,0,0,0,0,7
2026-08-10,P04-30-OLIVE,9,0,0,0,0,9
2026-08-10,P04-30-NAVY,12,0,2,0,0,10
2026-08-10,P04-32-BEIGE,8,0,0,0,0,8
2026-08-10,P04-32-OLIVE,13,0,0,0,0,13
2026-08-10,P04-32-NAVY,10,0,0,0,0,10
2026-08-10,P04-34-BEIGE,11,0,1,0,0,10
2026-08-10,P04-34-OLIVE,9,0,0,0,0,9
2026-08-10,P04-34-NAVY,10,0,0,0,0,10
2026-08-10,P04-36-BEIGE,9,0,0,0,0,9
2026-08-10,P04-36-OLIVE,9,0,0,0,0,9
2026-08-10,P04-36-NAVY,6,0,0,0,0,6
2026-08-10,P05-S-WHITE,10,0,0,0,0,10
2026-08-10,P05-S-BLUE,16,0,0,0,0,16
2026-08-10,P05-S-GREY,14,0,0,0,0,14
2026-08-10,P05-M-WHITE,6,0,0,0,0,6
2026-08-10,P05-M-BLUE,14,0,0,0,0,14
2026-08-10,P05-M-GREY,19,0,0,0,0,19
2026-08-10,P05-L-WHITE,11,0,1,0,0,10
2026-08-10,P05-L-BLUE,6,0,1,0,0,5
2026-08-10,P05-L-GREY,6,0,2,0,0,4
2026-08-10,P05-XL-WHITE,12,0,0,0,0,12
2026-08-10,P05-XL-BLUE,12,0,0,0,0,12
2026-08-10,P05-XL-GREY,13,0,0,0,0,13
2026-08-10,P06-S-BLACK,6,0,0,0,0,6
2026-08-10,P06-S-WHITE,15,0,0,0,0,15
2026-08-10,P06-S-RED,12,0,0,0,0,12
2026-08-10,P06-M-BLACK,5,0,0,0,0,5
2026-08-10,P06-M-WHITE,5,0,2,0,0,3
2026-08-10,P06-M-RED,3,12,0,0,0,15
2026-08-10,P06-L-BLACK,7,0,2,0,0,5
2026-08-10,P06-L-WHITE,7,0,1,0,0,6
2026-08-10,P06-L-RED,6,0,1,0,0,5
2026-08-10,P06-XL-BLACK,6,0,0,0,0,6
2026-08-10,P06-XL-WHITE,13,0,0,0,0,13
2026-08-10,P06-XL-RED,10,0,0,0,0,10
2026-08-10,P07-XS-MUSTARD,19,0,0,0,0,19
2026-08-10,P07-XS-TEAL,13,0,0,0,0,13
2026-08-10,P07-XS-MAROON,13,0,1,0,0,12
2026-08-10,P07-S-MUSTARD,7,0,0,0,0,7
2026-08-10,P07-S-TEAL,12,0,3,0,0,9
2026-08-10,P07-S-MAROON,12,0,0,0,0,12
2026-08-10,P07-M-MUSTARD,1,0,1,0,0,0
2026-08-10,P07-M-TEAL,3,0,3,0,0,0
2026-08-10,P07-M-MAROON,6,0,1,0,0,5
2026-08-10,P07-L-MUSTARD,4,15,0,0,0,19
2026-08-10,P07-L-TEAL,9,0,0,0,0,9
2026-08-10,P07-L-MAROON,6,0,4,0,0,2
2026-08-10,P07-XL-MUSTARD,19,0,0,0,0,19
2026-08-10,P07-XL-TEAL,13,0,0,0,0,13
2026-08-10,P07-XL-MAROON,12,0,1,0,0,11
2026-08-10,P08-XS-PINK,11,0,0,0,0,11
2026-08-10,P08-XS-BLUE,16,0,0,0,0,16
2026-08-10,P08-XS-GREEN,11,0,0,0,0,11
2026-08-10,P08-S-PINK,12,0,0,0,0,12
2026-08-10,P08-S-BLUE,13,0,0,0,0,13
2026-08-10,P08-S-GREEN,10,0,0,0,0,10
2026-08-10,P08-M-PINK,8,0,2,0,0,6
2026-08-10,P08-M-BLUE,11,0,1,0,0,10
2026-08-10,P08-M-GREEN,8,0,0,0,0,8
2026-08-10,P08-L-PINK,9,0,1,0,0,8
2026-08-10,P08-L-BLUE,11,0,0,0,0,11
2026-08-10,P08-L-GREEN,9,0,2,0,0,7
2026-08-10,P08-XL-PINK,11,0,0,0,0,11
2026-08-10,P08-XL-BLUE,15,0,0,0,0,15
2026-08-10,P08-XL-GREEN,10,0,0,0,0,10
2026-08-10,P09-XS-BLACK,12,0,0,0,0,12
2026-08-10,P09-XS-BEIGE,12,0,0,0,0,12
2026-08-10,P09-XS-NAVY,14,0,1,0,0,13
2026-08-10,P09-S-BLACK,15,0,2,0,0,13
2026-08-10,P09-S-BEIGE,12,0,0,0,0,12
2026-08-10,P09-S-NAVY,11,0,0,0,0,11
2026-08-10,P09-M-BLACK,6,0,1,0,0,5
2026-08-10,P09-M-BEIGE,15,0,1,0,0,14
2026-08-10,P09-M-NAVY,13,0,3,0,0,10
2026-08-10,P09-L-BLACK,8,0,0,0,0,8
2026-08-10,P09-L-BEIGE,7,0,0,0,0,7
2026-08-10,P09-L-NAVY,12,0,0,0,0,12
2026-08-10,P09-XL-BLACK,10,0,0,0,0,10
2026-08-10,P09-XL-BEIGE,12,0,0,0,0,12
2026-08-10,P09-XL-NAVY,11,0,0,0,0,11
2026-08-10,P10-XS-INDIGO,14,0,0,0,0,14
2026-08-10,P10-XS-BLACK,10,0,0,0,0,10
2026-08-10,P10-S-INDIGO,6,0,0,0,0,6
2026-08-10,P10-S-BLACK,11,0,0,0,0,11
2026-08-10,P10-M-INDIGO,6,0,1,0,0,5
2026-08-10,P10-M-BLACK,5,0,1,0,0,4
2026-08-10,P10-L-INDIGO,6,0,0,0,0,6
2026-08-10,P10-L-BLACK,7,0,0,0,0,7
2026-08-10,P10-XL-INDIGO,12,0,1,0,0,11
2026-08-10,P10-XL-BLACK,12,0,0,0,0,12
2026-08-10,P11-XS-WHITE,16,0,1,0,0,15
2026-08-10,P11-XS-LAVENDER,17,0,0,0,0,17
2026-08-10,P11-XS-BLACK,10,0,0,0,0,10
2026-08-10,P11-S-WHITE,14,0,2,0,0,12
2026-08-10,P11-S-LAVENDER,15,0,0,0,0,15
2026-08-10,P11-S-BLACK,7,0,0,0,0,7
2026-08-10,P11-M-WHITE,7,0,1,0,0,6
2026-08-10,P11-M-LAVENDER,12,0,0,0,0,12
2026-08-10,P11-M-BLACK,2,16,0,0,0,18
2026-08-10,P11-L-WHITE,13,0,0,0,0,13
2026-08-10,P11-L-LAVENDER,21,0,0,0,0,21
2026-08-10,P11-L-BLACK,5,0,0,0,0,5
2026-08-10,P12-XS-RED,15,0,1,0,0,14
2026-08-10,P12-XS-BLUE,14,0,0,0,0,14
2026-08-10,P12-XS-WHITE,13,0,0,0,0,13
2026-08-10,P12-S-RED,15,0,3,0,0,12
2026-08-10,P12-S-BLUE,7,0,0,0,0,7
2026-08-10,P12-S-WHITE,11,0,0,0,0,11
2026-08-10,P12-M-RED,16,0,1,0,0,15
2026-08-10,P12-M-BLUE,9,0,0,0,0,9
2026-08-10,P12-M-WHITE,1,18,1,0,0,18
2026-08-10,P12-L-RED,11,0,1,0,0,10
2026-08-10,P12-L-BLUE,4,15,1,0,0,18
2026-08-10,P12-L-WHITE,11,0,3,0,0,8
2026-08-10,P12-XL-RED,7,0,0,0,0,7
2026-08-10,P12-XL-BLUE,9,0,0,0,0,9
2026-08-10,P12-XL-WHITE,11,0,0,0,0,11
2026-08-10,P13-S-WINE,24,0,0,0,0,24
2026-08-10,P13-S-EMERALD,29,0,1,0,0,28
2026-08-10,P13-S-NAVY,22,0,0,0,0,22
2026-08-10,P13-M-WINE,30,0,0,0,0,30
2026-08-10,P13-M-EMERALD,23,0,0,0,0,23
2026-08-10,P13-M-NAVY,29,0,0,0,0,29
2026-08-10,P13-L-WINE,25,0,0,0,0,25
2026-08-10,P13-L-EMERALD,26,0,0,0,0,26
2026-08-10,P13-L-NAVY,23,0,0,0,0,23
2026-08-10,P13-XL-WINE,28,0,0,0,0,28
2026-08-10,P13-XL-EMERALD,27,0,0,0,0,27
2026-08-10,P13-XL-NAVY,28,0,0,0,0,28
2026-08-10,P14-XS-TEAL,15,0,0,0,0,15
2026-08-10,P14-XS-MUSTARD,13,0,0,0,0,13
2026-08-10,P14-XS-MAROON,12,0,0,0,0,12
2026-08-10,P14-S-TEAL,14,0,0,0,0,14
2026-08-10,P14-S-MUSTARD,15,0,0,0,0,15
2026-08-10,P14-S-MAROON,8,0,0,0,0,8
2026-08-10,P14-M-TEAL,4,0,0,0,0,4
2026-08-10,P14-M-MUSTARD,7,0,0,0,0,7
2026-08-10,P14-M-MAROON,12,0,2,0,0,10
2026-08-10,P14-L-TEAL,8,0,0,0,0,8
2026-08-10,P14-L-MUSTARD,6,0,0,0,0,6
2026-08-10,P14-L-MAROON,9,0,1,0,0,8
2026-08-10,P14-XL-TEAL,15,0,0,0,0,15
2026-08-10,P14-XL-MUSTARD,14,0,0,0,0,14
2026-08-10,P14-XL-MAROON,11,0,0,0,0,11
2026-08-10,P15-23Y-YELLOW,11,0,0,0,0,11
2026-08-10,P15-23Y-BLUE,9,0,0,0,0,9
2026-08-10,P15-23Y-RED,4,13,0,0,0,17
2026-08-10,P15-45Y-YELLOW,7,0,1,0,0,6
2026-08-10,P15-45Y-BLUE,11,0,1,0,0,10
2026-08-10,P15-45Y-RED,10,0,0,0,0,10
2026-08-10,P15-67Y-YELLOW,10,0,0,0,0,10
2026-08-10,P15-67Y-BLUE,12,0,0,0,0,12
2026-08-10,P15-67Y-RED,6,0,2,0,0,4
2026-08-10,P15-89Y-YELLOW,10,0,0,0,0,10
2026-08-10,P15-89Y-BLUE,12,0,0,0,0,12
2026-08-10,P15-89Y-RED,8,0,2,0,0,6
2026-08-10,P16-23Y-BLUE,13,0,0,0,0,13
2026-08-10,P16-23Y-BLACK,8,0,1,0,0,7
2026-08-10,P16-45Y-BLUE,9,0,0,0,0,9
2026-08-10,P16-45Y-BLACK,4,0,0,0,0,4
2026-08-10,P16-67Y-BLUE,6,0,0,0,0,6
2026-08-10,P16-67Y-BLACK,6,0,2,0,0,4
2026-08-10,P16-89Y-BLUE,11,0,0,0,0,11
2026-08-10,P16-89Y-BLACK,11,0,0,0,0,11
2026-08-10,P17-23Y-MAROON,11,0,0,0,0,11
2026-08-10,P17-23Y-MUSTARD,13,0,0,0,0,13
2026-08-10,P17-23Y-GREEN,10,0,0,0,0,10
2026-08-10,P17-45Y-MAROON,8,0,0,0,0,8
2026-08-10,P17-45Y-MUSTARD,13,0,0,0,0,13
2026-08-10,P17-45Y-GREEN,12,0,0,0,0,12
2026-08-10,P17-67Y-MAROON,19,0,0,0,0,19
2026-08-10,P17-67Y-MUSTARD,13,0,0,0,0,13
2026-08-10,P17-67Y-GREEN,9,0,0,0,0,9
2026-08-10,P17-89Y-MAROON,9,0,0,0,0,9
2026-08-10,P17-89Y-MUSTARD,9,0,0,0,0,9
2026-08-10,P17-89Y-GREEN,13,0,0,0,0,13
2026-08-10,P18-23Y-PINK,7,0,0,0,0,7
2026-08-10,P18-23Y-PEACH,8,0,0,0,0,8
2026-08-10,P18-23Y-MINT,11,0,0,0,0,11
2026-08-10,P18-45Y-PINK,9,0,0,0,0,9
2026-08-10,P18-45Y-PEACH,10,0,0,0,0,10
2026-08-10,P18-45Y-MINT,10,0,0,0,0,10
2026-08-10,P18-67Y-PINK,9,0,0,0,0,9
2026-08-10,P18-67Y-PEACH,14,0,0,0,0,14
2026-08-10,P18-67Y-MINT,13,0,1,0,0,12
2026-08-10,P18-89Y-PINK,13,0,0,0,0,13
2026-08-10,P18-89Y-PEACH,10,0,0,0,0,10
2026-08-10,P18-89Y-MINT,13,0,0,0,0,13
2026-08-10,P19-23Y-GREY,14,0,0,0,0,14
2026-08-10,P19-23Y-NAVY,13,0,2,0,0,11
2026-08-10,P19-23Y-BLACK,8,0,0,0,0,8
2026-08-10,P19-45Y-GREY,6,0,0,0,0,6
2026-08-10,P19-45Y-NAVY,8,0,0,0,0,8
2026-08-10,P19-45Y-BLACK,12,0,1,0,0,11
2026-08-10,P19-67Y-GREY,6,0,0,0,0,6
2026-08-10,P19-67Y-NAVY,8,0,0,0,0,8
2026-08-10,P19-67Y-BLACK,8,0,0,0,0,8
2026-08-10,P19-89Y-GREY,13,0,0,0,0,13
2026-08-10,P19-89Y-NAVY,7,0,1,0,0,6
2026-08-10,P19-89Y-BLACK,10,0,2,0,0,8
2026-08-10,P20-7-WHITE,14,0,0,0,0,14
2026-08-10,P20-7-BLACK,8,0,0,0,0,8
2026-08-10,P20-7-GREY,5,0,1,0,0,4
2026-08-10,P20-8-WHITE,8,0,0,0,0,8
2026-08-10,P20-8-BLACK,15,0,2,0,0,13
2026-08-10,P20-8-GREY,13,0,1,0,0,12
2026-08-10,P20-9-WHITE,6,0,0,0,0,6
2026-08-10,P20-9-BLACK,12,0,0,0,0,12
2026-08-10,P20-9-GREY,8,0,0,0,0,8
2026-08-10,P20-10-WHITE,12,0,0,0,0,12
2026-08-10,P20-10-BLACK,9,0,0,0,0,9
2026-08-10,P20-10-GREY,8,0,0,0,0,8
2026-08-10,P21-4-TAN,11,0,0,0,0,11
2026-08-10,P21-4-BLACK,7,0,0,0,0,7
2026-08-10,P21-4-GOLD,12,0,0,0,0,12
2026-08-10,P21-5-TAN,7,0,0,0,0,7
2026-08-10,P21-5-BLACK,10,0,2,0,0,8
2026-08-10,P21-5-GOLD,7,0,0,0,0,7
2026-08-10,P21-6-TAN,7,0,0,0,0,7
2026-08-10,P21-6-BLACK,8,0,0,0,0,8
2026-08-10,P21-6-GOLD,5,0,0,0,0,5
2026-08-10,P21-7-TAN,11,0,0,0,0,11
2026-08-10,P21-7-BLACK,5,0,1,0,0,4
2026-08-10,P21-7-GOLD,11,0,0,0,0,11
2026-08-10,P21-8-TAN,9,0,0,0,0,9
2026-08-10,P21-8-BLACK,10,0,0,0,0,10
2026-08-10,P21-8-GOLD,13,0,0,0,0,13
2026-08-10,P22-10C-BLUE,12,0,0,0,0,12
2026-08-10,P22-10C-PINK,9,0,0,0,0,9
2026-08-10,P22-10C-BLACK,9,0,0,0,0,9
2026-08-10,P22-11C-BLUE,10,0,0,0,0,10
2026-08-10,P22-11C-PINK,9,0,0,0,0,9
2026-08-10,P22-11C-BLACK,6,0,1,0,0,5
2026-08-10,P22-12C-BLUE,12,0,0,0,0,12
2026-08-10,P22-12C-PINK,8,0,0,0,0,8
2026-08-10,P22-12C-BLACK,10,0,0,0,0,10
2026-08-10,P22-13C-BLUE,6,0,0,0,0,6
2026-08-10,P22-13C-PINK,10,0,0,0,0,10
2026-08-10,P22-13C-BLACK,7,0,0,0,0,7
2026-08-10,P22-1Y-BLUE,9,0,0,0,0,9
2026-08-10,P22-1Y-PINK,13,0,0,0,0,13
2026-08-10,P22-1Y-BLACK,12,0,0,0,0,12
2026-08-10,P23-7-BLACK,8,0,1,0,0,7
2026-08-10,P23-7-NAVY,20,0,0,0,0,20
2026-08-10,P23-7-GREY,9,0,0,0,0,9
2026-08-10,P23-8-BLACK,7,0,0,0,0,7
2026-08-10,P23-8-NAVY,6,0,0,0,0,6
2026-08-10,P23-8-GREY,7,0,1,0,0,6
2026-08-10,P23-9-BLACK,7,0,0,0,0,7
2026-08-10,P23-9-NAVY,10,0,0,0,0,10
2026-08-10,P23-9-GREY,17,0,0,0,0,17
2026-08-10,P23-10-BLACK,3,17,0,0,0,20
2026-08-10,P23-10-NAVY,9,0,1,0,0,8
2026-08-10,P23-10-GREY,11,0,0,0,0,11
2026-08-10,P24-ONESIZE-BLACK,12,0,0,0,0,12
2026-08-10,P24-ONESIZE-TAN,14,0,0,0,0,14
2026-08-10,P24-ONESIZE-MAROON,12,0,0,0,0,12
2026-08-10,P25-ONESIZE-BLACK,9,0,0,0,0,9
2026-08-10,P25-ONESIZE-PINK,7,0,0,0,0,7
2026-08-10,P25-ONESIZE-BEIGE,8,0,0,0,0,8
2026-08-10,P26-32-BLACK,12,0,0,0,0,12
2026-08-10,P26-32-BROWN,14,0,0,0,0,14
2026-08-10,P26-34-BLACK,10,0,0,0,0,10
2026-08-10,P26-34-BROWN,11,0,0,0,0,11
2026-08-10,P26-36-BLACK,11,0,1,0,0,10
2026-08-10,P26-36-BROWN,12,0,0,0,0,12
2026-08-10,P26-38-BLACK,7,0,0,0,0,7
2026-08-10,P26-38-BROWN,10,0,0,0,0,10
2026-08-10,P27-ONESIZE-BLACK,6,0,0,0,0,6
2026-08-10,P27-ONESIZE-BROWN,10,0,0,0,0,10
2026-08-10,P27-ONESIZE-TAN,9,0,0,0,0,9
2026-08-10,P28-ONESIZE-MULTICOL,11,0,0,0,0,11
2026-08-10,P28-ONESIZE-PINK,9,0,0,0,0,9
2026-08-10,P28-ONESIZE-BLACK,7,0,1,0,0,6
2026-08-10,P29-ONESIZE-BLACK,13,0,0,0,0,13
2026-08-10,P29-ONESIZE-NAVY,12,0,0,0,0,12
2026-08-10,P29-ONESIZE-BEIGE,8,0,0,0,0,8
2026-08-10,P30-ONESIZE-FLORAL,23,0,0,0,0,23
2026-08-10,P30-ONESIZE-MAROON,23,0,0,0,0,23
2026-08-10,P30-ONESIZE-TEAL,23,0,0,0,0,23
2026-08-10,P31-ONESIZE-RED,12,0,0,0,0,12
2026-08-10,P31-ONESIZE-MUSTARD,8,0,0,0,0,8
2026-08-10,P31-ONESIZE-GREEN,13,0,0,0,0,13
2026-08-10,P32-4-BLACK,9,0,0,0,0,9
2026-08-10,P32-4-BEIGE,8,0,1,0,0,7
2026-08-10,P32-4-SILVER,10,0,0,0,0,10
2026-08-10,P32-5-BLACK,10,0,0,0,0,10
2026-08-10,P32-5-BEIGE,13,0,0,0,0,13
2026-08-10,P32-5-SILVER,8,0,0,0,0,8
2026-08-10,P32-6-BLACK,7,0,0,0,0,7
2026-08-10,P32-6-BEIGE,15,0,0,0,0,15
2026-08-10,P32-6-SILVER,12,0,0,0,0,12
2026-08-10,P32-7-BLACK,4,0,1,0,0,3
2026-08-10,P32-7-BEIGE,11,0,0,0,0,11
2026-08-10,P32-7-SILVER,5,0,0,0,0,5
2026-08-10,P32-8-BLACK,8,0,1,0,0,7
2026-08-10,P32-8-BEIGE,8,0,1,0,0,7
2026-08-10,P32-8-SILVER,5,0,0,0,0,5
2026-08-11,P01-S-WHITE,12,0,0,0,0,12
2026-08-11,P01-S-BLACK,9,0,0,0,0,9
2026-08-11,P01-S-NAVY,17,0,0,0,0,17
2026-08-11,P01-S-OLIVE,10,0,0,0,0,10
2026-08-11,P01-M-WHITE,6,0,0,0,0,6
2026-08-11,P01-M-BLACK,12,0,0,0,0,12
2026-08-11,P01-M-NAVY,3,0,0,0,0,3
2026-08-11,P01-M-OLIVE,1,15,3,0,0,13
2026-08-11,P01-L-WHITE,14,0,3,0,0,11
2026-08-11,P01-L-BLACK,8,0,2,0,0,6
2026-08-11,P01-L-NAVY,8,0,1,0,0,7
2026-08-11,P01-L-OLIVE,8,0,0,0,0,8
2026-08-11,P01-XL-WHITE,10,0,0,0,0,10
2026-08-11,P01-XL-BLACK,11,0,1,0,0,10
2026-08-11,P01-XL-NAVY,16,0,0,0,0,16
2026-08-11,P01-XL-OLIVE,10,0,1,0,0,9
2026-08-11,P02-S-NAVY,8,0,0,0,0,8
2026-08-11,P02-S-MAROON,9,0,0,0,0,9
2026-08-11,P02-S-GREY,16,0,0,0,0,16
2026-08-11,P02-M-NAVY,8,0,0,0,0,8
2026-08-11,P02-M-MAROON,8,0,0,0,0,8
2026-08-11,P02-M-GREY,4,12,1,0,0,15
2026-08-11,P02-L-NAVY,12,0,1,0,0,11
2026-08-11,P02-L-MAROON,12,0,1,0,0,11
2026-08-11,P02-L-GREY,16,0,2,0,0,14
2026-08-11,P02-XL-NAVY,11,0,0,0,0,11
2026-08-11,P02-XL-MAROON,19,0,0,0,0,19
2026-08-11,P02-XL-GREY,9,0,1,0,0,8
2026-08-11,P03-30-NAVY,10,0,0,0,0,10
2026-08-11,P03-30-BLACK,10,0,0,0,0,10
2026-08-11,P03-30-LIGHTBLU,14,0,0,0,0,14
2026-08-11,P03-32-NAVY,12,0,1,0,0,11
2026-08-11,P03-32-BLACK,8,0,0,0,0,8
2026-08-11,P03-32-LIGHTBLU,11,0,2,0,0,9
2026-08-11,P03-34-NAVY,8,0,1,0,0,7
2026-08-11,P03-34-BLACK,7,0,0,0,0,7
2026-08-11,P03-34-LIGHTBLU,1,0,0,0,0,1
2026-08-11,P03-36-NAVY,30,0,0,0,0,30
2026-08-11,P03-36-BLACK,28,0,0,0,0,28
2026-08-11,P03-36-LIGHTBLU,30,0,0,0,0,30
2026-08-11,P04-30-BEIGE,7,0,1,0,0,6
2026-08-11,P04-30-OLIVE,9,0,0,0,0,9
2026-08-11,P04-30-NAVY,10,0,1,0,0,9
2026-08-11,P04-32-BEIGE,8,0,1,0,0,7
2026-08-11,P04-32-OLIVE,13,0,0,0,0,13
2026-08-11,P04-32-NAVY,10,0,1,0,0,9
2026-08-11,P04-34-BEIGE,10,0,1,0,0,9
2026-08-11,P04-34-OLIVE,9,0,0,0,0,9
2026-08-11,P04-34-NAVY,10,0,0,0,0,10
2026-08-11,P04-36-BEIGE,9,0,0,0,0,9
2026-08-11,P04-36-OLIVE,9,0,0,0,0,9
2026-08-11,P04-36-NAVY,6,0,0,0,0,6
2026-08-11,P05-S-WHITE,10,0,0,0,0,10
2026-08-11,P05-S-BLUE,16,0,0,0,0,16
2026-08-11,P05-S-GREY,14,0,0,0,0,14
2026-08-11,P05-M-WHITE,6,0,2,0,0,4
2026-08-11,P05-M-BLUE,14,0,0,0,0,14
2026-08-11,P05-M-GREY,19,0,0,0,0,19
2026-08-11,P05-L-WHITE,10,0,0,0,0,10
2026-08-11,P05-L-BLUE,5,0,0,0,0,5
2026-08-11,P05-L-GREY,4,0,1,0,0,3
2026-08-11,P05-XL-WHITE,12,0,2,0,0,10
2026-08-11,P05-XL-BLUE,12,0,0,0,0,12
2026-08-11,P05-XL-GREY,13,0,0,0,0,13
2026-08-11,P06-S-BLACK,6,0,0,0,0,6
2026-08-11,P06-S-WHITE,15,0,0,0,0,15
2026-08-11,P06-S-RED,12,0,1,0,0,11
2026-08-11,P06-M-BLACK,5,0,0,0,0,5
2026-08-11,P06-M-WHITE,3,17,2,0,0,18
2026-08-11,P06-M-RED,15,0,2,0,0,13
2026-08-11,P06-L-BLACK,5,0,3,0,0,2
2026-08-11,P06-L-WHITE,6,0,0,0,0,6
2026-08-11,P06-L-RED,5,0,0,0,0,5
2026-08-11,P06-XL-BLACK,6,0,1,0,0,5
2026-08-11,P06-XL-WHITE,13,0,0,0,0,13
2026-08-11,P06-XL-RED,10,0,0,0,0,10
2026-08-11,P07-XS-MUSTARD,19,0,0,0,0,19
2026-08-11,P07-XS-TEAL,13,0,0,0,0,13
2026-08-11,P07-XS-MAROON,12,0,0,0,0,12
2026-08-11,P07-S-MUSTARD,7,0,0,0,0,7
2026-08-11,P07-S-TEAL,9,0,0,0,0,9
2026-08-11,P07-S-MAROON,12,0,1,0,0,11
2026-08-11,P07-M-MUSTARD,0,7,0,0,0,7
2026-08-11,P07-M-TEAL,0,0,0,0,0,0
2026-08-11,P07-M-MAROON,5,0,0,0,0,5
2026-08-11,P07-L-MUSTARD,19,0,4,0,0,15
2026-08-11,P07-L-TEAL,9,0,0,0,0,9
2026-08-11,P07-L-MAROON,2,0,1,0,0,1
2026-08-11,P07-XL-MUSTARD,19,0,1,0,0,18
2026-08-11,P07-XL-TEAL,13,0,0,0,0,13
2026-08-11,P07-XL-MAROON,11,0,0,0,0,11
2026-08-11,P08-XS-PINK,11,0,0,0,0,11
2026-08-11,P08-XS-BLUE,16,0,0,0,0,16
2026-08-11,P08-XS-GREEN,11,0,0,0,0,11
2026-08-11,P08-S-PINK,12,0,0,0,0,12
2026-08-11,P08-S-BLUE,13,0,2,0,0,11
2026-08-11,P08-S-GREEN,10,0,0,0,0,10
2026-08-11,P08-M-PINK,6,0,0,0,0,6
2026-08-11,P08-M-BLUE,10,0,0,0,0,10
2026-08-11,P08-M-GREEN,8,0,0,0,0,8
2026-08-11,P08-L-PINK,8,0,0,0,0,8
2026-08-11,P08-L-BLUE,11,0,0,0,0,11
2026-08-11,P08-L-GREEN,7,0,1,0,0,6
2026-08-11,P08-XL-PINK,11,0,0,0,0,11
2026-08-11,P08-XL-BLUE,15,0,0,0,0,15
2026-08-11,P08-XL-GREEN,10,0,0,0,0,10
2026-08-11,P09-XS-BLACK,12,0,0,0,0,12
2026-08-11,P09-XS-BEIGE,12,0,0,0,0,12
2026-08-11,P09-XS-NAVY,13,0,0,0,0,13
2026-08-11,P09-S-BLACK,13,0,0,0,0,13
2026-08-11,P09-S-BEIGE,12,0,0,0,0,12
2026-08-11,P09-S-NAVY,11,0,0,0,0,11
2026-08-11,P09-M-BLACK,5,0,1,0,0,4
2026-08-11,P09-M-BEIGE,14,0,1,0,0,13
2026-08-11,P09-M-NAVY,10,0,1,0,0,9
2026-08-11,P09-L-BLACK,8,0,0,0,0,8
2026-08-11,P09-L-BEIGE,7,0,2,0,0,5
2026-08-11,P09-L-NAVY,12,0,2,0,0,10
2026-08-11,P09-XL-BLACK,10,0,0,0,0,10
2026-08-11,P09-XL-BEIGE,12,0,0,0,0,12
2026-08-11,P09-XL-NAVY,11,0,0,0,0,11
2026-08-11,P10-XS-INDIGO,14,0,0,0,0,14
2026-08-11,P10-XS-BLACK,10,0,1,0,0,9
2026-08-11,P10-S-INDIGO,6,0,0,0,0,6
2026-08-11,P10-S-BLACK,11,0,0,0,0,11
2026-08-11,P10-M-INDIGO,5,0,0,0,0,5
2026-08-11,P10-M-BLACK,4,0,1,0,0,3
2026-08-11,P10-L-INDIGO,6,0,1,0,0,5
2026-08-11,P10-L-BLACK,7,0,1,0,0,6
2026-08-11,P10-XL-INDIGO,11,0,0,0,0,11
2026-08-11,P10-XL-BLACK,12,0,0,0,0,12
2026-08-11,P11-XS-WHITE,15,0,0,0,0,15
2026-08-11,P11-XS-LAVENDER,17,0,0,0,0,17
2026-08-11,P11-XS-BLACK,10,0,2,0,0,8
2026-08-11,P11-S-WHITE,12,0,2,0,0,10
2026-08-11,P11-S-LAVENDER,15,0,1,0,0,14
2026-08-11,P11-S-BLACK,7,0,2,0,0,5
2026-08-11,P11-M-WHITE,6,0,1,0,0,5
2026-08-11,P11-M-LAVENDER,12,0,1,0,0,11
2026-08-11,P11-M-BLACK,18,0,1,0,0,17
2026-08-11,P11-L-WHITE,13,0,0,0,0,13
2026-08-11,P11-L-LAVENDER,21,0,1,0,0,20
2026-08-11,P11-L-BLACK,5,0,1,0,0,4
2026-08-11,P12-XS-RED,14,0,0,0,0,14
2026-08-11,P12-XS-BLUE,14,0,1,0,0,13
2026-08-11,P12-XS-WHITE,13,0,0,0,0,13
2026-08-11,P12-S-RED,12,0,0,0,0,12
2026-08-11,P12-S-BLUE,7,0,2,0,0,5
2026-08-11,P12-S-WHITE,11,0,2,0,0,9
2026-08-11,P12-M-RED,15,0,1,0,0,14
2026-08-11,P12-M-BLUE,9,0,1,0,0,8
2026-08-11,P12-M-WHITE,18,0,0,0,0,18
2026-08-11,P12-L-RED,10,0,0,0,0,10
2026-08-11,P12-L-BLUE,18,0,0,0,0,18
2026-08-11,P12-L-WHITE,8,0,0,0,0,8
2026-08-11,P12-XL-RED,7,0,0,0,0,7
2026-08-11,P12-XL-BLUE,9,0,0,0,0,9
2026-08-11,P12-XL-WHITE,11,0,1,0,0,10
2026-08-11,P13-S-WINE,24,0,0,0,0,24
2026-08-11,P13-S-EMERALD,28,0,0,0,0,28
2026-08-11,P13-S-NAVY,22,0,0,0,0,22
2026-08-11,P13-M-WINE,30,0,0,0,0,30
2026-08-11,P13-M-EMERALD,23,0,0,0,0,23
2026-08-11,P13-M-NAVY,29,0,0,0,0,29
2026-08-11,P13-L-WINE,25,0,0,0,0,25
2026-08-11,P13-L-EMERALD,26,0,0,0,0,26
2026-08-11,P13-L-NAVY,23,0,0,0,0,23
2026-08-11,P13-XL-WINE,28,0,0,0,0,28
2026-08-11,P13-XL-EMERALD,27,0,0,0,0,27
2026-08-11,P13-XL-NAVY,28,0,0,0,0,28
2026-08-11,P14-XS-TEAL,15,0,0,0,0,15
2026-08-11,P14-XS-MUSTARD,13,0,0,0,0,13
2026-08-11,P14-XS-MAROON,12,0,0,0,0,12
2026-08-11,P14-S-TEAL,14,0,0,0,0,14
2026-08-11,P14-S-MUSTARD,15,0,0,0,0,15
2026-08-11,P14-S-MAROON,8,0,0,0,0,8
2026-08-11,P14-M-TEAL,4,11,1,0,0,14
2026-08-11,P14-M-MUSTARD,7,0,0,0,0,7
2026-08-11,P14-M-MAROON,10,0,0,0,0,10
2026-08-11,P14-L-TEAL,8,0,1,0,0,7
2026-08-11,P14-L-MUSTARD,6,0,0,0,0,6
2026-08-11,P14-L-MAROON,8,0,0,0,0,8
2026-08-11,P14-XL-TEAL,15,0,0,0,0,15
2026-08-11,P14-XL-MUSTARD,14,0,0,0,0,14
2026-08-11,P14-XL-MAROON,11,0,0,0,0,11
2026-08-11,P15-23Y-YELLOW,11,0,0,0,0,11
2026-08-11,P15-23Y-BLUE,9,0,1,0,0,8
2026-08-11,P15-23Y-RED,17,0,0,0,0,17
2026-08-11,P15-45Y-YELLOW,6,0,2,0,0,4
2026-08-11,P15-45Y-BLUE,10,0,0,0,0,10
2026-08-11,P15-45Y-RED,10,0,0,0,0,10
2026-08-11,P15-67Y-YELLOW,10,0,0,0,0,10
2026-08-11,P15-67Y-BLUE,12,0,0,0,0,12
2026-08-11,P15-67Y-RED,4,0,0,0,0,4
2026-08-11,P15-89Y-YELLOW,10,0,0,0,0,10
2026-08-11,P15-89Y-BLUE,12,0,0,0,0,12
2026-08-11,P15-89Y-RED,6,0,0,0,0,6
2026-08-11,P16-23Y-BLUE,13,0,1,0,0,12
2026-08-11,P16-23Y-BLACK,7,0,0,0,0,7
2026-08-11,P16-45Y-BLUE,9,0,0,0,0,9
2026-08-11,P16-45Y-BLACK,4,14,0,0,0,18
2026-08-11,P16-67Y-BLUE,6,0,0,0,0,6
2026-08-11,P16-67Y-BLACK,4,0,0,0,0,4
2026-08-11,P16-89Y-BLUE,11,0,0,0,0,11
2026-08-11,P16-89Y-BLACK,11,0,0,0,0,11
2026-08-11,P17-23Y-MAROON,11,0,0,0,0,11
2026-08-11,P17-23Y-MUSTARD,13,0,0,0,0,13
2026-08-11,P17-23Y-GREEN,10,0,1,0,0,9
2026-08-11,P17-45Y-MAROON,8,0,1,0,0,7
2026-08-11,P17-45Y-MUSTARD,13,0,0,0,0,13
2026-08-11,P17-45Y-GREEN,12,0,0,0,0,12
2026-08-11,P17-67Y-MAROON,19,0,0,0,0,19
2026-08-11,P17-67Y-MUSTARD,13,0,0,0,0,13
2026-08-11,P17-67Y-GREEN,9,0,0,0,0,9
2026-08-11,P17-89Y-MAROON,9,0,1,0,0,8
2026-08-11,P17-89Y-MUSTARD,9,0,0,0,0,9
2026-08-11,P17-89Y-GREEN,13,0,0,0,0,13
2026-08-11,P18-23Y-PINK,7,0,0,0,0,7
2026-08-11,P18-23Y-PEACH,8,0,0,0,0,8
2026-08-11,P18-23Y-MINT,11,0,0,0,0,11
2026-08-11,P18-45Y-PINK,9,0,0,0,0,9
2026-08-11,P18-45Y-PEACH,10,0,0,0,0,10
2026-08-11,P18-45Y-MINT,10,0,0,0,0,10
2026-08-11,P18-67Y-PINK,9,0,0,0,0,9
2026-08-11,P18-67Y-PEACH,14,0,0,0,0,14
2026-08-11,P18-67Y-MINT,12,0,0,0,0,12
2026-08-11,P18-89Y-PINK,13,0,0,0,0,13
2026-08-11,P18-89Y-PEACH,10,0,0,0,0,10
2026-08-11,P18-89Y-MINT,13,0,0,0,0,13
2026-08-11,P19-23Y-GREY,14,0,0,0,0,14
2026-08-11,P19-23Y-NAVY,11,0,0,0,0,11
2026-08-11,P19-23Y-BLACK,8,0,0,0,0,8
2026-08-11,P19-45Y-GREY,6,0,1,0,0,5
2026-08-11,P19-45Y-NAVY,8,0,0,0,0,8
2026-08-11,P19-45Y-BLACK,11,0,1,0,0,10
2026-08-11,P19-67Y-GREY,6,0,0,0,0,6
2026-08-11,P19-67Y-NAVY,8,0,0,0,0,8
2026-08-11,P19-67Y-BLACK,8,0,0,0,0,8
2026-08-11,P19-89Y-GREY,13,0,0,0,0,13
2026-08-11,P19-89Y-NAVY,6,0,0,0,0,6
2026-08-11,P19-89Y-BLACK,8,0,0,0,0,8
2026-08-11,P20-7-WHITE,14,0,0,0,0,14
2026-08-11,P20-7-BLACK,8,0,0,0,0,8
2026-08-11,P20-7-GREY,4,0,0,0,0,4
2026-08-11,P20-8-WHITE,8,0,0,0,0,8
2026-08-11,P20-8-BLACK,13,0,2,0,0,11
2026-08-11,P20-8-GREY,12,0,0,0,0,12
2026-08-11,P20-9-WHITE,6,0,0,0,0,6
2026-08-11,P20-9-BLACK,12,0,1,0,0,11
2026-08-11,P20-9-GREY,8,0,0,0,0,8
2026-08-11,P20-10-WHITE,12,0,0,0,0,12
2026-08-11,P20-10-BLACK,9,0,0,0,0,9
2026-08-11,P20-10-GREY,8,0,0,0,0,8
2026-08-11,P21-4-TAN,11,0,0,0,0,11
2026-08-11,P21-4-BLACK,7,0,0,0,0,7
2026-08-11,P21-4-GOLD,12,0,0,0,0,12
2026-08-11,P21-5-TAN,7,0,0,0,0,7
2026-08-11,P21-5-BLACK,8,0,0,0,0,8
2026-08-11,P21-5-GOLD,7,0,0,0,0,7
2026-08-11,P21-6-TAN,7,0,0,0,0,7
2026-08-11,P21-6-BLACK,8,0,0,0,0,8
2026-08-11,P21-6-GOLD,5,0,0,0,0,5
2026-08-11,P21-7-TAN,11,0,0,0,0,11
2026-08-11,P21-7-BLACK,4,11,0,0,0,15
2026-08-11,P21-7-GOLD,11,0,1,0,0,10
2026-08-11,P21-8-TAN,9,0,0,0,0,9
2026-08-11,P21-8-BLACK,10,0,0,0,0,10
2026-08-11,P21-8-GOLD,13,0,1,0,0,12
2026-08-11,P22-10C-BLUE,12,0,0,0,0,12
2026-08-11,P22-10C-PINK,9,0,0,0,0,9
2026-08-11,P22-10C-BLACK,9,0,0,0,0,9
2026-08-11,P22-11C-BLUE,10,0,1,0,0,9
2026-08-11,P22-11C-PINK,9,0,0,0,0,9
2026-08-11,P22-11C-BLACK,5,0,0,0,0,5
2026-08-11,P22-12C-BLUE,12,0,0,0,0,12
2026-08-11,P22-12C-PINK,8,0,0,0,0,8
2026-08-11,P22-12C-BLACK,10,0,0,0,0,10
2026-08-11,P22-13C-BLUE,6,0,0,0,0,6
2026-08-11,P22-13C-PINK,10,0,0,0,0,10
2026-08-11,P22-13C-BLACK,7,0,0,0,0,7
2026-08-11,P22-1Y-BLUE,9,0,0,0,0,9
2026-08-11,P22-1Y-PINK,13,0,0,0,0,13
2026-08-11,P22-1Y-BLACK,12,0,0,0,0,12
2026-08-11,P23-7-BLACK,7,0,0,0,0,7
2026-08-11,P23-7-NAVY,20,0,2,0,0,18
2026-08-11,P23-7-GREY,9,0,0,0,0,9
2026-08-11,P23-8-BLACK,7,0,0,0,0,7
2026-08-11,P23-8-NAVY,6,0,3,0,0,3
2026-08-11,P23-8-GREY,6,0,0,0,0,6
2026-08-11,P23-9-BLACK,7,0,0,0,0,7
2026-08-11,P23-9-NAVY,10,0,0,0,0,10
2026-08-11,P23-9-GREY,17,0,0,0,0,17
2026-08-11,P23-10-BLACK,20,0,2,0,0,18
2026-08-11,P23-10-NAVY,8,0,0,0,0,8
2026-08-11,P23-10-GREY,11,0,0,0,0,11
2026-08-11,P24-ONESIZE-BLACK,12,0,0,0,0,12
2026-08-11,P24-ONESIZE-TAN,14,0,1,0,0,13
2026-08-11,P24-ONESIZE-MAROON,12,0,0,0,0,12
2026-08-11,P25-ONESIZE-BLACK,9,0,1,0,0,8
2026-08-11,P25-ONESIZE-PINK,7,0,0,0,0,7
2026-08-11,P25-ONESIZE-BEIGE,8,0,0,0,0,8
2026-08-11,P26-32-BLACK,12,0,0,0,0,12
2026-08-11,P26-32-BROWN,14,0,0,0,0,14
2026-08-11,P26-34-BLACK,10,0,0,0,0,10
2026-08-11,P26-34-BROWN,11,0,0,0,0,11
2026-08-11,P26-36-BLACK,10,0,0,0,0,10
2026-08-11,P26-36-BROWN,12,0,1,0,0,11
2026-08-11,P26-38-BLACK,7,0,0,0,0,7
2026-08-11,P26-38-BROWN,10,0,0,0,0,10
2026-08-11,P27-ONESIZE-BLACK,6,0,0,0,0,6
2026-08-11,P27-ONESIZE-BROWN,10,0,0,0,0,10
2026-08-11,P27-ONESIZE-TAN,9,0,0,0,0,9
2026-08-11,P28-ONESIZE-MULTICOL,11,0,0,0,0,11
2026-08-11,P28-ONESIZE-PINK,9,0,3,0,0,6
2026-08-11,P28-ONESIZE-BLACK,6,0,0,0,0,6
2026-08-11,P29-ONESIZE-BLACK,13,0,2,0,0,11
2026-08-11,P29-ONESIZE-NAVY,12,0,0,0,0,12
2026-08-11,P29-ONESIZE-BEIGE,8,0,0,0,0,8
2026-08-11,P30-ONESIZE-FLORAL,23,0,0,0,0,23
2026-08-11,P30-ONESIZE-MAROON,23,0,0,0,0,23
2026-08-11,P30-ONESIZE-TEAL,23,0,0,0,0,23
2026-08-11,P31-ONESIZE-RED,12,0,0,0,0,12
2026-08-11,P31-ONESIZE-MUSTARD,8,0,0,0,0,8
2026-08-11,P31-ONESIZE-GREEN,13,0,0,0,0,13
2026-08-11,P32-4-BLACK,9,0,0,0,0,9
2026-08-11,P32-4-BEIGE,7,0,0,0,0,7
2026-08-11,P32-4-SILVER,10,0,0,0,0,10
2026-08-11,P32-5-BLACK,10,0,0,0,0,10
2026-08-11,P32-5-BEIGE,13,0,0,0,0,13
2026-08-11,P32-5-SILVER,8,0,0,0,0,8
2026-08-11,P32-6-BLACK,7,0,0,0,0,7
2026-08-11,P32-6-BEIGE,15,0,0,0,0,15
2026-08-11,P32-6-SILVER,12,0,0,0,0,12
2026-08-11,P32-7-BLACK,3,0,0,0,0,3
2026-08-11,P32-7-BEIGE,11,0,0,0,0,11
2026-08-11,P32-7-SILVER,5,0,0,0,0,5
2026-08-11,P32-8-BLACK,7,0,0,0,0,7
2026-08-11,P32-8-BEIGE,7,0,0,0,0,7
2026-08-11,P32-8-SILVER,5,0,1,0,0,4
2026-08-12,P01-S-WHITE,12,0,0,0,0,12
2026-08-12,P01-S-BLACK,9,0,0,0,0,9
2026-08-12,P01-S-NAVY,17,0,0,0,0,17
2026-08-12,P01-S-OLIVE,10,0,1,0,0,9
2026-08-12,P01-M-WHITE,6,0,1,0,0,5
2026-08-12,P01-M-BLACK,12,0,2,0,0,10
2026-08-12,P01-M-NAVY,3,0,0,0,0,3
2026-08-12,P01-M-OLIVE,13,0,1,0,0,12
2026-08-12,P01-L-WHITE,11,0,1,0,0,10
2026-08-12,P01-L-BLACK,6,0,2,0,0,4
2026-08-12,P01-L-NAVY,7,0,1,0,0,6
2026-08-12,P01-L-OLIVE,8,0,0,0,0,8
2026-08-12,P01-XL-WHITE,10,0,1,0,0,9
2026-08-12,P01-XL-BLACK,10,0,1,0,0,9
2026-08-12,P01-XL-NAVY,16,0,1,0,0,15
2026-08-12,P01-XL-OLIVE,9,0,2,0,0,7
2026-08-12,P02-S-NAVY,8,0,0,0,0,8
2026-08-12,P02-S-MAROON,9,0,0,0,0,9
2026-08-12,P02-S-GREY,16,0,0,0,0,16
2026-08-12,P02-M-NAVY,8,0,0,0,0,8
2026-08-12,P02-M-MAROON,8,0,0,0,0,8
2026-08-12,P02-M-GREY,15,0,1,0,0,14
2026-08-12,P02-L-NAVY,11,0,1,0,0,10
2026-08-12,P02-L-MAROON,11,0,0,0,0,11
2026-08-12,P02-L-GREY,14,0,0,0,0,14
2026-08-12,P02-XL-NAVY,11,0,0,0,0,11
2026-08-12,P02-XL-MAROON,19,0,0,0,0,19
2026-08-12,P02-XL-GREY,8,0,0,0,0,8
2026-08-12,P03-30-NAVY,10,0,4,0,0,6
2026-08-12,P03-30-BLACK,10,0,0,0,0,10
2026-08-12,P03-30-LIGHTBLU,14,0,1,0,0,13
2026-08-12,P03-32-NAVY,11,0,1,0,0,10
2026-08-12,P03-32-BLACK,8,0,1,0,0,7
2026-08-12,P03-32-LIGHTBLU,9,0,0,0,0,9
2026-08-12,P03-34-NAVY,7,0,0,0,0,7
2026-08-12,P03-34-BLACK,7,0,1,0,0,6
2026-08-12,P03-34-LIGHTBLU,1,15,0,0,0,16
2026-08-12,P03-36-NAVY,30,0,0,0,0,30
2026-08-12,P03-36-BLACK,28,0,0,0,0,28
2026-08-12,P03-36-LIGHTBLU,30,0,0,0,0,30
2026-08-12,P04-30-BEIGE,6,0,0,0,0,6
2026-08-12,P04-30-OLIVE,9,0,0,0,0,9
2026-08-12,P04-30-NAVY,9,0,0,0,0,9
2026-08-12,P04-32-BEIGE,7,0,3,0,0,4
2026-08-12,P04-32-OLIVE,13,0,0,0,0,13
2026-08-12,P04-32-NAVY,9,0,0,0,0,9
2026-08-12,P04-34-BEIGE,9,0,0,0,0,9
2026-08-12,P04-34-OLIVE,9,0,0,0,0,9
2026-08-12,P04-34-NAVY,10,0,1,0,0,9
2026-08-12,P04-36-BEIGE,9,0,0,0,0,9
2026-08-12,P04-36-OLIVE,9,0,0,0,0,9
2026-08-12,P04-36-NAVY,6,0,0,0,0,6
2026-08-12,P05-S-WHITE,10,0,0,0,0,10
2026-08-12,P05-S-BLUE,16,0,0,0,0,16
2026-08-12,P05-S-GREY,14,0,0,0,0,14
2026-08-12,P05-M-WHITE,4,0,0,0,0,4
2026-08-12,P05-M-BLUE,14,0,0,0,0,14
2026-08-12,P05-M-GREY,19,0,0,0,0,19
2026-08-12,P05-L-WHITE,10,0,0,0,0,10
2026-08-12,P05-L-BLUE,5,0,0,0,0,5
2026-08-12,P05-L-GREY,3,0,0,0,0,3
2026-08-12,P05-XL-WHITE,10,0,1,0,0,9
2026-08-12,P05-XL-BLUE,12,0,0,0,0,12
2026-08-12,P05-XL-GREY,13,0,1,0,0,12
2026-08-12,P06-S-BLACK,6,0,0,0,0,6
2026-08-12,P06-S-WHITE,15,0,0,0,0,15
2026-08-12,P06-S-RED,11,0,2,0,0,9
2026-08-12,P06-M-BLACK,5,0,2,0,0,3
2026-08-12,P06-M-WHITE,18,0,3,0,0,15
2026-08-12,P06-M-RED,13,0,0,0,0,13
2026-08-12,P06-L-BLACK,2,0,1,0,0,1
2026-08-12,P06-L-WHITE,6,0,2,0,0,4
2026-08-12,P06-L-RED,5,0,0,0,0,5
2026-08-12,P06-XL-BLACK,5,0,1,0,0,4
2026-08-12,P06-XL-WHITE,13,0,0,0,0,13
2026-08-12,P06-XL-RED,10,0,0,0,0,10
2026-08-12,P07-XS-MUSTARD,19,0,0,0,0,19
2026-08-12,P07-XS-TEAL,13,0,0,0,0,13
2026-08-12,P07-XS-MAROON,12,0,1,0,0,11
2026-08-12,P07-S-MUSTARD,7,0,1,0,0,6
2026-08-12,P07-S-TEAL,9,0,0,0,0,9
2026-08-12,P07-S-MAROON,11,0,1,0,0,10
2026-08-12,P07-M-MUSTARD,7,0,1,0,0,6
2026-08-12,P07-M-TEAL,0,0,0,0,0,0
2026-08-12,P07-M-MAROON,5,0,1,0,0,4
2026-08-12,P07-L-MUSTARD,15,0,0,0,0,15
2026-08-12,P07-L-TEAL,9,0,1,0,0,8
2026-08-12,P07-L-MAROON,1,14,2,0,0,13
2026-08-12,P07-XL-MUSTARD,18,0,0,0,0,18
2026-08-12,P07-XL-TEAL,13,0,0,0,0,13
2026-08-12,P07-XL-MAROON,11,0,0,0,0,11
2026-08-12,P08-XS-PINK,11,0,0,0,0,11
2026-08-12,P08-XS-BLUE,16,0,0,0,0,16
2026-08-12,P08-XS-GREEN,11,0,0,0,0,11
2026-08-12,P08-S-PINK,12,0,0,0,0,12
2026-08-12,P08-S-BLUE,11,0,0,0,0,11
2026-08-12,P08-S-GREEN,10,0,0,0,0,10
2026-08-12,P08-M-PINK,6,0,0,0,0,6
2026-08-12,P08-M-BLUE,10,0,0,0,0,10
2026-08-12,P08-M-GREEN,8,0,0,0,0,8
2026-08-12,P08-L-PINK,8,0,3,0,0,5
2026-08-12,P08-L-BLUE,11,0,1,0,0,10
2026-08-12,P08-L-GREEN,6,0,0,0,0,6
2026-08-12,P08-XL-PINK,11,0,0,0,0,11
2026-08-12,P08-XL-BLUE,15,0,0,0,0,15
2026-08-12,P08-XL-GREEN,10,0,0,0,0,10
2026-08-12,P09-XS-BLACK,12,0,0,0,0,12
2026-08-12,P09-XS-BEIGE,12,0,0,0,0,12
2026-08-12,P09-XS-NAVY,13,0,0,0,0,13
2026-08-12,P09-S-BLACK,13,0,1,0,0,12
2026-08-12,P09-S-BEIGE,12,0,1,0,0,11
2026-08-12,P09-S-NAVY,11,0,1,0,0,10
2026-08-12,P09-M-BLACK,4,0,0,0,0,4
2026-08-12,P09-M-BEIGE,13,0,1,0,0,12
2026-08-12,P09-M-NAVY,9,0,0,0,0,9
2026-08-12,P09-L-BLACK,8,0,0,0,0,8
2026-08-12,P09-L-BEIGE,5,0,0,0,0,5
2026-08-12,P09-L-NAVY,10,0,1,0,0,9
2026-08-12,P09-XL-BLACK,10,0,0,0,0,10
2026-08-12,P09-XL-BEIGE,12,0,1,0,0,11
2026-08-12,P09-XL-NAVY,11,0,0,0,0,11
2026-08-12,P10-XS-INDIGO,14,0,0,0,0,14
2026-08-12,P10-XS-BLACK,9,0,0,0,0,9
2026-08-12,P10-S-INDIGO,6,0,0,0,0,6
2026-08-12,P10-S-BLACK,11,0,1,0,0,10
2026-08-12,P10-M-INDIGO,5,0,0,0,0,5
2026-08-12,P10-M-BLACK,3,0,0,0,0,3
2026-08-12,P10-L-INDIGO,5,0,0,0,0,5
2026-08-12,P10-L-BLACK,6,0,3,0,0,3
2026-08-12,P10-XL-INDIGO,11,0,1,0,0,10
2026-08-12,P10-XL-BLACK,12,0,0,0,0,12
2026-08-12,P11-XS-WHITE,15,0,0,0,0,15
2026-08-12,P11-XS-LAVENDER,17,0,0,0,0,17
2026-08-12,P11-XS-BLACK,8,0,0,0,0,8
2026-08-12,P11-S-WHITE,10,0,0,0,0,10
2026-08-12,P11-S-LAVENDER,14,0,2,0,0,12
2026-08-12,P11-S-BLACK,5,0,0,0,0,5
2026-08-12,P11-M-WHITE,5,0,0,0,0,5
2026-08-12,P11-M-LAVENDER,11,0,1,0,0,10
2026-08-12,P11-M-BLACK,17,0,0,0,0,17
2026-08-12,P11-L-WHITE,13,0,0,0,0,13
2026-08-12,P11-L-LAVENDER,20,0,1,0,0,19
2026-08-12,P11-L-BLACK,4,0,0,0,0,4
2026-08-12,P12-XS-RED,14,0,0,0,0,14
2026-08-12,P12-XS-BLUE,13,0,0,0,0,13
2026-08-12,P12-XS-WHITE,13,0,0,0,0,13
2026-08-12,P12-S-RED,12,0,0,0,0,12
2026-08-12,P12-S-BLUE,5,0,0,0,0,5
2026-08-12,P12-S-WHITE,9,0,0,0,0,9
2026-08-12,P12-M-RED,14,0,0,0,0,14
2026-08-12,P12-M-BLUE,8,0,0,0,0,8
2026-08-12,P12-M-WHITE,18,0,0,0,0,18
2026-08-12,P12-L-RED,10,0,0,0,0,10
2026-08-12,P12-L-BLUE,18,0,1,0,0,17
2026-08-12,P12-L-WHITE,8,0,0,0,0,8
2026-08-12,P12-XL-RED,7,0,0,0,0,7
2026-08-12,P12-XL-BLUE,9,0,0,0,0,9
2026-08-12,P12-XL-WHITE,10,0,2,0,0,8
2026-08-12,P13-S-WINE,24,0,0,0,0,24
2026-08-12,P13-S-EMERALD,28,0,0,0,0,28
2026-08-12,P13-S-NAVY,22,0,1,0,0,21
2026-08-12,P13-M-WINE,30,0,0,0,0,30
2026-08-12,P13-M-EMERALD,23,0,0,0,0,23
2026-08-12,P13-M-NAVY,29,0,0,0,0,29
2026-08-12,P13-L-WINE,25,0,0,0,0,25
2026-08-12,P13-L-EMERALD,26,0,0,0,0,26
2026-08-12,P13-L-NAVY,23,0,0,0,0,23
2026-08-12,P13-XL-WINE,28,0,0,0,0,28
2026-08-12,P13-XL-EMERALD,27,0,0,0,0,27
2026-08-12,P13-XL-NAVY,28,0,0,0,0,28
2026-08-12,P14-XS-TEAL,15,0,0,0,0,15
2026-08-12,P14-XS-MUSTARD,13,0,0,0,0,13
2026-08-12,P14-XS-MAROON,12,0,0,0,0,12
2026-08-12,P14-S-TEAL,14,0,0,0,0,14
2026-08-12,P14-S-MUSTARD,15,0,0,0,0,15
2026-08-12,P14-S-MAROON,8,0,0,0,0,8
2026-08-12,P14-M-TEAL,14,0,0,0,0,14
2026-08-12,P14-M-MUSTARD,7,0,0,0,0,7
2026-08-12,P14-M-MAROON,10,0,0,0,0,10
2026-08-12,P14-L-TEAL,7,0,0,0,0,7
2026-08-12,P14-L-MUSTARD,6,0,1,0,0,5
2026-08-12,P14-L-MAROON,8,0,0,0,0,8
2026-08-12,P14-XL-TEAL,15,0,0,0,0,15
2026-08-12,P14-XL-MUSTARD,14,0,0,0,0,14
2026-08-12,P14-XL-MAROON,11,0,1,0,0,10
2026-08-12,P15-23Y-YELLOW,11,0,0,0,0,11
2026-08-12,P15-23Y-BLUE,8,0,1,0,0,7
2026-08-12,P15-23Y-RED,17,0,0,0,0,17
2026-08-12,P15-45Y-YELLOW,4,11,0,0,0,15
2026-08-12,P15-45Y-BLUE,10,0,3,0,0,7
2026-08-12,P15-45Y-RED,10,0,0,0,0,10
2026-08-12,P15-67Y-YELLOW,10,0,0,0,0,10
2026-08-12,P15-67Y-BLUE,12,0,1,0,0,11
2026-08-12,P15-67Y-RED,4,0,0,0,0,4
2026-08-12,P15-89Y-YELLOW,10,0,1,0,0,9
2026-08-12,P15-89Y-BLUE,12,0,1,0,0,11
2026-08-12,P15-89Y-RED,6,0,1,0,0,5
2026-08-12,P16-23Y-BLUE,12,0,0,0,0,12
2026-08-12,P16-23Y-BLACK,7,0,0,0,0,7
2026-08-12,P16-45Y-BLUE,9,0,0,0,0,9
2026-08-12,P16-45Y-BLACK,18,0,2,0,0,16
2026-08-12,P16-67Y-BLUE,6,0,0,0,0,6
2026-08-12,P16-67Y-BLACK,4,0,1,0,0,3
2026-08-12,P16-89Y-BLUE,11,0,0,0,0,11
2026-08-12,P16-89Y-BLACK,11,0,0,0,0,11
2026-08-12,P17-23Y-MAROON,11,0,0,0,0,11
2026-08-12,P17-23Y-MUSTARD,13,0,0,0,0,13
2026-08-12,P17-23Y-GREEN,9,0,0,0,0,9
2026-08-12,P17-45Y-MAROON,7,0,0,0,0,7
2026-08-12,P17-45Y-MUSTARD,13,0,1,0,0,12
2026-08-12,P17-45Y-GREEN,12,0,1,0,0,11
2026-08-12,P17-67Y-MAROON,19,0,0,0,0,19
2026-08-12,P17-67Y-MUSTARD,13,0,1,0,0,12
2026-08-12,P17-67Y-GREEN,9,0,0,0,0,9
2026-08-12,P17-89Y-MAROON,8,0,1,0,0,7
2026-08-12,P17-89Y-MUSTARD,9,0,0,0,0,9
2026-08-12,P17-89Y-GREEN,13,0,0,0,0,13
2026-08-12,P18-23Y-PINK,7,0,0,0,0,7
2026-08-12,P18-23Y-PEACH,8,0,0,0,0,8
2026-08-12,P18-23Y-MINT,11,0,2,0,0,9
2026-08-12,P18-45Y-PINK,9,0,2,0,0,7
2026-08-12,P18-45Y-PEACH,10,0,0,0,0,10
2026-08-12,P18-45Y-MINT,10,0,0,0,0,10
2026-08-12,P18-67Y-PINK,9,0,0,0,0,9
2026-08-12,P18-67Y-PEACH,14,0,0,0,0,14
2026-08-12,P18-67Y-MINT,12,0,1,0,0,11
2026-08-12,P18-89Y-PINK,13,0,0,0,0,13
2026-08-12,P18-89Y-PEACH,10,0,0,0,0,10
2026-08-12,P18-89Y-MINT,13,0,0,0,0,13
2026-08-12,P19-23Y-GREY,14,0,0,0,0,14
2026-08-12,P19-23Y-NAVY,11,0,0,0,0,11
2026-08-12,P19-23Y-BLACK,8,0,0,0,0,8
2026-08-12,P19-45Y-GREY,5,0,2,0,0,3
2026-08-12,P19-45Y-NAVY,8,0,0,0,0,8
2026-08-12,P19-45Y-BLACK,10,0,1,0,0,9
2026-08-12,P19-67Y-GREY,6,0,1,0,0,5
2026-08-12,P19-67Y-NAVY,8,0,2,0,0,6
2026-08-12,P19-67Y-BLACK,8,0,0,0,0,8
2026-08-12,P19-89Y-GREY,13,0,0,0,0,13
2026-08-12,P19-89Y-NAVY,6,0,0,0,0,6
2026-08-12,P19-89Y-BLACK,8,0,0,0,0,8
2026-08-12,P20-7-WHITE,14,0,0,0,0,14
2026-08-12,P20-7-BLACK,8,0,1,0,0,7
2026-08-12,P20-7-GREY,4,0,1,0,0,3
2026-08-12,P20-8-WHITE,8,0,0,0,0,8
2026-08-12,P20-8-BLACK,11,0,0,0,0,11
2026-08-12,P20-8-GREY,12,0,0,0,0,12
2026-08-12,P20-9-WHITE,6,0,0,0,0,6
2026-08-12,P20-9-BLACK,11,0,1,0,0,10
2026-08-12,P20-9-GREY,8,0,0,0,0,8
2026-08-12,P20-10-WHITE,12,0,0,0,0,12
2026-08-12,P20-10-BLACK,9,0,0,0,0,9
2026-08-12,P20-10-GREY,8,0,0,0,0,8
2026-08-12,P21-4-TAN,11,0,0,0,0,11
2026-08-12,P21-4-BLACK,7,0,0,0,0,7
2026-08-12,P21-4-GOLD,12,0,0,0,0,12
2026-08-12,P21-5-TAN,7,0,0,0,0,7
2026-08-12,P21-5-BLACK,8,0,0,0,0,8
2026-08-12,P21-5-GOLD,7,0,0,0,0,7
2026-08-12,P21-6-TAN,7,0,1,0,0,6
2026-08-12,P21-6-BLACK,8,0,0,0,0,8
2026-08-12,P21-6-GOLD,5,0,0,0,0,5
2026-08-12,P21-7-TAN,11,0,0,0,0,11
2026-08-12,P21-7-BLACK,15,0,2,0,0,13
2026-08-12,P21-7-GOLD,10,0,1,0,0,9
2026-08-12,P21-8-TAN,9,0,0,0,0,9
2026-08-12,P21-8-BLACK,10,0,0,0,0,10
2026-08-12,P21-8-GOLD,12,0,3,0,0,9
2026-08-12,P22-10C-BLUE,12,0,0,0,0,12
2026-08-12,P22-10C-PINK,9,0,0,0,0,9
2026-08-12,P22-10C-BLACK,9,0,0,0,0,9
2026-08-12,P22-11C-BLUE,9,0,0,0,0,9
2026-08-12,P22-11C-PINK,9,0,0,0,0,9
2026-08-12,P22-11C-BLACK,5,0,0,0,0,5
2026-08-12,P22-12C-BLUE,12,0,0,0,0,12
2026-08-12,P22-12C-PINK,8,0,0,0,0,8
2026-08-12,P22-12C-BLACK,10,0,1,0,0,9
2026-08-12,P22-13C-BLUE,6,0,0,0,0,6
2026-08-12,P22-13C-PINK,10,0,0,0,0,10
2026-08-12,P22-13C-BLACK,7,0,0,0,0,7
2026-08-12,P22-1Y-BLUE,9,0,0,0,0,9
2026-08-12,P22-1Y-PINK,13,0,0,0,0,13
2026-08-12,P22-1Y-BLACK,12,0,2,0,0,10
2026-08-12,P23-7-BLACK,7,0,0,0,0,7
2026-08-12,P23-7-NAVY,18,0,0,0,0,18
2026-08-12,P23-7-GREY,9,0,0,0,0,9
2026-08-12,P23-8-BLACK,7,0,0,0,0,7
2026-08-12,P23-8-NAVY,3,0,2,0,0,1
2026-08-12,P23-8-GREY,6,0,1,0,0,5
2026-08-12,P23-9-BLACK,7,0,0,0,0,7
2026-08-12,P23-9-NAVY,10,0,0,0,0,10
2026-08-12,P23-9-GREY,17,0,1,0,0,16
2026-08-12,P23-10-BLACK,18,0,1,0,0,17
2026-08-12,P23-10-NAVY,8,0,0,0,0,8
2026-08-12,P23-10-GREY,11,0,2,0,0,9
2026-08-12,P24-ONESIZE-BLACK,12,0,0,0,0,12
2026-08-12,P24-ONESIZE-TAN,13,0,0,0,0,13
2026-08-12,P24-ONESIZE-MAROON,12,0,0,0,0,12
2026-08-12,P25-ONESIZE-BLACK,8,0,2,0,0,6
2026-08-12,P25-ONESIZE-PINK,7,0,2,0,0,5
2026-08-12,P25-ONESIZE-BEIGE,8,0,0,0,0,8
2026-08-12,P26-32-BLACK,12,0,0,0,0,12
2026-08-12,P26-32-BROWN,14,0,0,0,0,14
2026-08-12,P26-34-BLACK,10,0,0,0,0,10
2026-08-12,P26-34-BROWN,11,0,0,0,0,11
2026-08-12,P26-36-BLACK,10,0,0,0,0,10
2026-08-12,P26-36-BROWN,11,0,0,0,0,11
2026-08-12,P26-38-BLACK,7,0,1,0,0,6
2026-08-12,P26-38-BROWN,10,0,0,0,0,10
2026-08-12,P27-ONESIZE-BLACK,6,0,3,0,0,3
2026-08-12,P27-ONESIZE-BROWN,10,0,0,0,0,10
2026-08-12,P27-ONESIZE-TAN,9,0,0,0,0,9
2026-08-12,P28-ONESIZE-MULTICOL,11,0,1,0,0,10
2026-08-12,P28-ONESIZE-PINK,6,0,0,0,0,6
2026-08-12,P28-ONESIZE-BLACK,6,0,0,0,0,6
2026-08-12,P29-ONESIZE-BLACK,11,0,0,0,0,11
2026-08-12,P29-ONESIZE-NAVY,12,0,0,0,0,12
2026-08-12,P29-ONESIZE-BEIGE,8,0,1,0,0,7
2026-08-12,P30-ONESIZE-FLORAL,23,0,0,0,0,23
2026-08-12,P30-ONESIZE-MAROON,23,0,0,0,0,23
2026-08-12,P30-ONESIZE-TEAL,23,0,0,0,0,23
2026-08-12,P31-ONESIZE-RED,12,0,0,0,0,12
2026-08-12,P31-ONESIZE-MUSTARD,8,0,0,0,0,8
2026-08-12,P31-ONESIZE-GREEN,13,0,0,0,0,13
2026-08-12,P32-4-BLACK,9,0,0,0,0,9
2026-08-12,P32-4-BEIGE,7,0,1,0,0,6
2026-08-12,P32-4-SILVER,10,0,0,0,0,10
2026-08-12,P32-5-BLACK,10,0,0,0,0,10
2026-08-12,P32-5-BEIGE,13,0,0,0,0,13
2026-08-12,P32-5-SILVER,8,0,0,0,0,8
2026-08-12,P32-6-BLACK,7,0,0,0,0,7
2026-08-12,P32-6-BEIGE,15,0,0,0,0,15
2026-08-12,P32-6-SILVER,12,0,1,0,0,11
2026-08-12,P32-7-BLACK,3,16,0,0,0,19
2026-08-12,P32-7-BEIGE,11,0,0,0,0,11
2026-08-12,P32-7-SILVER,5,0,0,0,0,5
2026-08-12,P32-8-BLACK,7,0,0,0,0,7
2026-08-12,P32-8-BEIGE,7,0,0,0,0,7
2026-08-12,P32-8-SILVER,4,0,0,0,0,4
2026-08-13,P01-S-WHITE,12,0,0,0,0,12
2026-08-13,P01-S-BLACK,9,0,0,0,0,9
2026-08-13,P01-S-NAVY,17,0,2,0,0,15
2026-08-13,P01-S-OLIVE,9,0,0,0,0,9
2026-08-13,P01-M-WHITE,5,0,0,0,0,5
2026-08-13,P01-M-BLACK,10,0,2,0,0,8
2026-08-13,P01-M-NAVY,3,18,2,0,0,19
2026-08-13,P01-M-OLIVE,12,0,2,0,0,10
2026-08-13,P01-L-WHITE,10,0,2,0,0,8
2026-08-13,P01-L-BLACK,4,0,0,0,0,4
2026-08-13,P01-L-NAVY,6,0,1,0,0,5
2026-08-13,P01-L-OLIVE,8,0,2,0,0,6
2026-08-13,P01-XL-WHITE,9,0,2,0,0,7
2026-08-13,P01-XL-BLACK,9,0,0,0,0,9
2026-08-13,P01-XL-NAVY,15,0,2,0,0,13
2026-08-13,P01-XL-OLIVE,7,0,0,0,0,7
2026-08-13,P02-S-NAVY,8,0,0,0,0,8
2026-08-13,P02-S-MAROON,9,0,0,0,0,9
2026-08-13,P02-S-GREY,16,0,1,0,0,15
2026-08-13,P02-M-NAVY,8,0,0,0,0,8
2026-08-13,P02-M-MAROON,8,0,1,0,0,7
2026-08-13,P02-M-GREY,14,0,1,0,0,13
2026-08-13,P02-L-NAVY,10,0,0,0,0,10
2026-08-13,P02-L-MAROON,11,0,0,0,0,11
2026-08-13,P02-L-GREY,14,0,1,0,0,13
2026-08-13,P02-XL-NAVY,11,0,1,0,0,10
2026-08-13,P02-XL-MAROON,19,0,1,0,0,18
2026-08-13,P02-XL-GREY,8,0,0,0,0,8
2026-08-13,P03-30-NAVY,6,0,1,0,0,5
2026-08-13,P03-30-BLACK,10,0,1,0,0,9
2026-08-13,P03-30-LIGHTBLU,13,0,0,0,0,13
2026-08-13,P03-32-NAVY,10,0,4,0,0,6
2026-08-13,P03-32-BLACK,7,0,0,0,0,7
2026-08-13,P03-32-LIGHTBLU,9,0,0,0,0,9
2026-08-13,P03-34-NAVY,7,0,2,0,0,5
2026-08-13,P03-34-BLACK,6,0,1,0,0,5
2026-08-13,P03-34-LIGHTBLU,16,0,0,0,0,16
2026-08-13,P03-36-NAVY,30,0,1,0,0,29
2026-08-13,P03-36-BLACK,28,0,0,0,0,28
2026-08-13,P03-36-LIGHTBLU,30,0,0,0,0,30
2026-08-13,P04-30-BEIGE,6,0,0,0,0,6
2026-08-13,P04-30-OLIVE,9,0,0,0,0,9
2026-08-13,P04-30-NAVY,9,0,0,0,0,9
2026-08-13,P04-32-BEIGE,4,11,1,0,0,14
2026-08-13,P04-32-OLIVE,13,0,1,0,0,12
2026-08-13,P04-32-NAVY,9,0,0,0,0,9
2026-08-13,P04-34-BEIGE,9,0,0,0,0,9
2026-08-13,P04-34-OLIVE,9,0,0,0,0,9
2026-08-13,P04-34-NAVY,9,0,0,0,0,9
2026-08-13,P04-36-BEIGE,9,0,0,0,0,9
2026-08-13,P04-36-OLIVE,9,0,0,0,0,9
2026-08-13,P04-36-NAVY,6,0,1,0,0,5
2026-08-13,P05-S-WHITE,10,0,0,0,0,10
2026-08-13,P05-S-BLUE,16,0,0,0,0,16
2026-08-13,P05-S-GREY,14,0,0,0,0,14
2026-08-13,P05-M-WHITE,4,0,1,0,0,3
2026-08-13,P05-M-BLUE,14,0,2,0,0,12
2026-08-13,P05-M-GREY,19,0,0,0,0,19
2026-08-13,P05-L-WHITE,10,0,2,0,0,8
2026-08-13,P05-L-BLUE,5,0,2,0,0,3
2026-08-13,P05-L-GREY,3,12,0,0,0,15
2026-08-13,P05-XL-WHITE,9,0,0,0,0,9
2026-08-13,P05-XL-BLUE,12,0,0,0,0,12
2026-08-13,P05-XL-GREY,12,0,1,0,0,11
2026-08-13,P06-S-BLACK,6,0,0,0,0,6
2026-08-13,P06-S-WHITE,15,0,2,0,0,13
2026-08-13,P06-S-RED,9,0,1,0,0,8
2026-08-13,P06-M-BLACK,3,0,2,0,0,1
2026-08-13,P06-M-WHITE,15,0,0,0,0,15
2026-08-13,P06-M-RED,13,0,2,0,0,11
2026-08-13,P06-L-BLACK,1,0,0,0,0,1
2026-08-13,P06-L-WHITE,4,0,0,0,0,4
2026-08-13,P06-L-RED,5,0,1,0,0,4
2026-08-13,P06-XL-BLACK,4,12,0,0,0,16
2026-08-13,P06-XL-WHITE,13,0,0,0,0,13
2026-08-13,P06-XL-RED,10,0,1,0,0,9
2026-08-13,P07-XS-MUSTARD,19,0,0,0,0,19
2026-08-13,P07-XS-TEAL,13,0,0,0,0,13
2026-08-13,P07-XS-MAROON,11,0,0,0,0,11
2026-08-13,P07-S-MUSTARD,6,0,0,0,0,6
2026-08-13,P07-S-TEAL,9,0,1,0,0,8
2026-08-13,P07-S-MAROON,10,0,0,0,0,10
2026-08-13,P07-M-MUSTARD,6,0,3,0,0,3
2026-08-13,P07-M-TEAL,0,0,0,0,0,0
2026-08-13,P07-M-MAROON,4,0,3,0,0,1
2026-08-13,P07-L-MUSTARD,15,0,2,0,0,13
2026-08-13,P07-L-TEAL,8,0,0,0,0,8
2026-08-13,P07-L-MAROON,13,0,1,0,0,12
2026-08-13,P07-XL-MUSTARD,18,0,0,0,0,18
2026-08-13,P07-XL-TEAL,13,0,0,0,0,13
2026-08-13,P07-XL-MAROON,11,0,1,0,0,10
2026-08-13,P08-XS-PINK,11,0,0,0,0,11
2026-08-13,P08-XS-BLUE,16,0,0,0,0,16
2026-08-13,P08-XS-GREEN,11,0,0,0,0,11
2026-08-13,P08-S-PINK,12,0,1,0,0,11
2026-08-13,P08-S-BLUE,11,0,0,0,0,11
2026-08-13,P08-S-GREEN,10,0,0,0,0,10
2026-08-13,P08-M-PINK,6,0,0,0,0,6
2026-08-13,P08-M-BLUE,10,0,0,0,0,10
2026-08-13,P08-M-GREEN,8,0,0,0,0,8
2026-08-13,P08-L-PINK,5,0,2,0,0,3
2026-08-13,P08-L-BLUE,10,0,0,0,0,10
2026-08-13,P08-L-GREEN,6,0,0,0,0,6
2026-08-13,P08-XL-PINK,11,0,0,0,0,11
2026-08-13,P08-XL-BLUE,15,0,0,0,0,15
2026-08-13,P08-XL-GREEN,10,0,0,0,0,10
2026-08-13,P09-XS-BLACK,12,0,0,0,0,12
2026-08-13,P09-XS-BEIGE,12,0,0,0,0,12
2026-08-13,P09-XS-NAVY,13,0,0,0,0,13
2026-08-13,P09-S-BLACK,12,0,1,0,0,11
2026-08-13,P09-S-BEIGE,11,0,2,0,0,9
2026-08-13,P09-S-NAVY,10,0,0,0,0,10
2026-08-13,P09-M-BLACK,4,0,0,0,0,4
2026-08-13,P09-M-BEIGE,12,0,2,0,0,10
2026-08-13,P09-M-NAVY,9,0,0,0,0,9
2026-08-13,P09-L-BLACK,8,0,0,0,0,8
2026-08-13,P09-L-BEIGE,5,0,2,0,0,3
2026-08-13,P09-L-NAVY,9,0,0,0,0,9
2026-08-13,P09-XL-BLACK,10,0,0,0,0,10
2026-08-13,P09-XL-BEIGE,11,0,0,0,0,11
2026-08-13,P09-XL-NAVY,11,0,0,0,0,11
2026-08-13,P10-XS-INDIGO,14,0,0,0,0,14
2026-08-13,P10-XS-BLACK,9,0,0,0,0,9
2026-08-13,P10-S-INDIGO,6,0,1,0,0,5
2026-08-13,P10-S-BLACK,10,0,0,0,0,10
2026-08-13,P10-M-INDIGO,5,0,0,0,0,5
2026-08-13,P10-M-BLACK,3,13,0,0,0,16
2026-08-13,P10-L-INDIGO,5,0,2,0,0,3
2026-08-13,P10-L-BLACK,3,0,3,0,0,0
2026-08-13,P10-XL-INDIGO,10,0,0,0,0,10
2026-08-13,P10-XL-BLACK,12,0,0,0,0,12
2026-08-13,P11-XS-WHITE,15,0,0,0,0,15
2026-08-13,P11-XS-LAVENDER,17,0,0,0,0,17
2026-08-13,P11-XS-BLACK,8,0,1,0,0,7
2026-08-13,P11-S-WHITE,10,0,1,0,0,9
2026-08-13,P11-S-LAVENDER,12,0,0,0,0,12
2026-08-13,P11-S-BLACK,5,0,0,0,0,5
2026-08-13,P11-M-WHITE,5,0,1,0,0,4
2026-08-13,P11-M-LAVENDER,10,0,0,0,0,10
2026-08-13,P11-M-BLACK,17,0,1,0,0,16
2026-08-13,P11-L-WHITE,13,0,4,0,0,9
2026-08-13,P11-L-LAVENDER,19,0,1,0,0,18
2026-08-13,P11-L-BLACK,4,0,0,0,0,4
2026-08-13,P12-XS-RED,14,0,0,0,0,14
2026-08-13,P12-XS-BLUE,13,0,0,0,0,13
2026-08-13,P12-XS-WHITE,13,0,0,0,0,13
2026-08-13,P12-S-RED,12,0,0,0,0,12
2026-08-13,P12-S-BLUE,5,0,0,0,0,5
2026-08-13,P12-S-WHITE,9,0,0,0,0,9
2026-08-13,P12-M-RED,14,0,1,0,0,13
2026-08-13,P12-M-BLUE,8,0,1,0,0,7
2026-08-13,P12-M-WHITE,18,0,2,0,0,16
2026-08-13,P12-L-RED,10,0,0,0,0,10
2026-08-13,P12-L-BLUE,17,0,1,0,0,16
2026-08-13,P12-L-WHITE,8,0,0,0,0,8
2026-08-13,P12-XL-RED,7,0,0,0,0,7
2026-08-13,P12-XL-BLUE,9,0,0,0,0,9
2026-08-13,P12-XL-WHITE,8,0,1,0,0,7
2026-08-13,P13-S-WINE,24,0,1,0,0,23
2026-08-13,P13-S-EMERALD,28,0,0,0,0,28
2026-08-13,P13-S-NAVY,21,0,0,0,0,21
2026-08-13,P13-M-WINE,30,0,0,0,0,30
2026-08-13,P13-M-EMERALD,23,0,0,0,0,23
2026-08-13,P13-M-NAVY,29,0,0,0,0,29
2026-08-13,P13-L-WINE,25,0,0,0,0,25
2026-08-13,P13-L-EMERALD,26,0,0,0,0,26
2026-08-13,P13-L-NAVY,23,0,0,0,0,23
2026-08-13,P13-XL-WINE,28,0,0,0,0,28
2026-08-13,P13-XL-EMERALD,27,0,0,0,0,27
2026-08-13,P13-XL-NAVY,28,0,0,0,0,28
2026-08-13,P14-XS-TEAL,15,0,1,0,0,14
2026-08-13,P14-XS-MUSTARD,13,0,0,0,0,13
2026-08-13,P14-XS-MAROON,12,0,2,0,0,10
2026-08-13,P14-S-TEAL,14,0,0,0,0,14
2026-08-13,P14-S-MUSTARD,15,0,0,0,0,15
2026-08-13,P14-S-MAROON,8,0,0,0,0,8
2026-08-13,P14-M-TEAL,14,0,0,0,0,14
2026-08-13,P14-M-MUSTARD,7,0,0,0,0,7
2026-08-13,P14-M-MAROON,10,0,0,0,0,10
2026-08-13,P14-L-TEAL,7,0,1,0,0,6
2026-08-13,P14-L-MUSTARD,5,0,0,0,0,5
2026-08-13,P14-L-MAROON,8,0,0,0,0,8
2026-08-13,P14-XL-TEAL,15,0,1,0,0,14
2026-08-13,P14-XL-MUSTARD,14,0,0,0,0,14
2026-08-13,P14-XL-MAROON,10,0,0,0,0,10
2026-08-13,P15-23Y-YELLOW,11,0,0,0,0,11
2026-08-13,P15-23Y-BLUE,7,0,0,0,0,7
2026-08-13,P15-23Y-RED,17,0,0,0,0,17
2026-08-13,P15-45Y-YELLOW,15,0,0,0,0,15
2026-08-13,P15-45Y-BLUE,7,0,0,0,0,7
2026-08-13,P15-45Y-RED,10,0,0,0,0,10
2026-08-13,P15-67Y-YELLOW,10,0,1,0,0,9
2026-08-13,P15-67Y-BLUE,11,0,0,0,0,11
2026-08-13,P15-67Y-RED,4,17,1,0,0,20
2026-08-13,P15-89Y-YELLOW,9,0,0,0,0,9
2026-08-13,P15-89Y-BLUE,11,0,2,0,0,9
2026-08-13,P15-89Y-RED,5,0,0,0,0,5
2026-08-13,P16-23Y-BLUE,12,0,0,0,0,12
2026-08-13,P16-23Y-BLACK,7,0,0,0,0,7
2026-08-13,P16-45Y-BLUE,9,0,1,0,0,8
2026-08-13,P16-45Y-BLACK,16,0,1,0,0,15
2026-08-13,P16-67Y-BLUE,6,0,0,0,0,6
2026-08-13,P16-67Y-BLACK,3,17,0,0,0,20
2026-08-13,P16-89Y-BLUE,11,0,0,0,0,11
2026-08-13,P16-89Y-BLACK,11,0,2,0,0,9
2026-08-13,P17-23Y-MAROON,11,0,0,0,0,11
2026-08-13,P17-23Y-MUSTARD,13,0,0,0,0,13
2026-08-13,P17-23Y-GREEN,9,0,0,0,0,9
2026-08-13,P17-45Y-MAROON,7,0,0,0,0,7
2026-08-13,P17-45Y-MUSTARD,12,0,0,0,0,12
2026-08-13,P17-45Y-GREEN,11,0,0,0,0,11
2026-08-13,P17-67Y-MAROON,19,0,0,0,0,19
2026-08-13,P17-67Y-MUSTARD,12,0,0,0,0,12
2026-08-13,P17-67Y-GREEN,9,0,0,0,0,9
2026-08-13,P17-89Y-MAROON,7,0,0,0,0,7
2026-08-13,P17-89Y-MUSTARD,9,0,0,0,0,9
2026-08-13,P17-89Y-GREEN,13,0,0,0,0,13
2026-08-13,P18-23Y-PINK,7,0,1,0,0,6
2026-08-13,P18-23Y-PEACH,8,0,0,0,0,8
2026-08-13,P18-23Y-MINT,9,0,0,0,0,9
2026-08-13,P18-45Y-PINK,7,0,1,0,0,6
2026-08-13,P18-45Y-PEACH,10,0,0,0,0,10
2026-08-13,P18-45Y-MINT,10,0,0,0,0,10
2026-08-13,P18-67Y-PINK,9,0,0,0,0,9
2026-08-13,P18-67Y-PEACH,14,0,0,0,0,14
2026-08-13,P18-67Y-MINT,11,0,0,0,0,11
2026-08-13,P18-89Y-PINK,13,0,0,0,0,13
2026-08-13,P18-89Y-PEACH,10,0,0,0,0,10
2026-08-13,P18-89Y-MINT,13,0,0,0,0,13
2026-08-13,P19-23Y-GREY,14,0,0,0,0,14
2026-08-13,P19-23Y-NAVY,11,0,0,0,0,11
2026-08-13,P19-23Y-BLACK,8,0,0,0,0,8
2026-08-13,P19-45Y-GREY,3,0,0,0,0,3
2026-08-13,P19-45Y-NAVY,8,0,0,0,0,8
2026-08-13,P19-45Y-BLACK,9,0,0,0,0,9
2026-08-13,P19-67Y-GREY,5,0,0,0,0,5
2026-08-13,P19-67Y-NAVY,6,0,0,0,0,6
2026-08-13,P19-67Y-BLACK,8,0,0,0,0,8
2026-08-13,P19-89Y-GREY,13,0,0,0,0,13
2026-08-13,P19-89Y-NAVY,6,0,0,0,0,6
2026-08-13,P19-89Y-BLACK,8,0,0,0,0,8
2026-08-13,P20-7-WHITE,14,0,0,0,0,14
2026-08-13,P20-7-BLACK,7,0,3,0,0,4
2026-08-13,P20-7-GREY,3,16,0,0,0,19
2026-08-13,P20-8-WHITE,8,0,1,0,0,7
2026-08-13,P20-8-BLACK,11,0,0,0,0,11
2026-08-13,P20-8-GREY,12,0,0,0,0,12
2026-08-13,P20-9-WHITE,6,0,1,0,0,5
2026-08-13,P20-9-BLACK,10,0,3,0,0,7
2026-08-13,P20-9-GREY,8,0,1,0,0,7
2026-08-13,P20-10-WHITE,12,0,0,0,0,12
2026-08-13,P20-10-BLACK,9,0,2,0,0,7
2026-08-13,P20-10-GREY,8,0,1,0,0,7
2026-08-13,P21-4-TAN,11,0,2,0,0,9
2026-08-13,P21-4-BLACK,7,0,1,0,0,6
2026-08-13,P21-4-GOLD,12,0,0,0,0,12
2026-08-13,P21-5-TAN,7,0,1,0,0,6
2026-08-13,P21-5-BLACK,8,0,1,0,0,7
2026-08-13,P21-5-GOLD,7,0,0,0,0,7
2026-08-13,P21-6-TAN,6,0,0,0,0,6
2026-08-13,P21-6-BLACK,8,0,1,0,0,7
2026-08-13,P21-6-GOLD,5,0,0,0,0,5
2026-08-13,P21-7-TAN,11,0,0,0,0,11
2026-08-13,P21-7-BLACK,13,0,0,0,0,13
2026-08-13,P21-7-GOLD,9,0,0,0,0,9
2026-08-13,P21-8-TAN,9,0,0,0,0,9
2026-08-13,P21-8-BLACK,10,0,2,0,0,8
2026-08-13,P21-8-GOLD,9,0,0,0,0,9
2026-08-13,P22-10C-BLUE,12,0,0,0,0,12
2026-08-13,P22-10C-PINK,9,0,0,0,0,9
2026-08-13,P22-10C-BLACK,9,0,0,0,0,9
2026-08-13,P22-11C-BLUE,9,0,1,0,0,8
2026-08-13,P22-11C-PINK,9,0,0,0,0,9
2026-08-13,P22-11C-BLACK,5,0,0,0,0,5
2026-08-13,P22-12C-BLUE,12,0,0,0,0,12
2026-08-13,P22-12C-PINK,8,0,0,0,0,8
2026-08-13,P22-12C-BLACK,9,0,0,0,0,9
2026-08-13,P22-13C-BLUE,6,0,0,0,0,6
2026-08-13,P22-13C-PINK,10,0,0,0,0,10
2026-08-13,P22-13C-BLACK,7,0,0,0,0,7
2026-08-13,P22-1Y-BLUE,9,0,2,0,0,7
2026-08-13,P22-1Y-PINK,13,0,0,0,0,13
2026-08-13,P22-1Y-BLACK,10,0,0,0,0,10
2026-08-13,P23-7-BLACK,7,0,2,0,0,5
2026-08-13,P23-7-NAVY,18,0,0,0,0,18
2026-08-13,P23-7-GREY,9,0,0,0,0,9
2026-08-13,P23-8-BLACK,7,0,1,0,0,6
2026-08-13,P23-8-NAVY,1,14,0,0,0,15
2026-08-13,P23-8-GREY,5,0,0,0,0,5
2026-08-13,P23-9-BLACK,7,0,0,0,0,7
2026-08-13,P23-9-NAVY,10,0,0,0,0,10
2026-08-13,P23-9-GREY,16,0,1,0,0,15
2026-08-13,P23-10-BLACK,17,0,0,0,0,17
2026-08-13,P23-10-NAVY,8,0,0,0,0,8
2026-08-13,P23-10-GREY,9,0,1,0,0,8
2026-08-13,P24-ONESIZE-BLACK,12,0,0,0,0,12
2026-08-13,P24-ONESIZE-TAN,13,0,1,0,0,12
2026-08-13,P24-ONESIZE-MAROON,12,0,1,0,0,11
2026-08-13,P25-ONESIZE-BLACK,6,0,0,0,0,6
2026-08-13,P25-ONESIZE-PINK,5,0,0,0,0,5
2026-08-13,P25-ONESIZE-BEIGE,8,0,1,0,0,7
2026-08-13,P26-32-BLACK,12,0,1,0,0,11
2026-08-13,P26-32-BROWN,14,0,0,0,0,14
2026-08-13,P26-34-BLACK,10,0,2,0,0,8
2026-08-13,P26-34-BROWN,11,0,1,0,0,10
2026-08-13,P26-36-BLACK,10,0,1,0,0,9
2026-08-13,P26-36-BROWN,11,0,0,0,0,11
2026-08-13,P26-38-BLACK,6,0,0,0,0,6
2026-08-13,P26-38-BROWN,10,0,0,0,0,10
2026-08-13,P27-ONESIZE-BLACK,3,0,0,0,0,3
2026-08-13,P27-ONESIZE-BROWN,10,0,0,0,0,10
2026-08-13,P27-ONESIZE-TAN,9,0,0,0,0,9
2026-08-13,P28-ONESIZE-MULTICOL,10,0,0,0,0,10
2026-08-13,P28-ONESIZE-PINK,6,0,0,0,0,6
2026-08-13,P28-ONESIZE-BLACK,6,0,0,0,0,6
2026-08-13,P29-ONESIZE-BLACK,11,0,0,0,0,11
2026-08-13,P29-ONESIZE-NAVY,12,0,0,0,0,12
2026-08-13,P29-ONESIZE-BEIGE,7,0,0,0,0,7
2026-08-13,P30-ONESIZE-FLORAL,23,0,0,0,0,23
2026-08-13,P30-ONESIZE-MAROON,23,0,0,0,0,23
2026-08-13,P30-ONESIZE-TEAL,23,0,0,0,0,23
2026-08-13,P31-ONESIZE-RED,12,0,0,0,0,12
2026-08-13,P31-ONESIZE-MUSTARD,8,0,0,0,0,8
2026-08-13,P31-ONESIZE-GREEN,13,0,0,0,0,13
2026-08-13,P32-4-BLACK,9,0,0,0,0,9
2026-08-13,P32-4-BEIGE,6,0,0,0,0,6
2026-08-13,P32-4-SILVER,10,0,0,0,0,10
2026-08-13,P32-5-BLACK,10,0,3,0,0,7
2026-08-13,P32-5-BEIGE,13,0,0,0,0,13
2026-08-13,P32-5-SILVER,8,0,2,0,0,6
2026-08-13,P32-6-BLACK,7,0,0,0,0,7
2026-08-13,P32-6-BEIGE,15,0,2,0,0,13
2026-08-13,P32-6-SILVER,11,0,0,0,0,11
2026-08-13,P32-7-BLACK,19,0,0,0,0,19
2026-08-13,P32-7-BEIGE,11,0,0,0,0,11
2026-08-13,P32-7-SILVER,5,0,1,0,0,4
2026-08-13,P32-8-BLACK,7,0,0,0,0,7
2026-08-13,P32-8-BEIGE,7,0,2,0,0,5
2026-08-13,P32-8-SILVER,4,0,1,0,0,3
2026-08-14,P01-S-WHITE,12,0,0,0,0,12
2026-08-14,P01-S-BLACK,9,0,0,0,0,9
2026-08-14,P01-S-NAVY,15,0,0,0,0,15
2026-08-14,P01-S-OLIVE,9,0,1,0,0,8
2026-08-14,P01-M-WHITE,5,0,1,0,0,4
2026-08-14,P01-M-BLACK,8,0,2,0,0,6
2026-08-14,P01-M-NAVY,19,0,0,0,0,19
2026-08-14,P01-M-OLIVE,10,0,3,0,0,7
2026-08-14,P01-L-WHITE,8,0,4,0,0,4
2026-08-14,P01-L-BLACK,4,0,2,0,0,2
2026-08-14,P01-L-NAVY,5,0,2,0,0,3
2026-08-14,P01-L-OLIVE,6,0,0,0,0,6
2026-08-14,P01-XL-WHITE,7,0,1,0,0,6
2026-08-14,P01-XL-BLACK,9,0,2,0,0,7
2026-08-14,P01-XL-NAVY,13,0,1,0,0,12
2026-08-14,P01-XL-OLIVE,7,0,1,0,0,6
2026-08-14,P02-S-NAVY,8,0,0,0,0,8
2026-08-14,P02-S-MAROON,9,0,0,0,0,9
2026-08-14,P02-S-GREY,15,0,0,0,0,15
2026-08-14,P02-M-NAVY,8,0,1,0,0,7
2026-08-14,P02-M-MAROON,7,0,0,0,0,7
2026-08-14,P02-M-GREY,13,0,1,0,0,12
2026-08-14,P02-L-NAVY,10,0,0,0,0,10
2026-08-14,P02-L-MAROON,11,0,1,0,0,10
2026-08-14,P02-L-GREY,13,0,0,0,0,13
2026-08-14,P02-XL-NAVY,10,0,2,0,0,8
2026-08-14,P02-XL-MAROON,18,0,0,0,0,18
2026-08-14,P02-XL-GREY,8,0,0,0,0,8
2026-08-14,P03-30-NAVY,5,0,2,0,0,3
2026-08-14,P03-30-BLACK,9,0,1,0,0,8
2026-08-14,P03-30-LIGHTBLU,13,0,0,0,0,13
2026-08-14,P03-32-NAVY,6,0,0,0,0,6
2026-08-14,P03-32-BLACK,7,0,2,0,0,5
2026-08-14,P03-32-LIGHTBLU,9,0,0,0,0,9
2026-08-14,P03-34-NAVY,5,0,0,0,0,5
2026-08-14,P03-34-BLACK,5,0,3,0,0,2
2026-08-14,P03-34-LIGHTBLU,16,0,0,0,0,16
2026-08-14,P03-36-NAVY,29,0,0,0,0,29
2026-08-14,P03-36-BLACK,28,0,0,0,0,28
2026-08-14,P03-36-LIGHTBLU,30,0,0,0,0,30
2026-08-14,P04-30-BEIGE,6,0,0,0,0,6
2026-08-14,P04-30-OLIVE,9,0,0,0,0,9
2026-08-14,P04-30-NAVY,9,0,1,0,0,8
2026-08-14,P04-32-BEIGE,14,0,0,0,0,14
2026-08-14,P04-32-OLIVE,12,0,0,0,0,12
2026-08-14,P04-32-NAVY,9,0,1,0,0,8
2026-08-14,P04-34-BEIGE,9,0,2,0,0,7
2026-08-14,P04-34-OLIVE,9,0,0,0,0,9
2026-08-14,P04-34-NAVY,9,0,1,0,0,8
2026-08-14,P04-36-BEIGE,9,0,0,0,0,9
2026-08-14,P04-36-OLIVE,9,0,0,0,0,9
2026-08-14,P04-36-NAVY,5,0,1,0,0,4
2026-08-14,P05-S-WHITE,10,0,0,0,0,10
2026-08-14,P05-S-BLUE,16,0,0,0,0,16
2026-08-14,P05-S-GREY,14,0,0,0,0,14
2026-08-14,P05-M-WHITE,3,18,1,0,0,20
2026-08-14,P05-M-BLUE,12,0,1,0,0,11
2026-08-14,P05-M-GREY,19,0,1,0,0,18
2026-08-14,P05-L-WHITE,8,0,0,0,0,8
2026-08-14,P05-L-BLUE,3,0,3,0,0,0
2026-08-14,P05-L-GREY,15,0,1,0,0,14
2026-08-14,P05-XL-WHITE,9,0,3,0,0,6
2026-08-14,P05-XL-BLUE,12,0,0,0,0,12
2026-08-14,P05-XL-GREY,11,0,0,0,0,11
2026-08-14,P06-S-BLACK,6,0,0,0,0,6
2026-08-14,P06-S-WHITE,13,0,1,0,0,12
2026-08-14,P06-S-RED,8,0,1,0,0,7
2026-08-14,P06-M-BLACK,1,12,1,0,0,12
2026-08-14,P06-M-WHITE,15,0,0,0,0,15
2026-08-14,P06-M-RED,11,0,0,0,0,11
2026-08-14,P06-L-BLACK,1,15,1,0,0,15
2026-08-14,P06-L-WHITE,4,11,2,0,0,13
2026-08-14,P06-L-RED,4,0,1,0,0,3
2026-08-14,P06-XL-BLACK,16,0,1,0,0,15
2026-08-14,P06-XL-WHITE,13,0,1,0,0,12
2026-08-14,P06-XL-RED,9,0,0,0,0,9
2026-08-14,P07-XS-MUSTARD,19,0,0,0,0,19
2026-08-14,P07-XS-TEAL,13,0,0,0,0,13
2026-08-14,P07-XS-MAROON,11,0,0,0,0,11
2026-08-14,P07-S-MUSTARD,6,0,1,0,0,5
2026-08-14,P07-S-TEAL,8,0,3,0,0,5
2026-08-14,P07-S-MAROON,10,0,3,0,0,7
2026-08-14,P07-M-MUSTARD,3,0,2,0,0,1
2026-08-14,P07-M-TEAL,0,0,0,0,0,0
2026-08-14,P07-M-MAROON,1,0,0,0,0,1
2026-08-14,P07-L-MUSTARD,13,0,3,0,0,10
2026-08-14,P07-L-TEAL,8,0,1,0,0,7
2026-08-14,P07-L-MAROON,12,0,0,0,0,12
2026-08-14,P07-XL-MUSTARD,18,0,0,0,0,18
2026-08-14,P07-XL-TEAL,13,0,0,0,0,13
2026-08-14,P07-XL-MAROON,10,0,1,0,0,9
2026-08-14,P08-XS-PINK,11,0,0,0,0,11
2026-08-14,P08-XS-BLUE,16,0,0,0,0,16
2026-08-14,P08-XS-GREEN,11,0,0,0,0,11
2026-08-14,P08-S-PINK,11,0,0,0,0,11
2026-08-14,P08-S-BLUE,11,0,0,0,0,11
2026-08-14,P08-S-GREEN,10,0,1,0,0,9
2026-08-14,P08-M-PINK,6,0,1,0,0,5
2026-08-14,P08-M-BLUE,10,0,1,0,0,9
2026-08-14,P08-M-GREEN,8,0,0,0,0,8
2026-08-14,P08-L-PINK,3,0,2,0,0,1
2026-08-14,P08-L-BLUE,10,0,1,0,0,9
2026-08-14,P08-L-GREEN,6,0,0,0,0,6
2026-08-14,P08-XL-PINK,11,0,0,0,0,11
2026-08-14,P08-XL-BLUE,15,0,1,0,0,14
2026-08-14,P08-XL-GREEN,10,0,0,0,0,10
2026-08-14,P09-XS-BLACK,12,0,1,0,0,11
2026-08-14,P09-XS-BEIGE,12,0,0,0,0,12
2026-08-14,P09-XS-NAVY,13,0,0,0,0,13
2026-08-14,P09-S-BLACK,11,0,0,0,0,11
2026-08-14,P09-S-BEIGE,9,0,0,0,0,9
2026-08-14,P09-S-NAVY,10,0,0,0,0,10
2026-08-14,P09-M-BLACK,4,16,0,0,0,20
2026-08-14,P09-M-BEIGE,10,0,4,0,0,6
2026-08-14,P09-M-NAVY,9,0,0,0,0,9
2026-08-14,P09-L-BLACK,8,0,0,0,0,8
2026-08-14,P09-L-BEIGE,3,15,1,0,0,17
2026-08-14,P09-L-NAVY,9,0,0,0,0,9
2026-08-14,P09-XL-BLACK,10,0,3,0,0,7
2026-08-14,P09-XL-BEIGE,11,0,0,0,0,11
2026-08-14,P09-XL-NAVY,11,0,0,0,0,11
2026-08-14,P10-XS-INDIGO,14,0,0,0,0,14
2026-08-14,P10-XS-BLACK,9,0,0,0,0,9
2026-08-14,P10-S-INDIGO,5,0,0,0,0,5
2026-08-14,P10-S-BLACK,10,0,0,0,0,10
2026-08-14,P10-M-INDIGO,5,0,0,0,0,5
2026-08-14,P10-M-BLACK,16,0,4,0,0,12
2026-08-14,P10-L-INDIGO,3,19,1,0,0,21
2026-08-14,P10-L-BLACK,0,14,0,0,0,14
2026-08-14,P10-XL-INDIGO,10,0,0,0,0,10
2026-08-14,P10-XL-BLACK,12,0,0,0,0,12
2026-08-14,P11-XS-WHITE,15,0,0,0,0,15
2026-08-14,P11-XS-LAVENDER,17,0,0,0,0,17
2026-08-14,P11-XS-BLACK,7,0,0,0,0,7
2026-08-14,P11-S-WHITE,9,0,0,0,0,9
2026-08-14,P11-S-LAVENDER,12,0,1,0,0,11
2026-08-14,P11-S-BLACK,5,0,1,0,0,4
2026-08-14,P11-M-WHITE,4,14,3,0,0,15
2026-08-14,P11-M-LAVENDER,10,0,1,0,0,9
2026-08-14,P11-M-BLACK,16,0,1,0,0,15
2026-08-14,P11-L-WHITE,9,0,3,0,0,6
2026-08-14,P11-L-LAVENDER,18,0,1,0,0,17
2026-08-14,P11-L-BLACK,4,13,0,0,0,17
2026-08-14,P12-XS-RED,14,0,0,0,0,14
2026-08-14,P12-XS-BLUE,13,0,0,0,0,13
2026-08-14,P12-XS-WHITE,13,0,0,0,0,13
2026-08-14,P12-S-RED,12,0,1,0,0,11
2026-08-14,P12-S-BLUE,5,0,0,0,0,5
2026-08-14,P12-S-WHITE,9,0,1,0,0,8
2026-08-14,P12-M-RED,13,0,0,0,0,13
2026-08-14,P12-M-BLUE,7,0,1,0,0,6
2026-08-14,P12-M-WHITE,16,0,2,0,0,14
2026-08-14,P12-L-RED,10,0,2,0,0,8
2026-08-14,P12-L-BLUE,16,0,0,0,0,16
2026-08-14,P12-L-WHITE,8,0,0,0,0,8
2026-08-14,P12-XL-RED,7,0,2,0,0,5
2026-08-14,P12-XL-BLUE,9,0,0,0,0,9
2026-08-14,P12-XL-WHITE,7,0,2,0,0,5
2026-08-14,P13-S-WINE,23,0,0,0,0,23
2026-08-14,P13-S-EMERALD,28,0,0,0,0,28
2026-08-14,P13-S-NAVY,21,0,0,0,0,21
2026-08-14,P13-M-WINE,30,0,0,0,0,30
2026-08-14,P13-M-EMERALD,23,0,0,0,0,23
2026-08-14,P13-M-NAVY,29,0,0,0,0,29
2026-08-14,P13-L-WINE,25,0,0,0,0,25
2026-08-14,P13-L-EMERALD,26,0,0,0,0,26
2026-08-14,P13-L-NAVY,23,0,0,0,0,23
2026-08-14,P13-XL-WINE,28,0,0,0,0,28
2026-08-14,P13-XL-EMERALD,27,0,0,0,0,27
2026-08-14,P13-XL-NAVY,28,0,0,0,0,28
2026-08-14,P14-XS-TEAL,14,0,0,0,0,14
2026-08-14,P14-XS-MUSTARD,13,0,0,0,0,13
2026-08-14,P14-XS-MAROON,10,0,0,0,0,10
2026-08-14,P14-S-TEAL,14,0,0,0,0,14
2026-08-14,P14-S-MUSTARD,15,0,0,0,0,15
2026-08-14,P14-S-MAROON,8,0,0,0,0,8
2026-08-14,P14-M-TEAL,14,0,0,0,0,14
2026-08-14,P14-M-MUSTARD,7,0,1,0,0,6
2026-08-14,P14-M-MAROON,10,0,0,0,0,10
2026-08-14,P14-L-TEAL,6,0,0,0,0,6
2026-08-14,P14-L-MUSTARD,5,0,0,0,0,5
2026-08-14,P14-L-MAROON,8,0,0,0,0,8
2026-08-14,P14-XL-TEAL,14,0,0,0,0,14
2026-08-14,P14-XL-MUSTARD,14,0,0,0,0,14
2026-08-14,P14-XL-MAROON,10,0,0,0,0,10
2026-08-14,P15-23Y-YELLOW,11,0,2,0,0,9
2026-08-14,P15-23Y-BLUE,7,0,0,0,0,7
2026-08-14,P15-23Y-RED,17,0,1,0,0,16
2026-08-14,P15-45Y-YELLOW,15,0,0,0,0,15
2026-08-14,P15-45Y-BLUE,7,0,1,0,0,6
2026-08-14,P15-45Y-RED,10,0,0,0,0,10
2026-08-14,P15-67Y-YELLOW,9,0,0,0,0,9
2026-08-14,P15-67Y-BLUE,11,0,1,0,0,10
2026-08-14,P15-67Y-RED,20,0,1,0,0,19
2026-08-14,P15-89Y-YELLOW,9,0,0,0,0,9
2026-08-14,P15-89Y-BLUE,9,0,0,0,0,9
2026-08-14,P15-89Y-RED,5,0,0,0,0,5
2026-08-14,P16-23Y-BLUE,12,0,0,0,0,12
2026-08-14,P16-23Y-BLACK,7,0,2,0,0,5
2026-08-14,P16-45Y-BLUE,8,0,1,0,0,7
2026-08-14,P16-45Y-BLACK,15,0,1,0,0,14
2026-08-14,P16-67Y-BLUE,6,0,0,0,0,6
2026-08-14,P16-67Y-BLACK,20,0,0,0,0,20
2026-08-14,P16-89Y-BLUE,11,0,2,0,0,9
2026-08-14,P16-89Y-BLACK,9,0,0,0,0,9
2026-08-14,P17-23Y-MAROON,11,0,0,0,0,11
2026-08-14,P17-23Y-MUSTARD,13,0,0,0,0,13
2026-08-14,P17-23Y-GREEN,9,0,1,0,0,8
2026-08-14,P17-45Y-MAROON,7,0,0,0,0,7
2026-08-14,P17-45Y-MUSTARD,12,0,0,0,0,12
2026-08-14,P17-45Y-GREEN,11,0,0,0,0,11
2026-08-14,P17-67Y-MAROON,19,0,0,0,0,19
2026-08-14,P17-67Y-MUSTARD,12,0,0,0,0,12
2026-08-14,P17-67Y-GREEN,9,0,0,0,0,9
2026-08-14,P17-89Y-MAROON,7,0,1,0,0,6
2026-08-14,P17-89Y-MUSTARD,9,0,1,0,0,8
2026-08-14,P17-89Y-GREEN,13,0,0,0,0,13
2026-08-14,P18-23Y-PINK,6,0,0,0,0,6
2026-08-14,P18-23Y-PEACH,8,0,0,0,0,8
2026-08-14,P18-23Y-MINT,9,0,0,0,0,9
2026-08-14,P18-45Y-PINK,6,0,0,0,0,6
2026-08-14,P18-45Y-PEACH,10,0,0,0,0,10
2026-08-14,P18-45Y-MINT,10,0,0,0,0,10
2026-08-14,P18-67Y-PINK,9,0,0,0,0,9
2026-08-14,P18-67Y-PEACH,14,0,0,0,0,14
2026-08-14,P18-67Y-MINT,11,0,0,0,0,11
2026-08-14,P18-89Y-PINK,13,0,0,0,0,13
2026-08-14,P18-89Y-PEACH,10,0,0,0,0,10
2026-08-14,P18-89Y-MINT,13,0,0,0,0,13
2026-08-14,P19-23Y-GREY,14,0,0,0,0,14
2026-08-14,P19-23Y-NAVY,11,0,0,0,0,11
2026-08-14,P19-23Y-BLACK,8,0,0,0,0,8
2026-08-14,P19-45Y-GREY,3,13,0,0,0,16
2026-08-14,P19-45Y-NAVY,8,0,0,0,0,8
2026-08-14,P19-45Y-BLACK,9,0,0,0,0,9
2026-08-14,P19-67Y-GREY,5,0,2,0,0,3
2026-08-14,P19-67Y-NAVY,6,0,1,0,0,5
2026-08-14,P19-67Y-BLACK,8,0,0,0,0,8
2026-08-14,P19-89Y-GREY,13,0,0,0,0,13
2026-08-14,P19-89Y-NAVY,6,0,0,0,0,6
2026-08-14,P19-89Y-BLACK,8,0,0,0,0,8
2026-08-14,P20-7-WHITE,14,0,0,0,0,14
2026-08-14,P20-7-BLACK,4,0,0,0,0,4
2026-08-14,P20-7-GREY,19,0,1,0,0,18
2026-08-14,P20-8-WHITE,7,0,1,0,0,6
2026-08-14,P20-8-BLACK,11,0,2,0,0,9
2026-08-14,P20-8-GREY,12,0,2,0,0,10
2026-08-14,P20-9-WHITE,5,0,1,0,0,4
2026-08-14,P20-9-BLACK,7,0,0,0,0,7
2026-08-14,P20-9-GREY,7,0,0,0,0,7
2026-08-14,P20-10-WHITE,12,0,0,0,0,12
2026-08-14,P20-10-BLACK,7,0,0,0,0,7
2026-08-14,P20-10-GREY,7,0,0,0,0,7
2026-08-14,P21-4-TAN,9,0,0,0,0,9
2026-08-14,P21-4-BLACK,6,0,0,0,0,6
2026-08-14,P21-4-GOLD,12,0,0,0,0,12
2026-08-14,P21-5-TAN,6,0,1,0,0,5
2026-08-14,P21-5-BLACK,7,0,0,0,0,7
2026-08-14,P21-5-GOLD,7,0,0,0,0,7
2026-08-14,P21-6-TAN,6,0,0,0,0,6
2026-08-14,P21-6-BLACK,7,0,0,0,0,7
2026-08-14,P21-6-GOLD,5,0,1,0,0,4
2026-08-14,P21-7-TAN,11,0,0,0,0,11
2026-08-14,P21-7-BLACK,13,0,0,0,0,13
2026-08-14,P21-7-GOLD,9,0,0,0,0,9
2026-08-14,P21-8-TAN,9,0,1,0,0,8
2026-08-14,P21-8-BLACK,8,0,0,0,0,8
2026-08-14,P21-8-GOLD,9,0,1,0,0,8
2026-08-14,P22-10C-BLUE,12,0,0,0,0,12
2026-08-14,P22-10C-PINK,9,0,0,0,0,9
2026-08-14,P22-10C-BLACK,9,0,0,0,0,9
2026-08-14,P22-11C-BLUE,8,0,0,0,0,8
2026-08-14,P22-11C-PINK,9,0,0,0,0,9
2026-08-14,P22-11C-BLACK,5,0,0,0,0,5
2026-08-14,P22-12C-BLUE,12,0,0,0,0,12
2026-08-14,P22-12C-PINK,8,0,0,0,0,8
2026-08-14,P22-12C-BLACK,9,0,0,0,0,9
2026-08-14,P22-13C-BLUE,6,0,1,0,0,5
2026-08-14,P22-13C-PINK,10,0,0,0,0,10
2026-08-14,P22-13C-BLACK,7,0,0,0,0,7
2026-08-14,P22-1Y-BLUE,7,0,0,0,0,7
2026-08-14,P22-1Y-PINK,13,0,0,0,0,13
2026-08-14,P22-1Y-BLACK,10,0,0,0,0,10
2026-08-14,P23-7-BLACK,5,0,1,0,0,4
2026-08-14,P23-7-NAVY,18,0,0,0,0,18
2026-08-14,P23-7-GREY,9,0,1,0,0,8
2026-08-14,P23-8-BLACK,6,0,0,0,0,6
2026-08-14,P23-8-NAVY,15,0,0,0,0,15
2026-08-14,P23-8-GREY,5,0,0,0,0,5
2026-08-14,P23-9-BLACK,7,0,0,0,0,7
2026-08-14,P23-9-NAVY,10,0,0,0,0,10
2026-08-14,P23-9-GREY,15,0,0,0,0,15
2026-08-14,P23-10-BLACK,17,0,2,0,0,15
2026-08-14,P23-10-NAVY,8,0,0,0,0,8
2026-08-14,P23-10-GREY,8,0,1,0,0,7
2026-08-14,P24-ONESIZE-BLACK,12,0,0,0,0,12
2026-08-14,P24-ONESIZE-TAN,12,0,0,0,0,12
2026-08-14,P24-ONESIZE-MAROON,11,0,0,0,0,11
2026-08-14,P25-ONESIZE-BLACK,6,0,0,0,0,6
2026-08-14,P25-ONESIZE-PINK,5,0,0,0,0,5
2026-08-14,P25-ONESIZE-BEIGE,7,0,0,0,0,7
2026-08-14,P26-32-BLACK,11,0,0,0,0,11
2026-08-14,P26-32-BROWN,14,0,0,0,0,14
2026-08-14,P26-34-BLACK,8,0,0,0,0,8
2026-08-14,P26-34-BROWN,10,0,0,0,0,10
2026-08-14,P26-36-BLACK,9,0,4,0,0,5
2026-08-14,P26-36-BROWN,11,0,1,0,0,10
2026-08-14,P26-38-BLACK,6,0,0,0,0,6
2026-08-14,P26-38-BROWN,10,0,0,0,0,10
2026-08-14,P27-ONESIZE-BLACK,3,0,1,0,0,2
2026-08-14,P27-ONESIZE-BROWN,10,0,0,0,0,10
2026-08-14,P27-ONESIZE-TAN,9,0,0,0,0,9
2026-08-14,P28-ONESIZE-MULTICOL,10,0,0,0,0,10
2026-08-14,P28-ONESIZE-PINK,6,0,0,0,0,6
2026-08-14,P28-ONESIZE-BLACK,6,0,1,0,0,5
2026-08-14,P29-ONESIZE-BLACK,11,0,0,0,0,11
2026-08-14,P29-ONESIZE-NAVY,12,0,0,0,0,12
2026-08-14,P29-ONESIZE-BEIGE,7,0,0,0,0,7
2026-08-14,P30-ONESIZE-FLORAL,23,0,0,0,0,23
2026-08-14,P30-ONESIZE-MAROON,23,0,0,0,0,23
2026-08-14,P30-ONESIZE-TEAL,23,0,0,0,0,23
2026-08-14,P31-ONESIZE-RED,12,0,0,0,0,12
2026-08-14,P31-ONESIZE-MUSTARD,8,0,0,0,0,8
2026-08-14,P31-ONESIZE-GREEN,13,0,0,0,0,13
2026-08-14,P32-4-BLACK,9,0,0,0,0,9
2026-08-14,P32-4-BEIGE,6,0,0,0,0,6
2026-08-14,P32-4-SILVER,10,0,0,0,0,10
2026-08-14,P32-5-BLACK,7,0,1,0,0,6
2026-08-14,P32-5-BEIGE,13,0,0,0,0,13
2026-08-14,P32-5-SILVER,6,0,0,0,0,6
2026-08-14,P32-6-BLACK,7,0,2,0,0,5
2026-08-14,P32-6-BEIGE,13,0,0,0,0,13
2026-08-14,P32-6-SILVER,11,0,2,0,0,9
2026-08-14,P32-7-BLACK,19,0,1,0,0,18
2026-08-14,P32-7-BEIGE,11,0,0,0,0,11
2026-08-14,P32-7-SILVER,4,0,0,0,0,4
2026-08-14,P32-8-BLACK,7,0,0,0,0,7
2026-08-14,P32-8-BEIGE,5,0,0,0,0,5
2026-08-14,P32-8-SILVER,3,17,0,0,0,20
2026-08-15,P01-S-WHITE,12,0,1,0,0,11
2026-08-15,P01-S-BLACK,9,0,5,0,0,4
2026-08-15,P01-S-NAVY,15,0,0,0,0,15
2026-08-15,P01-S-OLIVE,8,0,1,0,0,7
2026-08-15,P01-M-WHITE,4,0,0,0,0,4
2026-08-15,P01-M-BLACK,6,0,4,0,0,2
2026-08-15,P01-M-NAVY,19,0,1,0,0,18
2026-08-15,P01-M-OLIVE,7,0,3,0,0,4
2026-08-15,P01-L-WHITE,4,0,2,0,0,2
2026-08-15,P01-L-BLACK,2,14,4,0,0,12
2026-08-15,P01-L-NAVY,3,0,3,0,0,0
2026-08-15,P01-L-OLIVE,6,0,6,0,0,0
2026-08-15,P01-XL-WHITE,6,0,0,0,0,6
2026-08-15,P01-XL-BLACK,7,0,2,0,0,5
2026-08-15,P01-XL-NAVY,12,0,0,0,0,12
2026-08-15,P01-XL-OLIVE,6,0,0,0,0,6
2026-08-15,P02-S-NAVY,8,0,0,0,0,8
2026-08-15,P02-S-MAROON,9,0,0,0,0,9
2026-08-15,P02-S-GREY,15,0,0,0,0,15
2026-08-15,P02-M-NAVY,7,0,1,0,0,6
2026-08-15,P02-M-MAROON,7,0,0,0,0,7
2026-08-15,P02-M-GREY,12,0,0,0,0,12
2026-08-15,P02-L-NAVY,10,0,3,0,0,7
2026-08-15,P02-L-MAROON,10,0,1,0,0,9
2026-08-15,P02-L-GREY,13,0,2,0,0,11
2026-08-15,P02-XL-NAVY,8,0,1,0,0,7
2026-08-15,P02-XL-MAROON,18,0,1,0,0,17
2026-08-15,P02-XL-GREY,8,0,1,0,0,7
2026-08-15,P03-30-NAVY,3,0,0,0,0,3
2026-08-15,P03-30-BLACK,8,0,1,0,0,7
2026-08-15,P03-30-LIGHTBLU,13,0,0,0,0,13
2026-08-15,P03-32-NAVY,6,0,0,0,0,6
2026-08-15,P03-32-BLACK,5,0,1,0,0,4
2026-08-15,P03-32-LIGHTBLU,9,0,0,0,0,9
2026-08-15,P03-34-NAVY,5,0,1,0,0,4
2026-08-15,P03-34-BLACK,2,14,0,0,0,16
2026-08-15,P03-34-LIGHTBLU,16,0,2,0,0,14
2026-08-15,P03-36-NAVY,29,0,1,0,0,28
2026-08-15,P03-36-BLACK,28,0,0,0,0,28
2026-08-15,P03-36-LIGHTBLU,30,0,0,0,0,30
2026-08-15,P04-30-BEIGE,6,0,0,0,0,6
2026-08-15,P04-30-OLIVE,9,0,2,0,0,7
2026-08-15,P04-30-NAVY,8,0,0,0,0,8
2026-08-15,P04-32-BEIGE,14,0,1,0,0,13
2026-08-15,P04-32-OLIVE,12,0,0,0,0,12
2026-08-15,P04-32-NAVY,8,0,0,0,0,8
2026-08-15,P04-34-BEIGE,7,0,0,0,0,7
2026-08-15,P04-34-OLIVE,9,0,0,0,0,9
2026-08-15,P04-34-NAVY,8,0,0,0,0,8
2026-08-15,P04-36-BEIGE,9,0,0,0,0,9
2026-08-15,P04-36-OLIVE,9,0,0,0,0,9
2026-08-15,P04-36-NAVY,4,14,0,0,0,18
2026-08-15,P05-S-WHITE,10,0,1,0,0,9
2026-08-15,P05-S-BLUE,16,0,1,0,0,15
2026-08-15,P05-S-GREY,14,0,2,0,0,12
2026-08-15,P05-M-WHITE,20,0,0,0,0,20
2026-08-15,P05-M-BLUE,11,0,3,0,0,8
2026-08-15,P05-M-GREY,18,0,2,0,0,16
2026-08-15,P05-L-WHITE,8,0,1,0,0,7
2026-08-15,P05-L-BLUE,0,0,0,0,0,0
2026-08-15,P05-L-GREY,14,0,0,0,0,14
2026-08-15,P05-XL-WHITE,6,0,0,0,0,6
2026-08-15,P05-XL-BLUE,12,0,0,0,0,12
2026-08-15,P05-XL-GREY,11,0,0,0,0,11
2026-08-15,P06-S-BLACK,6,0,2,0,0,4
2026-08-15,P06-S-WHITE,12,0,1,0,0,11
2026-08-15,P06-S-RED,7,0,0,0,0,7
2026-08-15,P06-M-BLACK,12,0,3,0,0,9
2026-08-15,P06-M-WHITE,15,0,2,0,0,13
2026-08-15,P06-M-RED,11,0,2,0,0,9
2026-08-15,P06-L-BLACK,15,0,0,0,0,15
2026-08-15,P06-L-WHITE,13,0,4,0,0,9
2026-08-15,P06-L-RED,3,16,2,0,0,17
2026-08-15,P06-XL-BLACK,15,0,1,0,0,14
2026-08-15,P06-XL-WHITE,12,0,1,0,0,11
2026-08-15,P06-XL-RED,9,0,1,0,0,8
2026-08-15,P07-XS-MUSTARD,19,0,3,0,0,16
2026-08-15,P07-XS-TEAL,13,0,1,0,0,12
2026-08-15,P07-XS-MAROON,11,0,0,0,0,11
2026-08-15,P07-S-MUSTARD,5,0,1,0,0,4
2026-08-15,P07-S-TEAL,5,0,0,0,0,5
2026-08-15,P07-S-MAROON,7,0,1,0,0,6
2026-08-15,P07-M-MUSTARD,1,0,1,0,0,0
2026-08-15,P07-M-TEAL,0,7,0,0,0,7
2026-08-15,P07-M-MAROON,1,0,1,0,0,0
2026-08-15,P07-L-MUSTARD,10,0,1,0,0,9
2026-08-15,P07-L-TEAL,7,0,3,0,0,4
2026-08-15,P07-L-MAROON,12,0,4,0,0,8
2026-08-15,P07-XL-MUSTARD,18,0,1,0,0,17
2026-08-15,P07-XL-TEAL,13,0,2,0,0,11
2026-08-15,P07-XL-MAROON,9,0,0,0,0,9
2026-08-15,P08-XS-PINK,11,0,1,0,0,10
2026-08-15,P08-XS-BLUE,16,0,1,0,0,15
2026-08-15,P08-XS-GREEN,11,0,0,0,0,11
2026-08-15,P08-S-PINK,11,0,0,0,0,11
2026-08-15,P08-S-BLUE,11,0,1,0,0,10
2026-08-15,P08-S-GREEN,9,0,0,0,0,9
2026-08-15,P08-M-PINK,5,0,0,0,0,5
2026-08-15,P08-M-BLUE,9,0,2,0,0,7
2026-08-15,P08-M-GREEN,8,0,2,0,0,6
2026-08-15,P08-L-PINK,1,0,0,0,0,1
2026-08-15,P08-L-BLUE,9,0,2,0,0,7
2026-08-15,P08-L-GREEN,6,0,0,0,0,6
2026-08-15,P08-XL-PINK,11,0,1,0,0,10
2026-08-15,P08-XL-BLUE,14,0,1,0,0,13
2026-08-15,P08-XL-GREEN,10,0,1,0,0,9
2026-08-15,P09-XS-BLACK,11,0,0,0,0,11
2026-08-15,P09-XS-BEIGE,12,0,1,0,0,11
2026-08-15,P09-XS-NAVY,13,0,0,0,0,13
2026-08-15,P09-S-BLACK,11,0,0,0,0,11
2026-08-15,P09-S-BEIGE,9,0,0,0,0,9
2026-08-15,P09-S-NAVY,10,0,2,0,0,8
2026-08-15,P09-M-BLACK,20,0,0,0,0,20
2026-08-15,P09-M-BEIGE,6,0,1,0,0,5
2026-08-15,P09-M-NAVY,9,0,1,0,0,8
2026-08-15,P09-L-BLACK,8,0,1,0,0,7
2026-08-15,P09-L-BEIGE,17,0,1,0,0,16
2026-08-15,P09-L-NAVY,9,0,0,0,0,9
2026-08-15,P09-XL-BLACK,7,0,0,0,0,7
2026-08-15,P09-XL-BEIGE,11,0,0,0,0,11
2026-08-15,P09-XL-NAVY,11,0,0,0,0,11
2026-08-15,P10-XS-INDIGO,14,0,1,0,0,13
2026-08-15,P10-XS-BLACK,9,0,0,0,0,9
2026-08-15,P10-S-INDIGO,5,0,1,0,0,4
2026-08-15,P10-S-BLACK,10,0,0,0,0,10
2026-08-15,P10-M-INDIGO,5,0,1,0,0,4
2026-08-15,P10-M-BLACK,12,0,0,0,0,12
2026-08-15,P10-L-INDIGO,21,0,0,0,0,21
2026-08-15,P10-L-BLACK,14,0,1,0,0,13
2026-08-15,P10-XL-INDIGO,10,0,0,0,0,10
2026-08-15,P10-XL-BLACK,12,0,1,0,0,11
2026-08-15,P11-XS-WHITE,15,0,3,0,0,12
2026-08-15,P11-XS-LAVENDER,17,0,0,0,0,17
2026-08-15,P11-XS-BLACK,7,0,1,0,0,6
2026-08-15,P11-S-WHITE,9,0,1,0,0,8
2026-08-15,P11-S-LAVENDER,11,0,1,0,0,10
2026-08-15,P11-S-BLACK,4,0,1,0,0,3
2026-08-15,P11-M-WHITE,15,0,2,0,0,13
2026-08-15,P11-M-LAVENDER,9,0,1,0,0,8
2026-08-15,P11-M-BLACK,15,0,1,0,0,14
2026-08-15,P11-L-WHITE,6,0,4,0,0,2
2026-08-15,P11-L-LAVENDER,17,0,3,0,0,14
2026-08-15,P11-L-BLACK,17,0,1,0,0,16
2026-08-15,P12-XS-RED,14,0,1,0,0,13
2026-08-15,P12-XS-BLUE,13,0,0,0,0,13
2026-08-15,P12-XS-WHITE,13,0,2,0,0,11
2026-08-15,P12-S-RED,11,0,0,0,0,11
2026-08-15,P12-S-BLUE,5,0,1,0,0,4
2026-08-15,P12-S-WHITE,8,0,0,0,0,8
2026-08-15,P12-M-RED,13,0,1,0,0,12
2026-08-15,P12-M-BLUE,6,0,4,0,0,2
2026-08-15,P12-M-WHITE,14,0,0,0,0,14
2026-08-15,P12-L-RED,8,0,2,0,0,6
2026-08-15,P12-L-BLUE,16,0,0,0,0,16
2026-08-15,P12-L-WHITE,8,0,4,0,0,4
2026-08-15,P12-XL-RED,5,0,0,0,0,5
2026-08-15,P12-XL-BLUE,9,0,1,0,0,8
2026-08-15,P12-XL-WHITE,5,0,0,0,0,5
2026-08-15,P13-S-WINE,23,0,1,0,0,22
2026-08-15,P13-S-EMERALD,28,0,0,0,0,28
2026-08-15,P13-S-NAVY,21,0,0,0,0,21
2026-08-15,P13-M-WINE,30,0,0,0,0,30
2026-08-15,P13-M-EMERALD,23,0,0,0,0,23
2026-08-15,P13-M-NAVY,29,0,0,0,0,29
2026-08-15,P13-L-WINE,25,0,0,0,0,25
2026-08-15,P13-L-EMERALD,26,0,1,0,0,25
2026-08-15,P13-L-NAVY,23,0,0,0,0,23
2026-08-15,P13-XL-WINE,28,0,0,0,0,28
2026-08-15,P13-XL-EMERALD,27,0,0,0,0,27
2026-08-15,P13-XL-NAVY,28,0,0,0,0,28
2026-08-15,P14-XS-TEAL,14,0,0,0,0,14
2026-08-15,P14-XS-MUSTARD,13,0,0,0,0,13
2026-08-15,P14-XS-MAROON,10,0,0,0,0,10
2026-08-15,P14-S-TEAL,14,0,0,0,0,14
2026-08-15,P14-S-MUSTARD,15,0,0,0,0,15
2026-08-15,P14-S-MAROON,8,0,1,0,0,7
2026-08-15,P14-M-TEAL,14,0,0,0,0,14
2026-08-15,P14-M-MUSTARD,6,0,2,0,0,4
2026-08-15,P14-M-MAROON,10,0,2,0,0,8
2026-08-15,P14-L-TEAL,6,0,3,0,0,3
2026-08-15,P14-L-MUSTARD,5,0,1,0,0,4
2026-08-15,P14-L-MAROON,8,0,1,0,0,7
2026-08-15,P14-XL-TEAL,14,0,0,0,0,14
2026-08-15,P14-XL-MUSTARD,14,0,1,0,0,13
2026-08-15,P14-XL-MAROON,10,0,0,0,0,10
2026-08-15,P15-23Y-YELLOW,9,0,1,0,0,8
2026-08-15,P15-23Y-BLUE,7,0,0,0,0,7
2026-08-15,P15-23Y-RED,16,0,1,0,0,15
2026-08-15,P15-45Y-YELLOW,15,0,5,0,0,10
2026-08-15,P15-45Y-BLUE,6,0,2,0,0,4
2026-08-15,P15-45Y-RED,10,0,0,0,0,10
2026-08-15,P15-67Y-YELLOW,9,0,0,0,0,9
2026-08-15,P15-67Y-BLUE,10,0,0,0,0,10
2026-08-15,P15-67Y-RED,19,0,3,0,0,16
2026-08-15,P15-89Y-YELLOW,9,0,1,0,0,8
2026-08-15,P15-89Y-BLUE,9,0,1,0,0,8
2026-08-15,P15-89Y-RED,5,0,0,0,0,5
2026-08-15,P16-23Y-BLUE,12,0,0,0,0,12
2026-08-15,P16-23Y-BLACK,5,0,0,0,0,5
2026-08-15,P16-45Y-BLUE,7,0,0,0,0,7
2026-08-15,P16-45Y-BLACK,14,0,0,0,0,14
2026-08-15,P16-67Y-BLUE,6,0,0,0,0,6
2026-08-15,P16-67Y-BLACK,20,0,0,0,0,20
2026-08-15,P16-89Y-BLUE,9,0,0,0,0,9
2026-08-15,P16-89Y-BLACK,9,0,0,0,0,9
2026-08-15,P17-23Y-MAROON,11,0,1,0,0,10
2026-08-15,P17-23Y-MUSTARD,13,0,0,0,0,13
2026-08-15,P17-23Y-GREEN,8,0,0,0,0,8
2026-08-15,P17-45Y-MAROON,7,0,0,0,0,7
2026-08-15,P17-45Y-MUSTARD,12,0,0,0,0,12
2026-08-15,P17-45Y-GREEN,11,0,1,0,0,10
2026-08-15,P17-67Y-MAROON,19,0,0,0,0,19
2026-08-15,P17-67Y-MUSTARD,12,0,1,0,0,11
2026-08-15,P17-67Y-GREEN,9,0,0,0,0,9
2026-08-15,P17-89Y-MAROON,6,0,0,0,0,6
2026-08-15,P17-89Y-MUSTARD,8,0,1,0,0,7
2026-08-15,P17-89Y-GREEN,13,0,0,0,0,13
2026-08-15,P18-23Y-PINK,6,0,0,0,0,6
2026-08-15,P18-23Y-PEACH,8,0,0,0,0,8
2026-08-15,P18-23Y-MINT,9,0,0,0,0,9
2026-08-15,P18-45Y-PINK,6,0,1,0,0,5
2026-08-15,P18-45Y-PEACH,10,0,0,0,0,10
2026-08-15,P18-45Y-MINT,10,0,1,0,0,9
2026-08-15,P18-67Y-PINK,9,0,0,0,0,9
2026-08-15,P18-67Y-PEACH,14,0,0,0,0,14
2026-08-15,P18-67Y-MINT,11,0,1,0,0,10
2026-08-15,P18-89Y-PINK,13,0,1,0,0,12
2026-08-15,P18-89Y-PEACH,10,0,1,0,0,9
2026-08-15,P18-89Y-MINT,13,0,0,0,0,13
2026-08-15,P19-23Y-GREY,14,0,1,0,0,13
2026-08-15,P19-23Y-NAVY,11,0,0,0,0,11
2026-08-15,P19-23Y-BLACK,8,0,1,0,0,7
2026-08-15,P19-45Y-GREY,16,0,0,0,0,16
2026-08-15,P19-45Y-NAVY,8,0,1,0,0,7
2026-08-15,P19-45Y-BLACK,9,0,0,0,0,9
2026-08-15,P19-67Y-GREY,3,0,1,0,0,2
2026-08-15,P19-67Y-NAVY,5,0,0,0,0,5
2026-08-15,P19-67Y-BLACK,8,0,1,0,0,7
2026-08-15,P19-89Y-GREY,13,0,0,0,0,13
2026-08-15,P19-89Y-NAVY,6,0,2,0,0,4
2026-08-15,P19-89Y-BLACK,8,0,1,0,0,7
2026-08-15,P20-7-WHITE,14,0,0,0,0,14
2026-08-15,P20-7-BLACK,4,0,3,0,0,1
2026-08-15,P20-7-GREY,18,0,2,0,0,16
2026-08-15,P20-8-WHITE,6,0,2,0,0,4
2026-08-15,P20-8-BLACK,9,0,1,0,0,8
2026-08-15,P20-8-GREY,10,0,0,0,0,10
2026-08-15,P20-9-WHITE,4,15,0,0,0,19
2026-08-15,P20-9-BLACK,7,0,0,0,0,7
2026-08-15,P20-9-GREY,7,0,0,0,0,7
2026-08-15,P20-10-WHITE,12,0,1,0,0,11
2026-08-15,P20-10-BLACK,7,0,1,0,0,6
2026-08-15,P20-10-GREY,7,0,0,0,0,7
2026-08-15,P21-4-TAN,9,0,0,0,0,9
2026-08-15,P21-4-BLACK,6,0,0,0,0,6
2026-08-15,P21-4-GOLD,12,0,0,0,0,12
2026-08-15,P21-5-TAN,5,0,0,0,0,5
2026-08-15,P21-5-BLACK,7,0,0,0,0,7
2026-08-15,P21-5-GOLD,7,0,0,0,0,7
2026-08-15,P21-6-TAN,6,0,1,0,0,5
2026-08-15,P21-6-BLACK,7,0,0,0,0,7
2026-08-15,P21-6-GOLD,4,0,0,0,0,4
2026-08-15,P21-7-TAN,11,0,1,0,0,10
2026-08-15,P21-7-BLACK,13,0,2,0,0,11
2026-08-15,P21-7-GOLD,9,0,0,0,0,9
2026-08-15,P21-8-TAN,8,0,2,0,0,6
2026-08-15,P21-8-BLACK,8,0,0,0,0,8
2026-08-15,P21-8-GOLD,8,0,0,0,0,8
2026-08-15,P22-10C-BLUE,12,0,0,0,0,12
2026-08-15,P22-10C-PINK,9,0,0,0,0,9
2026-08-15,P22-10C-BLACK,9,0,0,0,0,9
2026-08-15,P22-11C-BLUE,8,0,0,0,0,8
2026-08-15,P22-11C-PINK,9,0,0,0,0,9
2026-08-15,P22-11C-BLACK,5,0,2,0,0,3
2026-08-15,P22-12C-BLUE,12,0,0,0,0,12
2026-08-15,P22-12C-PINK,8,0,3,0,0,5
2026-08-15,P22-12C-BLACK,9,0,0,0,0,9
2026-08-15,P22-13C-BLUE,5,0,0,0,0,5
2026-08-15,P22-13C-PINK,10,0,0,0,0,10
2026-08-15,P22-13C-BLACK,7,0,2,0,0,5
2026-08-15,P22-1Y-BLUE,7,0,1,0,0,6
2026-08-15,P22-1Y-PINK,13,0,0,0,0,13
2026-08-15,P22-1Y-BLACK,10,0,0,0,0,10
2026-08-15,P23-7-BLACK,4,0,1,0,0,3
2026-08-15,P23-7-NAVY,18,0,0,0,0,18
2026-08-15,P23-7-GREY,8,0,1,0,0,7
2026-08-15,P23-8-BLACK,6,0,0,0,0,6
2026-08-15,P23-8-NAVY,15,0,2,0,0,13
2026-08-15,P23-8-GREY,5,0,1,0,0,4
2026-08-15,P23-9-BLACK,7,0,0,0,0,7
2026-08-15,P23-9-NAVY,10,0,1,0,0,9
2026-08-15,P23-9-GREY,15,0,0,0,0,15
2026-08-15,P23-10-BLACK,15,0,0,0,0,15
2026-08-15,P23-10-NAVY,8,0,0,0,0,8
2026-08-15,P23-10-GREY,7,0,1,0,0,6
2026-08-15,P24-ONESIZE-BLACK,12,0,2,0,0,10
2026-08-15,P24-ONESIZE-TAN,12,0,0,0,0,12
2026-08-15,P24-ONESIZE-MAROON,11,0,0,0,0,11
2026-08-15,P25-ONESIZE-BLACK,6,0,0,0,0,6
2026-08-15,P25-ONESIZE-PINK,5,0,1,0,0,4
2026-08-15,P25-ONESIZE-BEIGE,7,0,0,0,0,7
2026-08-15,P26-32-BLACK,11,0,0,0,0,11
2026-08-15,P26-32-BROWN,14,0,0,0,0,14
2026-08-15,P26-34-BLACK,8,0,0,0,0,8
2026-08-15,P26-34-BROWN,10,0,0,0,0,10
2026-08-15,P26-36-BLACK,5,0,1,0,0,4
2026-08-15,P26-36-BROWN,10,0,0,0,0,10
2026-08-15,P26-38-BLACK,6,0,0,0,0,6
2026-08-15,P26-38-BROWN,10,0,3,0,0,7
2026-08-15,P27-ONESIZE-BLACK,2,18,4,0,0,16
2026-08-15,P27-ONESIZE-BROWN,10,0,1,0,0,9
2026-08-15,P27-ONESIZE-TAN,9,0,0,0,0,9
2026-08-15,P28-ONESIZE-MULTICOL,10,0,2,0,0,8
2026-08-15,P28-ONESIZE-PINK,6,0,2,0,0,4
2026-08-15,P28-ONESIZE-BLACK,5,0,0,0,0,5
2026-08-15,P29-ONESIZE-BLACK,11,0,0,0,0,11
2026-08-15,P29-ONESIZE-NAVY,12,0,1,0,0,11
2026-08-15,P29-ONESIZE-BEIGE,7,0,0,0,0,7
2026-08-15,P30-ONESIZE-FLORAL,23,0,1,0,0,22
2026-08-15,P30-ONESIZE-MAROON,23,0,0,0,0,23
2026-08-15,P30-ONESIZE-TEAL,23,0,0,0,0,23
2026-08-15,P31-ONESIZE-RED,12,0,1,0,0,11
2026-08-15,P31-ONESIZE-MUSTARD,8,0,0,0,0,8
2026-08-15,P31-ONESIZE-GREEN,13,0,0,0,0,13
2026-08-15,P32-4-BLACK,9,0,0,0,0,9
2026-08-15,P32-4-BEIGE,6,0,0,0,0,6
2026-08-15,P32-4-SILVER,10,0,0,0,0,10
2026-08-15,P32-5-BLACK,6,0,3,0,0,3
2026-08-15,P32-5-BEIGE,13,0,0,0,0,13
2026-08-15,P32-5-SILVER,6,0,3,0,0,3
2026-08-15,P32-6-BLACK,5,0,0,0,0,5
2026-08-15,P32-6-BEIGE,13,0,0,0,0,13
2026-08-15,P32-6-SILVER,9,0,2,0,0,7
2026-08-15,P32-7-BLACK,18,0,0,0,0,18
2026-08-15,P32-7-BEIGE,11,0,0,0,0,11
2026-08-15,P32-7-SILVER,4,14,0,0,0,18
2026-08-15,P32-8-BLACK,7,0,2,0,0,5
2026-08-15,P32-8-BEIGE,5,0,0,0,0,5
2026-08-15,P32-8-SILVER,20,0,0,0,0,20
2026-08-16,P01-S-WHITE,11,0,0,0,0,11
2026-08-16,P01-S-BLACK,4,0,0,0,0,4
2026-08-16,P01-S-NAVY,15,0,0,0,0,15
2026-08-16,P01-S-OLIVE,7,0,0,0,0,7
2026-08-16,P01-M-WHITE,4,0,1,0,0,3
2026-08-16,P01-M-BLACK,2,0,2,0,0,0
2026-08-16,P01-M-NAVY,18,0,2,0,0,16
2026-08-16,P01-M-OLIVE,4,0,3,0,0,1
2026-08-16,P01-L-WHITE,2,14,3,0,0,13
2026-08-16,P01-L-BLACK,12,0,2,0,0,10
2026-08-16,P01-L-NAVY,0,12,2,0,0,10
2026-08-16,P01-L-OLIVE,0,22,1,0,0,21
2026-08-16,P01-XL-WHITE,6,0,0,0,0,6
2026-08-16,P01-XL-BLACK,5,0,0,0,0,5
2026-08-16,P01-XL-NAVY,12,0,4,0,0,8
2026-08-16,P01-XL-OLIVE,6,0,1,0,0,5
2026-08-16,P02-S-NAVY,8,0,1,0,0,7
2026-08-16,P02-S-MAROON,9,0,0,0,0,9
2026-08-16,P02-S-GREY,15,0,1,0,0,14
2026-08-16,P02-M-NAVY,6,0,0,0,0,6
2026-08-16,P02-M-MAROON,7,0,2,0,0,5
2026-08-16,P02-M-GREY,12,0,1,0,0,11
2026-08-16,P02-L-NAVY,7,0,1,0,0,6
2026-08-16,P02-L-MAROON,9,0,1,0,0,8
2026-08-16,P02-L-GREY,11,0,3,0,0,8
2026-08-16,P02-XL-NAVY,7,0,0,0,0,7
2026-08-16,P02-XL-MAROON,17,0,1,0,0,16
2026-08-16,P02-XL-GREY,7,0,0,0,0,7
2026-08-16,P03-30-NAVY,3,0,1,0,0,2
2026-08-16,P03-30-BLACK,7,0,0,0,0,7
2026-08-16,P03-30-LIGHTBLU,13,0,2,0,0,11
2026-08-16,P03-32-NAVY,6,0,2,0,0,4
2026-08-16,P03-32-BLACK,4,0,0,0,0,4
2026-08-16,P03-32-LIGHTBLU,9,0,0,0,0,9
2026-08-16,P03-34-NAVY,4,0,1,0,0,3
2026-08-16,P03-34-BLACK,16,0,1,0,0,15
2026-08-16,P03-34-LIGHTBLU,14,0,1,0,0,13
2026-08-16,P03-36-NAVY,28,0,0,0,0,28
2026-08-16,P03-36-BLACK,28,0,0,0,0,28
2026-08-16,P03-36-LIGHTBLU,30,0,0,0,0,30
2026-08-16,P04-30-BEIGE,6,0,0,0,0,6
2026-08-16,P04-30-OLIVE,7,0,0,0,0,7
2026-08-16,P04-30-NAVY,8,0,0,0,0,8
2026-08-16,P04-32-BEIGE,13,0,0,0,0,13
2026-08-16,P04-32-OLIVE,12,0,2,0,0,10
2026-08-16,P04-32-NAVY,8,0,0,0,0,8
2026-08-16,P04-34-BEIGE,7,0,1,0,0,6
2026-08-16,P04-34-OLIVE,9,0,1,0,0,8
2026-08-16,P04-34-NAVY,8,0,0,0,0,8
2026-08-16,P04-36-BEIGE,9,0,0,0,0,9
2026-08-16,P04-36-OLIVE,9,0,4,0,0,5
2026-08-16,P04-36-NAVY,18,0,1,0,0,17
2026-08-16,P05-S-WHITE,9,0,1,0,0,8
2026-08-16,P05-S-BLUE,15,0,1,0,0,14
2026-08-16,P05-S-GREY,12,0,0,0,0,12
2026-08-16,P05-M-WHITE,20,0,3,0,0,17
2026-08-16,P05-M-BLUE,8,0,2,0,0,6
2026-08-16,P05-M-GREY,16,0,0,0,0,16
2026-08-16,P05-L-WHITE,7,0,2,0,0,5
2026-08-16,P05-L-BLUE,0,17,2,0,0,15
2026-08-16,P05-L-GREY,14,0,1,0,0,13
2026-08-16,P05-XL-WHITE,6,0,0,0,0,6
2026-08-16,P05-XL-BLUE,12,0,0,0,0,12
2026-08-16,P05-XL-GREY,11,0,1,0,0,10
2026-08-16,P06-S-BLACK,4,0,1,0,0,3
2026-08-16,P06-S-WHITE,11,0,1,0,0,10
2026-08-16,P06-S-RED,7,0,0,0,0,7
2026-08-16,P06-M-BLACK,9,0,1,0,0,8
2026-08-16,P06-M-WHITE,13,0,2,0,0,11
2026-08-16,P06-M-RED,9,0,2,0,0,7
2026-08-16,P06-L-BLACK,15,0,1,0,0,14
2026-08-16,P06-L-WHITE,9,0,0,0,0,9
2026-08-16,P06-L-RED,17,0,3,0,0,14
2026-08-16,P06-XL-BLACK,14,0,0,0,0,14
2026-08-16,P06-XL-WHITE,11,0,1,0,0,10
2026-08-16,P06-XL-RED,8,0,1,0,0,7
2026-08-16,P07-XS-MUSTARD,16,0,0,0,0,16
2026-08-16,P07-XS-TEAL,12,0,1,0,0,11
2026-08-16,P07-XS-MAROON,11,0,0,0,0,11
2026-08-16,P07-S-MUSTARD,4,16,0,0,0,20
2026-08-16,P07-S-TEAL,5,0,0,0,0,5
2026-08-16,P07-S-MAROON,6,0,1,0,0,5
2026-08-16,P07-M-MUSTARD,0,0,0,0,0,0
2026-08-16,P07-M-TEAL,7,0,0,0,0,7
2026-08-16,P07-M-MAROON,0,7,5,0,0,2
2026-08-16,P07-L-MUSTARD,9,0,2,0,0,7
2026-08-16,P07-L-TEAL,4,16,1,0,0,19
2026-08-16,P07-L-MAROON,8,0,3,0,0,5
2026-08-16,P07-XL-MUSTARD,17,0,0,0,0,17
2026-08-16,P07-XL-TEAL,11,0,0,0,0,11
2026-08-16,P07-XL-MAROON,9,0,1,0,0,8
2026-08-16,P08-XS-PINK,10,0,1,0,0,9
2026-08-16,P08-XS-BLUE,15,0,0,0,0,15
2026-08-16,P08-XS-GREEN,11,0,0,0,0,11
2026-08-16,P08-S-PINK,11,0,0,0,0,11
2026-08-16,P08-S-BLUE,10,0,2,0,0,8
2026-08-16,P08-S-GREEN,9,0,3,0,0,6
2026-08-16,P08-M-PINK,5,0,1,0,0,4
2026-08-16,P08-M-BLUE,7,0,0,0,0,7
2026-08-16,P08-M-GREEN,6,0,0,0,0,6
2026-08-16,P08-L-PINK,1,16,0,0,0,17
2026-08-16,P08-L-BLUE,7,0,0,0,0,7
2026-08-16,P08-L-GREEN,6,0,1,0,0,5
2026-08-16,P08-XL-PINK,10,0,1,0,0,9
2026-08-16,P08-XL-BLUE,13,0,0,0,0,13
2026-08-16,P08-XL-GREEN,9,0,1,0,0,8
2026-08-16,P09-XS-BLACK,11,0,1,0,0,10
2026-08-16,P09-XS-BEIGE,11,0,1,0,0,10
2026-08-16,P09-XS-NAVY,13,0,0,0,0,13
2026-08-16,P09-S-BLACK,11,0,1,0,0,10
2026-08-16,P09-S-BEIGE,9,0,0,0,0,9
2026-08-16,P09-S-NAVY,8,0,0,0,0,8
2026-08-16,P09-M-BLACK,20,0,1,0,0,19
2026-08-16,P09-M-BEIGE,5,0,1,0,0,4
2026-08-16,P09-M-NAVY,8,0,0,0,0,8
2026-08-16,P09-L-BLACK,7,0,2,0,0,5
2026-08-16,P09-L-BEIGE,16,0,1,0,0,15
2026-08-16,P09-L-NAVY,9,0,0,0,0,9
2026-08-16,P09-XL-BLACK,7,0,0,0,0,7
2026-08-16,P09-XL-BEIGE,11,0,0,0,0,11
2026-08-16,P09-XL-NAVY,11,0,0,0,0,11
2026-08-16,P10-XS-INDIGO,13,0,1,0,0,12
2026-08-16,P10-XS-BLACK,9,0,0,0,0,9
2026-08-16,P10-S-INDIGO,4,0,1,0,0,3
2026-08-16,P10-S-BLACK,10,0,0,0,0,10
2026-08-16,P10-M-INDIGO,4,0,2,0,0,2
2026-08-16,P10-M-BLACK,12,0,0,0,0,12
2026-08-16,P10-L-INDIGO,21,0,0,0,0,21
2026-08-16,P10-L-BLACK,13,0,3,0,0,10
2026-08-16,P10-XL-INDIGO,10,0,0,0,0,10
2026-08-16,P10-XL-BLACK,11,0,0,0,0,11
2026-08-16,P11-XS-WHITE,12,0,0,0,0,12
2026-08-16,P11-XS-LAVENDER,17,0,0,0,0,17
2026-08-16,P11-XS-BLACK,6,0,1,0,0,5
2026-08-16,P11-S-WHITE,8,0,0,0,0,8
2026-08-16,P11-S-LAVENDER,10,0,0,0,0,10
2026-08-16,P11-S-BLACK,3,14,0,0,0,17
2026-08-16,P11-M-WHITE,13,0,2,0,0,11
2026-08-16,P11-M-LAVENDER,8,0,0,0,0,8
2026-08-16,P11-M-BLACK,14,0,2,0,0,12
2026-08-16,P11-L-WHITE,2,0,1,0,0,1
2026-08-16,P11-L-LAVENDER,14,0,0,0,0,14
2026-08-16,P11-L-BLACK,16,0,0,0,0,16
2026-08-16,P12-XS-RED,13,0,0,0,0,13
2026-08-16,P12-XS-BLUE,13,0,0,0,0,13
2026-08-16,P12-XS-WHITE,11,0,2,0,0,9
2026-08-16,P12-S-RED,11,0,1,0,0,10
2026-08-16,P12-S-BLUE,4,0,0,0,0,4
2026-08-16,P12-S-WHITE,8,0,0,0,0,8
2026-08-16,P12-M-RED,12,0,0,0,0,12
2026-08-16,P12-M-BLUE,2,14,0,0,0,16
2026-08-16,P12-M-WHITE,14,0,1,0,0,13
2026-08-16,P12-L-RED,6,0,0,0,0,6
2026-08-16,P12-L-BLUE,16,0,0,0,0,16
2026-08-16,P12-L-WHITE,4,0,0,0,0,4
2026-08-16,P12-XL-RED,5,0,0,0,0,5
2026-08-16,P12-XL-BLUE,8,0,0,0,0,8
2026-08-16,P12-XL-WHITE,5,0,0,0,0,5
2026-08-16,P13-S-WINE,22,0,0,0,0,22
2026-08-16,P13-S-EMERALD,28,0,0,0,0,28
2026-08-16,P13-S-NAVY,21,0,0,0,0,21
2026-08-16,P13-M-WINE,30,0,0,0,0,30
2026-08-16,P13-M-EMERALD,23,0,0,0,0,23
2026-08-16,P13-M-NAVY,29,0,0,0,0,29
2026-08-16,P13-L-WINE,25,0,1,0,0,24
2026-08-16,P13-L-EMERALD,25,0,0,0,0,25
2026-08-16,P13-L-NAVY,23,0,0,0,0,23
2026-08-16,P13-XL-WINE,28,0,0,0,0,28
2026-08-16,P13-XL-EMERALD,27,0,0,0,0,27
2026-08-16,P13-XL-NAVY,28,0,0,0,0,28
2026-08-16,P14-XS-TEAL,14,0,0,0,0,14
2026-08-16,P14-XS-MUSTARD,13,0,0,0,0,13
2026-08-16,P14-XS-MAROON,10,0,0,0,0,10
2026-08-16,P14-S-TEAL,14,0,0,0,0,14
2026-08-16,P14-S-MUSTARD,15,0,0,0,0,15
2026-08-16,P14-S-MAROON,7,0,4,0,0,3
2026-08-16,P14-M-TEAL,14,0,0,0,0,14
2026-08-16,P14-M-MUSTARD,4,14,0,0,0,18
2026-08-16,P14-M-MAROON,8,0,0,0,0,8
2026-08-16,P14-L-TEAL,3,12,0,0,0,15
2026-08-16,P14-L-MUSTARD,4,0,0,0,0,4
2026-08-16,P14-L-MAROON,7,0,1,0,0,6
2026-08-16,P14-XL-TEAL,14,0,0,0,0,14
2026-08-16,P14-XL-MUSTARD,13,0,0,0,0,13
2026-08-16,P14-XL-MAROON,10,0,0,0,0,10
2026-08-16,P15-23Y-YELLOW,8,0,0,0,0,8
2026-08-16,P15-23Y-BLUE,7,0,1,0,0,6
2026-08-16,P15-23Y-RED,15,0,0,0,0,15
2026-08-16,P15-45Y-YELLOW,10,0,0,0,0,10
2026-08-16,P15-45Y-BLUE,4,12,0,0,0,16
2026-08-16,P15-45Y-RED,10,0,0,0,0,10
2026-08-16,P15-67Y-YELLOW,9,0,1,0,0,8
2026-08-16,P15-67Y-BLUE,10,0,1,0,0,9
2026-08-16,P15-67Y-RED,16,0,0,0,0,16
2026-08-16,P15-89Y-YELLOW,8,0,0,0,0,8
2026-08-16,P15-89Y-BLUE,8,0,2,0,0,6
2026-08-16,P15-89Y-RED,5,0,0,0,0,5
2026-08-16,P16-23Y-BLUE,12,0,0,0,0,12
2026-08-16,P16-23Y-BLACK,5,0,0,0,0,5
2026-08-16,P16-45Y-BLUE,7,0,0,0,0,7
2026-08-16,P16-45Y-BLACK,14,0,0,0,0,14
2026-08-16,P16-67Y-BLUE,6,0,0,0,0,6
2026-08-16,P16-67Y-BLACK,20,0,2,0,0,18
2026-08-16,P16-89Y-BLUE,9,0,0,0,0,9
2026-08-16,P16-89Y-BLACK,9,0,1,0,0,8
2026-08-16,P17-23Y-MAROON,10,0,0,0,0,10
2026-08-16,P17-23Y-MUSTARD,13,0,0,0,0,13
2026-08-16,P17-23Y-GREEN,8,0,0,0,0,8
2026-08-16,P17-45Y-MAROON,7,0,0,0,0,7
2026-08-16,P17-45Y-MUSTARD,12,0,0,0,0,12
2026-08-16,P17-45Y-GREEN,10,0,0,0,0,10
2026-08-16,P17-67Y-MAROON,19,0,0,0,0,19
2026-08-16,P17-67Y-MUSTARD,11,0,2,0,0,9
2026-08-16,P17-67Y-GREEN,9,0,2,0,0,7
2026-08-16,P17-89Y-MAROON,6,0,0,0,0,6
2026-08-16,P17-89Y-MUSTARD,7,0,2,0,0,5
2026-08-16,P17-89Y-GREEN,13,0,0,0,0,13
2026-08-16,P18-23Y-PINK,6,0,0,0,0,6
2026-08-16,P18-23Y-PEACH,8,0,0,0,0,8
2026-08-16,P18-23Y-MINT,9,0,0,0,0,9
2026-08-16,P18-45Y-PINK,5,0,0,0,0,5
2026-08-16,P18-45Y-PEACH,10,0,0,0,0,10
2026-08-16,P18-45Y-MINT,9,0,0,0,0,9
2026-08-16,P18-67Y-PINK,9,0,1,0,0,8
2026-08-16,P18-67Y-PEACH,14,0,0,0,0,14
2026-08-16,P18-67Y-MINT,10,0,0,0,0,10
2026-08-16,P18-89Y-PINK,12,0,0,0,0,12
2026-08-16,P18-89Y-PEACH,9,0,0,0,0,9
2026-08-16,P18-89Y-MINT,13,0,1,0,0,12
2026-08-16,P19-23Y-GREY,13,0,0,0,0,13
2026-08-16,P19-23Y-NAVY,11,0,1,0,0,10
2026-08-16,P19-23Y-BLACK,7,0,0,0,0,7
2026-08-16,P19-45Y-GREY,16,0,0,0,0,16
2026-08-16,P19-45Y-NAVY,7,0,1,0,0,6
2026-08-16,P19-45Y-BLACK,9,0,2,0,0,7
2026-08-16,P19-67Y-GREY,2,0,0,0,0,2
2026-08-16,P19-67Y-NAVY,5,0,0,0,0,5
2026-08-16,P19-67Y-BLACK,7,0,1,0,0,6
2026-08-16,P19-89Y-GREY,13,0,0,0,0,13
2026-08-16,P19-89Y-NAVY,4,0,0,0,0,4
2026-08-16,P19-89Y-BLACK,7,0,1,0,0,6
2026-08-16,P20-7-WHITE,14,0,1,0,0,13
2026-08-16,P20-7-BLACK,1,18,0,0,0,19
2026-08-16,P20-7-GREY,16,0,0,0,0,16
2026-08-16,P20-8-WHITE,4,0,0,0,0,4
2026-08-16,P20-8-BLACK,8,0,1,0,0,7
2026-08-16,P20-8-GREY,10,0,1,0,0,9
2026-08-16,P20-9-WHITE,19,0,0,0,0,19
2026-08-16,P20-9-BLACK,7,0,0,0,0,7
2026-08-16,P20-9-GREY,7,0,0,0,0,7
2026-08-16,P20-10-WHITE,11,0,3,0,0,8
2026-08-16,P20-10-BLACK,6,0,0,0,0,6
2026-08-16,P20-10-GREY,7,0,2,0,0,5
2026-08-16,P21-4-TAN,9,0,0,0,0,9
2026-08-16,P21-4-BLACK,6,0,0,0,0,6
2026-08-16,P21-4-GOLD,12,0,2,0,0,10
2026-08-16,P21-5-TAN,5,0,1,0,0,4
2026-08-16,P21-5-BLACK,7,0,0,0,0,7
2026-08-16,P21-5-GOLD,7,0,0,0,0,7
2026-08-16,P21-6-TAN,5,0,0,0,0,5
2026-08-16,P21-6-BLACK,7,0,0,0,0,7
2026-08-16,P21-6-GOLD,4,12,0,0,0,16
2026-08-16,P21-7-TAN,10,0,1,0,0,9
2026-08-16,P21-7-BLACK,11,0,0,0,0,11
2026-08-16,P21-7-GOLD,9,0,1,0,0,8
2026-08-16,P21-8-TAN,6,0,0,0,0,6
2026-08-16,P21-8-BLACK,8,0,0,0,0,8
2026-08-16,P21-8-GOLD,8,0,0,0,0,8
2026-08-16,P22-10C-BLUE,12,0,0,0,0,12
2026-08-16,P22-10C-PINK,9,0,1,0,0,8
2026-08-16,P22-10C-BLACK,9,0,0,0,0,9
2026-08-16,P22-11C-BLUE,8,0,0,0,0,8
2026-08-16,P22-11C-PINK,9,0,1,0,0,8
2026-08-16,P22-11C-BLACK,3,0,0,0,0,3
2026-08-16,P22-12C-BLUE,12,0,2,0,0,10
2026-08-16,P22-12C-PINK,5,0,0,0,0,5
2026-08-16,P22-12C-BLACK,9,0,0,0,0,9
2026-08-16,P22-13C-BLUE,5,0,0,0,0,5
2026-08-16,P22-13C-PINK,10,0,0,0,0,10
2026-08-16,P22-13C-BLACK,5,0,1,0,0,4
2026-08-16,P22-1Y-BLUE,6,0,1,0,0,5
2026-08-16,P22-1Y-PINK,13,0,0,0,0,13
2026-08-16,P22-1Y-BLACK,10,0,0,0,0,10
2026-08-16,P23-7-BLACK,3,0,1,0,0,2
2026-08-16,P23-7-NAVY,18,0,1,0,0,17
2026-08-16,P23-7-GREY,7,0,0,0,0,7
2026-08-16,P23-8-BLACK,6,0,0,0,0,6
2026-08-16,P23-8-NAVY,13,0,0,0,0,13
2026-08-16,P23-8-GREY,4,12,0,0,0,16
2026-08-16,P23-9-BLACK,7,0,0,0,0,7
2026-08-16,P23-9-NAVY,9,0,1,0,0,8
2026-08-16,P23-9-GREY,15,0,3,0,0,12
2026-08-16,P23-10-BLACK,15,0,0,0,0,15
2026-08-16,P23-10-NAVY,8,0,2,0,0,6
2026-08-16,P23-10-GREY,6,0,0,0,0,6
2026-08-16,P24-ONESIZE-BLACK,10,0,0,0,0,10
2026-08-16,P24-ONESIZE-TAN,12,0,0,0,0,12
2026-08-16,P24-ONESIZE-MAROON,11,0,1,0,0,10
2026-08-16,P25-ONESIZE-BLACK,6,0,0,0,0,6
2026-08-16,P25-ONESIZE-PINK,4,12,2,0,0,14
2026-08-16,P25-ONESIZE-BEIGE,7,0,0,0,0,7
2026-08-16,P26-32-BLACK,11,0,1,0,0,10
2026-08-16,P26-32-BROWN,14,0,1,0,0,13
2026-08-16,P26-34-BLACK,8,0,1,0,0,7
2026-08-16,P26-34-BROWN,10,0,1,0,0,9
2026-08-16,P26-36-BLACK,4,0,1,0,0,3
2026-08-16,P26-36-BROWN,10,0,1,0,0,9
2026-08-16,P26-38-BLACK,6,0,0,0,0,6
2026-08-16,P26-38-BROWN,7,0,1,0,0,6
2026-08-16,P27-ONESIZE-BLACK,16,0,0,0,0,16
2026-08-16,P27-ONESIZE-BROWN,9,0,0,0,0,9
2026-08-16,P27-ONESIZE-TAN,9,0,0,0,0,9
2026-08-16,P28-ONESIZE-MULTICOL,8,0,1,0,0,7
2026-08-16,P28-ONESIZE-PINK,4,0,0,0,0,4
2026-08-16,P28-ONESIZE-BLACK,5,0,1,0,0,4
2026-08-16,P29-ONESIZE-BLACK,11,0,0,0,0,11
2026-08-16,P29-ONESIZE-NAVY,11,0,0,0,0,11
2026-08-16,P29-ONESIZE-BEIGE,7,0,0,0,0,7
2026-08-16,P30-ONESIZE-FLORAL,22,0,0,0,0,22
2026-08-16,P30-ONESIZE-MAROON,23,0,0,0,0,23
2026-08-16,P30-ONESIZE-TEAL,23,0,1,0,0,22
2026-08-16,P31-ONESIZE-RED,11,0,0,0,0,11
2026-08-16,P31-ONESIZE-MUSTARD,8,0,2,0,0,6
2026-08-16,P31-ONESIZE-GREEN,13,0,0,0,0,13
2026-08-16,P32-4-BLACK,9,0,0,0,0,9
2026-08-16,P32-4-BEIGE,6,0,2,0,0,4
2026-08-16,P32-4-SILVER,10,0,0,0,0,10
2026-08-16,P32-5-BLACK,3,18,2,0,0,19
2026-08-16,P32-5-BEIGE,13,0,0,0,0,13
2026-08-16,P32-5-SILVER,3,12,1,0,0,14
2026-08-16,P32-6-BLACK,5,0,0,0,0,5
2026-08-16,P32-6-BEIGE,13,0,0,0,0,13
2026-08-16,P32-6-SILVER,7,0,0,0,0,7
2026-08-16,P32-7-BLACK,18,0,0,0,0,18
2026-08-16,P32-7-BEIGE,11,0,0,0,0,11
2026-08-16,P32-7-SILVER,18,0,0,0,0,18
2026-08-16,P32-8-BLACK,5,0,0,0,0,5
2026-08-16,P32-8-BEIGE,5,0,0,0,0,5
2026-08-16,P32-8-SILVER,20,0,0,0,0,20
2026-08-17,P01-S-WHITE,11,0,3,0,0,8
2026-08-17,P01-S-BLACK,4,0,0,0,0,4
2026-08-17,P01-S-NAVY,15,0,0,0,0,15
2026-08-17,P01-S-OLIVE,7,0,0,0,0,7
2026-08-17,P01-M-WHITE,3,15,2,0,0,16
2026-08-17,P01-M-BLACK,0,0,0,0,0,0
2026-08-17,P01-M-NAVY,16,0,0,0,0,16
2026-08-17,P01-M-OLIVE,1,11,0,0,0,12
2026-08-17,P01-L-WHITE,13,0,0,0,0,13
2026-08-17,P01-L-BLACK,10,0,3,0,0,7
2026-08-17,P01-L-NAVY,10,0,2,0,0,8
2026-08-17,P01-L-OLIVE,21,0,0,0,0,21
2026-08-17,P01-XL-WHITE,6,0,0,0,0,6
2026-08-17,P01-XL-BLACK,5,0,1,0,0,4
2026-08-17,P01-XL-NAVY,8,0,1,0,0,7
2026-08-17,P01-XL-OLIVE,5,0,0,0,0,5
2026-08-17,P02-S-NAVY,7,0,0,0,0,7
2026-08-17,P02-S-MAROON,9,0,0,0,0,9
2026-08-17,P02-S-GREY,14,0,0,0,0,14
2026-08-17,P02-M-NAVY,6,0,0,0,0,6
2026-08-17,P02-M-MAROON,5,0,0,0,0,5
2026-08-17,P02-M-GREY,11,0,0,0,0,11
2026-08-17,P02-L-NAVY,6,0,1,0,0,5
2026-08-17,P02-L-MAROON,8,0,1,0,0,7
2026-08-17,P02-L-GREY,8,0,1,0,0,7
2026-08-17,P02-XL-NAVY,7,0,1,0,0,6
2026-08-17,P02-XL-MAROON,16,0,0,0,0,16
2026-08-17,P02-XL-GREY,7,0,0,0,0,7
2026-08-17,P03-30-NAVY,2,15,1,0,0,16
2026-08-17,P03-30-BLACK,7,0,1,0,0,6
2026-08-17,P03-30-LIGHTBLU,11,0,0,0,0,11
2026-08-17,P03-32-NAVY,4,15,0,0,0,19
2026-08-17,P03-32-BLACK,4,17,0,0,0,21
2026-08-17,P03-32-LIGHTBLU,9,0,0,0,0,9
2026-08-17,P03-34-NAVY,3,11,1,0,0,13
2026-08-17,P03-34-BLACK,15,0,0,0,0,15
2026-08-17,P03-34-LIGHTBLU,13,0,0,0,0,13
2026-08-17,P03-36-NAVY,28,0,1,0,0,27
2026-08-17,P03-36-BLACK,28,0,1,0,0,27
2026-08-17,P03-36-LIGHTBLU,30,0,0,0,0,30
2026-08-17,P04-30-BEIGE,6,0,0,0,0,6
2026-08-17,P04-30-OLIVE,7,0,0,0,0,7
2026-08-17,P04-30-NAVY,8,0,0,0,0,8
2026-08-17,P04-32-BEIGE,13,0,0,0,0,13
2026-08-17,P04-32-OLIVE,10,0,0,0,0,10
2026-08-17,P04-32-NAVY,8,0,0,0,0,8
2026-08-17,P04-34-BEIGE,6,0,0,0,0,6
2026-08-17,P04-34-OLIVE,8,0,0,0,0,8
2026-08-17,P04-34-NAVY,8,0,0,0,0,8
2026-08-17,P04-36-BEIGE,9,0,0,0,0,9
2026-08-17,P04-36-OLIVE,5,0,1,0,0,4
2026-08-17,P04-36-NAVY,17,0,0,0,0,17
2026-08-17,P05-S-WHITE,8,0,0,0,0,8
2026-08-17,P05-S-BLUE,14,0,0,0,0,14
2026-08-17,P05-S-GREY,12,0,0,0,0,12
2026-08-17,P05-M-WHITE,17,0,0,0,0,17
2026-08-17,P05-M-BLUE,6,0,1,0,0,5
2026-08-17,P05-M-GREY,16,0,1,0,0,15
2026-08-17,P05-L-WHITE,5,0,0,0,0,5
2026-08-17,P05-L-BLUE,15,0,0,0,0,15
2026-08-17,P05-L-GREY,13,0,2,0,0,11
2026-08-17,P05-XL-WHITE,6,0,0,0,0,6
2026-08-17,P05-XL-BLUE,12,0,0,0,0,12
2026-08-17,P05-XL-GREY,10,0,0,0,0,10
2026-08-17,P06-S-BLACK,3,0,0,0,0,3
2026-08-17,P06-S-WHITE,10,0,0,0,0,10
2026-08-17,P06-S-RED,7,0,0,0,0,7
2026-08-17,P06-M-BLACK,8,0,0,0,0,8
2026-08-17,P06-M-WHITE,11,0,0,0,0,11
2026-08-17,P06-M-RED,7,0,0,0,0,7
2026-08-17,P06-L-BLACK,14,0,0,0,0,14
2026-08-17,P06-L-WHITE,9,0,1,0,0,8
2026-08-17,P06-L-RED,14,0,3,0,0,11
2026-08-17,P06-XL-BLACK,14,0,0,0,0,14
2026-08-17,P06-XL-WHITE,10,0,2,0,0,8
2026-08-17,P06-XL-RED,7,0,2,0,0,5
2026-08-17,P07-XS-MUSTARD,16,0,0,0,0,16
2026-08-17,P07-XS-TEAL,11,0,0,0,0,11
2026-08-17,P07-XS-MAROON,11,0,0,0,0,11
2026-08-17,P07-S-MUSTARD,20,0,0,0,0,20
2026-08-17,P07-S-TEAL,5,0,0,0,0,5
2026-08-17,P07-S-MAROON,5,0,0,0,0,5
2026-08-17,P07-M-MUSTARD,0,0,0,0,0,0
2026-08-17,P07-M-TEAL,7,0,0,0,0,7
2026-08-17,P07-M-MAROON,2,0,2,0,0,0
2026-08-17,P07-L-MUSTARD,7,0,1,0,0,6
2026-08-17,P07-L-TEAL,19,0,1,0,0,18
2026-08-17,P07-L-MAROON,5,0,3,0,0,2
2026-08-17,P07-XL-MUSTARD,17,0,0,0,0,17
2026-08-17,P07-XL-TEAL,11,0,0,0,0,11
2026-08-17,P07-XL-MAROON,8,0,0,0,0,8
2026-08-17,P08-XS-PINK,9,0,0,0,0,9
2026-08-17,P08-XS-BLUE,15,0,0,0,0,15
2026-08-17,P08-XS-GREEN,11,0,0,0,0,11
2026-08-17,P08-S-PINK,11,0,2,0,0,9
2026-08-17,P08-S-BLUE,8,0,0,0,0,8
2026-08-17,P08-S-GREEN,6,0,0,0,0,6
2026-08-17,P08-M-PINK,4,0,2,0,0,2
2026-08-17,P08-M-BLUE,7,0,0,0,0,7
2026-08-17,P08-M-GREEN,6,0,0,0,0,6
2026-08-17,P08-L-PINK,17,0,0,0,0,17
2026-08-17,P08-L-BLUE,7,0,0,0,0,7
2026-08-17,P08-L-GREEN,5,0,1,0,0,4
2026-08-17,P08-XL-PINK,9,0,1,0,0,8
2026-08-17,P08-XL-BLUE,13,0,1,0,0,12
2026-08-17,P08-XL-GREEN,8,0,1,0,0,7
2026-08-17,P09-XS-BLACK,10,0,0,0,0,10
2026-08-17,P09-XS-BEIGE,10,0,0,0,0,10
2026-08-17,P09-XS-NAVY,13,0,1,0,0,12
2026-08-17,P09-S-BLACK,10,0,0,0,0,10
2026-08-17,P09-S-BEIGE,9,0,1,0,0,8
2026-08-17,P09-S-NAVY,8,0,0,0,0,8
2026-08-17,P09-M-BLACK,19,0,1,0,0,18
2026-08-17,P09-M-BEIGE,4,0,0,0,0,4
2026-08-17,P09-M-NAVY,8,0,1,0,0,7
2026-08-17,P09-L-BLACK,5,0,0,0,0,5
2026-08-17,P09-L-BEIGE,15,0,2,0,0,13
2026-08-17,P09-L-NAVY,9,0,2,0,0,7
2026-08-17,P09-XL-BLACK,7,0,0,0,0,7
2026-08-17,P09-XL-BEIGE,11,0,1,0,0,10
2026-08-17,P09-XL-NAVY,11,0,0,0,0,11
2026-08-17,P10-XS-INDIGO,12,0,0,0,0,12
2026-08-17,P10-XS-BLACK,9,0,1,0,0,8
2026-08-17,P10-S-INDIGO,3,14,1,0,0,16
2026-08-17,P10-S-BLACK,10,0,0,0,0,10
2026-08-17,P10-M-INDIGO,2,0,0,0,0,2
2026-08-17,P10-M-BLACK,12,0,0,0,0,12
2026-08-17,P10-L-INDIGO,21,0,1,0,0,20
2026-08-17,P10-L-BLACK,10,0,1,0,0,9
2026-08-17,P10-XL-INDIGO,10,0,0,0,0,10
2026-08-17,P10-XL-BLACK,11,0,0,0,0,11
2026-08-17,P11-XS-WHITE,12,0,0,0,0,12
2026-08-17,P11-XS-LAVENDER,17,0,0,0,0,17
2026-08-17,P11-XS-BLACK,5,0,2,0,0,3
2026-08-17,P11-S-WHITE,8,0,1,0,0,7
2026-08-17,P11-S-LAVENDER,10,0,0,0,0,10
2026-08-17,P11-S-BLACK,17,0,0,0,0,17
2026-08-17,P11-M-WHITE,11,0,1,0,0,10
2026-08-17,P11-M-LAVENDER,8,0,0,0,0,8
2026-08-17,P11-M-BLACK,12,0,0,0,0,12
2026-08-17,P11-L-WHITE,1,0,0,0,0,1
2026-08-17,P11-L-LAVENDER,14,0,0,0,0,14
2026-08-17,P11-L-BLACK,16,0,2,0,0,14
2026-08-17,P12-XS-RED,13,0,1,0,0,12
2026-08-17,P12-XS-BLUE,13,0,0,0,0,13
2026-08-17,P12-XS-WHITE,9,0,0,0,0,9
2026-08-17,P12-S-RED,10,0,0,0,0,10
2026-08-17,P12-S-BLUE,4,0,0,0,0,4
2026-08-17,P12-S-WHITE,8,0,1,0,0,7
2026-08-17,P12-M-RED,12,0,0,0,0,12
2026-08-17,P12-M-BLUE,16,0,0,0,0,16
2026-08-17,P12-M-WHITE,13,0,0,0,0,13
2026-08-17,P12-L-RED,6,0,0,0,0,6
2026-08-17,P12-L-BLUE,16,0,0,0,0,16
2026-08-17,P12-L-WHITE,4,12,0,0,0,16
2026-08-17,P12-XL-RED,5,0,0,0,0,5
2026-08-17,P12-XL-BLUE,8,0,0,0,0,8
2026-08-17,P12-XL-WHITE,5,0,0,0,0,5
2026-08-17,P13-S-WINE,22,0,0,0,0,22
2026-08-17,P13-S-EMERALD,28,0,0,0,0,28
2026-08-17,P13-S-NAVY,21,0,0,0,0,21
2026-08-17,P13-M-WINE,30,0,0,0,0,30
2026-08-17,P13-M-EMERALD,23,0,0,0,0,23
2026-08-17,P13-M-NAVY,29,0,0,0,0,29
2026-08-17,P13-L-WINE,24,0,0,0,0,24
2026-08-17,P13-L-EMERALD,25,0,0,0,0,25
2026-08-17,P13-L-NAVY,23,0,0,0,0,23
2026-08-17,P13-XL-WINE,28,0,0,0,0,28
2026-08-17,P13-XL-EMERALD,27,0,0,0,0,27
2026-08-17,P13-XL-NAVY,28,0,0,0,0,28
2026-08-17,P14-XS-TEAL,14,0,0,0,0,14
2026-08-17,P14-XS-MUSTARD,13,0,0,0,0,13
2026-08-17,P14-XS-MAROON,10,0,0,0,0,10
2026-08-17,P14-S-TEAL,14,0,0,0,0,14
2026-08-17,P14-S-MUSTARD,15,0,0,0,0,15
2026-08-17,P14-S-MAROON,3,0,0,0,0,3
2026-08-17,P14-M-TEAL,14,0,0,0,0,14
2026-08-17,P14-M-MUSTARD,18,0,1,0,0,17
2026-08-17,P14-M-MAROON,8,0,1,0,0,7
2026-08-17,P14-L-TEAL,15,0,0,0,0,15
2026-08-17,P14-L-MUSTARD,4,12,0,0,0,16
2026-08-17,P14-L-MAROON,6,0,0,0,0,6
2026-08-17,P14-XL-TEAL,14,0,0,0,0,14
2026-08-17,P14-XL-MUSTARD,13,0,0,0,0,13
2026-08-17,P14-XL-MAROON,10,0,1,0,0,9
2026-08-17,P15-23Y-YELLOW,8,0,2,0,0,6
2026-08-17,P15-23Y-BLUE,6,0,0,0,0,6
2026-08-17,P15-23Y-RED,15,0,0,0,0,15
2026-08-17,P15-45Y-YELLOW,10,0,0,0,0,10
2026-08-17,P15-45Y-BLUE,16,0,1,0,0,15
2026-08-17,P15-45Y-RED,10,0,0,0,0,10
2026-08-17,P15-67Y-YELLOW,8,0,0,0,0,8
2026-08-17,P15-67Y-BLUE,9,0,0,0,0,9
2026-08-17,P15-67Y-RED,16,0,0,0,0,16
2026-08-17,P15-89Y-YELLOW,8,0,0,0,0,8
2026-08-17,P15-89Y-BLUE,6,0,0,0,0,6
2026-08-17,P15-89Y-RED,5,0,0,0,0,5
2026-08-17,P16-23Y-BLUE,12,0,0,0,0,12
2026-08-17,P16-23Y-BLACK,5,0,0,0,0,5
2026-08-17,P16-45Y-BLUE,7,0,0,0,0,7
2026-08-17,P16-45Y-BLACK,14,0,0,0,0,14
2026-08-17,P16-67Y-BLUE,6,0,1,0,0,5
2026-08-17,P16-67Y-BLACK,18,0,0,0,0,18
2026-08-17,P16-89Y-BLUE,9,0,0,0,0,9
2026-08-17,P16-89Y-BLACK,8,0,0,0,0,8
2026-08-17,P17-23Y-MAROON,10,0,0,0,0,10
2026-08-17,P17-23Y-MUSTARD,13,0,0,0,0,13
2026-08-17,P17-23Y-GREEN,8,0,0,0,0,8
2026-08-17,P17-45Y-MAROON,7,0,0,0,0,7
2026-08-17,P17-45Y-MUSTARD,12,0,2,0,0,10
2026-08-17,P17-45Y-GREEN,10,0,0,0,0,10
2026-08-17,P17-67Y-MAROON,19,0,0,0,0,19
2026-08-17,P17-67Y-MUSTARD,9,0,0,0,0,9
2026-08-17,P17-67Y-GREEN,7,0,0,0,0,7
2026-08-17,P17-89Y-MAROON,6,0,0,0,0,6
2026-08-17,P17-89Y-MUSTARD,5,0,0,0,0,5
2026-08-17,P17-89Y-GREEN,13,0,0,0,0,13
2026-08-17,P18-23Y-PINK,6,0,0,0,0,6
2026-08-17,P18-23Y-PEACH,8,0,0,0,0,8
2026-08-17,P18-23Y-MINT,9,0,0,0,0,9
2026-08-17,P18-45Y-PINK,5,0,0,0,0,5
2026-08-17,P18-45Y-PEACH,10,0,0,0,0,10
2026-08-17,P18-45Y-MINT,9,0,0,0,0,9
2026-08-17,P18-67Y-PINK,8,0,0,0,0,8
2026-08-17,P18-67Y-PEACH,14,0,0,0,0,14
2026-08-17,P18-67Y-MINT,10,0,0,0,0,10
2026-08-17,P18-89Y-PINK,12,0,0,0,0,12
2026-08-17,P18-89Y-PEACH,9,0,0,0,0,9
2026-08-17,P18-89Y-MINT,12,0,0,0,0,12
2026-08-17,P19-23Y-GREY,13,0,0,0,0,13
2026-08-17,P19-23Y-NAVY,10,0,0,0,0,10
2026-08-17,P19-23Y-BLACK,7,0,0,0,0,7
2026-08-17,P19-45Y-GREY,16,0,0,0,0,16
2026-08-17,P19-45Y-NAVY,6,0,1,0,0,5
2026-08-17,P19-45Y-BLACK,7,0,1,0,0,6
2026-08-17,P19-67Y-GREY,2,18,0,0,0,20
2026-08-17,P19-67Y-NAVY,5,0,0,0,0,5
2026-08-17,P19-67Y-BLACK,6,0,0,0,0,6
2026-08-17,P19-89Y-GREY,13,0,0,0,0,13
2026-08-17,P19-89Y-NAVY,4,15,1,0,0,18
2026-08-17,P19-89Y-BLACK,6,0,0,0,0,6
2026-08-17,P20-7-WHITE,13,0,2,0,0,11
2026-08-17,P20-7-BLACK,19,0,0,0,0,19
2026-08-17,P20-7-GREY,16,0,1,0,0,15
2026-08-17,P20-8-WHITE,4,0,0,0,0,4
2026-08-17,P20-8-BLACK,7,0,0,0,0,7
2026-08-17,P20-8-GREY,9,0,0,0,0,9
2026-08-17,P20-9-WHITE,19,0,0,0,0,19
2026-08-17,P20-9-BLACK,7,0,1,0,0,6
2026-08-17,P20-9-GREY,7,0,1,0,0,6
2026-08-17,P20-10-WHITE,8,0,0,0,0,8
2026-08-17,P20-10-BLACK,6,0,1,0,0,5
2026-08-17,P20-10-GREY,5,0,1,0,0,4
2026-08-17,P21-4-TAN,9,0,0,0,0,9
2026-08-17,P21-4-BLACK,6,0,0,0,0,6
2026-08-17,P21-4-GOLD,10,0,0,0,0,10
2026-08-17,P21-5-TAN,4,12,0,0,0,16
2026-08-17,P21-5-BLACK,7,0,1,0,0,6
2026-08-17,P21-5-GOLD,7,0,0,0,0,7
2026-08-17,P21-6-TAN,5,0,0,0,0,5
2026-08-17,P21-6-BLACK,7,0,0,0,0,7
2026-08-17,P21-6-GOLD,16,0,0,0,0,16
2026-08-17,P21-7-TAN,9,0,0,0,0,9
2026-08-17,P21-7-BLACK,11,0,0,0,0,11
2026-08-17,P21-7-GOLD,8,0,0,0,0,8
2026-08-17,P21-8-TAN,6,0,1,0,0,5
2026-08-17,P21-8-BLACK,8,0,0,0,0,8
2026-08-17,P21-8-GOLD,8,0,0,0,0,8
2026-08-17,P22-10C-BLUE,12,0,0,0,0,12
2026-08-17,P22-10C-PINK,8,0,0,0,0,8
2026-08-17,P22-10C-BLACK,9,0,0,0,0,9
2026-08-17,P22-11C-BLUE,8,0,0,0,0,8
2026-08-17,P22-11C-PINK,8,0,0,0,0,8
2026-08-17,P22-11C-BLACK,3,0,0,0,0,3
2026-08-17,P22-12C-BLUE,10,0,0,0,0,10
2026-08-17,P22-12C-PINK,5,0,0,0,0,5
2026-08-17,P22-12C-BLACK,9,0,0,0,0,9
2026-08-17,P22-13C-BLUE,5,0,0,0,0,5
2026-08-17,P22-13C-PINK,10,0,0,0,0,10
2026-08-17,P22-13C-BLACK,4,0,0,0,0,4
2026-08-17,P22-1Y-BLUE,5,0,0,0,0,5
2026-08-17,P22-1Y-PINK,13,0,0,0,0,13
2026-08-17,P22-1Y-BLACK,10,0,0,0,0,10
2026-08-17,P23-7-BLACK,2,14,0,0,0,16
2026-08-17,P23-7-NAVY,17,0,1,0,0,16
2026-08-17,P23-7-GREY,7,0,0,0,0,7
2026-08-17,P23-8-BLACK,6,0,0,0,0,6
2026-08-17,P23-8-NAVY,13,0,0,0,0,13
2026-08-17,P23-8-GREY,16,0,0,0,0,16
2026-08-17,P23-9-BLACK,7,0,1,0,0,6
2026-08-17,P23-9-NAVY,8,0,1,0,0,7
2026-08-17,P23-9-GREY,12,0,0,0,0,12
2026-08-17,P23-10-BLACK,15,0,2,0,0,13
2026-08-17,P23-10-NAVY,6,0,0,0,0,6
2026-08-17,P23-10-GREY,6,0,0,0,0,6
2026-08-17,P24-ONESIZE-BLACK,10,0,0,0,0,10
2026-08-17,P24-ONESIZE-TAN,12,0,0,0,0,12
2026-08-17,P24-ONESIZE-MAROON,10,0,1,0,0,9
2026-08-17,P25-ONESIZE-BLACK,6,0,0,0,0,6
2026-08-17,P25-ONESIZE-PINK,14,0,0,0,0,14
2026-08-17,P25-ONESIZE-BEIGE,7,0,0,0,0,7
2026-08-17,P26-32-BLACK,10,0,0,0,0,10
2026-08-17,P26-32-BROWN,13,0,0,0,0,13
2026-08-17,P26-34-BLACK,7,0,0,0,0,7
2026-08-17,P26-34-BROWN,9,0,0,0,0,9
2026-08-17,P26-36-BLACK,3,13,0,0,0,16
2026-08-17,P26-36-BROWN,9,0,1,0,0,8
2026-08-17,P26-38-BLACK,6,0,0,0,0,6
2026-08-17,P26-38-BROWN,6,0,2,0,0,4
2026-08-17,P27-ONESIZE-BLACK,16,0,0,0,0,16
2026-08-17,P27-ONESIZE-BROWN,9,0,0,0,0,9
2026-08-17,P27-ONESIZE-TAN,9,0,0,0,0,9
2026-08-17,P28-ONESIZE-MULTICOL,7,0,0,0,0,7
2026-08-17,P28-ONESIZE-PINK,4,12,1,0,0,15
2026-08-17,P28-ONESIZE-BLACK,4,17,0,0,0,21
2026-08-17,P29-ONESIZE-BLACK,11,0,0,0,0,11
2026-08-17,P29-ONESIZE-NAVY,11,0,0,0,0,11
2026-08-17,P29-ONESIZE-BEIGE,7,0,1,0,0,6
2026-08-17,P30-ONESIZE-FLORAL,22,0,0,0,0,22
2026-08-17,P30-ONESIZE-MAROON,23,0,0,0,0,23
2026-08-17,P30-ONESIZE-TEAL,22,0,0,0,0,22
2026-08-17,P31-ONESIZE-RED,11,0,0,0,0,11
2026-08-17,P31-ONESIZE-MUSTARD,6,0,0,0,0,6
2026-08-17,P31-ONESIZE-GREEN,13,0,0,0,0,13
2026-08-17,P32-4-BLACK,9,0,0,0,0,9
2026-08-17,P32-4-BEIGE,4,0,0,0,0,4
2026-08-17,P32-4-SILVER,10,0,0,0,0,10
2026-08-17,P32-5-BLACK,19,0,1,0,0,18
2026-08-17,P32-5-BEIGE,13,0,0,0,0,13
2026-08-17,P32-5-SILVER,14,0,0,0,0,14
2026-08-17,P32-6-BLACK,5,0,0,0,0,5
2026-08-17,P32-6-BEIGE,13,0,0,0,0,13
2026-08-17,P32-6-SILVER,7,0,0,0,0,7
2026-08-17,P32-7-BLACK,18,0,0,0,0,18
2026-08-17,P32-7-BEIGE,11,0,1,0,0,10
2026-08-17,P32-7-SILVER,18,0,1,0,0,17
2026-08-17,P32-8-BLACK,5,0,0,0,0,5
2026-08-17,P32-8-BEIGE,5,0,0,0,0,5
2026-08-17,P32-8-SILVER,20,0,1,0,0,19
2026-08-18,P01-S-WHITE,8,0,3,0,0,5
2026-08-18,P01-S-BLACK,4,18,2,0,0,20
2026-08-18,P01-S-NAVY,15,0,0,0,0,15
2026-08-18,P01-S-OLIVE,7,0,0,0,0,7
2026-08-18,P01-M-WHITE,16,0,1,0,0,15
2026-08-18,P01-M-BLACK,0,19,0,0,0,19
2026-08-18,P01-M-NAVY,16,0,1,0,0,15
2026-08-18,P01-M-OLIVE,12,0,1,0,0,11
2026-08-18,P01-L-WHITE,13,0,3,0,0,10
2026-08-18,P01-L-BLACK,7,0,0,0,0,7
2026-08-18,P01-L-NAVY,8,0,0,0,0,8
2026-08-18,P01-L-OLIVE,21,0,3,0,0,18
2026-08-18,P01-XL-WHITE,6,0,1,0,0,5
2026-08-18,P01-XL-BLACK,4,0,0,0,0,4
2026-08-18,P01-XL-NAVY,7,0,1,0,0,6
2026-08-18,P01-XL-OLIVE,5,0,0,0,0,5
2026-08-18,P02-S-NAVY,7,0,0,0,0,7
2026-08-18,P02-S-MAROON,9,0,1,0,0,8
2026-08-18,P02-S-GREY,14,0,0,0,0,14
2026-08-18,P02-M-NAVY,6,0,0,0,0,6
2026-08-18,P02-M-MAROON,5,0,0,0,0,5
2026-08-18,P02-M-GREY,11,0,2,0,0,9
2026-08-18,P02-L-NAVY,5,0,0,0,0,5
2026-08-18,P02-L-MAROON,7,0,1,0,0,6
2026-08-18,P02-L-GREY,7,0,0,0,0,7
2026-08-18,P02-XL-NAVY,6,0,0,0,0,6
2026-08-18,P02-XL-MAROON,16,0,0,0,0,16
2026-08-18,P02-XL-GREY,7,0,0,0,0,7
2026-08-18,P03-30-NAVY,16,0,1,0,0,15
2026-08-18,P03-30-BLACK,6,0,1,0,0,5
2026-08-18,P03-30-LIGHTBLU,11,0,0,0,0,11
2026-08-18,P03-32-NAVY,19,0,0,0,0,19
2026-08-18,P03-32-BLACK,21,0,1,0,0,20
2026-08-18,P03-32-LIGHTBLU,9,0,1,0,0,8
2026-08-18,P03-34-NAVY,13,0,0,0,0,13
2026-08-18,P03-34-BLACK,15,0,1,0,0,14
2026-08-18,P03-34-LIGHTBLU,13,0,2,0,0,11
2026-08-18,P03-36-NAVY,27,0,0,0,0,27
2026-08-18,P03-36-BLACK,27,0,0,0,0,27
2026-08-18,P03-36-LIGHTBLU,30,0,0,0,0,30
2026-08-18,P04-30-BEIGE,6,0,0,0,0,6
2026-08-18,P04-30-OLIVE,7,0,1,0,0,6
2026-08-18,P04-30-NAVY,8,0,1,0,0,7
2026-08-18,P04-32-BEIGE,13,0,0,0,0,13
2026-08-18,P04-32-OLIVE,10,0,0,0,0,10
2026-08-18,P04-32-NAVY,8,0,0,0,0,8
2026-08-18,P04-34-BEIGE,6,0,0,0,0,6
2026-08-18,P04-34-OLIVE,8,0,1,0,0,7
2026-08-18,P04-34-NAVY,8,0,0,0,0,8
2026-08-18,P04-36-BEIGE,9,0,0,0,0,9
2026-08-18,P04-36-OLIVE,4,12,0,0,0,16
2026-08-18,P04-36-NAVY,17,0,0,0,0,17
2026-08-18,P05-S-WHITE,8,0,0,0,0,8
2026-08-18,P05-S-BLUE,14,0,0,0,0,14
2026-08-18,P05-S-GREY,12,0,2,0,0,10
2026-08-18,P05-M-WHITE,17,0,0,0,0,17
2026-08-18,P05-M-BLUE,5,0,1,0,0,4
2026-08-18,P05-M-GREY,15,0,0,0,0,15
2026-08-18,P05-L-WHITE,5,0,0,0,0,5
2026-08-18,P05-L-BLUE,15,0,0,0,0,15
2026-08-18,P05-L-GREY,11,0,2,0,0,9
2026-08-18,P05-XL-WHITE,6,0,0,0,0,6
2026-08-18,P05-XL-BLUE,12,0,2,0,0,10
2026-08-18,P05-XL-GREY,10,0,0,0,0,10
2026-08-18,P06-S-BLACK,3,18,0,0,0,21
2026-08-18,P06-S-WHITE,10,0,1,0,0,9
2026-08-18,P06-S-RED,7,0,0,0,0,7
2026-08-18,P06-M-BLACK,8,0,0,0,0,8
2026-08-18,P06-M-WHITE,11,0,1,0,0,10
2026-08-18,P06-M-RED,7,0,0,0,0,7
2026-08-18,P06-L-BLACK,14,0,4,0,0,10
2026-08-18,P06-L-WHITE,8,0,0,0,0,8
2026-08-18,P06-L-RED,11,0,1,0,0,10
2026-08-18,P06-XL-BLACK,14,0,0,0,0,14
2026-08-18,P06-XL-WHITE,8,0,2,0,0,6
2026-08-18,P06-XL-RED,5,0,1,0,0,4
2026-08-18,P07-XS-MUSTARD,16,0,1,0,0,15
2026-08-18,P07-XS-TEAL,11,0,0,0,0,11
2026-08-18,P07-XS-MAROON,11,0,0,0,0,11
2026-08-18,P07-S-MUSTARD,20,0,1,0,0,19
2026-08-18,P07-S-TEAL,5,0,0,0,0,5
2026-08-18,P07-S-MAROON,5,0,0,0,0,5
2026-08-18,P07-M-MUSTARD,0,0,0,0,0,0
2026-08-18,P07-M-TEAL,7,0,0,0,0,7
2026-08-18,P07-M-MAROON,0,0,0,0,0,0
2026-08-18,P07-L-MUSTARD,6,0,4,0,0,2
2026-08-18,P07-L-TEAL,18,0,1,0,0,17
2026-08-18,P07-L-MAROON,2,13,1,0,0,14
2026-08-18,P07-XL-MUSTARD,17,0,0,0,0,17
2026-08-18,P07-XL-TEAL,11,0,1,0,0,10
2026-08-18,P07-XL-MAROON,8,0,1,0,0,7
2026-08-18,P08-XS-PINK,9,0,0,0,0,9
2026-08-18,P08-XS-BLUE,15,0,0,0,0,15
2026-08-18,P08-XS-GREEN,11,0,0,0,0,11
2026-08-18,P08-S-PINK,9,0,0,0,0,9
2026-08-18,P08-S-BLUE,8,0,0,0,0,8
2026-08-18,P08-S-GREEN,6,0,0,0,0,6
2026-08-18,P08-M-PINK,2,0,1,0,0,1
2026-08-18,P08-M-BLUE,7,0,0,0,0,7
2026-08-18,P08-M-GREEN,6,0,0,0,0,6
2026-08-18,P08-L-PINK,17,0,0,0,0,17
2026-08-18,P08-L-BLUE,7,0,1,0,0,6
2026-08-18,P08-L-GREEN,4,0,0,0,0,4
2026-08-18,P08-XL-PINK,8,0,0,0,0,8
2026-08-18,P08-XL-BLUE,12,0,1,0,0,11
2026-08-18,P08-XL-GREEN,7,0,0,0,0,7
2026-08-18,P09-XS-BLACK,10,0,0,0,0,10
2026-08-18,P09-XS-BEIGE,10,0,0,0,0,10
2026-08-18,P09-XS-NAVY,12,0,0,0,0,12
2026-08-18,P09-S-BLACK,10,0,0,0,0,10
2026-08-18,P09-S-BEIGE,8,0,0,0,0,8
2026-08-18,P09-S-NAVY,8,0,0,0,0,8
2026-08-18,P09-M-BLACK,18,0,0,0,0,18
2026-08-18,P09-M-BEIGE,4,14,0,0,0,18
2026-08-18,P09-M-NAVY,7,0,0,0,0,7
2026-08-18,P09-L-BLACK,5,0,1,0,0,4
2026-08-18,P09-L-BEIGE,13,0,0,0,0,13
2026-08-18,P09-L-NAVY,7,0,0,0,0,7
2026-08-18,P09-XL-BLACK,7,0,0,0,0,7
2026-08-18,P09-XL-BEIGE,10,0,0,0,0,10
2026-08-18,P09-XL-NAVY,11,0,0,0,0,11
2026-08-18,P10-XS-INDIGO,12,0,0,0,0,12
2026-08-18,P10-XS-BLACK,8,0,0,0,0,8
2026-08-18,P10-S-INDIGO,16,0,0,0,0,16
2026-08-18,P10-S-BLACK,10,0,0,0,0,10
2026-08-18,P10-M-INDIGO,2,14,0,0,0,16
2026-08-18,P10-M-BLACK,12,0,1,0,0,11
2026-08-18,P10-L-INDIGO,20,0,1,0,0,19
2026-08-18,P10-L-BLACK,9,0,0,0,0,9
2026-08-18,P10-XL-INDIGO,10,0,0,0,0,10
2026-08-18,P10-XL-BLACK,11,0,1,0,0,10
2026-08-18,P11-XS-WHITE,12,0,0,0,0,12
2026-08-18,P11-XS-LAVENDER,17,0,1,0,0,16
2026-08-18,P11-XS-BLACK,3,0,0,0,0,3
2026-08-18,P11-S-WHITE,7,0,2,0,0,5
2026-08-18,P11-S-LAVENDER,10,0,0,0,0,10
2026-08-18,P11-S-BLACK,17,0,2,0,0,15
2026-08-18,P11-M-WHITE,10,0,0,0,0,10
2026-08-18,P11-M-LAVENDER,8,0,1,0,0,7
2026-08-18,P11-M-BLACK,12,0,0,0,0,12
2026-08-18,P11-L-WHITE,1,16,0,0,0,17
2026-08-18,P11-L-LAVENDER,14,0,1,0,0,13
2026-08-18,P11-L-BLACK,14,0,0,0,0,14
2026-08-18,P12-XS-RED,12,0,0,0,0,12
2026-08-18,P12-XS-BLUE,13,0,1,0,0,12
2026-08-18,P12-XS-WHITE,9,0,0,0,0,9
2026-08-18,P12-S-RED,10,0,0,0,0,10
2026-08-18,P12-S-BLUE,4,17,0,0,0,21
2026-08-18,P12-S-WHITE,7,0,0,0,0,7
2026-08-18,P12-M-RED,12,0,1,0,0,11
2026-08-18,P12-M-BLUE,16,0,0,0,0,16
2026-08-18,P12-M-WHITE,13,0,1,0,0,12
2026-08-18,P12-L-RED,6,0,0,0,0,6
2026-08-18,P12-L-BLUE,16,0,1,0,0,15
2026-08-18,P12-L-WHITE,16,0,1,0,0,15
2026-08-18,P12-XL-RED,5,0,0,0,0,5
2026-08-18,P12-XL-BLUE,8,0,1,0,0,7
2026-08-18,P12-XL-WHITE,5,0,0,0,0,5
2026-08-18,P13-S-WINE,22,0,0,0,0,22
2026-08-18,P13-S-EMERALD,28,0,0,0,0,28
2026-08-18,P13-S-NAVY,21,0,0,0,0,21
2026-08-18,P13-M-WINE,30,0,0,0,0,30
2026-08-18,P13-M-EMERALD,23,0,0,0,0,23
2026-08-18,P13-M-NAVY,29,0,0,0,0,29
2026-08-18,P13-L-WINE,24,0,0,0,0,24
2026-08-18,P13-L-EMERALD,25,0,0,0,0,25
2026-08-18,P13-L-NAVY,23,0,0,0,0,23
2026-08-18,P13-XL-WINE,28,0,0,0,0,28
2026-08-18,P13-XL-EMERALD,27,0,0,0,0,27
2026-08-18,P13-XL-NAVY,28,0,0,0,0,28
2026-08-18,P14-XS-TEAL,14,0,1,0,0,13
2026-08-18,P14-XS-MUSTARD,13,0,0,0,0,13
2026-08-18,P14-XS-MAROON,10,0,0,0,0,10
2026-08-18,P14-S-TEAL,14,0,0,0,0,14
2026-08-18,P14-S-MUSTARD,15,0,3,0,0,12
2026-08-18,P14-S-MAROON,3,0,0,0,0,3
2026-08-18,P14-M-TEAL,14,0,0,0,0,14
2026-08-18,P14-M-MUSTARD,17,0,2,0,0,15
2026-08-18,P14-M-MAROON,7,0,1,0,0,6
2026-08-18,P14-L-TEAL,15,0,0,0,0,15
2026-08-18,P14-L-MUSTARD,16,0,0,0,0,16
2026-08-18,P14-L-MAROON,6,0,0,0,0,6
2026-08-18,P14-XL-TEAL,14,0,0,0,0,14
2026-08-18,P14-XL-MUSTARD,13,0,0,0,0,13
2026-08-18,P14-XL-MAROON,9,0,0,0,0,9
2026-08-18,P15-23Y-YELLOW,6,0,0,0,0,6
2026-08-18,P15-23Y-BLUE,6,0,0,0,0,6
2026-08-18,P15-23Y-RED,15,0,0,0,0,15
2026-08-18,P15-45Y-YELLOW,10,0,1,0,0,9
2026-08-18,P15-45Y-BLUE,15,0,0,0,0,15
2026-08-18,P15-45Y-RED,10,0,0,0,0,10
2026-08-18,P15-67Y-YELLOW,8,0,0,0,0,8
2026-08-18,P15-67Y-BLUE,9,0,2,0,0,7
2026-08-18,P15-67Y-RED,16,0,1,0,0,15
2026-08-18,P15-89Y-YELLOW,8,0,2,0,0,6
2026-08-18,P15-89Y-BLUE,6,0,2,0,0,4
2026-08-18,P15-89Y-RED,5,0,0,0,0,5
2026-08-18,P16-23Y-BLUE,12,0,0,0,0,12
2026-08-18,P16-23Y-BLACK,5,0,0,0,0,5
2026-08-18,P16-45Y-BLUE,7,0,1,0,0,6
2026-08-18,P16-45Y-BLACK,14,0,0,0,0,14
2026-08-18,P16-67Y-BLUE,5,0,0,0,0,5
2026-08-18,P16-67Y-BLACK,18,0,0,0,0,18
2026-08-18,P16-89Y-BLUE,9,0,0,0,0,9
2026-08-18,P16-89Y-BLACK,8,0,0,0,0,8
2026-08-18,P17-23Y-MAROON,10,0,0,0,0,10
2026-08-18,P17-23Y-MUSTARD,13,0,0,0,0,13
2026-08-18,P17-23Y-GREEN,8,0,1,0,0,7
2026-08-18,P17-45Y-MAROON,7,0,0,0,0,7
2026-08-18,P17-45Y-MUSTARD,10,0,1,0,0,9
2026-08-18,P17-45Y-GREEN,10,0,0,0,0,10
2026-08-18,P17-67Y-MAROON,19,0,0,0,0,19
2026-08-18,P17-67Y-MUSTARD,9,0,4,0,0,5
2026-08-18,P17-67Y-GREEN,7,0,0,0,0,7
2026-08-18,P17-89Y-MAROON,6,0,0,0,0,6
2026-08-18,P17-89Y-MUSTARD,5,0,0,0,0,5
2026-08-18,P17-89Y-GREEN,13,0,0,0,0,13
2026-08-18,P18-23Y-PINK,6,0,0,0,0,6
2026-08-18,P18-23Y-PEACH,8,0,0,0,0,8
2026-08-18,P18-23Y-MINT,9,0,0,0,0,9
2026-08-18,P18-45Y-PINK,5,0,0,0,0,5
2026-08-18,P18-45Y-PEACH,10,0,0,0,0,10
2026-08-18,P18-45Y-MINT,9,0,0,0,0,9
2026-08-18,P18-67Y-PINK,8,0,1,0,0,7
2026-08-18,P18-67Y-PEACH,14,0,0,0,0,14
2026-08-18,P18-67Y-MINT,10,0,0,0,0,10
2026-08-18,P18-89Y-PINK,12,0,0,0,0,12
2026-08-18,P18-89Y-PEACH,9,0,0,0,0,9
2026-08-18,P18-89Y-MINT,12,0,2,0,0,10
2026-08-18,P19-23Y-GREY,13,0,0,0,0,13
2026-08-18,P19-23Y-NAVY,10,0,0,0,0,10
2026-08-18,P19-23Y-BLACK,7,0,0,0,0,7
2026-08-18,P19-45Y-GREY,16,0,1,0,0,15
2026-08-18,P19-45Y-NAVY,5,0,0,0,0,5
2026-08-18,P19-45Y-BLACK,6,0,1,0,0,5
2026-08-18,P19-67Y-GREY,20,0,1,0,0,19
2026-08-18,P19-67Y-NAVY,5,0,1,0,0,4
2026-08-18,P19-67Y-BLACK,6,0,0,0,0,6
2026-08-18,P19-89Y-GREY,13,0,0,0,0,13
2026-08-18,P19-89Y-NAVY,18,0,0,0,0,18
2026-08-18,P19-89Y-BLACK,6,0,1,0,0,5
2026-08-18,P20-7-WHITE,11,0,2,0,0,9
2026-08-18,P20-7-BLACK,19,0,1,0,0,18
2026-08-18,P20-7-GREY,15,0,0,0,0,15
2026-08-18,P20-8-WHITE,4,11,0,0,0,15
2026-08-18,P20-8-BLACK,7,0,1,0,0,6
2026-08-18,P20-8-GREY,9,0,0,0,0,9
2026-08-18,P20-9-WHITE,19,0,1,0,0,18
2026-08-18,P20-9-BLACK,6,0,0,0,0,6
2026-08-18,P20-9-GREY,6,0,0,0,0,6
2026-08-18,P20-10-WHITE,8,0,0,0,0,8
2026-08-18,P20-10-BLACK,5,0,0,0,0,5
2026-08-18,P20-10-GREY,4,0,0,0,0,4
2026-08-18,P21-4-TAN,9,0,0,0,0,9
2026-08-18,P21-4-BLACK,6,0,0,0,0,6
2026-08-18,P21-4-GOLD,10,0,0,0,0,10
2026-08-18,P21-5-TAN,16,0,0,0,0,16
2026-08-18,P21-5-BLACK,6,0,0,0,0,6
2026-08-18,P21-5-GOLD,7,0,0,0,0,7
2026-08-18,P21-6-TAN,5,0,0,0,0,5
2026-08-18,P21-6-BLACK,7,0,0,0,0,7
2026-08-18,P21-6-GOLD,16,0,0,0,0,16
2026-08-18,P21-7-TAN,9,0,0,0,0,9
2026-08-18,P21-7-BLACK,11,0,0,0,0,11
2026-08-18,P21-7-GOLD,8,0,0,0,0,8
2026-08-18,P21-8-TAN,5,0,0,0,0,5
2026-08-18,P21-8-BLACK,8,0,1,0,0,7
2026-08-18,P21-8-GOLD,8,0,0,0,0,8
2026-08-18,P22-10C-BLUE,12,0,0,0,0,12
2026-08-18,P22-10C-PINK,8,0,0,0,0,8
2026-08-18,P22-10C-BLACK,9,0,0,0,0,9
2026-08-18,P22-11C-BLUE,8,0,0,0,0,8
2026-08-18,P22-11C-PINK,8,0,1,0,0,7
2026-08-18,P22-11C-BLACK,3,15,1,0,0,17
2026-08-18,P22-12C-BLUE,10,0,0,0,0,10
2026-08-18,P22-12C-PINK,5,0,0,0,0,5
2026-08-18,P22-12C-BLACK,9,0,0,0,0,9
2026-08-18,P22-13C-BLUE,5,0,0,0,0,5
2026-08-18,P22-13C-PINK,10,0,0,0,0,10
2026-08-18,P22-13C-BLACK,4,0,1,0,0,3
2026-08-18,P22-1Y-BLUE,5,0,0,0,0,5
2026-08-18,P22-1Y-PINK,13,0,0,0,0,13
2026-08-18,P22-1Y-BLACK,10,0,0,0,0,10
2026-08-18,P23-7-BLACK,16,0,0,0,0,16
2026-08-18,P23-7-NAVY,16,0,0,0,0,16
2026-08-18,P23-7-GREY,7,0,0,0,0,7
2026-08-18,P23-8-BLACK,6,0,0,0,0,6
2026-08-18,P23-8-NAVY,13,0,0,0,0,13
2026-08-18,P23-8-GREY,16,0,0,0,0,16
2026-08-18,P23-9-BLACK,6,0,0,0,0,6
2026-08-18,P23-9-NAVY,7,0,0,0,0,7
2026-08-18,P23-9-GREY,12,0,0,0,0,12
2026-08-18,P23-10-BLACK,13,0,1,0,0,12
2026-08-18,P23-10-NAVY,6,0,0,0,0,6
2026-08-18,P23-10-GREY,6,0,0,0,0,6
2026-08-18,P24-ONESIZE-BLACK,10,0,1,0,0,9
2026-08-18,P24-ONESIZE-TAN,12,0,0,0,0,12
2026-08-18,P24-ONESIZE-MAROON,9,0,1,0,0,8
2026-08-18,P25-ONESIZE-BLACK,6,0,0,0,0,6
2026-08-18,P25-ONESIZE-PINK,14,0,0,0,0,14
2026-08-18,P25-ONESIZE-BEIGE,7,0,0,0,0,7
2026-08-18,P26-32-BLACK,10,0,0,0,0,10
2026-08-18,P26-32-BROWN,13,0,0,0,0,13
2026-08-18,P26-34-BLACK,7,0,1,0,0,6
2026-08-18,P26-34-BROWN,9,0,0,0,0,9
2026-08-18,P26-36-BLACK,16,0,1,0,0,15
2026-08-18,P26-36-BROWN,8,0,0,0,0,8
2026-08-18,P26-38-BLACK,6,0,0,0,0,6
2026-08-18,P26-38-BROWN,4,13,0,0,0,17
2026-08-18,P27-ONESIZE-BLACK,16,0,1,0,0,15
2026-08-18,P27-ONESIZE-BROWN,9,0,0,0,0,9
2026-08-18,P27-ONESIZE-TAN,9,0,0,0,0,9
2026-08-18,P28-ONESIZE-MULTICOL,7,0,2,0,0,5
2026-08-18,P28-ONESIZE-PINK,15,0,0,0,0,15
2026-08-18,P28-ONESIZE-BLACK,21,0,0,0,0,21
2026-08-18,P29-ONESIZE-BLACK,11,0,0,0,0,11
2026-08-18,P29-ONESIZE-NAVY,11,0,0,0,0,11
2026-08-18,P29-ONESIZE-BEIGE,6,0,0,0,0,6
2026-08-18,P30-ONESIZE-FLORAL,22,0,0,0,0,22
2026-08-18,P30-ONESIZE-MAROON,23,0,0,0,0,23
2026-08-18,P30-ONESIZE-TEAL,22,0,0,0,0,22
2026-08-18,P31-ONESIZE-RED,11,0,0,0,0,11
2026-08-18,P31-ONESIZE-MUSTARD,6,0,0,0,0,6
2026-08-18,P31-ONESIZE-GREEN,13,0,1,0,0,12
2026-08-18,P32-4-BLACK,9,0,1,0,0,8
2026-08-18,P32-4-BEIGE,4,0,0,0,0,4
2026-08-18,P32-4-SILVER,10,0,0,0,0,10
2026-08-18,P32-5-BLACK,18,0,1,0,0,17
2026-08-18,P32-5-BEIGE,13,0,0,0,0,13
2026-08-18,P32-5-SILVER,14,0,0,0,0,14
2026-08-18,P32-6-BLACK,5,0,0,0,0,5
2026-08-18,P32-6-BEIGE,13,0,0,0,0,13
2026-08-18,P32-6-SILVER,7,0,0,0,0,7
2026-08-18,P32-7-BLACK,18,0,0,0,0,18
2026-08-18,P32-7-BEIGE,10,0,0,0,0,10
2026-08-18,P32-7-SILVER,17,0,0,0,0,17
2026-08-18,P32-8-BLACK,5,0,0,0,0,5
2026-08-18,P32-8-BEIGE,5,0,0,0,0,5
2026-08-18,P32-8-SILVER,19,0,0,0,0,19
2026-08-19,P01-S-WHITE,5,0,1,0,0,4
2026-08-19,P01-S-BLACK,20,0,2,0,0,18
2026-08-19,P01-S-NAVY,15,0,0,0,0,15
2026-08-19,P01-S-OLIVE,7,0,0,0,0,7
2026-08-19,P01-M-WHITE,15,0,2,0,0,13
2026-08-19,P01-M-BLACK,19,0,0,0,0,19
2026-08-19,P01-M-NAVY,15,0,3,0,0,12
2026-08-19,P01-M-OLIVE,11,0,1,0,0,10
2026-08-19,P01-L-WHITE,10,0,0,0,0,10
2026-08-19,P01-L-BLACK,7,0,3,0,0,4
2026-08-19,P01-L-NAVY,8,0,0,0,0,8
2026-08-19,P01-L-OLIVE,18,0,1,0,0,17
2026-08-19,P01-XL-WHITE,5,0,1,0,0,4
2026-08-19,P01-XL-BLACK,4,11,2,0,0,13
2026-08-19,P01-XL-NAVY,6,0,0,0,0,6
2026-08-19,P01-XL-OLIVE,5,0,0,0,0,5
2026-08-19,P02-S-NAVY,7,0,0,0,0,7
2026-08-19,P02-S-MAROON,8,0,0,0,0,8
2026-08-19,P02-S-GREY,14,0,0,0,0,14
2026-08-19,P02-M-NAVY,6,0,1,0,0,5
2026-08-19,P02-M-MAROON,5,0,0,0,0,5
2026-08-19,P02-M-GREY,9,0,0,0,0,9
2026-08-19,P02-L-NAVY,5,0,2,0,0,3
2026-08-19,P02-L-MAROON,6,0,0,0,0,6
2026-08-19,P02-L-GREY,7,0,0,0,0,7
2026-08-19,P02-XL-NAVY,6,0,0,0,0,6
2026-08-19,P02-XL-MAROON,16,0,0,0,0,16
2026-08-19,P02-XL-GREY,7,0,3,0,0,4
2026-08-19,P03-30-NAVY,15,0,0,0,0,15
2026-08-19,P03-30-BLACK,5,0,1,0,0,4
2026-08-19,P03-30-LIGHTBLU,11,0,0,0,0,11
2026-08-19,P03-32-NAVY,19,0,1,0,0,18
2026-08-19,P03-32-BLACK,20,0,0,0,0,20
2026-08-19,P03-32-LIGHTBLU,8,0,1,0,0,7
2026-08-19,P03-34-NAVY,13,0,0,0,0,13
2026-08-19,P03-34-BLACK,14,0,1,0,0,13
2026-08-19,P03-34-LIGHTBLU,11,0,0,0,0,11
2026-08-19,P03-36-NAVY,27,0,0,0,0,27
2026-08-19,P03-36-BLACK,27,0,0,0,0,27
2026-08-19,P03-36-LIGHTBLU,30,0,0,0,0,30
2026-08-19,P04-30-BEIGE,6,0,1,0,0,5
2026-08-19,P04-30-OLIVE,6,0,0,0,0,6
2026-08-19,P04-30-NAVY,7,0,0,0,0,7
2026-08-19,P04-32-BEIGE,13,0,0,0,0,13
2026-08-19,P04-32-OLIVE,10,0,0,0,0,10
2026-08-19,P04-32-NAVY,8,0,0,0,0,8
2026-08-19,P04-34-BEIGE,6,0,1,0,0,5
2026-08-19,P04-34-OLIVE,7,0,0,0,0,7
2026-08-19,P04-34-NAVY,8,0,0,0,0,8
2026-08-19,P04-36-BEIGE,9,0,0,0,0,9
2026-08-19,P04-36-OLIVE,16,0,0,0,0,16
2026-08-19,P04-36-NAVY,17,0,1,0,0,16
2026-08-19,P05-S-WHITE,8,0,0,0,0,8
2026-08-19,P05-S-BLUE,14,0,0,0,0,14
2026-08-19,P05-S-GREY,10,0,0,0,0,10
2026-08-19,P05-M-WHITE,17,0,2,0,0,15
2026-08-19,P05-M-BLUE,4,0,0,0,0,4
2026-08-19,P05-M-GREY,15,0,0,0,0,15
2026-08-19,P05-L-WHITE,5,0,1,0,0,4
2026-08-19,P05-L-BLUE,15,0,1,0,0,14
2026-08-19,P05-L-GREY,9,0,0,0,0,9
2026-08-19,P05-XL-WHITE,6,0,1,0,0,5
2026-08-19,P05-XL-BLUE,10,0,0,0,0,10
2026-08-19,P05-XL-GREY,10,0,1,0,0,9
2026-08-19,P06-S-BLACK,21,0,0,0,0,21
2026-08-19,P06-S-WHITE,9,0,0,0,0,9
2026-08-19,P06-S-RED,7,0,1,0,0,6
2026-08-19,P06-M-BLACK,8,0,2,0,0,6
2026-08-19,P06-M-WHITE,10,0,0,0,0,10
2026-08-19,P06-M-RED,7,0,1,0,0,6
2026-08-19,P06-L-BLACK,10,0,0,0,0,10
2026-08-19,P06-L-WHITE,8,0,1,0,0,7
2026-08-19,P06-L-RED,10,0,2,0,0,8
2026-08-19,P06-XL-BLACK,14,0,2,0,0,12
2026-08-19,P06-XL-WHITE,6,0,0,0,0,6
2026-08-19,P06-XL-RED,4,0,0,0,0,4
2026-08-19,P07-XS-MUSTARD,15,0,0,0,0,15
2026-08-19,P07-XS-TEAL,11,0,0,0,0,11
2026-08-19,P07-XS-MAROON,11,0,0,0,0,11
2026-08-19,P07-S-MUSTARD,19,0,0,0,0,19
2026-08-19,P07-S-TEAL,5,0,0,0,0,5
2026-08-19,P07-S-MAROON,5,0,2,0,0,3
2026-08-19,P07-M-MUSTARD,0,8,0,0,0,8
2026-08-19,P07-M-TEAL,7,0,1,0,0,6
2026-08-19,P07-M-MAROON,0,7,4,0,0,3
2026-08-19,P07-L-MUSTARD,2,0,0,0,0,2
2026-08-19,P07-L-TEAL,17,0,0,0,0,17
2026-08-19,P07-L-MAROON,14,0,2,0,0,12
2026-08-19,P07-XL-MUSTARD,17,0,0,0,0,17
2026-08-19,P07-XL-TEAL,10,0,1,0,0,9
2026-08-19,P07-XL-MAROON,7,0,2,0,0,5
2026-08-19,P08-XS-PINK,9,0,0,0,0,9
2026-08-19,P08-XS-BLUE,15,0,0,0,0,15
2026-08-19,P08-XS-GREEN,11,0,0,0,0,11
2026-08-19,P08-S-PINK,9,0,1,0,0,8
2026-08-19,P08-S-BLUE,8,0,0,0,0,8
2026-08-19,P08-S-GREEN,6,0,0,0,0,6
2026-08-19,P08-M-PINK,1,16,0,0,0,17
2026-08-19,P08-M-BLUE,7,0,1,0,0,6
2026-08-19,P08-M-GREEN,6,0,0,0,0,6
2026-08-19,P08-L-PINK,17,0,0,0,0,17
2026-08-19,P08-L-BLUE,6,0,1,0,0,5
2026-08-19,P08-L-GREEN,4,13,1,0,0,16
2026-08-19,P08-XL-PINK,8,0,0,0,0,8
2026-08-19,P08-XL-BLUE,11,0,1,0,0,10
2026-08-19,P08-XL-GREEN,7,0,0,0,0,7
2026-08-19,P09-XS-BLACK,10,0,1,0,0,9
2026-08-19,P09-XS-BEIGE,10,0,1,0,0,9
2026-08-19,P09-XS-NAVY,12,0,0,0,0,12
2026-08-19,P09-S-BLACK,10,0,0,0,0,10
2026-08-19,P09-S-BEIGE,8,0,0,0,0,8
2026-08-19,P09-S-NAVY,8,0,1,0,0,7
2026-08-19,P09-M-BLACK,18,0,0,0,0,18
2026-08-19,P09-M-BEIGE,18,0,1,0,0,17
2026-08-19,P09-M-NAVY,7,0,0,0,0,7
2026-08-19,P09-L-BLACK,4,0,1,0,0,3
2026-08-19,P09-L-BEIGE,13,0,0,0,0,13
2026-08-19,P09-L-NAVY,7,0,0,0,0,7
2026-08-19,P09-XL-BLACK,7,0,0,0,0,7
2026-08-19,P09-XL-BEIGE,10,0,0,0,0,10
2026-08-19,P09-XL-NAVY,11,0,1,0,0,10
2026-08-19,P10-XS-INDIGO,12,0,0,0,0,12
2026-08-19,P10-XS-BLACK,8,0,0,0,0,8
2026-08-19,P10-S-INDIGO,16,0,0,0,0,16
2026-08-19,P10-S-BLACK,10,0,1,0,0,9
2026-08-19,P10-M-INDIGO,16,0,1,0,0,15
2026-08-19,P10-M-BLACK,11,0,3,0,0,8
2026-08-19,P10-L-INDIGO,19,0,0,0,0,19
2026-08-19,P10-L-BLACK,9,0,3,0,0,6
2026-08-19,P10-XL-INDIGO,10,0,0,0,0,10
2026-08-19,P10-XL-BLACK,10,0,0,0,0,10
2026-08-19,P11-XS-WHITE,12,0,0,0,0,12
2026-08-19,P11-XS-LAVENDER,16,0,0,0,0,16
2026-08-19,P11-XS-BLACK,3,0,0,0,0,3
2026-08-19,P11-S-WHITE,5,0,0,0,0,5
2026-08-19,P11-S-LAVENDER,10,0,1,0,0,9
2026-08-19,P11-S-BLACK,15,0,1,0,0,14
2026-08-19,P11-M-WHITE,10,0,0,0,0,10
2026-08-19,P11-M-LAVENDER,7,0,1,0,0,6
2026-08-19,P11-M-BLACK,12,0,0,0,0,12
2026-08-19,P11-L-WHITE,17,0,0,0,0,17
2026-08-19,P11-L-LAVENDER,13,0,0,0,0,13
2026-08-19,P11-L-BLACK,14,0,2,0,0,12
2026-08-19,P12-XS-RED,12,0,0,0,0,12
2026-08-19,P12-XS-BLUE,12,0,1,0,0,11
2026-08-19,P12-XS-WHITE,9,0,0,0,0,9
2026-08-19,P12-S-RED,10,0,0,0,0,10
2026-08-19,P12-S-BLUE,21,0,0,0,0,21
2026-08-19,P12-S-WHITE,7,0,0,0,0,7
2026-08-19,P12-M-RED,11,0,0,0,0,11
2026-08-19,P12-M-BLUE,16,0,1,0,0,15
2026-08-19,P12-M-WHITE,12,0,0,0,0,12
2026-08-19,P12-L-RED,6,0,1,0,0,5
2026-08-19,P12-L-BLUE,15,0,0,0,0,15
2026-08-19,P12-L-WHITE,15,0,1,0,0,14
2026-08-19,P12-XL-RED,5,0,0,0,0,5
2026-08-19,P12-XL-BLUE,7,0,0,0,0,7
2026-08-19,P12-XL-WHITE,5,0,0,0,0,5
2026-08-19,P13-S-WINE,22,0,0,0,0,22
2026-08-19,P13-S-EMERALD,28,0,0,0,0,28
2026-08-19,P13-S-NAVY,21,0,0,0,0,21
2026-08-19,P13-M-WINE,30,0,0,0,0,30
2026-08-19,P13-M-EMERALD,23,0,0,0,0,23
2026-08-19,P13-M-NAVY,29,0,0,0,0,29
2026-08-19,P13-L-WINE,24,0,0,0,0,24
2026-08-19,P13-L-EMERALD,25,0,0,0,0,25
2026-08-19,P13-L-NAVY,23,0,0,0,0,23
2026-08-19,P13-XL-WINE,28,0,0,0,0,28
2026-08-19,P13-XL-EMERALD,27,0,0,0,0,27
2026-08-19,P13-XL-NAVY,28,0,0,0,0,28
2026-08-19,P14-XS-TEAL,13,0,0,0,0,13
2026-08-19,P14-XS-MUSTARD,13,0,0,0,0,13
2026-08-19,P14-XS-MAROON,10,0,0,0,0,10
2026-08-19,P14-S-TEAL,14,0,0,0,0,14
2026-08-19,P14-S-MUSTARD,12,0,0,0,0,12
2026-08-19,P14-S-MAROON,3,16,1,0,0,18
2026-08-19,P14-M-TEAL,14,0,0,0,0,14
2026-08-19,P14-M-MUSTARD,15,0,0,0,0,15
2026-08-19,P14-M-MAROON,6,0,0,0,0,6
2026-08-19,P14-L-TEAL,15,0,0,0,0,15
2026-08-19,P14-L-MUSTARD,16,0,2,0,0,14
2026-08-19,P14-L-MAROON,6,0,0,0,0,6
2026-08-19,P14-XL-TEAL,14,0,0,0,0,14
2026-08-19,P14-XL-MUSTARD,13,0,1,0,0,12
2026-08-19,P14-XL-MAROON,9,0,0,0,0,9
2026-08-19,P15-23Y-YELLOW,6,0,2,0,0,4
2026-08-19,P15-23Y-BLUE,6,0,0,0,0,6
2026-08-19,P15-23Y-RED,15,0,0,0,0,15
2026-08-19,P15-45Y-YELLOW,9,0,0,0,0,9
2026-08-19,P15-45Y-BLUE,15,0,0,0,0,15
2026-08-19,P15-45Y-RED,10,0,1,0,0,9
2026-08-19,P15-67Y-YELLOW,8,0,0,0,0,8
2026-08-19,P15-67Y-BLUE,7,0,0,0,0,7
2026-08-19,P15-67Y-RED,15,0,0,0,0,15
2026-08-19,P15-89Y-YELLOW,6,0,1,0,0,5
2026-08-19,P15-89Y-BLUE,4,18,2,0,0,20
2026-08-19,P15-89Y-RED,5,0,0,0,0,5
2026-08-19,P16-23Y-BLUE,12,0,0,0,0,12
2026-08-19,P16-23Y-BLACK,5,0,0,0,0,5
2026-08-19,P16-45Y-BLUE,6,0,0,0,0,6
2026-08-19,P16-45Y-BLACK,14,0,0,0,0,14
2026-08-19,P16-67Y-BLUE,5,0,0,0,0,5
2026-08-19,P16-67Y-BLACK,18,0,1,0,0,17
2026-08-19,P16-89Y-BLUE,9,0,0,0,0,9
2026-08-19,P16-89Y-BLACK,8,0,1,0,0,7
2026-08-19,P17-23Y-MAROON,10,0,0,0,0,10
2026-08-19,P17-23Y-MUSTARD,13,0,0,0,0,13
2026-08-19,P17-23Y-GREEN,7,0,0,0,0,7
2026-08-19,P17-45Y-MAROON,7,0,0,0,0,7
2026-08-19,P17-45Y-MUSTARD,9,0,0,0,0,9
2026-08-19,P17-45Y-GREEN,10,0,0,0,0,10
2026-08-19,P17-67Y-MAROON,19,0,0,0,0,19
2026-08-19,P17-67Y-MUSTARD,5,0,0,0,0,5
2026-08-19,P17-67Y-GREEN,7,0,4,0,0,3
2026-08-19,P17-89Y-MAROON,6,0,0,0,0,6
2026-08-19,P17-89Y-MUSTARD,5,0,0,0,0,5
2026-08-19,P17-89Y-GREEN,13,0,0,0,0,13
2026-08-19,P18-23Y-PINK,6,0,0,0,0,6
2026-08-19,P18-23Y-PEACH,8,0,0,0,0,8
2026-08-19,P18-23Y-MINT,9,0,0,0,0,9
2026-08-19,P18-45Y-PINK,5,0,0,0,0,5
2026-08-19,P18-45Y-PEACH,10,0,1,0,0,9
2026-08-19,P18-45Y-MINT,9,0,0,0,0,9
2026-08-19,P18-67Y-PINK,7,0,0,0,0,7
2026-08-19,P18-67Y-PEACH,14,0,1,0,0,13
2026-08-19,P18-67Y-MINT,10,0,0,0,0,10
2026-08-19,P18-89Y-PINK,12,0,0,0,0,12
2026-08-19,P18-89Y-PEACH,9,0,0,0,0,9
2026-08-19,P18-89Y-MINT,10,0,0,0,0,10
2026-08-19,P19-23Y-GREY,13,0,0,0,0,13
2026-08-19,P19-23Y-NAVY,10,0,0,0,0,10
2026-08-19,P19-23Y-BLACK,7,0,0,0,0,7
2026-08-19,P19-45Y-GREY,15,0,1,0,0,14
2026-08-19,P19-45Y-NAVY,5,0,0,0,0,5
2026-08-19,P19-45Y-BLACK,5,0,0,0,0,5
2026-08-19,P19-67Y-GREY,19,0,0,0,0,19
2026-08-19,P19-67Y-NAVY,4,11,0,0,0,15
2026-08-19,P19-67Y-BLACK,6,0,0,0,0,6
2026-08-19,P19-89Y-GREY,13,0,0,0,0,13
2026-08-19,P19-89Y-NAVY,18,0,0,0,0,18
2026-08-19,P19-89Y-BLACK,5,0,0,0,0,5
2026-08-19,P20-7-WHITE,9,0,0,0,0,9
2026-08-19,P20-7-BLACK,18,0,2,0,0,16
2026-08-19,P20-7-GREY,15,0,1,0,0,14
2026-08-19,P20-8-WHITE,15,0,0,0,0,15
2026-08-19,P20-8-BLACK,6,0,0,0,0,6
2026-08-19,P20-8-GREY,9,0,0,0,0,9
2026-08-19,P20-9-WHITE,18,0,0,0,0,18
2026-08-19,P20-9-BLACK,6,0,0,0,0,6
2026-08-19,P20-9-GREY,6,0,0,0,0,6
2026-08-19,P20-10-WHITE,8,0,0,0,0,8
2026-08-19,P20-10-BLACK,5,0,0,0,0,5
2026-08-19,P20-10-GREY,4,12,0,0,0,16
2026-08-19,P21-4-TAN,9,0,0,0,0,9
2026-08-19,P21-4-BLACK,6,0,0,0,0,6
2026-08-19,P21-4-GOLD,10,0,1,0,0,9
2026-08-19,P21-5-TAN,16,0,0,0,0,16
2026-08-19,P21-5-BLACK,6,0,0,0,0,6
2026-08-19,P21-5-GOLD,7,0,0,0,0,7
2026-08-19,P21-6-TAN,5,0,0,0,0,5
2026-08-19,P21-6-BLACK,7,0,0,0,0,7
2026-08-19,P21-6-GOLD,16,0,0,0,0,16
2026-08-19,P21-7-TAN,9,0,0,0,0,9
2026-08-19,P21-7-BLACK,11,0,0,0,0,11
2026-08-19,P21-7-GOLD,8,0,0,0,0,8
2026-08-19,P21-8-TAN,5,0,0,0,0,5
2026-08-19,P21-8-BLACK,7,0,0,0,0,7
2026-08-19,P21-8-GOLD,8,0,0,0,0,8
2026-08-19,P22-10C-BLUE,12,0,0,0,0,12
2026-08-19,P22-10C-PINK,8,0,0,0,0,8
2026-08-19,P22-10C-BLACK,9,0,0,0,0,9
2026-08-19,P22-11C-BLUE,8,0,0,0,0,8
2026-08-19,P22-11C-PINK,7,0,0,0,0,7
2026-08-19,P22-11C-BLACK,17,0,0,0,0,17
2026-08-19,P22-12C-BLUE,10,0,0,0,0,10
2026-08-19,P22-12C-PINK,5,0,0,0,0,5
2026-08-19,P22-12C-BLACK,9,0,0,0,0,9
2026-08-19,P22-13C-BLUE,5,0,0,0,0,5
2026-08-19,P22-13C-PINK,10,0,0,0,0,10
2026-08-19,P22-13C-BLACK,3,16,0,0,0,19
2026-08-19,P22-1Y-BLUE,5,0,0,0,0,5
2026-08-19,P22-1Y-PINK,13,0,0,0,0,13
2026-08-19,P22-1Y-BLACK,10,0,1,0,0,9
2026-08-19,P23-7-BLACK,16,0,1,0,0,15
2026-08-19,P23-7-NAVY,16,0,1,0,0,15
2026-08-19,P23-7-GREY,7,0,1,0,0,6
2026-08-19,P23-8-BLACK,6,0,0,0,0,6
2026-08-19,P23-8-NAVY,13,0,0,0,0,13
2026-08-19,P23-8-GREY,16,0,0,0,0,16
2026-08-19,P23-9-BLACK,6,0,0,0,0,6
2026-08-19,P23-9-NAVY,7,0,0,0,0,7
2026-08-19,P23-9-GREY,12,0,1,0,0,11
2026-08-19,P23-10-BLACK,12,0,0,0,0,12
2026-08-19,P23-10-NAVY,6,0,0,0,0,6
2026-08-19,P23-10-GREY,6,0,0,0,0,6
2026-08-19,P24-ONESIZE-BLACK,9,0,0,0,0,9
2026-08-19,P24-ONESIZE-TAN,12,0,1,0,0,11
2026-08-19,P24-ONESIZE-MAROON,8,0,1,0,0,7
2026-08-19,P25-ONESIZE-BLACK,6,0,0,0,0,6
2026-08-19,P25-ONESIZE-PINK,14,0,0,0,0,14
2026-08-19,P25-ONESIZE-BEIGE,7,0,0,0,0,7
2026-08-19,P26-32-BLACK,10,0,0,0,0,10
2026-08-19,P26-32-BROWN,13,0,0,0,0,13
2026-08-19,P26-34-BLACK,6,0,0,0,0,6
2026-08-19,P26-34-BROWN,9,0,0,0,0,9
2026-08-19,P26-36-BLACK,15,0,0,0,0,15
2026-08-19,P26-36-BROWN,8,0,0,0,0,8
2026-08-19,P26-38-BLACK,6,0,0,0,0,6
2026-08-19,P26-38-BROWN,17,0,0,0,0,17
2026-08-19,P27-ONESIZE-BLACK,15,0,0,0,0,15
2026-08-19,P27-ONESIZE-BROWN,9,0,0,0,0,9
2026-08-19,P27-ONESIZE-TAN,9,0,0,0,0,9
2026-08-19,P28-ONESIZE-MULTICOL,5,0,1,0,0,4
2026-08-19,P28-ONESIZE-PINK,15,0,0,0,0,15
2026-08-19,P28-ONESIZE-BLACK,21,0,1,0,0,20
2026-08-19,P29-ONESIZE-BLACK,11,0,1,0,0,10
2026-08-19,P29-ONESIZE-NAVY,11,0,0,0,0,11
2026-08-19,P29-ONESIZE-BEIGE,6,0,1,0,0,5
2026-08-19,P30-ONESIZE-FLORAL,22,0,0,0,0,22
2026-08-19,P30-ONESIZE-MAROON,23,0,0,0,0,23
2026-08-19,P30-ONESIZE-TEAL,22,0,0,0,0,22
2026-08-19,P31-ONESIZE-RED,11,0,0,0,0,11
2026-08-19,P31-ONESIZE-MUSTARD,6,0,0,0,0,6
2026-08-19,P31-ONESIZE-GREEN,12,0,0,0,0,12
2026-08-19,P32-4-BLACK,8,0,0,0,0,8
2026-08-19,P32-4-BEIGE,4,16,0,0,0,20
2026-08-19,P32-4-SILVER,10,0,0,0,0,10
2026-08-19,P32-5-BLACK,17,0,1,0,0,16
2026-08-19,P32-5-BEIGE,13,0,0,0,0,13
2026-08-19,P32-5-SILVER,14,0,0,0,0,14
2026-08-19,P32-6-BLACK,5,0,0,0,0,5
2026-08-19,P32-6-BEIGE,13,0,0,0,0,13
2026-08-19,P32-6-SILVER,7,0,0,0,0,7
2026-08-19,P32-7-BLACK,18,0,0,0,0,18
2026-08-19,P32-7-BEIGE,10,0,1,0,0,9
2026-08-19,P32-7-SILVER,17,0,0,0,0,17
2026-08-19,P32-8-BLACK,5,0,0,0,0,5
2026-08-19,P32-8-BEIGE,5,0,0,0,0,5
2026-08-19,P32-8-SILVER,19,0,0,0,0,19
2026-08-20,P01-S-WHITE,4,0,0,0,0,4
2026-08-20,P01-S-BLACK,18,0,0,0,0,18
2026-08-20,P01-S-NAVY,15,0,4,0,0,11
2026-08-20,P01-S-OLIVE,7,0,1,0,0,6
2026-08-20,P01-M-WHITE,13,0,2,0,0,11
2026-08-20,P01-M-BLACK,19,0,4,0,0,15
2026-08-20,P01-M-NAVY,12,0,2,0,0,10
2026-08-20,P01-M-OLIVE,10,0,2,0,0,8
2026-08-20,P01-L-WHITE,10,0,0,0,0,10
2026-08-20,P01-L-BLACK,4,0,3,0,0,1
2026-08-20,P01-L-NAVY,8,0,0,0,0,8
2026-08-20,P01-L-OLIVE,17,0,0,0,0,17
2026-08-20,P01-XL-WHITE,4,0,1,0,0,3
2026-08-20,P01-XL-BLACK,13,0,0,0,0,13
2026-08-20,P01-XL-NAVY,6,0,0,0,0,6
2026-08-20,P01-XL-OLIVE,5,0,0,0,0,5
2026-08-20,P02-S-NAVY,7,0,1,0,0,6
2026-08-20,P02-S-MAROON,8,0,0,0,0,8
2026-08-20,P02-S-GREY,14,0,1,0,0,13
2026-08-20,P02-M-NAVY,5,0,0,0,0,5
2026-08-20,P02-M-MAROON,5,0,0,0,0,5
2026-08-20,P02-M-GREY,9,0,1,0,0,8
2026-08-20,P02-L-NAVY,3,0,0,0,0,3
2026-08-20,P02-L-MAROON,6,0,0,0,0,6
2026-08-20,P02-L-GREY,7,0,1,0,0,6
2026-08-20,P02-XL-NAVY,6,0,0,0,0,6
2026-08-20,P02-XL-MAROON,16,0,0,0,0,16
2026-08-20,P02-XL-GREY,4,0,0,0,0,4
2026-08-20,P03-30-NAVY,15,0,0,0,0,15
2026-08-20,P03-30-BLACK,4,13,1,0,0,16
2026-08-20,P03-30-LIGHTBLU,11,0,0,0,0,11
2026-08-20,P03-32-NAVY,18,0,0,0,0,18
2026-08-20,P03-32-BLACK,20,0,0,0,0,20
2026-08-20,P03-32-LIGHTBLU,7,0,0,0,0,7
2026-08-20,P03-34-NAVY,13,0,0,0,0,13
2026-08-20,P03-34-BLACK,13,0,0,0,0,13
2026-08-20,P03-34-LIGHTBLU,11,0,1,0,0,10
2026-08-20,P03-36-NAVY,27,0,0,0,0,27
2026-08-20,P03-36-BLACK,27,0,0,0,0,27
2026-08-20,P03-36-LIGHTBLU,30,0,0,0,0,30
2026-08-20,P04-30-BEIGE,5,0,1,0,0,4
2026-08-20,P04-30-OLIVE,6,0,0,0,0,6
2026-08-20,P04-30-NAVY,7,0,0,0,0,7
2026-08-20,P04-32-BEIGE,13,0,0,0,0,13
2026-08-20,P04-32-OLIVE,10,0,0,0,0,10
2026-08-20,P04-32-NAVY,8,0,1,0,0,7
2026-08-20,P04-34-BEIGE,5,0,0,0,0,5
2026-08-20,P04-34-OLIVE,7,0,0,0,0,7
2026-08-20,P04-34-NAVY,8,0,0,0,0,8
2026-08-20,P04-36-BEIGE,9,0,1,0,0,8
2026-08-20,P04-36-OLIVE,16,0,1,0,0,15
2026-08-20,P04-36-NAVY,16,0,0,0,0,16
2026-08-20,P05-S-WHITE,8,0,2,0,0,6
2026-08-20,P05-S-BLUE,14,0,0,0,0,14
2026-08-20,P05-S-GREY,10,0,0,0,0,10
2026-08-20,P05-M-WHITE,15,0,0,0,0,15
2026-08-20,P05-M-BLUE,4,0,0,0,0,4
2026-08-20,P05-M-GREY,15,0,0,0,0,15
2026-08-20,P05-L-WHITE,4,0,2,0,0,2
2026-08-20,P05-L-BLUE,14,0,0,0,0,14
2026-08-20,P05-L-GREY,9,0,2,0,0,7
2026-08-20,P05-XL-WHITE,5,0,1,0,0,4
2026-08-20,P05-XL-BLUE,10,0,0,0,0,10
2026-08-20,P05-XL-GREY,9,0,0,0,0,9
2026-08-20,P06-S-BLACK,21,0,0,0,0,21
2026-08-20,P06-S-WHITE,9,0,1,0,0,8
2026-08-20,P06-S-RED,6,0,1,0,0,5
2026-08-20,P06-M-BLACK,6,0,2,0,0,4
2026-08-20,P06-M-WHITE,10,0,2,0,0,8
2026-08-20,P06-M-RED,6,0,1,0,0,5
2026-08-20,P06-L-BLACK,10,0,2,0,0,8
2026-08-20,P06-L-WHITE,7,0,1,0,0,6
2026-08-20,P06-L-RED,8,0,0,0,0,8
2026-08-20,P06-XL-BLACK,12,0,0,0,0,12
2026-08-20,P06-XL-WHITE,6,0,0,0,0,6
2026-08-20,P06-XL-RED,4,16,0,0,0,20
2026-08-20,P07-XS-MUSTARD,15,0,0,0,0,15
2026-08-20,P07-XS-TEAL,11,0,0,0,0,11
2026-08-20,P07-XS-MAROON,11,0,0,0,0,11
2026-08-20,P07-S-MUSTARD,19,0,0,0,0,19
2026-08-20,P07-S-TEAL,5,0,0,0,0,5
2026-08-20,P07-S-MAROON,3,0,0,0,0,3
2026-08-20,P07-M-MUSTARD,8,0,0,0,0,8
2026-08-20,P07-M-TEAL,6,0,4,0,0,2
2026-08-20,P07-M-MAROON,3,0,1,0,0,2
2026-08-20,P07-L-MUSTARD,2,14,0,0,0,16
2026-08-20,P07-L-TEAL,17,0,1,0,0,16
2026-08-20,P07-L-MAROON,12,0,2,0,0,10
2026-08-20,P07-XL-MUSTARD,17,0,0,0,0,17
2026-08-20,P07-XL-TEAL,9,0,1,0,0,8
2026-08-20,P07-XL-MAROON,5,0,0,0,0,5
2026-08-20,P08-XS-PINK,9,0,0,0,0,9
2026-08-20,P08-XS-BLUE,15,0,0,0,0,15
2026-08-20,P08-XS-GREEN,11,0,0,0,0,11
2026-08-20,P08-S-PINK,8,0,0,0,0,8
2026-08-20,P08-S-BLUE,8,0,0,0,0,8
2026-08-20,P08-S-GREEN,6,0,0,0,0,6
2026-08-20,P08-M-PINK,17,0,0,0,0,17
2026-08-20,P08-M-BLUE,6,0,0,0,0,6
2026-08-20,P08-M-GREEN,6,0,0,0,0,6
2026-08-20,P08-L-PINK,17,0,2,0,0,15
2026-08-20,P08-L-BLUE,5,0,1,0,0,4
2026-08-20,P08-L-GREEN,16,0,0,0,0,16
2026-08-20,P08-XL-PINK,8,0,0,0,0,8
2026-08-20,P08-XL-BLUE,10,0,0,0,0,10
2026-08-20,P08-XL-GREEN,7,0,0,0,0,7
2026-08-20,P09-XS-BLACK,9,0,1,0,0,8
2026-08-20,P09-XS-BEIGE,9,0,0,0,0,9
2026-08-20,P09-XS-NAVY,12,0,0,0,0,12
2026-08-20,P09-S-BLACK,10,0,0,0,0,10
2026-08-20,P09-S-BEIGE,8,0,0,0,0,8
2026-08-20,P09-S-NAVY,7,0,0,0,0,7
2026-08-20,P09-M-BLACK,18,0,1,0,0,17
2026-08-20,P09-M-BEIGE,17,0,0,0,0,17
2026-08-20,P09-M-NAVY,7,0,1,0,0,6
2026-08-20,P09-L-BLACK,3,0,0,0,0,3
2026-08-20,P09-L-BEIGE,13,0,0,0,0,13
2026-08-20,P09-L-NAVY,7,0,0,0,0,7
2026-08-20,P09-XL-BLACK,7,0,0,0,0,7
2026-08-20,P09-XL-BEIGE,10,0,0,0,0,10
2026-08-20,P09-XL-NAVY,10,0,0,0,0,10
2026-08-20,P10-XS-INDIGO,12,0,0,0,0,12
2026-08-20,P10-XS-BLACK,8,0,0,0,0,8
2026-08-20,P10-S-INDIGO,16,0,0,0,0,16
2026-08-20,P10-S-BLACK,9,0,0,0,0,9
2026-08-20,P10-M-INDIGO,15,0,0,0,0,15
2026-08-20,P10-M-BLACK,8,0,1,0,0,7
2026-08-20,P10-L-INDIGO,19,0,1,0,0,18
2026-08-20,P10-L-BLACK,6,0,0,0,0,6
2026-08-20,P10-XL-INDIGO,10,0,0,0,0,10
2026-08-20,P10-XL-BLACK,10,0,0,0,0,10
2026-08-20,P11-XS-WHITE,12,0,0,0,0,12
2026-08-20,P11-XS-LAVENDER,16,0,0,0,0,16
2026-08-20,P11-XS-BLACK,3,14,0,0,0,17
2026-08-20,P11-S-WHITE,5,0,2,0,0,3
2026-08-20,P11-S-LAVENDER,9,0,0,0,0,9
2026-08-20,P11-S-BLACK,14,0,1,0,0,13
2026-08-20,P11-M-WHITE,10,0,2,0,0,8
2026-08-20,P11-M-LAVENDER,6,0,0,0,0,6
2026-08-20,P11-M-BLACK,12,0,1,0,0,11
2026-08-20,P11-L-WHITE,17,0,0,0,0,17
2026-08-20,P11-L-LAVENDER,13,0,0,0,0,13
2026-08-20,P11-L-BLACK,12,0,0,0,0,12
2026-08-20,P12-XS-RED,12,0,0,0,0,12
2026-08-20,P12-XS-BLUE,11,0,0,0,0,11
2026-08-20,P12-XS-WHITE,9,0,0,0,0,9
2026-08-20,P12-S-RED,10,0,0,0,0,10
2026-08-20,P12-S-BLUE,21,0,0,0,0,21
2026-08-20,P12-S-WHITE,7,0,0,0,0,7
2026-08-20,P12-M-RED,11,0,0,0,0,11
2026-08-20,P12-M-BLUE,15,0,1,0,0,14
2026-08-20,P12-M-WHITE,12,0,2,0,0,10
2026-08-20,P12-L-RED,5,0,1,0,0,4
2026-08-20,P12-L-BLUE,15,0,0,0,0,15
2026-08-20,P12-L-WHITE,14,0,1,0,0,13
2026-08-20,P12-XL-RED,5,0,0,0,0,5
2026-08-20,P12-XL-BLUE,7,0,0,0,0,7
2026-08-20,P12-XL-WHITE,5,0,1,0,0,4
2026-08-20,P13-S-WINE,22,0,0,0,0,22
2026-08-20,P13-S-EMERALD,28,0,0,0,0,28
2026-08-20,P13-S-NAVY,21,0,0,0,0,21
2026-08-20,P13-M-WINE,30,0,0,0,0,30
2026-08-20,P13-M-EMERALD,23,0,0,0,0,23
2026-08-20,P13-M-NAVY,29,0,0,0,0,29
2026-08-20,P13-L-WINE,24,0,2,0,0,22
2026-08-20,P13-L-EMERALD,25,0,0,0,0,25
2026-08-20,P13-L-NAVY,23,0,0,0,0,23
2026-08-20,P13-XL-WINE,28,0,0,0,0,28
2026-08-20,P13-XL-EMERALD,27,0,0,0,0,27
2026-08-20,P13-XL-NAVY,28,0,0,0,0,28
2026-08-20,P14-XS-TEAL,13,0,1,0,0,12
2026-08-20,P14-XS-MUSTARD,13,0,0,0,0,13
2026-08-20,P14-XS-MAROON,10,0,0,0,0,10
2026-08-20,P14-S-TEAL,14,0,0,0,0,14
2026-08-20,P14-S-MUSTARD,12,0,0,0,0,12
2026-08-20,P14-S-MAROON,18,0,0,0,0,18
2026-08-20,P14-M-TEAL,14,0,2,0,0,12
2026-08-20,P14-M-MUSTARD,15,0,0,0,0,15
2026-08-20,P14-M-MAROON,6,0,0,0,0,6
2026-08-20,P14-L-TEAL,15,0,0,0,0,15
2026-08-20,P14-L-MUSTARD,14,0,1,0,0,13
2026-08-20,P14-L-MAROON,6,0,1,0,0,5
2026-08-20,P14-XL-TEAL,14,0,2,0,0,12
2026-08-20,P14-XL-MUSTARD,12,0,0,0,0,12
2026-08-20,P14-XL-MAROON,9,0,0,0,0,9
2026-08-20,P15-23Y-YELLOW,4,16,0,0,0,20
2026-08-20,P15-23Y-BLUE,6,0,0,0,0,6
2026-08-20,P15-23Y-RED,15,0,0,0,0,15
2026-08-20,P15-45Y-YELLOW,9,0,0,0,0,9
2026-08-20,P15-45Y-BLUE,15,0,1,0,0,14
2026-08-20,P15-45Y-RED,9,0,1,0,0,8
2026-08-20,P15-67Y-YELLOW,8,0,2,0,0,6
2026-08-20,P15-67Y-BLUE,7,0,0,0,0,7
2026-08-20,P15-67Y-RED,15,0,0,0,0,15
2026-08-20,P15-89Y-YELLOW,5,0,0,0,0,5
2026-08-20,P15-89Y-BLUE,20,0,0,0,0,20
2026-08-20,P15-89Y-RED,5,0,0,0,0,5
2026-08-20,P16-23Y-BLUE,12,0,0,0,0,12
2026-08-20,P16-23Y-BLACK,5,0,0,0,0,5
2026-08-20,P16-45Y-BLUE,6,0,0,0,0,6
2026-08-20,P16-45Y-BLACK,14,0,1,0,0,13
2026-08-20,P16-67Y-BLUE,5,0,0,0,0,5
2026-08-20,P16-67Y-BLACK,17,0,0,0,0,17
2026-08-20,P16-89Y-BLUE,9,0,1,0,0,8
2026-08-20,P16-89Y-BLACK,7,0,0,0,0,7
2026-08-20,P17-23Y-MAROON,10,0,0,0,0,10
2026-08-20,P17-23Y-MUSTARD,13,0,0,0,0,13
2026-08-20,P17-23Y-GREEN,7,0,0,0,0,7
2026-08-20,P17-45Y-MAROON,7,0,0,0,0,7
2026-08-20,P17-45Y-MUSTARD,9,0,1,0,0,8
2026-08-20,P17-45Y-GREEN,10,0,2,0,0,8
2026-08-20,P17-67Y-MAROON,19,0,0,0,0,19
2026-08-20,P17-67Y-MUSTARD,5,0,0,0,0,5
2026-08-20,P17-67Y-GREEN,3,0,0,0,0,3
2026-08-20,P17-89Y-MAROON,6,0,0,0,0,6
2026-08-20,P17-89Y-MUSTARD,5,0,0,0,0,5
2026-08-20,P17-89Y-GREEN,13,0,0,0,0,13
2026-08-20,P18-23Y-PINK,6,0,0,0,0,6
2026-08-20,P18-23Y-PEACH,8,0,0,0,0,8
2026-08-20,P18-23Y-MINT,9,0,1,0,0,8
2026-08-20,P18-45Y-PINK,5,0,0,0,0,5
2026-08-20,P18-45Y-PEACH,9,0,0,0,0,9
2026-08-20,P18-45Y-MINT,9,0,0,0,0,9
2026-08-20,P18-67Y-PINK,7,0,0,0,0,7
2026-08-20,P18-67Y-PEACH,13,0,0,0,0,13
2026-08-20,P18-67Y-MINT,10,0,0,0,0,10
2026-08-20,P18-89Y-PINK,12,0,2,0,0,10
2026-08-20,P18-89Y-PEACH,9,0,0,0,0,9
2026-08-20,P18-89Y-MINT,10,0,0,0,0,10
2026-08-20,P19-23Y-GREY,13,0,0,0,0,13
2026-08-20,P19-23Y-NAVY,10,0,0,0,0,10
2026-08-20,P19-23Y-BLACK,7,0,1,0,0,6
2026-08-20,P19-45Y-GREY,14,0,0,0,0,14
2026-08-20,P19-45Y-NAVY,5,0,0,0,0,5
2026-08-20,P19-45Y-BLACK,5,0,0,0,0,5
2026-08-20,P19-67Y-GREY,19,0,0,0,0,19
2026-08-20,P19-67Y-NAVY,15,0,0,0,0,15
2026-08-20,P19-67Y-BLACK,6,0,1,0,0,5
2026-08-20,P19-89Y-GREY,13,0,0,0,0,13
2026-08-20,P19-89Y-NAVY,18,0,0,0,0,18
2026-08-20,P19-89Y-BLACK,5,0,2,0,0,3
2026-08-20,P20-7-WHITE,9,0,0,0,0,9
2026-08-20,P20-7-BLACK,16,0,0,0,0,16
2026-08-20,P20-7-GREY,14,0,0,0,0,14
2026-08-20,P20-8-WHITE,15,0,0,0,0,15
2026-08-20,P20-8-BLACK,6,0,2,0,0,4
2026-08-20,P20-8-GREY,9,0,0,0,0,9
2026-08-20,P20-9-WHITE,18,0,0,0,0,18
2026-08-20,P20-9-BLACK,6,0,0,0,0,6
2026-08-20,P20-9-GREY,6,0,0,0,0,6
2026-08-20,P20-10-WHITE,8,0,0,0,0,8
2026-08-20,P20-10-BLACK,5,0,0,0,0,5
2026-08-20,P20-10-GREY,16,0,0,0,0,16
2026-08-20,P21-4-TAN,9,0,0,0,0,9
2026-08-20,P21-4-BLACK,6,0,1,0,0,5
2026-08-20,P21-4-GOLD,9,0,0,0,0,9
2026-08-20,P21-5-TAN,16,0,0,0,0,16
2026-08-20,P21-5-BLACK,6,0,0,0,0,6
2026-08-20,P21-5-GOLD,7,0,0,0,0,7
2026-08-20,P21-6-TAN,5,0,0,0,0,5
2026-08-20,P21-6-BLACK,7,0,0,0,0,7
2026-08-20,P21-6-GOLD,16,0,0,0,0,16
2026-08-20,P21-7-TAN,9,0,0,0,0,9
2026-08-20,P21-7-BLACK,11,0,0,0,0,11
2026-08-20,P21-7-GOLD,8,0,1,0,0,7
2026-08-20,P21-8-TAN,5,0,0,0,0,5
2026-08-20,P21-8-BLACK,7,0,0,0,0,7
2026-08-20,P21-8-GOLD,8,0,0,0,0,8
2026-08-20,P22-10C-BLUE,12,0,0,0,0,12
2026-08-20,P22-10C-PINK,8,0,2,0,0,6
2026-08-20,P22-10C-BLACK,9,0,0,0,0,9
2026-08-20,P22-11C-BLUE,8,0,1,0,0,7
2026-08-20,P22-11C-PINK,7,0,1,0,0,6
2026-08-20,P22-11C-BLACK,17,0,0,0,0,17
2026-08-20,P22-12C-BLUE,10,0,0,0,0,10
2026-08-20,P22-12C-PINK,5,0,0,0,0,5
2026-08-20,P22-12C-BLACK,9,0,0,0,0,9
2026-08-20,P22-13C-BLUE,5,0,0,0,0,5
2026-08-20,P22-13C-PINK,10,0,0,0,0,10
2026-08-20,P22-13C-BLACK,19,0,1,0,0,18
2026-08-20,P22-1Y-BLUE,5,0,0,0,0,5
2026-08-20,P22-1Y-PINK,13,0,0,0,0,13
2026-08-20,P22-1Y-BLACK,9,0,0,0,0,9
2026-08-20,P23-7-BLACK,15,0,1,0,0,14
2026-08-20,P23-7-NAVY,15,0,0,0,0,15
2026-08-20,P23-7-GREY,6,0,0,0,0,6
2026-08-20,P23-8-BLACK,6,0,1,0,0,5
2026-08-20,P23-8-NAVY,13,0,1,0,0,12
2026-08-20,P23-8-GREY,16,0,0,0,0,16
2026-08-20,P23-9-BLACK,6,0,0,0,0,6
2026-08-20,P23-9-NAVY,7,0,0,0,0,7
2026-08-20,P23-9-GREY,11,0,1,0,0,10
2026-08-20,P23-10-BLACK,12,0,2,0,0,10
2026-08-20,P23-10-NAVY,6,0,2,0,0,4
2026-08-20,P23-10-GREY,6,0,0,0,0,6
2026-08-20,P24-ONESIZE-BLACK,9,0,0,0,0,9
2026-08-20,P24-ONESIZE-TAN,11,0,0,0,0,11
2026-08-20,P24-ONESIZE-MAROON,7,0,0,0,0,7
2026-08-20,P25-ONESIZE-BLACK,6,0,0,0,0,6
2026-08-20,P25-ONESIZE-PINK,14,0,0,0,0,14
2026-08-20,P25-ONESIZE-BEIGE,7,0,0,0,0,7
2026-08-20,P26-32-BLACK,10,0,0,0,0,10
2026-08-20,P26-32-BROWN,13,0,0,0,0,13
2026-08-20,P26-34-BLACK,6,0,0,0,0,6
2026-08-20,P26-34-BROWN,9,0,0,0,0,9
2026-08-20,P26-36-BLACK,15,0,1,0,0,14
2026-08-20,P26-36-BROWN,8,0,1,0,0,7
2026-08-20,P26-38-BLACK,6,0,0,0,0,6
2026-08-20,P26-38-BROWN,17,0,0,0,0,17
2026-08-20,P27-ONESIZE-BLACK,15,0,2,0,0,13
2026-08-20,P27-ONESIZE-BROWN,9,0,0,0,0,9
2026-08-20,P27-ONESIZE-TAN,9,0,0,0,0,9
2026-08-20,P28-ONESIZE-MULTICOL,4,0,0,0,0,4
2026-08-20,P28-ONESIZE-PINK,15,0,0,0,0,15
2026-08-20,P28-ONESIZE-BLACK,20,0,0,0,0,20
2026-08-20,P29-ONESIZE-BLACK,10,0,2,0,0,8
2026-08-20,P29-ONESIZE-NAVY,11,0,0,0,0,11
2026-08-20,P29-ONESIZE-BEIGE,5,0,0,0,0,5
2026-08-20,P30-ONESIZE-FLORAL,22,0,0,0,0,22
2026-08-20,P30-ONESIZE-MAROON,23,0,0,0,0,23
2026-08-20,P30-ONESIZE-TEAL,22,0,0,0,0,22
2026-08-20,P31-ONESIZE-RED,11,0,0,0,0,11
2026-08-20,P31-ONESIZE-MUSTARD,6,0,0,0,0,6
2026-08-20,P31-ONESIZE-GREEN,12,0,0,0,0,12
2026-08-20,P32-4-BLACK,8,0,0,0,0,8
2026-08-20,P32-4-BEIGE,20,0,0,0,0,20
2026-08-20,P32-4-SILVER,10,0,0,0,0,10
2026-08-20,P32-5-BLACK,16,0,0,0,0,16
2026-08-20,P32-5-BEIGE,13,0,0,0,0,13
2026-08-20,P32-5-SILVER,14,0,0,0,0,14
2026-08-20,P32-6-BLACK,5,0,0,0,0,5
2026-08-20,P32-6-BEIGE,13,0,0,0,0,13
2026-08-20,P32-6-SILVER,7,0,0,0,0,7
2026-08-20,P32-7-BLACK,18,0,0,0,0,18
2026-08-20,P32-7-BEIGE,9,0,0,0,0,9
2026-08-20,P32-7-SILVER,17,0,0,0,0,17
2026-08-20,P32-8-BLACK,5,0,0,0,0,5
2026-08-20,P32-8-BEIGE,5,0,0,0,0,5
2026-08-20,P32-8-SILVER,19,0,0,0,0,19
2026-08-21,P01-S-WHITE,4,0,0,0,0,4
2026-08-21,P01-S-BLACK,18,0,0,0,0,18
2026-08-21,P01-S-NAVY,11,0,3,0,0,8
2026-08-21,P01-S-OLIVE,6,0,0,0,0,6
2026-08-21,P01-M-WHITE,11,0,3,0,0,8
2026-08-21,P01-M-BLACK,15,0,5,0,0,10
2026-08-21,P01-M-NAVY,10,0,5,0,0,5
2026-08-21,P01-M-OLIVE,8,0,0,0,0,8
2026-08-21,P01-L-WHITE,10,0,2,0,0,8
2026-08-21,P01-L-BLACK,1,0,1,0,0,0
2026-08-21,P01-L-NAVY,8,0,2,0,0,6
2026-08-21,P01-L-OLIVE,17,0,0,0,0,17
2026-08-21,P01-XL-WHITE,3,14,0,0,0,17
2026-08-21,P01-XL-BLACK,13,0,1,0,0,12
2026-08-21,P01-XL-NAVY,6,0,1,0,0,5
2026-08-21,P01-XL-OLIVE,5,0,1,0,0,4
2026-08-21,P02-S-NAVY,6,0,0,0,0,6
2026-08-21,P02-S-MAROON,8,0,0,0,0,8
2026-08-21,P02-S-GREY,13,0,0,0,0,13
2026-08-21,P02-M-NAVY,5,0,1,0,0,4
2026-08-21,P02-M-MAROON,5,0,0,0,0,5
2026-08-21,P02-M-GREY,8,0,0,0,0,8
2026-08-21,P02-L-NAVY,3,18,0,0,0,21
2026-08-21,P02-L-MAROON,6,0,1,0,0,5
2026-08-21,P02-L-GREY,6,0,0,0,0,6
2026-08-21,P02-XL-NAVY,6,0,0,0,0,6
2026-08-21,P02-XL-MAROON,16,0,0,0,0,16
2026-08-21,P02-XL-GREY,4,11,0,0,0,15
2026-08-21,P03-30-NAVY,15,0,0,0,0,15
2026-08-21,P03-30-BLACK,16,0,0,0,0,16
2026-08-21,P03-30-LIGHTBLU,11,0,0,0,0,11
2026-08-21,P03-32-NAVY,18,0,0,0,0,18
2026-08-21,P03-32-BLACK,20,0,1,0,0,19
2026-08-21,P03-32-LIGHTBLU,7,0,0,0,0,7
2026-08-21,P03-34-NAVY,13,0,0,0,0,13
2026-08-21,P03-34-BLACK,13,0,1,0,0,12
2026-08-21,P03-34-LIGHTBLU,10,0,0,0,0,10
2026-08-21,P03-36-NAVY,27,0,0,0,0,27
2026-08-21,P03-36-BLACK,27,0,0,0,0,27
2026-08-21,P03-36-LIGHTBLU,30,0,1,0,0,29
2026-08-21,P04-30-BEIGE,4,14,1,0,0,17
2026-08-21,P04-30-OLIVE,6,0,0,0,0,6
2026-08-21,P04-30-NAVY,7,0,1,0,0,6
2026-08-21,P04-32-BEIGE,13,0,0,0,0,13
2026-08-21,P04-32-OLIVE,10,0,1,0,0,9
2026-08-21,P04-32-NAVY,7,0,0,0,0,7
2026-08-21,P04-34-BEIGE,5,0,1,0,0,4
2026-08-21,P04-34-OLIVE,7,0,0,0,0,7
2026-08-21,P04-34-NAVY,8,0,1,0,0,7
2026-08-21,P04-36-BEIGE,8,0,0,0,0,8
2026-08-21,P04-36-OLIVE,15,0,0,0,0,15
2026-08-21,P04-36-NAVY,16,0,0,0,0,16
2026-08-21,P05-S-WHITE,6,0,0,0,0,6
2026-08-21,P05-S-BLUE,14,0,0,0,0,14
2026-08-21,P05-S-GREY,10,0,0,0,0,10
2026-08-21,P05-M-WHITE,15,0,0,0,0,15
2026-08-21,P05-M-BLUE,4,17,0,0,0,21
2026-08-21,P05-M-GREY,15,0,1,0,0,14
2026-08-21,P05-L-WHITE,2,0,0,0,0,2
2026-08-21,P05-L-BLUE,14,0,0,0,0,14
2026-08-21,P05-L-GREY,7,0,1,0,0,6
2026-08-21,P05-XL-WHITE,4,18,2,0,0,20
2026-08-21,P05-XL-BLUE,10,0,0,0,0,10
2026-08-21,P05-XL-GREY,9,0,1,0,0,8
2026-08-21,P06-S-BLACK,21,0,2,0,0,19
2026-08-21,P06-S-WHITE,8,0,0,0,0,8
2026-08-21,P06-S-RED,5,0,0,0,0,5
2026-08-21,P06-M-BLACK,4,0,0,0,0,4
2026-08-21,P06-M-WHITE,8,0,2,0,0,6
2026-08-21,P06-M-RED,5,0,0,0,0,5
2026-08-21,P06-L-BLACK,8,0,1,0,0,7
2026-08-21,P06-L-WHITE,6,0,2,0,0,4
2026-08-21,P06-L-RED,8,0,0,0,0,8
2026-08-21,P06-XL-BLACK,12,0,0,0,0,12
2026-08-21,P06-XL-WHITE,6,0,0,0,0,6
2026-08-21,P06-XL-RED,20,0,0,0,0,20
2026-08-21,P07-XS-MUSTARD,15,0,0,0,0,15
2026-08-21,P07-XS-TEAL,11,0,0,0,0,11
2026-08-21,P07-XS-MAROON,11,0,0,0,0,11
2026-08-21,P07-S-MUSTARD,19,0,0,0,0,19
2026-08-21,P07-S-TEAL,5,0,1,0,0,4
2026-08-21,P07-S-MAROON,3,16,1,0,0,18
2026-08-21,P07-M-MUSTARD,8,0,0,0,0,8
2026-08-21,P07-M-TEAL,2,0,0,0,0,2
2026-08-21,P07-M-MAROON,2,0,1,0,0,1
2026-08-21,P07-L-MUSTARD,16,0,1,0,0,15
2026-08-21,P07-L-TEAL,16,0,0,0,0,16
2026-08-21,P07-L-MAROON,10,0,2,0,0,8
2026-08-21,P07-XL-MUSTARD,17,0,2,0,0,15
2026-08-21,P07-XL-TEAL,8,0,0,0,0,8
2026-08-21,P07-XL-MAROON,5,0,0,0,0,5
2026-08-21,P08-XS-PINK,9,0,0,0,0,9
2026-08-21,P08-XS-BLUE,15,0,0,0,0,15
2026-08-21,P08-XS-GREEN,11,0,0,0,0,11
2026-08-21,P08-S-PINK,8,0,0,0,0,8
2026-08-21,P08-S-BLUE,8,0,0,0,0,8
2026-08-21,P08-S-GREEN,6,0,1,0,0,5
2026-08-21,P08-M-PINK,17,0,2,0,0,15
2026-08-21,P08-M-BLUE,6,0,1,0,0,5
2026-08-21,P08-M-GREEN,6,0,1,0,0,5
2026-08-21,P08-L-PINK,15,0,1,0,0,14
2026-08-21,P08-L-BLUE,4,18,1,0,0,21
2026-08-21,P08-L-GREEN,16,0,1,0,0,15
2026-08-21,P08-XL-PINK,8,0,3,0,0,5
2026-08-21,P08-XL-BLUE,10,0,0,0,0,10
2026-08-21,P08-XL-GREEN,7,0,0,0,0,7
2026-08-21,P09-XS-BLACK,8,0,0,0,0,8
2026-08-21,P09-XS-BEIGE,9,0,0,0,0,9
2026-08-21,P09-XS-NAVY,12,0,1,0,0,11
2026-08-21,P09-S-BLACK,10,0,0,0,0,10
2026-08-21,P09-S-BEIGE,8,0,0,0,0,8
2026-08-21,P09-S-NAVY,7,0,0,0,0,7
2026-08-21,P09-M-BLACK,17,0,1,0,0,16
2026-08-21,P09-M-BEIGE,17,0,1,0,0,16
2026-08-21,P09-M-NAVY,6,0,0,0,0,6
2026-08-21,P09-L-BLACK,3,12,2,0,0,13
2026-08-21,P09-L-BEIGE,13,0,0,0,0,13
2026-08-21,P09-L-NAVY,7,0,0,0,0,7
2026-08-21,P09-XL-BLACK,7,0,0,0,0,7
2026-08-21,P09-XL-BEIGE,10,0,0,0,0,10
2026-08-21,P09-XL-NAVY,10,0,0,0,0,10
2026-08-21,P10-XS-INDIGO,12,0,0,0,0,12
2026-08-21,P10-XS-BLACK,8,0,0,0,0,8
2026-08-21,P10-S-INDIGO,16,0,0,0,0,16
2026-08-21,P10-S-BLACK,9,0,0,0,0,9
2026-08-21,P10-M-INDIGO,15,0,0,0,0,15
2026-08-21,P10-M-BLACK,7,0,1,0,0,6
2026-08-21,P10-L-INDIGO,18,0,0,0,0,18
2026-08-21,P10-L-BLACK,6,0,5,0,0,1
2026-08-21,P10-XL-INDIGO,10,0,1,0,0,9
2026-08-21,P10-XL-BLACK,10,0,0,0,0,10
2026-08-21,P11-XS-WHITE,12,0,1,0,0,11
2026-08-21,P11-XS-LAVENDER,16,0,0,0,0,16
2026-08-21,P11-XS-BLACK,17,0,0,0,0,17
2026-08-21,P11-S-WHITE,3,0,0,0,0,3
2026-08-21,P11-S-LAVENDER,9,0,2,0,0,7
2026-08-21,P11-S-BLACK,13,0,0,0,0,13
2026-08-21,P11-M-WHITE,8,0,3,0,0,5
2026-08-21,P11-M-LAVENDER,6,0,0,0,0,6
2026-08-21,P11-M-BLACK,11,0,1,0,0,10
2026-08-21,P11-L-WHITE,17,0,0,0,0,17
2026-08-21,P11-L-LAVENDER,13,0,3,0,0,10
2026-08-21,P11-L-BLACK,12,0,0,0,0,12
2026-08-21,P12-XS-RED,12,0,0,0,0,12
2026-08-21,P12-XS-BLUE,11,0,1,0,0,10
2026-08-21,P12-XS-WHITE,9,0,0,0,0,9
2026-08-21,P12-S-RED,10,0,0,0,0,10
2026-08-21,P12-S-BLUE,21,0,1,0,0,20
2026-08-21,P12-S-WHITE,7,0,0,0,0,7
2026-08-21,P12-M-RED,11,0,0,0,0,11
2026-08-21,P12-M-BLUE,14,0,0,0,0,14
2026-08-21,P12-M-WHITE,10,0,1,0,0,9
2026-08-21,P12-L-RED,4,0,2,0,0,2
2026-08-21,P12-L-BLUE,15,0,0,0,0,15
2026-08-21,P12-L-WHITE,13,0,2,0,0,11
2026-08-21,P12-XL-RED,5,0,0,0,0,5
2026-08-21,P12-XL-BLUE,7,0,0,0,0,7
2026-08-21,P12-XL-WHITE,4,0,1,0,0,3
2026-08-21,P13-S-WINE,22,0,0,0,0,22
2026-08-21,P13-S-EMERALD,28,0,0,0,0,28
2026-08-21,P13-S-NAVY,21,0,0,0,0,21
2026-08-21,P13-M-WINE,30,0,0,0,0,30
2026-08-21,P13-M-EMERALD,23,0,0,0,0,23
2026-08-21,P13-M-NAVY,29,0,0,0,0,29
2026-08-21,P13-L-WINE,22,0,0,0,0,22
2026-08-21,P13-L-EMERALD,25,0,0,0,0,25
2026-08-21,P13-L-NAVY,23,0,0,0,0,23
2026-08-21,P13-XL-WINE,28,0,0,0,0,28
2026-08-21,P13-XL-EMERALD,27,0,0,0,0,27
2026-08-21,P13-XL-NAVY,28,0,1,0,0,27
2026-08-21,P14-XS-TEAL,12,0,0,0,0,12
2026-08-21,P14-XS-MUSTARD,13,0,0,0,0,13
2026-08-21,P14-XS-MAROON,10,0,0,0,0,10
2026-08-21,P14-S-TEAL,14,0,0,0,0,14
2026-08-21,P14-S-MUSTARD,12,0,0,0,0,12
2026-08-21,P14-S-MAROON,18,0,0,0,0,18
2026-08-21,P14-M-TEAL,12,0,1,0,0,11
2026-08-21,P14-M-MUSTARD,15,0,0,0,0,15
2026-08-21,P14-M-MAROON,6,0,0,0,0,6
2026-08-21,P14-L-TEAL,15,0,0,0,0,15
2026-08-21,P14-L-MUSTARD,13,0,0,0,0,13
2026-08-21,P14-L-MAROON,5,0,0,0,0,5
2026-08-21,P14-XL-TEAL,12,0,0,0,0,12
2026-08-21,P14-XL-MUSTARD,12,0,0,0,0,12
2026-08-21,P14-XL-MAROON,9,0,1,0,0,8
2026-08-21,P15-23Y-YELLOW,20,0,1,0,0,19
2026-08-21,P15-23Y-BLUE,6,0,0,0,0,6
2026-08-21,P15-23Y-RED,15,0,0,0,0,15
2026-08-21,P15-45Y-YELLOW,9,0,0,0,0,9
2026-08-21,P15-45Y-BLUE,14,0,0,0,0,14
2026-08-21,P15-45Y-RED,8,0,0,0,0,8
2026-08-21,P15-67Y-YELLOW,6,0,1,0,0,5
2026-08-21,P15-67Y-BLUE,7,0,1,0,0,6
2026-08-21,P15-67Y-RED,15,0,0,0,0,15
2026-08-21,P15-89Y-YELLOW,5,0,0,0,0,5
2026-08-21,P15-89Y-BLUE,20,0,0,0,0,20
2026-08-21,P15-89Y-RED,5,0,0,0,0,5
2026-08-21,P16-23Y-BLUE,12,0,1,0,0,11
2026-08-21,P16-23Y-BLACK,5,0,0,0,0,5
2026-08-21,P16-45Y-BLUE,6,0,0,0,0,6
2026-08-21,P16-45Y-BLACK,13,0,0,0,0,13
2026-08-21,P16-67Y-BLUE,5,0,1,0,0,4
2026-08-21,P16-67Y-BLACK,17,0,0,0,0,17
2026-08-21,P16-89Y-BLUE,8,0,0,0,0,8
2026-08-21,P16-89Y-BLACK,7,0,0,0,0,7
2026-08-21,P17-23Y-MAROON,10,0,0,0,0,10
2026-08-21,P17-23Y-MUSTARD,13,0,1,0,0,12
2026-08-21,P17-23Y-GREEN,7,0,0,0,0,7
2026-08-21,P17-45Y-MAROON,7,0,1,0,0,6
2026-08-21,P17-45Y-MUSTARD,8,0,1,0,0,7
2026-08-21,P17-45Y-GREEN,8,0,0,0,0,8
2026-08-21,P17-67Y-MAROON,19,0,0,0,0,19
2026-08-21,P17-67Y-MUSTARD,5,0,0,0,0,5
2026-08-21,P17-67Y-GREEN,3,13,0,0,0,16
2026-08-21,P17-89Y-MAROON,6,0,0,0,0,6
2026-08-21,P17-89Y-MUSTARD,5,0,0,0,0,5
2026-08-21,P17-89Y-GREEN,13,0,1,0,0,12
2026-08-21,P18-23Y-PINK,6,0,0,0,0,6
2026-08-21,P18-23Y-PEACH,8,0,0,0,0,8
2026-08-21,P18-23Y-MINT,8,0,1,0,0,7
2026-08-21,P18-45Y-PINK,5,0,0,0,0,5
2026-08-21,P18-45Y-PEACH,9,0,0,0,0,9
2026-08-21,P18-45Y-MINT,9,0,1,0,0,8
2026-08-21,P18-67Y-PINK,7,0,0,0,0,7
2026-08-21,P18-67Y-PEACH,13,0,1,0,0,12
2026-08-21,P18-67Y-MINT,10,0,0,0,0,10
2026-08-21,P18-89Y-PINK,10,0,0,0,0,10
2026-08-21,P18-89Y-PEACH,9,0,1,0,0,8
2026-08-21,P18-89Y-MINT,10,0,0,0,0,10
2026-08-21,P19-23Y-GREY,13,0,0,0,0,13
2026-08-21,P19-23Y-NAVY,10,0,0,0,0,10
2026-08-21,P19-23Y-BLACK,6,0,0,0,0,6
2026-08-21,P19-45Y-GREY,14,0,0,0,0,14
2026-08-21,P19-45Y-NAVY,5,0,0,0,0,5
2026-08-21,P19-45Y-BLACK,5,0,0,0,0,5
2026-08-21,P19-67Y-GREY,19,0,3,0,0,16
2026-08-21,P19-67Y-NAVY,15,0,3,0,0,12
2026-08-21,P19-67Y-BLACK,5,0,0,0,0,5
2026-08-21,P19-89Y-GREY,13,0,0,0,0,13
2026-08-21,P19-89Y-NAVY,18,0,0,0,0,18
2026-08-21,P19-89Y-BLACK,3,18,0,0,0,21
2026-08-21,P20-7-WHITE,9,0,0,0,0,9
2026-08-21,P20-7-BLACK,16,0,0,0,0,16
2026-08-21,P20-7-GREY,14,0,0,0,0,14
2026-08-21,P20-8-WHITE,15,0,1,0,0,14
2026-08-21,P20-8-BLACK,4,12,0,0,0,16
2026-08-21,P20-8-GREY,9,0,0,0,0,9
2026-08-21,P20-9-WHITE,18,0,0,0,0,18
2026-08-21,P20-9-BLACK,6,0,0,0,0,6
2026-08-21,P20-9-GREY,6,0,0,0,0,6
2026-08-21,P20-10-WHITE,8,0,0,0,0,8
2026-08-21,P20-10-BLACK,5,0,1,0,0,4
2026-08-21,P20-10-GREY,16,0,2,0,0,14
2026-08-21,P21-4-TAN,9,0,0,0,0,9
2026-08-21,P21-4-BLACK,5,0,2,0,0,3
2026-08-21,P21-4-GOLD,9,0,1,0,0,8
2026-08-21,P21-5-TAN,16,0,1,0,0,15
2026-08-21,P21-5-BLACK,6,0,0,0,0,6
2026-08-21,P21-5-GOLD,7,0,0,0,0,7
2026-08-21,P21-6-TAN,5,0,1,0,0,4
2026-08-21,P21-6-BLACK,7,0,2,0,0,5
2026-08-21,P21-6-GOLD,16,0,0,0,0,16
2026-08-21,P21-7-TAN,9,0,0,0,0,9
2026-08-21,P21-7-BLACK,11,0,1,0,0,10
2026-08-21,P21-7-GOLD,7,0,0,0,0,7
2026-08-21,P21-8-TAN,5,0,1,0,0,4
2026-08-21,P21-8-BLACK,7,0,1,0,0,6
2026-08-21,P21-8-GOLD,8,0,0,0,0,8
2026-08-21,P22-10C-BLUE,12,0,0,0,0,12
2026-08-21,P22-10C-PINK,6,0,0,0,0,6
2026-08-21,P22-10C-BLACK,9,0,0,0,0,9
2026-08-21,P22-11C-BLUE,7,0,0,0,0,7
2026-08-21,P22-11C-PINK,6,0,1,0,0,5
2026-08-21,P22-11C-BLACK,17,0,0,0,0,17
2026-08-21,P22-12C-BLUE,10,0,1,0,0,9
2026-08-21,P22-12C-PINK,5,0,0,0,0,5
2026-08-21,P22-12C-BLACK,9,0,0,0,0,9
2026-08-21,P22-13C-BLUE,5,0,0,0,0,5
2026-08-21,P22-13C-PINK,10,0,0,0,0,10
2026-08-21,P22-13C-BLACK,18,0,0,0,0,18
2026-08-21,P22-1Y-BLUE,5,0,0,0,0,5
2026-08-21,P22-1Y-PINK,13,0,0,0,0,13
2026-08-21,P22-1Y-BLACK,9,0,0,0,0,9
2026-08-21,P23-7-BLACK,14,0,1,0,0,13
2026-08-21,P23-7-NAVY,15,0,2,0,0,13
2026-08-21,P23-7-GREY,6,0,0,0,0,6
2026-08-21,P23-8-BLACK,5,0,0,0,0,5
2026-08-21,P23-8-NAVY,12,0,0,0,0,12
2026-08-21,P23-8-GREY,16,0,0,0,0,16
2026-08-21,P23-9-BLACK,6,0,1,0,0,5
2026-08-21,P23-9-NAVY,7,0,0,0,0,7
2026-08-21,P23-9-GREY,10,0,1,0,0,9
2026-08-21,P23-10-BLACK,10,0,0,0,0,10
2026-08-21,P23-10-NAVY,4,17,0,0,0,21
2026-08-21,P23-10-GREY,6,0,0,0,0,6
2026-08-21,P24-ONESIZE-BLACK,9,0,1,0,0,8
2026-08-21,P24-ONESIZE-TAN,11,0,0,0,0,11
2026-08-21,P24-ONESIZE-MAROON,7,0,0,0,0,7
2026-08-21,P25-ONESIZE-BLACK,6,0,0,0,0,6
2026-08-21,P25-ONESIZE-PINK,14,0,0,0,0,14
2026-08-21,P25-ONESIZE-BEIGE,7,0,0,0,0,7
2026-08-21,P26-32-BLACK,10,0,0,0,0,10
2026-08-21,P26-32-BROWN,13,0,0,0,0,13
2026-08-21,P26-34-BLACK,6,0,1,0,0,5
2026-08-21,P26-34-BROWN,9,0,0,0,0,9
2026-08-21,P26-36-BLACK,14,0,0,0,0,14
2026-08-21,P26-36-BROWN,7,0,0,0,0,7
2026-08-21,P26-38-BLACK,6,0,0,0,0,6
2026-08-21,P26-38-BROWN,17,0,0,0,0,17
2026-08-21,P27-ONESIZE-BLACK,13,0,1,0,0,12
2026-08-21,P27-ONESIZE-BROWN,9,0,2,0,0,7
2026-08-21,P27-ONESIZE-TAN,9,0,0,0,0,9
2026-08-21,P28-ONESIZE-MULTICOL,4,0,0,0,0,4
2026-08-21,P28-ONESIZE-PINK,15,0,0,0,0,15
2026-08-21,P28-ONESIZE-BLACK,20,0,0,0,0,20
2026-08-21,P29-ONESIZE-BLACK,8,0,0,0,0,8
2026-08-21,P29-ONESIZE-NAVY,11,0,1,0,0,10
2026-08-21,P29-ONESIZE-BEIGE,5,0,0,0,0,5
2026-08-21,P30-ONESIZE-FLORAL,22,0,0,0,0,22
2026-08-21,P30-ONESIZE-MAROON,23,0,0,0,0,23
2026-08-21,P30-ONESIZE-TEAL,22,0,0,0,0,22
2026-08-21,P31-ONESIZE-RED,11,0,1,0,0,10
2026-08-21,P31-ONESIZE-MUSTARD,6,0,0,0,0,6
2026-08-21,P31-ONESIZE-GREEN,12,0,0,0,0,12
2026-08-21,P32-4-BLACK,8,0,1,0,0,7
2026-08-21,P32-4-BEIGE,20,0,0,0,0,20
2026-08-21,P32-4-SILVER,10,0,3,0,0,7
2026-08-21,P32-5-BLACK,16,0,0,0,0,16
2026-08-21,P32-5-BEIGE,13,0,0,0,0,13
2026-08-21,P32-5-SILVER,14,0,2,0,0,12
2026-08-21,P32-6-BLACK,5,0,1,0,0,4
2026-08-21,P32-6-BEIGE,13,0,0,0,0,13
2026-08-21,P32-6-SILVER,7,0,0,0,0,7
2026-08-21,P32-7-BLACK,18,0,0,0,0,18
2026-08-21,P32-7-BEIGE,9,0,0,0,0,9
2026-08-21,P32-7-SILVER,17,0,0,0,0,17
2026-08-21,P32-8-BLACK,5,0,0,0,0,5
2026-08-21,P32-8-BEIGE,5,0,0,0,0,5
2026-08-21,P32-8-SILVER,19,0,0,0,0,19
2026-08-22,P01-S-WHITE,4,11,1,0,0,14
2026-08-22,P01-S-BLACK,18,0,1,0,0,17
2026-08-22,P01-S-NAVY,8,0,1,0,0,7
2026-08-22,P01-S-OLIVE,6,0,0,0,0,6
2026-08-22,P01-M-WHITE,8,0,6,0,0,2
2026-08-22,P01-M-BLACK,10,0,4,0,0,6
2026-08-22,P01-M-NAVY,5,0,0,0,0,5
2026-08-22,P01-M-OLIVE,8,0,3,0,0,5
2026-08-22,P01-L-WHITE,8,0,3,0,0,5
2026-08-22,P01-L-BLACK,0,11,2,0,0,9
2026-08-22,P01-L-NAVY,6,0,1,0,0,5
2026-08-22,P01-L-OLIVE,17,0,1,0,0,16
2026-08-22,P01-XL-WHITE,17,0,3,0,0,14
2026-08-22,P01-XL-BLACK,12,0,0,0,0,12
2026-08-22,P01-XL-NAVY,5,0,0,0,0,5
2026-08-22,P01-XL-OLIVE,4,0,1,0,0,3
2026-08-22,P02-S-NAVY,6,0,0,0,0,6
2026-08-22,P02-S-MAROON,8,0,1,0,0,7
2026-08-22,P02-S-GREY,13,0,1,0,0,12
2026-08-22,P02-M-NAVY,4,18,0,0,0,22
2026-08-22,P02-M-MAROON,5,0,0,0,0,5
2026-08-22,P02-M-GREY,8,0,1,0,0,7
2026-08-22,P02-L-NAVY,21,0,0,0,0,21
2026-08-22,P02-L-MAROON,5,0,2,0,0,3
2026-08-22,P02-L-GREY,6,0,6,0,0,0
2026-08-22,P02-XL-NAVY,6,0,0,0,0,6
2026-08-22,P02-XL-MAROON,16,0,0,0,0,16
2026-08-22,P02-XL-GREY,15,0,0,0,0,15
2026-08-22,P03-30-NAVY,15,0,0,0,0,15
2026-08-22,P03-30-BLACK,16,0,1,0,0,15
2026-08-22,P03-30-LIGHTBLU,11,0,1,0,0,10
2026-08-22,P03-32-NAVY,18,0,0,0,0,18
2026-08-22,P03-32-BLACK,19,0,0,0,0,19
2026-08-22,P03-32-LIGHTBLU,7,0,0,0,0,7
2026-08-22,P03-34-NAVY,13,0,0,0,0,13
2026-08-22,P03-34-BLACK,12,0,1,0,0,11
2026-08-22,P03-34-LIGHTBLU,10,0,0,0,0,10
2026-08-22,P03-36-NAVY,27,0,0,0,0,27
2026-08-22,P03-36-BLACK,27,0,0,0,0,27
2026-08-22,P03-36-LIGHTBLU,29,0,0,0,0,29
2026-08-22,P04-30-BEIGE,17,0,0,0,0,17
2026-08-22,P04-30-OLIVE,6,0,1,0,0,5
2026-08-22,P04-30-NAVY,6,0,1,0,0,5
2026-08-22,P04-32-BEIGE,13,0,0,0,0,13
2026-08-22,P04-32-OLIVE,9,0,0,0,0,9
2026-08-22,P04-32-NAVY,7,0,0,0,0,7
2026-08-22,P04-34-BEIGE,4,0,1,0,0,3
2026-08-22,P04-34-OLIVE,7,0,0,0,0,7
2026-08-22,P04-34-NAVY,7,0,0,0,0,7
2026-08-22,P04-36-BEIGE,8,0,1,0,0,7
2026-08-22,P04-36-OLIVE,15,0,0,0,0,15
2026-08-22,P04-36-NAVY,16,0,0,0,0,16
2026-08-22,P05-S-WHITE,6,0,0,0,0,6
2026-08-22,P05-S-BLUE,14,0,0,0,0,14
2026-08-22,P05-S-GREY,10,0,0,0,0,10
2026-08-22,P05-M-WHITE,15,0,2,0,0,13
2026-08-22,P05-M-BLUE,21,0,0,0,0,21
2026-08-22,P05-M-GREY,14,0,0,0,0,14
2026-08-22,P05-L-WHITE,2,18,1,0,0,19
2026-08-22,P05-L-BLUE,14,0,1,0,0,13
2026-08-22,P05-L-GREY,6,0,2,0,0,4
2026-08-22,P05-XL-WHITE,20,0,0,0,0,20
2026-08-22,P05-XL-BLUE,10,0,1,0,0,9
2026-08-22,P05-XL-GREY,8,0,1,0,0,7
2026-08-22,P06-S-BLACK,19,0,1,0,0,18
2026-08-22,P06-S-WHITE,8,0,0,0,0,8
2026-08-22,P06-S-RED,5,0,0,0,0,5
2026-08-22,P06-M-BLACK,4,17,1,0,0,20
2026-08-22,P06-M-WHITE,6,0,1,0,0,5
2026-08-22,P06-M-RED,5,0,3,0,0,2
2026-08-22,P06-L-BLACK,7,0,4,0,0,3
2026-08-22,P06-L-WHITE,4,0,1,0,0,3
2026-08-22,P06-L-RED,8,0,1,0,0,7
2026-08-22,P06-XL-BLACK,12,0,1,0,0,11
2026-08-22,P06-XL-WHITE,6,0,0,0,0,6
2026-08-22,P06-XL-RED,20,0,1,0,0,19
2026-08-22,P07-XS-MUSTARD,15,0,0,0,0,15
2026-08-22,P07-XS-TEAL,11,0,0,0,0,11
2026-08-22,P07-XS-MAROON,11,0,0,0,0,11
2026-08-22,P07-S-MUSTARD,19,0,0,0,0,19
2026-08-22,P07-S-TEAL,4,0,2,0,0,2
2026-08-22,P07-S-MAROON,18,0,1,0,0,17
2026-08-22,P07-M-MUSTARD,8,0,0,0,0,8
2026-08-22,P07-M-TEAL,2,0,0,0,0,2
2026-08-22,P07-M-MAROON,1,0,1,0,0,0
2026-08-22,P07-L-MUSTARD,15,0,0,0,0,15
2026-08-22,P07-L-TEAL,16,0,5,0,0,11
2026-08-22,P07-L-MAROON,8,0,0,0,0,8
2026-08-22,P07-XL-MUSTARD,15,0,0,0,0,15
2026-08-22,P07-XL-TEAL,8,0,1,0,0,7
2026-08-22,P07-XL-MAROON,5,0,0,0,0,5
2026-08-22,P08-XS-PINK,9,0,0,0,0,9
2026-08-22,P08-XS-BLUE,15,0,0,0,0,15
2026-08-22,P08-XS-GREEN,11,0,1,0,0,10
2026-08-22,P08-S-PINK,8,0,0,0,0,8
2026-08-22,P08-S-BLUE,8,0,0,0,0,8
2026-08-22,P08-S-GREEN,5,0,0,0,0,5
2026-08-22,P08-M-PINK,15,0,0,0,0,15
2026-08-22,P08-M-BLUE,5,0,1,0,0,4
2026-08-22,P08-M-GREEN,5,0,0,0,0,5
2026-08-22,P08-L-PINK,14,0,0,0,0,14
2026-08-22,P08-L-BLUE,21,0,0,0,0,21
2026-08-22,P08-L-GREEN,15,0,2,0,0,13
2026-08-22,P08-XL-PINK,5,0,0,0,0,5
2026-08-22,P08-XL-BLUE,10,0,0,0,0,10
2026-08-22,P08-XL-GREEN,7,0,0,0,0,7
2026-08-22,P09-XS-BLACK,8,0,0,0,0,8
2026-08-22,P09-XS-BEIGE,9,0,1,0,0,8
2026-08-22,P09-XS-NAVY,11,0,1,0,0,10
2026-08-22,P09-S-BLACK,10,0,0,0,0,10
2026-08-22,P09-S-BEIGE,8,0,0,0,0,8
2026-08-22,P09-S-NAVY,7,0,0,0,0,7
2026-08-22,P09-M-BLACK,16,0,0,0,0,16
2026-08-22,P09-M-BEIGE,16,0,3,0,0,13
2026-08-22,P09-M-NAVY,6,0,1,0,0,5
2026-08-22,P09-L-BLACK,13,0,1,0,0,12
2026-08-22,P09-L-BEIGE,13,0,1,0,0,12
2026-08-22,P09-L-NAVY,7,0,1,0,0,6
2026-08-22,P09-XL-BLACK,7,0,0,0,0,7
2026-08-22,P09-XL-BEIGE,10,0,0,0,0,10
2026-08-22,P09-XL-NAVY,10,0,0,0,0,10
2026-08-22,P10-XS-INDIGO,12,0,0,0,0,12
2026-08-22,P10-XS-BLACK,8,0,0,0,0,8
2026-08-22,P10-S-INDIGO,16,0,1,0,0,15
2026-08-22,P10-S-BLACK,9,0,1,0,0,8
2026-08-22,P10-M-INDIGO,15,0,0,0,0,15
2026-08-22,P10-M-BLACK,6,0,2,0,0,4
2026-08-22,P10-L-INDIGO,18,0,0,0,0,18
2026-08-22,P10-L-BLACK,1,14,1,0,0,14
2026-08-22,P10-XL-INDIGO,9,0,0,0,0,9
2026-08-22,P10-XL-BLACK,10,0,1,0,0,9
2026-08-22,P11-XS-WHITE,11,0,0,0,0,11
2026-08-22,P11-XS-LAVENDER,16,0,1,0,0,15
2026-08-22,P11-XS-BLACK,17,0,0,0,0,17
2026-08-22,P11-S-WHITE,3,13,1,0,0,15
2026-08-22,P11-S-LAVENDER,7,0,2,0,0,5
2026-08-22,P11-S-BLACK,13,0,0,0,0,13
2026-08-22,P11-M-WHITE,5,0,0,0,0,5
2026-08-22,P11-M-LAVENDER,6,0,0,0,0,6
2026-08-22,P11-M-BLACK,10,0,2,0,0,8
2026-08-22,P11-L-WHITE,17,0,0,0,0,17
2026-08-22,P11-L-LAVENDER,10,0,2,0,0,8
2026-08-22,P11-L-BLACK,12,0,3,0,0,9
2026-08-22,P12-XS-RED,12,0,0,0,0,12
2026-08-22,P12-XS-BLUE,10,0,0,0,0,10
2026-08-22,P12-XS-WHITE,9,0,0,0,0,9
2026-08-22,P12-S-RED,10,0,0,0,0,10
2026-08-22,P12-S-BLUE,20,0,0,0,0,20
2026-08-22,P12-S-WHITE,7,0,0,0,0,7
2026-08-22,P12-M-RED,11,0,4,0,0,7
2026-08-22,P12-M-BLUE,14,0,1,0,0,13
2026-08-22,P12-M-WHITE,9,0,1,0,0,8
2026-08-22,P12-L-RED,2,0,0,0,0,2
2026-08-22,P12-L-BLUE,15,0,1,0,0,14
2026-08-22,P12-L-WHITE,11,0,1,0,0,10
2026-08-22,P12-XL-RED,5,0,0,0,0,5
2026-08-22,P12-XL-BLUE,7,0,0,0,0,7
2026-08-22,P12-XL-WHITE,3,0,3,0,0,0
2026-08-22,P13-S-WINE,22,0,1,0,0,21
2026-08-22,P13-S-EMERALD,28,0,1,0,0,27
2026-08-22,P13-S-NAVY,21,0,0,0,0,21
2026-08-22,P13-M-WINE,30,0,0,0,0,30
2026-08-22,P13-M-EMERALD,23,0,0,0,0,23
2026-08-22,P13-M-NAVY,29,0,0,0,0,29
2026-08-22,P13-L-WINE,22,0,0,0,0,22
2026-08-22,P13-L-EMERALD,25,0,0,0,0,25
2026-08-22,P13-L-NAVY,23,0,0,0,0,23
2026-08-22,P13-XL-WINE,28,0,0,0,0,28
2026-08-22,P13-XL-EMERALD,27,0,0,0,0,27
2026-08-22,P13-XL-NAVY,27,0,1,0,0,26
2026-08-22,P14-XS-TEAL,12,0,0,0,0,12
2026-08-22,P14-XS-MUSTARD,13,0,0,0,0,13
2026-08-22,P14-XS-MAROON,10,0,0,0,0,10
2026-08-22,P14-S-TEAL,14,0,0,0,0,14
2026-08-22,P14-S-MUSTARD,12,0,0,0,0,12
2026-08-22,P14-S-MAROON,18,0,0,0,0,18
2026-08-22,P14-M-TEAL,11,0,0,0,0,11
2026-08-22,P14-M-MUSTARD,15,0,0,0,0,15
2026-08-22,P14-M-MAROON,6,0,1,0,0,5
2026-08-22,P14-L-TEAL,15,0,0,0,0,15
2026-08-22,P14-L-MUSTARD,13,0,0,0,0,13
2026-08-22,P14-L-MAROON,5,0,0,0,0,5
2026-08-22,P14-XL-TEAL,12,0,1,0,0,11
2026-08-22,P14-XL-MUSTARD,12,0,0,0,0,12
2026-08-22,P14-XL-MAROON,8,0,0,0,0,8
2026-08-22,P15-23Y-YELLOW,19,0,0,0,0,19
2026-08-22,P15-23Y-BLUE,6,0,0,0,0,6
2026-08-22,P15-23Y-RED,15,0,0,0,0,15
2026-08-22,P15-45Y-YELLOW,9,0,0,0,0,9
2026-08-22,P15-45Y-BLUE,14,0,0,0,0,14
2026-08-22,P15-45Y-RED,8,0,1,0,0,7
2026-08-22,P15-67Y-YELLOW,5,0,1,0,0,4
2026-08-22,P15-67Y-BLUE,6,0,1,0,0,5
2026-08-22,P15-67Y-RED,15,0,0,0,0,15
2026-08-22,P15-89Y-YELLOW,5,0,1,0,0,4
2026-08-22,P15-89Y-BLUE,20,0,0,0,0,20
2026-08-22,P15-89Y-RED,5,0,0,0,0,5
2026-08-22,P16-23Y-BLUE,11,0,0,0,0,11
2026-08-22,P16-23Y-BLACK,5,0,0,0,0,5
2026-08-22,P16-45Y-BLUE,6,0,1,0,0,5
2026-08-22,P16-45Y-BLACK,13,0,0,0,0,13
2026-08-22,P16-67Y-BLUE,4,0,0,0,0,4
2026-08-22,P16-67Y-BLACK,17,0,5,0,0,12
2026-08-22,P16-89Y-BLUE,8,0,0,0,0,8
2026-08-22,P16-89Y-BLACK,7,0,1,0,0,6
2026-08-22,P17-23Y-MAROON,10,0,1,0,0,9
2026-08-22,P17-23Y-MUSTARD,12,0,0,0,0,12
2026-08-22,P17-23Y-GREEN,7,0,0,0,0,7
2026-08-22,P17-45Y-MAROON,6,0,0,0,0,6
2026-08-22,P17-45Y-MUSTARD,7,0,0,0,0,7
2026-08-22,P17-45Y-GREEN,8,0,0,0,0,8
2026-08-22,P17-67Y-MAROON,19,0,0,0,0,19
2026-08-22,P17-67Y-MUSTARD,5,0,0,0,0,5
2026-08-22,P17-67Y-GREEN,16,0,2,0,0,14
2026-08-22,P17-89Y-MAROON,6,0,1,0,0,5
2026-08-22,P17-89Y-MUSTARD,5,0,0,0,0,5
2026-08-22,P17-89Y-GREEN,12,0,0,0,0,12
2026-08-22,P18-23Y-PINK,6,0,0,0,0,6
2026-08-22,P18-23Y-PEACH,8,0,0,0,0,8
2026-08-22,P18-23Y-MINT,7,0,0,0,0,7
2026-08-22,P18-45Y-PINK,5,0,0,0,0,5
2026-08-22,P18-45Y-PEACH,9,0,0,0,0,9
2026-08-22,P18-45Y-MINT,8,0,0,0,0,8
2026-08-22,P18-67Y-PINK,7,0,0,0,0,7
2026-08-22,P18-67Y-PEACH,12,0,0,0,0,12
2026-08-22,P18-67Y-MINT,10,0,1,0,0,9
2026-08-22,P18-89Y-PINK,10,0,0,0,0,10
2026-08-22,P18-89Y-PEACH,8,0,0,0,0,8
2026-08-22,P18-89Y-MINT,10,0,0,0,0,10
2026-08-22,P19-23Y-GREY,13,0,0,0,0,13
2026-08-22,P19-23Y-NAVY,10,0,0,0,0,10
2026-08-22,P19-23Y-BLACK,6,0,0,0,0,6
2026-08-22,P19-45Y-GREY,14,0,0,0,0,14
2026-08-22,P19-45Y-NAVY,5,0,0,0,0,5
2026-08-22,P19-45Y-BLACK,5,0,3,0,0,2
2026-08-22,P19-67Y-GREY,16,0,0,0,0,16
2026-08-22,P19-67Y-NAVY,12,0,0,0,0,12
2026-08-22,P19-67Y-BLACK,5,0,1,0,0,4
2026-08-22,P19-89Y-GREY,13,0,1,0,0,12
2026-08-22,P19-89Y-NAVY,18,0,5,0,0,13
2026-08-22,P19-89Y-BLACK,21,0,0,0,0,21
2026-08-22,P20-7-WHITE,9,0,0,0,0,9
2026-08-22,P20-7-BLACK,16,0,0,0,0,16
2026-08-22,P20-7-GREY,14,0,0,0,0,14
2026-08-22,P20-8-WHITE,14,0,0,0,0,14
2026-08-22,P20-8-BLACK,16,0,0,0,0,16
2026-08-22,P20-8-GREY,9,0,0,0,0,9
2026-08-22,P20-9-WHITE,18,0,0,0,0,18
2026-08-22,P20-9-BLACK,6,0,1,0,0,5
2026-08-22,P20-9-GREY,6,0,0,0,0,6
2026-08-22,P20-10-WHITE,8,0,1,0,0,7
2026-08-22,P20-10-BLACK,4,17,0,0,0,21
2026-08-22,P20-10-GREY,14,0,0,0,0,14
2026-08-22,P21-4-TAN,9,0,0,0,0,9
2026-08-22,P21-4-BLACK,3,0,2,0,0,1
2026-08-22,P21-4-GOLD,8,0,0,0,0,8
2026-08-22,P21-5-TAN,15,0,0,0,0,15
2026-08-22,P21-5-BLACK,6,0,0,0,0,6
2026-08-22,P21-5-GOLD,7,0,1,0,0,6
2026-08-22,P21-6-TAN,4,17,0,0,0,21
2026-08-22,P21-6-BLACK,5,0,2,0,0,3
2026-08-22,P21-6-GOLD,16,0,0,0,0,16
2026-08-22,P21-7-TAN,9,0,1,0,0,8
2026-08-22,P21-7-BLACK,10,0,1,0,0,9
2026-08-22,P21-7-GOLD,7,0,0,0,0,7
2026-08-22,P21-8-TAN,4,0,0,0,0,4
2026-08-22,P21-8-BLACK,6,0,0,0,0,6
2026-08-22,P21-8-GOLD,8,0,0,0,0,8
2026-08-22,P22-10C-BLUE,12,0,0,0,0,12
2026-08-22,P22-10C-PINK,6,0,0,0,0,6
2026-08-22,P22-10C-BLACK,9,0,0,0,0,9
2026-08-22,P22-11C-BLUE,7,0,0,0,0,7
2026-08-22,P22-11C-PINK,5,0,0,0,0,5
2026-08-22,P22-11C-BLACK,17,0,0,0,0,17
2026-08-22,P22-12C-BLUE,9,0,1,0,0,8
2026-08-22,P22-12C-PINK,5,0,2,0,0,3
2026-08-22,P22-12C-BLACK,9,0,0,0,0,9
2026-08-22,P22-13C-BLUE,5,0,1,0,0,4
2026-08-22,P22-13C-PINK,10,0,2,0,0,8
2026-08-22,P22-13C-BLACK,18,0,0,0,0,18
2026-08-22,P22-1Y-BLUE,5,0,0,0,0,5
2026-08-22,P22-1Y-PINK,13,0,1,0,0,12
2026-08-22,P22-1Y-BLACK,9,0,1,0,0,8
2026-08-22,P23-7-BLACK,13,0,0,0,0,13
2026-08-22,P23-7-NAVY,13,0,0,0,0,13
2026-08-22,P23-7-GREY,6,0,0,0,0,6
2026-08-22,P23-8-BLACK,5,0,0,0,0,5
2026-08-22,P23-8-NAVY,12,0,1,0,0,11
2026-08-22,P23-8-GREY,16,0,0,0,0,16
2026-08-22,P23-9-BLACK,5,0,1,0,0,4
2026-08-22,P23-9-NAVY,7,0,0,0,0,7
2026-08-22,P23-9-GREY,9,0,2,0,0,7
2026-08-22,P23-10-BLACK,10,0,0,0,0,10
2026-08-22,P23-10-NAVY,21,0,0,0,0,21
2026-08-22,P23-10-GREY,6,0,3,0,0,3
2026-08-22,P24-ONESIZE-BLACK,8,0,0,0,0,8
2026-08-22,P24-ONESIZE-TAN,11,0,0,0,0,11
2026-08-22,P24-ONESIZE-MAROON,7,0,0,0,0,7
2026-08-22,P25-ONESIZE-BLACK,6,0,1,0,0,5
2026-08-22,P25-ONESIZE-PINK,14,0,0,0,0,14
2026-08-22,P25-ONESIZE-BEIGE,7,0,1,0,0,6
2026-08-22,P26-32-BLACK,10,0,0,0,0,10
2026-08-22,P26-32-BROWN,13,0,2,0,0,11
2026-08-22,P26-34-BLACK,5,0,0,0,0,5
2026-08-22,P26-34-BROWN,9,0,0,0,0,9
2026-08-22,P26-36-BLACK,14,0,1,0,0,13
2026-08-22,P26-36-BROWN,7,0,0,0,0,7
2026-08-22,P26-38-BLACK,6,0,0,0,0,6
2026-08-22,P26-38-BROWN,17,0,1,0,0,16
2026-08-22,P27-ONESIZE-BLACK,12,0,0,0,0,12
2026-08-22,P27-ONESIZE-BROWN,7,0,0,0,0,7
2026-08-22,P27-ONESIZE-TAN,9,0,0,0,0,9
2026-08-22,P28-ONESIZE-MULTICOL,4,16,0,0,0,20
2026-08-22,P28-ONESIZE-PINK,15,0,1,0,0,14
2026-08-22,P28-ONESIZE-BLACK,20,0,0,0,0,20
2026-08-22,P29-ONESIZE-BLACK,8,0,0,0,0,8
2026-08-22,P29-ONESIZE-NAVY,10,0,1,0,0,9
2026-08-22,P29-ONESIZE-BEIGE,5,0,0,0,0,5
2026-08-22,P30-ONESIZE-FLORAL,22,0,0,0,0,22
2026-08-22,P30-ONESIZE-MAROON,23,0,0,0,0,23
2026-08-22,P30-ONESIZE-TEAL,22,0,0,0,0,22
2026-08-22,P31-ONESIZE-RED,10,0,0,0,0,10
2026-08-22,P31-ONESIZE-MUSTARD,6,0,0,0,0,6
2026-08-22,P31-ONESIZE-GREEN,12,0,0,0,0,12
2026-08-22,P32-4-BLACK,7,0,0,0,0,7
2026-08-22,P32-4-BEIGE,20,0,1,0,0,19
2026-08-22,P32-4-SILVER,7,0,0,0,0,7
2026-08-22,P32-5-BLACK,16,0,0,0,0,16
2026-08-22,P32-5-BEIGE,13,0,2,0,0,11
2026-08-22,P32-5-SILVER,12,0,1,0,0,11
2026-08-22,P32-6-BLACK,4,0,1,0,0,3
2026-08-22,P32-6-BEIGE,13,0,1,0,0,12
2026-08-22,P32-6-SILVER,7,0,1,0,0,6
2026-08-22,P32-7-BLACK,18,0,1,0,0,17
2026-08-22,P32-7-BEIGE,9,0,0,0,0,9
2026-08-22,P32-7-SILVER,17,0,0,0,0,17
2026-08-22,P32-8-BLACK,5,0,0,0,0,5
2026-08-22,P32-8-BEIGE,5,0,0,0,0,5
2026-08-22,P32-8-SILVER,19,0,1,0,0,18
2026-08-23,P01-S-WHITE,14,0,2,0,0,12
2026-08-23,P01-S-BLACK,17,0,0,0,0,17
2026-08-23,P01-S-NAVY,7,0,3,0,0,4
2026-08-23,P01-S-OLIVE,6,0,3,0,0,3
2026-08-23,P01-M-WHITE,2,18,1,0,0,19
2026-08-23,P01-M-BLACK,6,0,0,0,0,6
2026-08-23,P01-M-NAVY,5,0,1,0,0,4
2026-08-23,P01-M-OLIVE,5,0,1,0,0,4
2026-08-23,P01-L-WHITE,5,0,1,0,0,4
2026-08-23,P01-L-BLACK,9,0,1,0,0,8
2026-08-23,P01-L-NAVY,5,0,2,0,0,3
2026-08-23,P01-L-OLIVE,16,0,1,0,0,15
2026-08-23,P01-XL-WHITE,14,0,0,0,0,14
2026-08-23,P01-XL-BLACK,12,0,2,0,0,10
2026-08-23,P01-XL-NAVY,5,0,0,0,0,5
2026-08-23,P01-XL-OLIVE,3,0,0,0,0,3
2026-08-23,P02-S-NAVY,6,0,0,0,0,6
2026-08-23,P02-S-MAROON,7,0,0,0,0,7
2026-08-23,P02-S-GREY,12,0,1,0,0,11
2026-08-23,P02-M-NAVY,22,0,0,0,0,22
2026-08-23,P02-M-MAROON,5,0,0,0,0,5
2026-08-23,P02-M-GREY,7,0,0,0,0,7
2026-08-23,P02-L-NAVY,21,0,1,0,0,20
2026-08-23,P02-L-MAROON,3,16,3,0,0,16
2026-08-23,P02-L-GREY,0,16,0,0,0,16
2026-08-23,P02-XL-NAVY,6,0,0,0,0,6
2026-08-23,P02-XL-MAROON,16,0,1,0,0,15
2026-08-23,P02-XL-GREY,15,0,1,0,0,14
2026-08-23,P03-30-NAVY,15,0,1,0,0,14
2026-08-23,P03-30-BLACK,15,0,2,0,0,13
2026-08-23,P03-30-LIGHTBLU,10,0,1,0,0,9
2026-08-23,P03-32-NAVY,18,0,1,0,0,17
2026-08-23,P03-32-BLACK,19,0,3,0,0,16
2026-08-23,P03-32-LIGHTBLU,7,0,1,0,0,6
2026-08-23,P03-34-NAVY,13,0,0,0,0,13
2026-08-23,P03-34-BLACK,11,0,2,0,0,9
2026-08-23,P03-34-LIGHTBLU,10,0,0,0,0,10
2026-08-23,P03-36-NAVY,27,0,0,0,0,27
2026-08-23,P03-36-BLACK,27,0,0,0,0,27
2026-08-23,P03-36-LIGHTBLU,29,0,0,0,0,29
2026-08-23,P04-30-BEIGE,17,0,1,0,0,16
2026-08-23,P04-30-OLIVE,5,0,0,0,0,5
2026-08-23,P04-30-NAVY,5,0,2,0,0,3
2026-08-23,P04-32-BEIGE,13,0,0,0,0,13
2026-08-23,P04-32-OLIVE,9,0,2,0,0,7
2026-08-23,P04-32-NAVY,7,0,0,0,0,7
2026-08-23,P04-34-BEIGE,3,0,1,0,0,2
2026-08-23,P04-34-OLIVE,7,0,1,0,0,6
2026-08-23,P04-34-NAVY,7,0,2,0,0,5
2026-08-23,P04-36-BEIGE,7,0,0,0,0,7
2026-08-23,P04-36-OLIVE,15,0,0,0,0,15
2026-08-23,P04-36-NAVY,16,0,0,0,0,16
2026-08-23,P05-S-WHITE,6,0,0,0,0,6
2026-08-23,P05-S-BLUE,14,0,0,0,0,14
2026-08-23,P05-S-GREY,10,0,0,0,0,10
2026-08-23,P05-M-WHITE,13,0,0,0,0,13
2026-08-23,P05-M-BLUE,21,0,1,0,0,20
2026-08-23,P05-M-GREY,14,0,1,0,0,13
2026-08-23,P05-L-WHITE,19,0,1,0,0,18
2026-08-23,P05-L-BLUE,13,0,3,0,0,10
2026-08-23,P05-L-GREY,4,0,2,0,0,2
2026-08-23,P05-XL-WHITE,20,0,0,0,0,20
2026-08-23,P05-XL-BLUE,9,0,1,0,0,8
2026-08-23,P05-XL-GREY,7,0,1,0,0,6
2026-08-23,P06-S-BLACK,18,0,0,0,0,18
2026-08-23,P06-S-WHITE,8,0,1,0,0,7
2026-08-23,P06-S-RED,5,0,0,0,0,5
2026-08-23,P06-M-BLACK,20,0,3,0,0,17
2026-08-23,P06-M-WHITE,5,0,2,0,0,3
2026-08-23,P06-M-RED,2,13,2,0,0,13
2026-08-23,P06-L-BLACK,3,18,2,0,0,19
2026-08-23,P06-L-WHITE,3,17,2,0,0,18
2026-08-23,P06-L-RED,7,0,1,0,0,6
2026-08-23,P06-XL-BLACK,11,0,0,0,0,11
2026-08-23,P06-XL-WHITE,6,0,1,0,0,5
2026-08-23,P06-XL-RED,19,0,3,0,0,16
2026-08-23,P07-XS-MUSTARD,15,0,1,0,0,14
2026-08-23,P07-XS-TEAL,11,0,2,0,0,9
2026-08-23,P07-XS-MAROON,11,0,2,0,0,9
2026-08-23,P07-S-MUSTARD,19,0,3,0,0,16
2026-08-23,P07-S-TEAL,2,12,0,0,0,14
2026-08-23,P07-S-MAROON,17,0,0,0,0,17
2026-08-23,P07-M-MUSTARD,8,0,0,0,0,8
2026-08-23,P07-M-TEAL,2,0,2,0,0,0
2026-08-23,P07-M-MAROON,0,6,2,0,0,4
2026-08-23,P07-L-MUSTARD,15,0,2,0,0,13
2026-08-23,P07-L-TEAL,11,0,1,0,0,10
2026-08-23,P07-L-MAROON,8,0,0,0,0,8
2026-08-23,P07-XL-MUSTARD,15,0,0,0,0,15
2026-08-23,P07-XL-TEAL,7,0,0,0,0,7
2026-08-23,P07-XL-MAROON,5,0,1,0,0,4
2026-08-23,P08-XS-PINK,9,0,0,0,0,9
2026-08-23,P08-XS-BLUE,15,0,0,0,0,15
2026-08-23,P08-XS-GREEN,10,0,0,0,0,10
2026-08-23,P08-S-PINK,8,0,0,0,0,8
2026-08-23,P08-S-BLUE,8,0,1,0,0,7
2026-08-23,P08-S-GREEN,5,0,0,0,0,5
2026-08-23,P08-M-PINK,15,0,0,0,0,15
2026-08-23,P08-M-BLUE,4,0,0,0,0,4
2026-08-23,P08-M-GREEN,5,0,0,0,0,5
2026-08-23,P08-L-PINK,14,0,1,0,0,13
2026-08-23,P08-L-BLUE,21,0,0,0,0,21
2026-08-23,P08-L-GREEN,13,0,0,0,0,13
2026-08-23,P08-XL-PINK,5,0,0,0,0,5
2026-08-23,P08-XL-BLUE,10,0,0,0,0,10
2026-08-23,P08-XL-GREEN,7,0,0,0,0,7
2026-08-23,P09-XS-BLACK,8,0,0,0,0,8
2026-08-23,P09-XS-BEIGE,8,0,1,0,0,7
2026-08-23,P09-XS-NAVY,10,0,1,0,0,9
2026-08-23,P09-S-BLACK,10,0,2,0,0,8
2026-08-23,P09-S-BEIGE,8,0,0,0,0,8
2026-08-23,P09-S-NAVY,7,0,1,0,0,6
2026-08-23,P09-M-BLACK,16,0,0,0,0,16
2026-08-23,P09-M-BEIGE,13,0,1,0,0,12
2026-08-23,P09-M-NAVY,5,0,1,0,0,4
2026-08-23,P09-L-BLACK,12,0,0,0,0,12
2026-08-23,P09-L-BEIGE,12,0,1,0,0,11
2026-08-23,P09-L-NAVY,6,0,1,0,0,5
2026-08-23,P09-XL-BLACK,7,0,0,0,0,7
2026-08-23,P09-XL-BEIGE,10,0,1,0,0,9
2026-08-23,P09-XL-NAVY,10,0,1,0,0,9
2026-08-23,P10-XS-INDIGO,12,0,0,0,0,12
2026-08-23,P10-XS-BLACK,8,0,2,0,0,6
2026-08-23,P10-S-INDIGO,15,0,0,0,0,15
2026-08-23,P10-S-BLACK,8,0,0,0,0,8
2026-08-23,P10-M-INDIGO,15,0,1,0,0,14
2026-08-23,P10-M-BLACK,4,0,4,0,0,0
2026-08-23,P10-L-INDIGO,18,0,2,0,0,16
2026-08-23,P10-L-BLACK,14,0,1,0,0,13
2026-08-23,P10-XL-INDIGO,9,0,0,0,0,9
2026-08-23,P10-XL-BLACK,9,0,0,0,0,9
2026-08-23,P11-XS-WHITE,11,0,0,0,0,11
2026-08-23,P11-XS-LAVENDER,15,0,2,0,0,13
2026-08-23,P11-XS-BLACK,17,0,0,0,0,17
2026-08-23,P11-S-WHITE,15,0,1,0,0,14
2026-08-23,P11-S-LAVENDER,5,0,0,0,0,5
2026-08-23,P11-S-BLACK,13,0,2,0,0,11
2026-08-23,P11-M-WHITE,5,0,0,0,0,5
2026-08-23,P11-M-LAVENDER,6,0,0,0,0,6
2026-08-23,P11-M-BLACK,8,0,1,0,0,7
2026-08-23,P11-L-WHITE,17,0,0,0,0,17
2026-08-23,P11-L-LAVENDER,8,0,3,0,0,5
2026-08-23,P11-L-BLACK,9,0,6,0,0,3
2026-08-23,P12-XS-RED,12,0,1,0,0,11
2026-08-23,P12-XS-BLUE,10,0,0,0,0,10
2026-08-23,P12-XS-WHITE,9,0,0,0,0,9
2026-08-23,P12-S-RED,10,0,0,0,0,10
2026-08-23,P12-S-BLUE,20,0,2,0,0,18
2026-08-23,P12-S-WHITE,7,0,2,0,0,5
2026-08-23,P12-M-RED,7,0,1,0,0,6
2026-08-23,P12-M-BLUE,13,0,2,0,0,11
2026-08-23,P12-M-WHITE,8,0,1,0,0,7
2026-08-23,P12-L-RED,2,11,1,0,0,12
2026-08-23,P12-L-BLUE,14,0,1,0,0,13
2026-08-23,P12-L-WHITE,10,0,4,0,0,6
2026-08-23,P12-XL-RED,5,0,0,0,0,5
2026-08-23,P12-XL-BLUE,7,0,1,0,0,6
2026-08-23,P12-XL-WHITE,0,16,1,0,0,15
2026-08-23,P13-S-WINE,21,0,0,0,0,21
2026-08-23,P13-S-EMERALD,27,0,0,0,0,27
2026-08-23,P13-S-NAVY,21,0,0,0,0,21
2026-08-23,P13-M-WINE,30,0,1,0,0,29
2026-08-23,P13-M-EMERALD,23,0,0,0,0,23
2026-08-23,P13-M-NAVY,29,0,0,0,0,29
2026-08-23,P13-L-WINE,22,0,0,0,0,22
2026-08-23,P13-L-EMERALD,25,0,0,0,0,25
2026-08-23,P13-L-NAVY,23,0,0,0,0,23
2026-08-23,P13-XL-WINE,28,0,0,0,0,28
2026-08-23,P13-XL-EMERALD,27,0,0,0,0,27
2026-08-23,P13-XL-NAVY,26,0,0,0,0,26
2026-08-23,P14-XS-TEAL,12,0,0,0,0,12
2026-08-23,P14-XS-MUSTARD,13,0,0,0,0,13
2026-08-23,P14-XS-MAROON,10,0,0,0,0,10
2026-08-23,P14-S-TEAL,14,0,0,0,0,14
2026-08-23,P14-S-MUSTARD,12,0,0,0,0,12
2026-08-23,P14-S-MAROON,18,0,2,0,0,16
2026-08-23,P14-M-TEAL,11,0,0,0,0,11
2026-08-23,P14-M-MUSTARD,15,0,2,0,0,13
2026-08-23,P14-M-MAROON,5,0,0,0,0,5
2026-08-23,P14-L-TEAL,15,0,0,0,0,15
2026-08-23,P14-L-MUSTARD,13,0,0,0,0,13
2026-08-23,P14-L-MAROON,5,0,1,0,0,4
2026-08-23,P14-XL-TEAL,11,0,0,0,0,11
2026-08-23,P14-XL-MUSTARD,12,0,0,0,0,12
2026-08-23,P14-XL-MAROON,8,0,0,0,0,8
2026-08-23,P15-23Y-YELLOW,19,0,0,0,0,19
2026-08-23,P15-23Y-BLUE,6,0,1,0,0,5
2026-08-23,P15-23Y-RED,15,0,0,0,0,15
2026-08-23,P15-45Y-YELLOW,9,0,1,0,0,8
2026-08-23,P15-45Y-BLUE,14,0,0,0,0,14
2026-08-23,P15-45Y-RED,7,0,0,0,0,7
2026-08-23,P15-67Y-YELLOW,4,0,2,0,0,2
2026-08-23,P15-67Y-BLUE,5,0,1,0,0,4
2026-08-23,P15-67Y-RED,15,0,1,0,0,14
2026-08-23,P15-89Y-YELLOW,4,0,2,0,0,2
2026-08-23,P15-89Y-BLUE,20,0,0,0,0,20
2026-08-23,P15-89Y-RED,5,0,0,0,0,5
2026-08-23,P16-23Y-BLUE,11,0,0,0,0,11
2026-08-23,P16-23Y-BLACK,5,0,2,0,0,3
2026-08-23,P16-45Y-BLUE,5,0,0,0,0,5
2026-08-23,P16-45Y-BLACK,13,0,2,0,0,11
2026-08-23,P16-67Y-BLUE,4,12,0,0,0,16
2026-08-23,P16-67Y-BLACK,12,0,1,0,0,11
2026-08-23,P16-89Y-BLUE,8,0,1,0,0,7
2026-08-23,P16-89Y-BLACK,6,0,0,0,0,6
2026-08-23,P17-23Y-MAROON,9,0,0,0,0,9
2026-08-23,P17-23Y-MUSTARD,12,0,0,0,0,12
2026-08-23,P17-23Y-GREEN,7,0,0,0,0,7
2026-08-23,P17-45Y-MAROON,6,0,0,0,0,6
2026-08-23,P17-45Y-MUSTARD,7,0,0,0,0,7
2026-08-23,P17-45Y-GREEN,8,0,2,0,0,6
2026-08-23,P17-67Y-MAROON,19,0,0,0,0,19
2026-08-23,P17-67Y-MUSTARD,5,0,2,0,0,3
2026-08-23,P17-67Y-GREEN,14,0,0,0,0,14
2026-08-23,P17-89Y-MAROON,5,0,0,0,0,5
2026-08-23,P17-89Y-MUSTARD,5,0,0,0,0,5
2026-08-23,P17-89Y-GREEN,12,0,0,0,0,12
2026-08-23,P18-23Y-PINK,6,0,1,0,0,5
2026-08-23,P18-23Y-PEACH,8,0,1,0,0,7
2026-08-23,P18-23Y-MINT,7,0,1,0,0,6
2026-08-23,P18-45Y-PINK,5,0,0,0,0,5
2026-08-23,P18-45Y-PEACH,9,0,0,0,0,9
2026-08-23,P18-45Y-MINT,8,0,2,0,0,6
2026-08-23,P18-67Y-PINK,7,0,0,0,0,7
2026-08-23,P18-67Y-PEACH,12,0,1,0,0,11
2026-08-23,P18-67Y-MINT,9,0,0,0,0,9
2026-08-23,P18-89Y-PINK,10,0,0,0,0,10
2026-08-23,P18-89Y-PEACH,8,0,1,0,0,7
2026-08-23,P18-89Y-MINT,10,0,2,0,0,8
2026-08-23,P19-23Y-GREY,13,0,0,0,0,13
2026-08-23,P19-23Y-NAVY,10,0,0,0,0,10
2026-08-23,P19-23Y-BLACK,6,0,0,0,0,6
2026-08-23,P19-45Y-GREY,14,0,0,0,0,14
2026-08-23,P19-45Y-NAVY,5,0,2,0,0,3
2026-08-23,P19-45Y-BLACK,2,0,1,0,0,1
2026-08-23,P19-67Y-GREY,16,0,0,0,0,16
2026-08-23,P19-67Y-NAVY,12,0,0,0,0,12
2026-08-23,P19-67Y-BLACK,4,13,0,0,0,17
2026-08-23,P19-89Y-GREY,12,0,1,0,0,11
2026-08-23,P19-89Y-NAVY,13,0,2,0,0,11
2026-08-23,P19-89Y-BLACK,21,0,2,0,0,19
2026-08-23,P20-7-WHITE,9,0,1,0,0,8
2026-08-23,P20-7-BLACK,16,0,0,0,0,16
2026-08-23,P20-7-GREY,14,0,1,0,0,13
2026-08-23,P20-8-WHITE,14,0,1,0,0,13
2026-08-23,P20-8-BLACK,16,0,2,0,0,14
2026-08-23,P20-8-GREY,9,0,3,0,0,6
2026-08-23,P20-9-WHITE,18,0,0,0,0,18
2026-08-23,P20-9-BLACK,5,0,1,0,0,4
2026-08-23,P20-9-GREY,6,0,0,0,0,6
2026-08-23,P20-10-WHITE,7,0,0,0,0,7
2026-08-23,P20-10-BLACK,21,0,0,0,0,21
2026-08-23,P20-10-GREY,14,0,0,0,0,14
2026-08-23,P21-4-TAN,9,0,0,0,0,9
2026-08-23,P21-4-BLACK,1,0,1,0,0,0
2026-08-23,P21-4-GOLD,8,0,1,0,0,7
2026-08-23,P21-5-TAN,15,0,0,0,0,15
2026-08-23,P21-5-BLACK,6,0,0,0,0,6
2026-08-23,P21-5-GOLD,6,0,0,0,0,6
2026-08-23,P21-6-TAN,21,0,1,0,0,20
2026-08-23,P21-6-BLACK,3,0,0,0,0,3
2026-08-23,P21-6-GOLD,16,0,0,0,0,16
2026-08-23,P21-7-TAN,8,0,0,0,0,8
2026-08-23,P21-7-BLACK,9,0,0,0,0,9
2026-08-23,P21-7-GOLD,7,0,0,0,0,7
2026-08-23,P21-8-TAN,4,0,2,0,0,2
2026-08-23,P21-8-BLACK,6,0,1,0,0,5
2026-08-23,P21-8-GOLD,8,0,0,0,0,8
2026-08-23,P22-10C-BLUE,12,0,1,0,0,11
2026-08-23,P22-10C-PINK,6,0,0,0,0,6
2026-08-23,P22-10C-BLACK,9,0,0,0,0,9
2026-08-23,P22-11C-BLUE,7,0,0,0,0,7
2026-08-23,P22-11C-PINK,5,0,0,0,0,5
2026-08-23,P22-11C-BLACK,17,0,1,0,0,16
2026-08-23,P22-12C-BLUE,8,0,0,0,0,8
2026-08-23,P22-12C-PINK,3,0,0,0,0,3
2026-08-23,P22-12C-BLACK,9,0,3,0,0,6
2026-08-23,P22-13C-BLUE,4,0,1,0,0,3
2026-08-23,P22-13C-PINK,8,0,1,0,0,7
2026-08-23,P22-13C-BLACK,18,0,1,0,0,17
2026-08-23,P22-1Y-BLUE,5,0,1,0,0,4
2026-08-23,P22-1Y-PINK,12,0,0,0,0,12
2026-08-23,P22-1Y-BLACK,8,0,2,0,0,6
2026-08-23,P23-7-BLACK,13,0,0,0,0,13
2026-08-23,P23-7-NAVY,13,0,0,0,0,13
2026-08-23,P23-7-GREY,6,0,2,0,0,4
2026-08-23,P23-8-BLACK,5,0,1,0,0,4
2026-08-23,P23-8-NAVY,11,0,3,0,0,8
2026-08-23,P23-8-GREY,16,0,0,0,0,16
2026-08-23,P23-9-BLACK,4,0,0,0,0,4
2026-08-23,P23-9-NAVY,7,0,1,0,0,6
2026-08-23,P23-9-GREY,7,0,0,0,0,7
2026-08-23,P23-10-BLACK,10,0,0,0,0,10
2026-08-23,P23-10-NAVY,21,0,1,0,0,20
2026-08-23,P23-10-GREY,3,0,0,0,0,3
2026-08-23,P24-ONESIZE-BLACK,8,0,0,0,0,8
2026-08-23,P24-ONESIZE-TAN,11,0,0,0,0,11
2026-08-23,P24-ONESIZE-MAROON,7,0,1,0,0,6
2026-08-23,P25-ONESIZE-BLACK,5,0,0,0,0,5
2026-08-23,P25-ONESIZE-PINK,14,0,0,0,0,14
2026-08-23,P25-ONESIZE-BEIGE,6,0,0,0,0,6
2026-08-23,P26-32-BLACK,10,0,0,0,0,10
2026-08-23,P26-32-BROWN,11,0,0,0,0,11
2026-08-23,P26-34-BLACK,5,0,2,0,0,3
2026-08-23,P26-34-BROWN,9,0,1,0,0,8
2026-08-23,P26-36-BLACK,13,0,2,0,0,11
2026-08-23,P26-36-BROWN,7,0,0,0,0,7
2026-08-23,P26-38-BLACK,6,0,1,0,0,5
2026-08-23,P26-38-BROWN,16,0,2,0,0,14
2026-08-23,P27-ONESIZE-BLACK,12,0,0,0,0,12
2026-08-23,P27-ONESIZE-BROWN,7,0,1,0,0,6
2026-08-23,P27-ONESIZE-TAN,9,0,0,0,0,9
2026-08-23,P28-ONESIZE-MULTICOL,20,0,0,0,0,20
2026-08-23,P28-ONESIZE-PINK,14,0,0,0,0,14
2026-08-23,P28-ONESIZE-BLACK,20,0,0,0,0,20
2026-08-23,P29-ONESIZE-BLACK,8,0,0,0,0,8
2026-08-23,P29-ONESIZE-NAVY,9,0,0,0,0,9
2026-08-23,P29-ONESIZE-BEIGE,5,0,0,0,0,5
2026-08-23,P30-ONESIZE-FLORAL,22,0,0,0,0,22
2026-08-23,P30-ONESIZE-MAROON,23,0,1,0,0,22
2026-08-23,P30-ONESIZE-TEAL,22,0,0,0,0,22
2026-08-23,P31-ONESIZE-RED,10,0,0,0,0,10
2026-08-23,P31-ONESIZE-MUSTARD,6,0,1,0,0,5
2026-08-23,P31-ONESIZE-GREEN,12,0,3,0,0,9
2026-08-23,P32-4-BLACK,7,0,0,0,0,7
2026-08-23,P32-4-BEIGE,19,0,1,0,0,18
2026-08-23,P32-4-SILVER,7,0,0,0,0,7
2026-08-23,P32-5-BLACK,16,0,2,0,0,14
2026-08-23,P32-5-BEIGE,11,0,0,0,0,11
2026-08-23,P32-5-SILVER,11,0,1,0,0,10
2026-08-23,P32-6-BLACK,3,0,1,0,0,2
2026-08-23,P32-6-BEIGE,12,0,0,0,0,12
2026-08-23,P32-6-SILVER,6,0,0,0,0,6
2026-08-23,P32-7-BLACK,17,0,0,0,0,17
2026-08-23,P32-7-BEIGE,9,0,1,0,0,8
2026-08-23,P32-7-SILVER,17,0,1,0,0,16
2026-08-23,P32-8-BLACK,5,0,0,0,0,5
2026-08-23,P32-8-BEIGE,5,0,0,0,0,5
2026-08-23,P32-8-SILVER,18,0,0,0,0,18
2026-08-24,P01-S-WHITE,12,0,1,0,0,11
2026-08-24,P01-S-BLACK,17,0,1,0,0,16
2026-08-24,P01-S-NAVY,4,0,0,0,0,4
2026-08-24,P01-S-OLIVE,3,0,0,0,0,3
2026-08-24,P01-M-WHITE,19,0,0,0,0,19
2026-08-24,P01-M-BLACK,6,0,2,0,0,4
2026-08-24,P01-M-NAVY,4,0,1,0,0,3
2026-08-24,P01-M-OLIVE,4,0,0,0,0,4
2026-08-24,P01-L-WHITE,4,13,1,0,0,16
2026-08-24,P01-L-BLACK,8,0,3,0,0,5
2026-08-24,P01-L-NAVY,3,17,4,0,0,16
2026-08-24,P01-L-OLIVE,15,0,0,0,0,15
2026-08-24,P01-XL-WHITE,14,0,0,0,0,14
2026-08-24,P01-XL-BLACK,10,0,1,0,0,9
2026-08-24,P01-XL-NAVY,5,0,1,0,0,4
2026-08-24,P01-XL-OLIVE,3,13,0,0,0,16
2026-08-24,P02-S-NAVY,6,0,0,0,0,6
2026-08-24,P02-S-MAROON,7,0,0,0,0,7
2026-08-24,P02-S-GREY,11,0,0,0,0,11
2026-08-24,P02-M-NAVY,22,0,1,0,0,21
2026-08-24,P02-M-MAROON,5,0,1,0,0,4
2026-08-24,P02-M-GREY,7,0,1,0,0,6
2026-08-24,P02-L-NAVY,20,0,0,0,0,20
2026-08-24,P02-L-MAROON,16,0,2,0,0,14
2026-08-24,P02-L-GREY,16,0,0,0,0,16
2026-08-24,P02-XL-NAVY,6,0,2,0,0,4
2026-08-24,P02-XL-MAROON,15,0,1,0,0,14
2026-08-24,P02-XL-GREY,14,0,2,0,0,12
2026-08-24,P03-30-NAVY,14,0,1,0,0,13
2026-08-24,P03-30-BLACK,13,0,0,0,0,13
2026-08-24,P03-30-LIGHTBLU,9,0,1,0,0,8
2026-08-24,P03-32-NAVY,17,0,2,0,0,15
2026-08-24,P03-32-BLACK,16,0,0,0,0,16
2026-08-24,P03-32-LIGHTBLU,6,0,0,0,0,6
2026-08-24,P03-34-NAVY,13,0,2,0,0,11
2026-08-24,P03-34-BLACK,9,0,0,0,0,9
2026-08-24,P03-34-LIGHTBLU,10,0,1,0,0,9
2026-08-24,P03-36-NAVY,27,0,0,0,0,27
2026-08-24,P03-36-BLACK,27,0,0,0,0,27
2026-08-24,P03-36-LIGHTBLU,29,0,0,0,0,29
2026-08-24,P04-30-BEIGE,16,0,0,0,0,16
2026-08-24,P04-30-OLIVE,5,0,0,0,0,5
2026-08-24,P04-30-NAVY,3,0,0,0,0,3
2026-08-24,P04-32-BEIGE,13,0,1,0,0,12
2026-08-24,P04-32-OLIVE,7,0,1,0,0,6
2026-08-24,P04-32-NAVY,7,0,1,0,0,6
2026-08-24,P04-34-BEIGE,2,13,0,0,0,15
2026-08-24,P04-34-OLIVE,6,0,1,0,0,5
2026-08-24,P04-34-NAVY,5,0,0,0,0,5
2026-08-24,P04-36-BEIGE,7,0,1,0,0,6
2026-08-24,P04-36-OLIVE,15,0,0,0,0,15
2026-08-24,P04-36-NAVY,16,0,0,0,0,16
2026-08-24,P05-S-WHITE,6,0,0,0,0,6
2026-08-24,P05-S-BLUE,14,0,0,0,0,14
2026-08-24,P05-S-GREY,10,0,0,0,0,10
2026-08-24,P05-M-WHITE,13,0,0,0,0,13
2026-08-24,P05-M-BLUE,20,0,1,0,0,19
2026-08-24,P05-M-GREY,13,0,0,0,0,13
2026-08-24,P05-L-WHITE,18,0,0,0,0,18
2026-08-24,P05-L-BLUE,10,0,0,0,0,10
2026-08-24,P05-L-GREY,2,0,1,0,0,1
2026-08-24,P05-XL-WHITE,20,0,3,0,0,17
2026-08-24,P05-XL-BLUE,8,0,2,0,0,6
2026-08-24,P05-XL-GREY,6,0,1,0,0,5
2026-08-24,P06-S-BLACK,18,0,0,0,0,18
2026-08-24,P06-S-WHITE,7,0,0,0,0,7
2026-08-24,P06-S-RED,5,0,0,0,0,5
2026-08-24,P06-M-BLACK,17,0,0,0,0,17
2026-08-24,P06-M-WHITE,3,0,1,0,0,2
2026-08-24,P06-M-RED,13,0,3,0,0,10
2026-08-24,P06-L-BLACK,19,0,0,0,0,19
2026-08-24,P06-L-WHITE,18,0,1,0,0,17
2026-08-24,P06-L-RED,6,0,2,0,0,4
2026-08-24,P06-XL-BLACK,11,0,0,0,0,11
2026-08-24,P06-XL-WHITE,5,0,0,0,0,5
2026-08-24,P06-XL-RED,16,0,1,0,0,15
2026-08-24,P07-XS-MUSTARD,14,0,0,0,0,14
2026-08-24,P07-XS-TEAL,9,0,0,0,0,9
2026-08-24,P07-XS-MAROON,9,0,0,0,0,9
2026-08-24,P07-S-MUSTARD,16,0,2,0,0,14
2026-08-24,P07-S-TEAL,14,0,0,0,0,14
2026-08-24,P07-S-MAROON,17,0,0,0,0,17
2026-08-24,P07-M-MUSTARD,8,0,3,0,0,5
2026-08-24,P07-M-TEAL,0,0,0,0,0,0
2026-08-24,P07-M-MAROON,4,0,0,0,0,4
2026-08-24,P07-L-MUSTARD,13,0,1,0,0,12
2026-08-24,P07-L-TEAL,10,0,4,0,0,6
2026-08-24,P07-L-MAROON,8,0,1,0,0,7
2026-08-24,P07-XL-MUSTARD,15,0,1,0,0,14
2026-08-24,P07-XL-TEAL,7,0,0,0,0,7
2026-08-24,P07-XL-MAROON,4,12,1,0,0,15
2026-08-24,P08-XS-PINK,9,0,0,0,0,9
2026-08-24,P08-XS-BLUE,15,0,0,0,0,15
2026-08-24,P08-XS-GREEN,10,0,0,0,0,10
2026-08-24,P08-S-PINK,8,0,1,0,0,7
2026-08-24,P08-S-BLUE,7,0,1,0,0,6
2026-08-24,P08-S-GREEN,5,0,0,0,0,5
2026-08-24,P08-M-PINK,15,0,0,0,0,15
2026-08-24,P08-M-BLUE,4,13,0,0,0,17
2026-08-24,P08-M-GREEN,5,0,0,0,0,5
2026-08-24,P08-L-PINK,13,0,0,0,0,13
2026-08-24,P08-L-BLUE,21,0,0,0,0,21
2026-08-24,P08-L-GREEN,13,0,0,0,0,13
2026-08-24,P08-XL-PINK,5,0,0,0,0,5
2026-08-24,P08-XL-BLUE,10,0,0,0,0,10
2026-08-24,P08-XL-GREEN,7,0,0,0,0,7
2026-08-24,P09-XS-BLACK,8,0,0,0,0,8
2026-08-24,P09-XS-BEIGE,7,0,0,0,0,7
2026-08-24,P09-XS-NAVY,9,0,0,0,0,9
2026-08-24,P09-S-BLACK,8,0,0,0,0,8
2026-08-24,P09-S-BEIGE,8,0,0,0,0,8
2026-08-24,P09-S-NAVY,6,0,1,0,0,5
2026-08-24,P09-M-BLACK,16,0,2,0,0,14
2026-08-24,P09-M-BEIGE,12,0,0,0,0,12
2026-08-24,P09-M-NAVY,4,16,0,0,0,20
2026-08-24,P09-L-BLACK,12,0,0,0,0,12
2026-08-24,P09-L-BEIGE,11,0,0,0,0,11
2026-08-24,P09-L-NAVY,5,0,1,0,0,4
2026-08-24,P09-XL-BLACK,7,0,0,0,0,7
2026-08-24,P09-XL-BEIGE,9,0,0,0,0,9
2026-08-24,P09-XL-NAVY,9,0,0,0,0,9
2026-08-24,P10-XS-INDIGO,12,0,0,0,0,12
2026-08-24,P10-XS-BLACK,6,0,1,0,0,5
2026-08-24,P10-S-INDIGO,15,0,1,0,0,14
2026-08-24,P10-S-BLACK,8,0,0,0,0,8
2026-08-24,P10-M-INDIGO,14,0,0,0,0,14
2026-08-24,P10-M-BLACK,0,14,0,0,0,14
2026-08-24,P10-L-INDIGO,16,0,1,0,0,15
2026-08-24,P10-L-BLACK,13,0,0,0,0,13
2026-08-24,P10-XL-INDIGO,9,0,0,0,0,9
2026-08-24,P10-XL-BLACK,9,0,0,0,0,9
2026-08-24,P11-XS-WHITE,11,0,0,0,0,11
2026-08-24,P11-XS-LAVENDER,13,0,0,0,0,13
2026-08-24,P11-XS-BLACK,17,0,0,0,0,17
2026-08-24,P11-S-WHITE,14,0,2,0,0,12
2026-08-24,P11-S-LAVENDER,5,0,0,0,0,5
2026-08-24,P11-S-BLACK,11,0,0,0,0,11
2026-08-24,P11-M-WHITE,5,0,0,0,0,5
2026-08-24,P11-M-LAVENDER,6,0,4,0,0,2
2026-08-24,P11-M-BLACK,7,0,3,0,0,4
2026-08-24,P11-L-WHITE,17,0,0,0,0,17
2026-08-24,P11-L-LAVENDER,5,0,2,0,0,3
2026-08-24,P11-L-BLACK,3,0,2,0,0,1
2026-08-24,P12-XS-RED,11,0,1,0,0,10
2026-08-24,P12-XS-BLUE,10,0,0,0,0,10
2026-08-24,P12-XS-WHITE,9,0,0,0,0,9
2026-08-24,P12-S-RED,10,0,0,0,0,10
2026-08-24,P12-S-BLUE,18,0,0,0,0,18
2026-08-24,P12-S-WHITE,5,0,0,0,0,5
2026-08-24,P12-M-RED,6,0,1,0,0,5
2026-08-24,P12-M-BLUE,11,0,3,0,0,8
2026-08-24,P12-M-WHITE,7,0,0,0,0,7
2026-08-24,P12-L-RED,12,0,1,0,0,11
2026-08-24,P12-L-BLUE,13,0,4,0,0,9
2026-08-24,P12-L-WHITE,6,0,1,0,0,5
2026-08-24,P12-XL-RED,5,0,0,0,0,5
2026-08-24,P12-XL-BLUE,6,0,0,0,0,6
2026-08-24,P12-XL-WHITE,15,0,0,0,0,15
2026-08-24,P13-S-WINE,21,0,0,0,0,21
2026-08-24,P13-S-EMERALD,27,0,0,0,0,27
2026-08-24,P13-S-NAVY,21,0,0,0,0,21
2026-08-24,P13-M-WINE,29,0,0,0,0,29
2026-08-24,P13-M-EMERALD,23,0,0,0,0,23
2026-08-24,P13-M-NAVY,29,0,0,0,0,29
2026-08-24,P13-L-WINE,22,0,0,0,0,22
2026-08-24,P13-L-EMERALD,25,0,0,0,0,25
2026-08-24,P13-L-NAVY,23,0,0,0,0,23
2026-08-24,P13-XL-WINE,28,0,0,0,0,28
2026-08-24,P13-XL-EMERALD,27,0,0,0,0,27
2026-08-24,P13-XL-NAVY,26,0,0,0,0,26
2026-08-24,P14-XS-TEAL,12,0,0,0,0,12
2026-08-24,P14-XS-MUSTARD,13,0,0,0,0,13
2026-08-24,P14-XS-MAROON,10,0,0,0,0,10
2026-08-24,P14-S-TEAL,14,0,2,0,0,12
2026-08-24,P14-S-MUSTARD,12,0,0,0,0,12
2026-08-24,P14-S-MAROON,16,0,0,0,0,16
2026-08-24,P14-M-TEAL,11,0,1,0,0,10
2026-08-24,P14-M-MUSTARD,13,0,0,0,0,13
2026-08-24,P14-M-MAROON,5,0,0,0,0,5
2026-08-24,P14-L-TEAL,15,0,0,0,0,15
2026-08-24,P14-L-MUSTARD,13,0,0,0,0,13
2026-08-24,P14-L-MAROON,4,16,0,0,0,20
2026-08-24,P14-XL-TEAL,11,0,0,0,0,11
2026-08-24,P14-XL-MUSTARD,12,0,0,0,0,12
2026-08-24,P14-XL-MAROON,8,0,1,0,0,7
2026-08-24,P15-23Y-YELLOW,19,0,0,0,0,19
2026-08-24,P15-23Y-BLUE,5,0,0,0,0,5
2026-08-24,P15-23Y-RED,15,0,0,0,0,15
2026-08-24,P15-45Y-YELLOW,8,0,0,0,0,8
2026-08-24,P15-45Y-BLUE,14,0,1,0,0,13
2026-08-24,P15-45Y-RED,7,0,0,0,0,7
2026-08-24,P15-67Y-YELLOW,2,18,0,0,0,20
2026-08-24,P15-67Y-BLUE,4,0,1,0,0,3
2026-08-24,P15-67Y-RED,14,0,0,0,0,14
2026-08-24,P15-89Y-YELLOW,2,0,1,0,0,1
2026-08-24,P15-89Y-BLUE,20,0,0,0,0,20
2026-08-24,P15-89Y-RED,5,0,0,0,0,5
2026-08-24,P16-23Y-BLUE,11,0,2,0,0,9
2026-08-24,P16-23Y-BLACK,3,14,0,0,0,17
2026-08-24,P16-45Y-BLUE,5,0,0,0,0,5
2026-08-24,P16-45Y-BLACK,11,0,0,0,0,11
2026-08-24,P16-67Y-BLUE,16,0,0,0,0,16
2026-08-24,P16-67Y-BLACK,11,0,2,0,0,9
2026-08-24,P16-89Y-BLUE,7,0,0,0,0,7
2026-08-24,P16-89Y-BLACK,6,0,0,0,0,6
2026-08-24,P17-23Y-MAROON,9,0,0,0,0,9
2026-08-24,P17-23Y-MUSTARD,12,0,0,0,0,12
2026-08-24,P17-23Y-GREEN,7,0,0,0,0,7
2026-08-24,P17-45Y-MAROON,6,0,0,0,0,6
2026-08-24,P17-45Y-MUSTARD,7,0,1,0,0,6
2026-08-24,P17-45Y-GREEN,6,0,0,0,0,6
2026-08-24,P17-67Y-MAROON,19,0,0,0,0,19
2026-08-24,P17-67Y-MUSTARD,3,0,0,0,0,3
2026-08-24,P17-67Y-GREEN,14,0,0,0,0,14
2026-08-24,P17-89Y-MAROON,5,0,0,0,0,5
2026-08-24,P17-89Y-MUSTARD,5,0,0,0,0,5
2026-08-24,P17-89Y-GREEN,12,0,0,0,0,12
2026-08-24,P18-23Y-PINK,5,0,0,0,0,5
2026-08-24,P18-23Y-PEACH,7,0,0,0,0,7
2026-08-24,P18-23Y-MINT,6,0,0,0,0,6
2026-08-24,P18-45Y-PINK,5,0,0,0,0,5
2026-08-24,P18-45Y-PEACH,9,0,0,0,0,9
2026-08-24,P18-45Y-MINT,6,0,1,0,0,5
2026-08-24,P18-67Y-PINK,7,0,0,0,0,7
2026-08-24,P18-67Y-PEACH,11,0,0,0,0,11
2026-08-24,P18-67Y-MINT,9,0,0,0,0,9
2026-08-24,P18-89Y-PINK,10,0,0,0,0,10
2026-08-24,P18-89Y-PEACH,7,0,0,0,0,7
2026-08-24,P18-89Y-MINT,8,0,0,0,0,8
2026-08-24,P19-23Y-GREY,13,0,0,0,0,13
2026-08-24,P19-23Y-NAVY,10,0,1,0,0,9
2026-08-24,P19-23Y-BLACK,6,0,0,0,0,6
2026-08-24,P19-45Y-GREY,14,0,0,0,0,14
2026-08-24,P19-45Y-NAVY,3,16,0,0,0,19
2026-08-24,P19-45Y-BLACK,1,0,0,0,0,1
2026-08-24,P19-67Y-GREY,16,0,0,0,0,16
2026-08-24,P19-67Y-NAVY,12,0,1,0,0,11
2026-08-24,P19-67Y-BLACK,17,0,0,0,0,17
2026-08-24,P19-89Y-GREY,11,0,1,0,0,10
2026-08-24,P19-89Y-NAVY,11,0,0,0,0,11
2026-08-24,P19-89Y-BLACK,19,0,0,0,0,19
2026-08-24,P20-7-WHITE,8,0,0,0,0,8
2026-08-24,P20-7-BLACK,16,0,0,0,0,16
2026-08-24,P20-7-GREY,13,0,0,0,0,13
2026-08-24,P20-8-WHITE,13,0,0,0,0,13
2026-08-24,P20-8-BLACK,14,0,1,0,0,13
2026-08-24,P20-8-GREY,6,0,2,0,0,4
2026-08-24,P20-9-WHITE,18,0,1,0,0,17
2026-08-24,P20-9-BLACK,4,0,0,0,0,4
2026-08-24,P20-9-GREY,6,0,0,0,0,6
2026-08-24,P20-10-WHITE,7,0,0,0,0,7
2026-08-24,P20-10-BLACK,21,0,2,0,0,19
2026-08-24,P20-10-GREY,14,0,1,0,0,13
2026-08-24,P21-4-TAN,9,0,0,0,0,9
2026-08-24,P21-4-BLACK,0,12,1,0,0,11
2026-08-24,P21-4-GOLD,7,0,1,0,0,6
2026-08-24,P21-5-TAN,15,0,1,0,0,14
2026-08-24,P21-5-BLACK,6,0,1,0,0,5
2026-08-24,P21-5-GOLD,6,0,0,0,0,6
2026-08-24,P21-6-TAN,20,0,2,0,0,18
2026-08-24,P21-6-BLACK,3,17,0,0,0,20
2026-08-24,P21-6-GOLD,16,0,0,0,0,16
2026-08-24,P21-7-TAN,8,0,1,0,0,7
2026-08-24,P21-7-BLACK,9,0,1,0,0,8
2026-08-24,P21-7-GOLD,7,0,0,0,0,7
2026-08-24,P21-8-TAN,2,11,0,0,0,13
2026-08-24,P21-8-BLACK,5,0,0,0,0,5
2026-08-24,P21-8-GOLD,8,0,0,0,0,8
2026-08-24,P22-10C-BLUE,11,0,1,0,0,10
2026-08-24,P22-10C-PINK,6,0,1,0,0,5
2026-08-24,P22-10C-BLACK,9,0,0,0,0,9
2026-08-24,P22-11C-BLUE,7,0,0,0,0,7
2026-08-24,P22-11C-PINK,5,0,0,0,0,5
2026-08-24,P22-11C-BLACK,16,0,1,0,0,15
2026-08-24,P22-12C-BLUE,8,0,0,0,0,8
2026-08-24,P22-12C-PINK,3,0,0,0,0,3
2026-08-24,P22-12C-BLACK,6,0,0,0,0,6
2026-08-24,P22-13C-BLUE,3,0,1,0,0,2
2026-08-24,P22-13C-PINK,7,0,0,0,0,7
2026-08-24,P22-13C-BLACK,17,0,0,0,0,17
2026-08-24,P22-1Y-BLUE,4,0,1,0,0,3
2026-08-24,P22-1Y-PINK,12,0,0,0,0,12
2026-08-24,P22-1Y-BLACK,6,0,0,0,0,6
2026-08-24,P23-7-BLACK,13,0,1,0,0,12
2026-08-24,P23-7-NAVY,13,0,0,0,0,13
2026-08-24,P23-7-GREY,4,0,2,0,0,2
2026-08-24,P23-8-BLACK,4,13,0,0,0,17
2026-08-24,P23-8-NAVY,8,0,0,0,0,8
2026-08-24,P23-8-GREY,16,0,1,0,0,15
2026-08-24,P23-9-BLACK,4,0,0,0,0,4
2026-08-24,P23-9-NAVY,6,0,1,0,0,5
2026-08-24,P23-9-GREY,7,0,0,0,0,7
2026-08-24,P23-10-BLACK,10,0,0,0,0,10
2026-08-24,P23-10-NAVY,20,0,0,0,0,20
2026-08-24,P23-10-GREY,3,0,0,0,0,3
2026-08-24,P24-ONESIZE-BLACK,8,0,2,0,0,6
2026-08-24,P24-ONESIZE-TAN,11,0,0,0,0,11
2026-08-24,P24-ONESIZE-MAROON,6,0,0,0,0,6
2026-08-24,P25-ONESIZE-BLACK,5,0,0,0,0,5
2026-08-24,P25-ONESIZE-PINK,14,0,0,0,0,14
2026-08-24,P25-ONESIZE-BEIGE,6,0,0,0,0,6
2026-08-24,P26-32-BLACK,10,0,1,0,0,9
2026-08-24,P26-32-BROWN,11,0,0,0,0,11
2026-08-24,P26-34-BLACK,3,0,1,0,0,2
2026-08-24,P26-34-BROWN,8,0,1,0,0,7
2026-08-24,P26-36-BLACK,11,0,0,0,0,11
2026-08-24,P26-36-BROWN,7,0,1,0,0,6
2026-08-24,P26-38-BLACK,5,0,0,0,0,5
2026-08-24,P26-38-BROWN,14,0,0,0,0,14
2026-08-24,P27-ONESIZE-BLACK,12,0,0,0,0,12
2026-08-24,P27-ONESIZE-BROWN,6,0,1,0,0,5
2026-08-24,P27-ONESIZE-TAN,9,0,0,0,0,9
2026-08-24,P28-ONESIZE-MULTICOL,20,0,0,0,0,20
2026-08-24,P28-ONESIZE-PINK,14,0,1,0,0,13
2026-08-24,P28-ONESIZE-BLACK,20,0,1,0,0,19
2026-08-24,P29-ONESIZE-BLACK,8,0,1,0,0,7
2026-08-24,P29-ONESIZE-NAVY,9,0,1,0,0,8
2026-08-24,P29-ONESIZE-BEIGE,5,0,1,0,0,4
2026-08-24,P30-ONESIZE-FLORAL,22,0,0,0,0,22
2026-08-24,P30-ONESIZE-MAROON,22,0,0,0,0,22
2026-08-24,P30-ONESIZE-TEAL,22,0,0,0,0,22
2026-08-24,P31-ONESIZE-RED,10,0,0,0,0,10
2026-08-24,P31-ONESIZE-MUSTARD,5,0,0,0,0,5
2026-08-24,P31-ONESIZE-GREEN,9,0,0,0,0,9
2026-08-24,P32-4-BLACK,7,0,0,0,0,7
2026-08-24,P32-4-BEIGE,18,0,0,0,0,18
2026-08-24,P32-4-SILVER,7,0,0,0,0,7
2026-08-24,P32-5-BLACK,14,0,0,0,0,14
2026-08-24,P32-5-BEIGE,11,0,0,0,0,11
2026-08-24,P32-5-SILVER,10,0,0,0,0,10
2026-08-24,P32-6-BLACK,2,13,0,0,0,15
2026-08-24,P32-6-BEIGE,12,0,0,0,0,12
2026-08-24,P32-6-SILVER,6,0,0,0,0,6
2026-08-24,P32-7-BLACK,17,0,0,0,0,17
2026-08-24,P32-7-BEIGE,8,0,1,0,0,7
2026-08-24,P32-7-SILVER,16,0,0,0,0,16
2026-08-24,P32-8-BLACK,5,0,0,0,0,5
2026-08-24,P32-8-BEIGE,5,0,2,0,0,3
2026-08-24,P32-8-SILVER,18,0,0,0,0,18
2026-08-25,P01-S-WHITE,11,0,0,0,0,11
2026-08-25,P01-S-BLACK,16,0,0,0,0,16
2026-08-25,P01-S-NAVY,4,11,1,0,0,14
2026-08-25,P01-S-OLIVE,3,0,1,0,0,2
2026-08-25,P01-M-WHITE,19,0,1,0,0,18
2026-08-25,P01-M-BLACK,4,0,3,0,0,1
2026-08-25,P01-M-NAVY,3,0,2,0,0,1
2026-08-25,P01-M-OLIVE,4,13,0,0,0,17
2026-08-25,P01-L-WHITE,16,0,1,0,0,15
2026-08-25,P01-L-BLACK,5,0,2,0,0,3
2026-08-25,P01-L-NAVY,16,0,1,0,0,15
2026-08-25,P01-L-OLIVE,15,0,0,0,0,15
2026-08-25,P01-XL-WHITE,14,0,1,0,0,13
2026-08-25,P01-XL-BLACK,9,0,0,0,0,9
2026-08-25,P01-XL-NAVY,4,0,0,0,0,4
2026-08-25,P01-XL-OLIVE,16,0,0,0,0,16
2026-08-25,P02-S-NAVY,6,0,1,0,0,5
2026-08-25,P02-S-MAROON,7,0,0,0,0,7
2026-08-25,P02-S-GREY,11,0,0,0,0,11
2026-08-25,P02-M-NAVY,21,0,2,0,0,19
2026-08-25,P02-M-MAROON,4,0,0,0,0,4
2026-08-25,P02-M-GREY,6,0,1,0,0,5
2026-08-25,P02-L-NAVY,20,0,1,0,0,19
2026-08-25,P02-L-MAROON,14,0,0,0,0,14
2026-08-25,P02-L-GREY,16,0,0,0,0,16
2026-08-25,P02-XL-NAVY,4,0,0,0,0,4
2026-08-25,P02-XL-MAROON,14,0,0,0,0,14
2026-08-25,P02-XL-GREY,12,0,2,0,0,10
2026-08-25,P03-30-NAVY,13,0,1,0,0,12
2026-08-25,P03-30-BLACK,13,0,0,0,0,13
2026-08-25,P03-30-LIGHTBLU,8,0,1,0,0,7
2026-08-25,P03-32-NAVY,15,0,0,0,0,15
2026-08-25,P03-32-BLACK,16,0,0,0,0,16
2026-08-25,P03-32-LIGHTBLU,6,0,0,0,0,6
2026-08-25,P03-34-NAVY,11,0,1,0,0,10
2026-08-25,P03-34-BLACK,9,0,0,0,0,9
2026-08-25,P03-34-LIGHTBLU,9,0,0,0,0,9
2026-08-25,P03-36-NAVY,27,0,1,0,0,26
2026-08-25,P03-36-BLACK,27,0,0,0,0,27
2026-08-25,P03-36-LIGHTBLU,29,0,0,0,0,29
2026-08-25,P04-30-BEIGE,16,0,0,0,0,16
2026-08-25,P04-30-OLIVE,5,0,0,0,0,5
2026-08-25,P04-30-NAVY,3,19,0,0,0,22
2026-08-25,P04-32-BEIGE,12,0,0,0,0,12
2026-08-25,P04-32-OLIVE,6,0,0,0,0,6
2026-08-25,P04-32-NAVY,6,0,0,0,0,6
2026-08-25,P04-34-BEIGE,15,0,0,0,0,15
2026-08-25,P04-34-OLIVE,5,0,1,0,0,4
2026-08-25,P04-34-NAVY,5,0,0,0,0,5
2026-08-25,P04-36-BEIGE,6,0,0,0,0,6
2026-08-25,P04-36-OLIVE,15,0,0,0,0,15
2026-08-25,P04-36-NAVY,16,0,0,0,0,16
2026-08-25,P05-S-WHITE,6,0,0,0,0,6
2026-08-25,P05-S-BLUE,14,0,1,0,0,13
2026-08-25,P05-S-GREY,10,0,0,0,0,10
2026-08-25,P05-M-WHITE,13,0,0,0,0,13
2026-08-25,P05-M-BLUE,19,0,1,0,0,18
2026-08-25,P05-M-GREY,13,0,0,0,0,13
2026-08-25,P05-L-WHITE,18,0,0,0,0,18
2026-08-25,P05-L-BLUE,10,0,0,0,0,10
2026-08-25,P05-L-GREY,1,13,0,0,0,14
2026-08-25,P05-XL-WHITE,17,0,0,0,0,17
2026-08-25,P05-XL-BLUE,6,0,0,0,0,6
2026-08-25,P05-XL-GREY,5,0,0,0,0,5
2026-08-25,P06-S-BLACK,18,0,0,0,0,18
2026-08-25,P06-S-WHITE,7,0,0,0,0,7
2026-08-25,P06-S-RED,5,0,1,0,0,4
2026-08-25,P06-M-BLACK,17,0,1,0,0,16
2026-08-25,P06-M-WHITE,2,0,0,0,0,2
2026-08-25,P06-M-RED,10,0,0,0,0,10
2026-08-25,P06-L-BLACK,19,0,2,0,0,17
2026-08-25,P06-L-WHITE,17,0,1,0,0,16
2026-08-25,P06-L-RED,4,0,1,0,0,3
2026-08-25,P06-XL-BLACK,11,0,1,0,0,10
2026-08-25,P06-XL-WHITE,5,0,0,0,0,5
2026-08-25,P06-XL-RED,15,0,0,0,0,15
2026-08-25,P07-XS-MUSTARD,14,0,1,0,0,13
2026-08-25,P07-XS-TEAL,9,0,0,0,0,9
2026-08-25,P07-XS-MAROON,9,0,0,0,0,9
2026-08-25,P07-S-MUSTARD,14,0,0,0,0,14
2026-08-25,P07-S-TEAL,14,0,1,0,0,13
2026-08-25,P07-S-MAROON,17,0,0,0,0,17
2026-08-25,P07-M-MUSTARD,5,0,1,0,0,4
2026-08-25,P07-M-TEAL,0,6,0,0,0,6
2026-08-25,P07-M-MAROON,4,0,1,0,0,3
2026-08-25,P07-L-MUSTARD,12,0,0,0,0,12
2026-08-25,P07-L-TEAL,6,0,2,0,0,4
2026-08-25,P07-L-MAROON,7,0,1,0,0,6
2026-08-25,P07-XL-MUSTARD,14,0,2,0,0,12
2026-08-25,P07-XL-TEAL,7,0,0,0,0,7
2026-08-25,P07-XL-MAROON,15,0,0,0,0,15
2026-08-25,P08-XS-PINK,9,0,0,0,0,9
2026-08-25,P08-XS-BLUE,15,0,0,0,0,15
2026-08-25,P08-XS-GREEN,10,0,0,0,0,10
2026-08-25,P08-S-PINK,7,0,0,0,0,7
2026-08-25,P08-S-BLUE,6,0,0,0,0,6
2026-08-25,P08-S-GREEN,5,0,0,0,0,5
2026-08-25,P08-M-PINK,15,0,0,0,0,15
2026-08-25,P08-M-BLUE,17,0,1,0,0,16
2026-08-25,P08-M-GREEN,5,0,0,0,0,5
2026-08-25,P08-L-PINK,13,0,0,0,0,13
2026-08-25,P08-L-BLUE,21,0,0,0,0,21
2026-08-25,P08-L-GREEN,13,0,0,0,0,13
2026-08-25,P08-XL-PINK,5,0,0,0,0,5
2026-08-25,P08-XL-BLUE,10,0,0,0,0,10
2026-08-25,P08-XL-GREEN,7,0,0,0,0,7
2026-08-25,P09-XS-BLACK,8,0,1,0,0,7
2026-08-25,P09-XS-BEIGE,7,0,0,0,0,7
2026-08-25,P09-XS-NAVY,9,0,0,0,0,9
2026-08-25,P09-S-BLACK,8,0,0,0,0,8
2026-08-25,P09-S-BEIGE,8,0,1,0,0,7
2026-08-25,P09-S-NAVY,5,0,0,0,0,5
2026-08-25,P09-M-BLACK,14,0,1,0,0,13
2026-08-25,P09-M-BEIGE,12,0,3,0,0,9
2026-08-25,P09-M-NAVY,20,0,0,0,0,20
2026-08-25,P09-L-BLACK,12,0,1,0,0,11
2026-08-25,P09-L-BEIGE,11,0,0,0,0,11
2026-08-25,P09-L-NAVY,4,17,0,0,0,21
2026-08-25,P09-XL-BLACK,7,0,0,0,0,7
2026-08-25,P09-XL-BEIGE,9,0,0,0,0,9
2026-08-25,P09-XL-NAVY,9,0,0,0,0,9
2026-08-25,P10-XS-INDIGO,12,0,0,0,0,12
2026-08-25,P10-XS-BLACK,5,0,0,0,0,5
2026-08-25,P10-S-INDIGO,14,0,1,0,0,13
2026-08-25,P10-S-BLACK,8,0,0,0,0,8
2026-08-25,P10-M-INDIGO,14,0,0,0,0,14
2026-08-25,P10-M-BLACK,14,0,1,0,0,13
2026-08-25,P10-L-INDIGO,15,0,0,0,0,15
2026-08-25,P10-L-BLACK,13,0,0,0,0,13
2026-08-25,P10-XL-INDIGO,9,0,0,0,0,9
2026-08-25,P10-XL-BLACK,9,0,0,0,0,9
2026-08-25,P11-XS-WHITE,11,0,0,0,0,11
2026-08-25,P11-XS-LAVENDER,13,0,0,0,0,13
2026-08-25,P11-XS-BLACK,17,0,0,0,0,17
2026-08-25,P11-S-WHITE,12,0,0,0,0,12
2026-08-25,P11-S-LAVENDER,5,0,0,0,0,5
2026-08-25,P11-S-BLACK,11,0,0,0,0,11
2026-08-25,P11-M-WHITE,5,0,1,0,0,4
2026-08-25,P11-M-LAVENDER,2,0,0,0,0,2
2026-08-25,P11-M-BLACK,4,12,1,0,0,15
2026-08-25,P11-L-WHITE,17,0,0,0,0,17
2026-08-25,P11-L-LAVENDER,3,0,0,0,0,3
2026-08-25,P11-L-BLACK,1,13,1,0,0,13
2026-08-25,P12-XS-RED,10,0,0,0,0,10
2026-08-25,P12-XS-BLUE,10,0,0,0,0,10
2026-08-25,P12-XS-WHITE,9,0,1,0,0,8
2026-08-25,P12-S-RED,10,0,0,0,0,10
2026-08-25,P12-S-BLUE,18,0,0,0,0,18
2026-08-25,P12-S-WHITE,5,0,0,0,0,5
2026-08-25,P12-M-RED,5,0,0,0,0,5
2026-08-25,P12-M-BLUE,8,0,0,0,0,8
2026-08-25,P12-M-WHITE,7,0,0,0,0,7
2026-08-25,P12-L-RED,11,0,0,0,0,11
2026-08-25,P12-L-BLUE,9,0,0,0,0,9
2026-08-25,P12-L-WHITE,5,0,0,0,0,5
2026-08-25,P12-XL-RED,5,0,2,0,0,3
2026-08-25,P12-XL-BLUE,6,0,0,0,0,6
2026-08-25,P12-XL-WHITE,15,0,0,0,0,15
2026-08-25,P13-S-WINE,21,0,0,0,0,21
2026-08-25,P13-S-EMERALD,27,0,0,0,0,27
2026-08-25,P13-S-NAVY,21,0,0,0,0,21
2026-08-25,P13-M-WINE,29,0,0,0,0,29
2026-08-25,P13-M-EMERALD,23,0,0,0,0,23
2026-08-25,P13-M-NAVY,29,0,0,0,0,29
2026-08-25,P13-L-WINE,22,0,0,0,0,22
2026-08-25,P13-L-EMERALD,25,0,0,0,0,25
2026-08-25,P13-L-NAVY,23,0,0,0,0,23
2026-08-25,P13-XL-WINE,28,0,0,0,0,28
2026-08-25,P13-XL-EMERALD,27,0,0,0,0,27
2026-08-25,P13-XL-NAVY,26,0,0,0,0,26
2026-08-25,P14-XS-TEAL,12,0,0,0,0,12
2026-08-25,P14-XS-MUSTARD,13,0,0,0,0,13
2026-08-25,P14-XS-MAROON,10,0,0,0,0,10
2026-08-25,P14-S-TEAL,12,0,0,0,0,12
2026-08-25,P14-S-MUSTARD,12,0,0,0,0,12
2026-08-25,P14-S-MAROON,16,0,0,0,0,16
2026-08-25,P14-M-TEAL,10,0,1,0,0,9
2026-08-25,P14-M-MUSTARD,13,0,0,0,0,13
2026-08-25,P14-M-MAROON,5,0,0,0,0,5
2026-08-25,P14-L-TEAL,15,0,0,0,0,15
2026-08-25,P14-L-MUSTARD,13,0,1,0,0,12
2026-08-25,P14-L-MAROON,20,0,0,0,0,20
2026-08-25,P14-XL-TEAL,11,0,0,0,0,11
2026-08-25,P14-XL-MUSTARD,12,0,0,0,0,12
2026-08-25,P14-XL-MAROON,7,0,0,0,0,7
2026-08-25,P15-23Y-YELLOW,19,0,0,0,0,19
2026-08-25,P15-23Y-BLUE,5,0,0,0,0,5
2026-08-25,P15-23Y-RED,15,0,1,0,0,14
2026-08-25,P15-45Y-YELLOW,8,0,0,0,0,8
2026-08-25,P15-45Y-BLUE,13,0,0,0,0,13
2026-08-25,P15-45Y-RED,7,0,0,0,0,7
2026-08-25,P15-67Y-YELLOW,20,0,0,0,0,20
2026-08-25,P15-67Y-BLUE,3,0,0,0,0,3
2026-08-25,P15-67Y-RED,14,0,0,0,0,14
2026-08-25,P15-89Y-YELLOW,1,15,0,0,0,16
2026-08-25,P15-89Y-BLUE,20,0,0,0,0,20
2026-08-25,P15-89Y-RED,5,0,0,0,0,5
2026-08-25,P16-23Y-BLUE,9,0,0,0,0,9
2026-08-25,P16-23Y-BLACK,17,0,0,0,0,17
2026-08-25,P16-45Y-BLUE,5,0,0,0,0,5
2026-08-25,P16-45Y-BLACK,11,0,0,0,0,11
2026-08-25,P16-67Y-BLUE,16,0,1,0,0,15
2026-08-25,P16-67Y-BLACK,9,0,2,0,0,7
2026-08-25,P16-89Y-BLUE,7,0,0,0,0,7
2026-08-25,P16-89Y-BLACK,6,0,0,0,0,6
2026-08-25,P17-23Y-MAROON,9,0,0,0,0,9
2026-08-25,P17-23Y-MUSTARD,12,0,0,0,0,12
2026-08-25,P17-23Y-GREEN,7,0,0,0,0,7
2026-08-25,P17-45Y-MAROON,6,0,0,0,0,6
2026-08-25,P17-45Y-MUSTARD,6,0,0,0,0,6
2026-08-25,P17-45Y-GREEN,6,0,1,0,0,5
2026-08-25,P17-67Y-MAROON,19,0,0,0,0,19
2026-08-25,P17-67Y-MUSTARD,3,14,0,0,0,17
2026-08-25,P17-67Y-GREEN,14,0,0,0,0,14
2026-08-25,P17-89Y-MAROON,5,0,0,0,0,5
2026-08-25,P17-89Y-MUSTARD,5,0,0,0,0,5
2026-08-25,P17-89Y-GREEN,12,0,0,0,0,12
2026-08-25,P18-23Y-PINK,5,0,0,0,0,5
2026-08-25,P18-23Y-PEACH,7,0,0,0,0,7
2026-08-25,P18-23Y-MINT,6,0,0,0,0,6
2026-08-25,P18-45Y-PINK,5,0,0,0,0,5
2026-08-25,P18-45Y-PEACH,9,0,0,0,0,9
2026-08-25,P18-45Y-MINT,5,0,0,0,0,5
2026-08-25,P18-67Y-PINK,7,0,0,0,0,7
2026-08-25,P18-67Y-PEACH,11,0,0,0,0,11
2026-08-25,P18-67Y-MINT,9,0,0,0,0,9
2026-08-25,P18-89Y-PINK,10,0,0,0,0,10
2026-08-25,P18-89Y-PEACH,7,0,0,0,0,7
2026-08-25,P18-89Y-MINT,8,0,0,0,0,8
2026-08-25,P19-23Y-GREY,13,0,0,0,0,13
2026-08-25,P19-23Y-NAVY,9,0,0,0,0,9
2026-08-25,P19-23Y-BLACK,6,0,0,0,0,6
2026-08-25,P19-45Y-GREY,14,0,1,0,0,13
2026-08-25,P19-45Y-NAVY,19,0,0,0,0,19
2026-08-25,P19-45Y-BLACK,1,14,0,0,0,15
2026-08-25,P19-67Y-GREY,16,0,0,0,0,16
2026-08-25,P19-67Y-NAVY,11,0,0,0,0,11
2026-08-25,P19-67Y-BLACK,17,0,0,0,0,17
2026-08-25,P19-89Y-GREY,10,0,0,0,0,10
2026-08-25,P19-89Y-NAVY,11,0,0,0,0,11
2026-08-25,P19-89Y-BLACK,19,0,0,0,0,19
2026-08-25,P20-7-WHITE,8,0,2,0,0,6
2026-08-25,P20-7-BLACK,16,0,1,0,0,15
2026-08-25,P20-7-GREY,13,0,0,0,0,13
2026-08-25,P20-8-WHITE,13,0,0,0,0,13
2026-08-25,P20-8-BLACK,13,0,0,0,0,13
2026-08-25,P20-8-GREY,4,14,0,0,0,18
2026-08-25,P20-9-WHITE,17,0,0,0,0,17
2026-08-25,P20-9-BLACK,4,0,0,0,0,4
2026-08-25,P20-9-GREY,6,0,2,0,0,4
2026-08-25,P20-10-WHITE,7,0,0,0,0,7
2026-08-25,P20-10-BLACK,19,0,0,0,0,19
2026-08-25,P20-10-GREY,13,0,0,0,0,13
2026-08-25,P21-4-TAN,9,0,0,0,0,9
2026-08-25,P21-4-BLACK,11,0,0,0,0,11
2026-08-25,P21-4-GOLD,6,0,0,0,0,6
2026-08-25,P21-5-TAN,14,0,0,0,0,14
2026-08-25,P21-5-BLACK,5,0,0,0,0,5
2026-08-25,P21-5-GOLD,6,0,0,0,0,6
2026-08-25,P21-6-TAN,18,0,2,0,0,16
2026-08-25,P21-6-BLACK,20,0,0,0,0,20
2026-08-25,P21-6-GOLD,16,0,0,0,0,16
2026-08-25,P21-7-TAN,7,0,4,0,0,3
2026-08-25,P21-7-BLACK,8,0,0,0,0,8
2026-08-25,P21-7-GOLD,7,0,0,0,0,7
2026-08-25,P21-8-TAN,13,0,1,0,0,12
2026-08-25,P21-8-BLACK,5,0,0,0,0,5
2026-08-25,P21-8-GOLD,8,0,0,0,0,8
2026-08-25,P22-10C-BLUE,10,0,0,0,0,10
2026-08-25,P22-10C-PINK,5,0,0,0,0,5
2026-08-25,P22-10C-BLACK,9,0,0,0,0,9
2026-08-25,P22-11C-BLUE,7,0,0,0,0,7
2026-08-25,P22-11C-PINK,5,0,0,0,0,5
2026-08-25,P22-11C-BLACK,15,0,0,0,0,15
2026-08-25,P22-12C-BLUE,8,0,0,0,0,8
2026-08-25,P22-12C-PINK,3,13,0,0,0,16
2026-08-25,P22-12C-BLACK,6,0,0,0,0,6
2026-08-25,P22-13C-BLUE,2,17,0,0,0,19
2026-08-25,P22-13C-PINK,7,0,1,0,0,6
2026-08-25,P22-13C-BLACK,17,0,0,0,0,17
2026-08-25,P22-1Y-BLUE,3,16,1,0,0,18
2026-08-25,P22-1Y-PINK,12,0,0,0,0,12
2026-08-25,P22-1Y-BLACK,6,0,0,0,0,6
2026-08-25,P23-7-BLACK,12,0,0,0,0,12
2026-08-25,P23-7-NAVY,13,0,0,0,0,13
2026-08-25,P23-7-GREY,2,0,0,0,0,2
2026-08-25,P23-8-BLACK,17,0,0,0,0,17
2026-08-25,P23-8-NAVY,8,0,0,0,0,8
2026-08-25,P23-8-GREY,15,0,0,0,0,15
2026-08-25,P23-9-BLACK,4,16,0,0,0,20
2026-08-25,P23-9-NAVY,5,0,1,0,0,4
2026-08-25,P23-9-GREY,7,0,0,0,0,7
2026-08-25,P23-10-BLACK,10,0,0,0,0,10
2026-08-25,P23-10-NAVY,20,0,0,0,0,20
2026-08-25,P23-10-GREY,3,14,1,0,0,16
2026-08-25,P24-ONESIZE-BLACK,6,0,0,0,0,6
2026-08-25,P24-ONESIZE-TAN,11,0,0,0,0,11
2026-08-25,P24-ONESIZE-MAROON,6,0,0,0,0,6
2026-08-25,P25-ONESIZE-BLACK,5,0,0,0,0,5
2026-08-25,P25-ONESIZE-PINK,14,0,0,0,0,14
2026-08-25,P25-ONESIZE-BEIGE,6,0,0,0,0,6
2026-08-25,P26-32-BLACK,9,0,0,0,0,9
2026-08-25,P26-32-BROWN,11,0,1,0,0,10
2026-08-25,P26-34-BLACK,2,17,0,0,0,19
2026-08-25,P26-34-BROWN,7,0,0,0,0,7
2026-08-25,P26-36-BLACK,11,0,0,0,0,11
2026-08-25,P26-36-BROWN,6,0,1,0,0,5
2026-08-25,P26-38-BLACK,5,0,0,0,0,5
2026-08-25,P26-38-BROWN,14,0,0,0,0,14
2026-08-25,P27-ONESIZE-BLACK,12,0,0,0,0,12
2026-08-25,P27-ONESIZE-BROWN,5,0,0,0,0,5
2026-08-25,P27-ONESIZE-TAN,9,0,0,0,0,9
2026-08-25,P28-ONESIZE-MULTICOL,20,0,0,0,0,20
2026-08-25,P28-ONESIZE-PINK,13,0,0,0,0,13
2026-08-25,P28-ONESIZE-BLACK,19,0,0,0,0,19
2026-08-25,P29-ONESIZE-BLACK,7,0,0,0,0,7
2026-08-25,P29-ONESIZE-NAVY,8,0,0,0,0,8
2026-08-25,P29-ONESIZE-BEIGE,4,0,0,0,0,4
2026-08-25,P30-ONESIZE-FLORAL,22,0,0,0,0,22
2026-08-25,P30-ONESIZE-MAROON,22,0,0,0,0,22
2026-08-25,P30-ONESIZE-TEAL,22,0,0,0,0,22
2026-08-25,P31-ONESIZE-RED,10,0,0,0,0,10
2026-08-25,P31-ONESIZE-MUSTARD,5,0,0,0,0,5
2026-08-25,P31-ONESIZE-GREEN,9,0,1,0,0,8
2026-08-25,P32-4-BLACK,7,0,2,0,0,5
2026-08-25,P32-4-BEIGE,18,0,0,0,0,18
2026-08-25,P32-4-SILVER,7,0,0,0,0,7
2026-08-25,P32-5-BLACK,14,0,0,0,0,14
2026-08-25,P32-5-BEIGE,11,0,0,0,0,11
2026-08-25,P32-5-SILVER,10,0,0,0,0,10
2026-08-25,P32-6-BLACK,15,0,0,0,0,15
2026-08-25,P32-6-BEIGE,12,0,0,0,0,12
2026-08-25,P32-6-SILVER,6,0,0,0,0,6
2026-08-25,P32-7-BLACK,17,0,0,0,0,17
2026-08-25,P32-7-BEIGE,7,0,0,0,0,7
2026-08-25,P32-7-SILVER,16,0,0,0,0,16
2026-08-25,P32-8-BLACK,5,0,0,0,0,5
2026-08-25,P32-8-BEIGE,3,0,1,0,0,2
2026-08-25,P32-8-SILVER,18,0,0,0,0,18
2026-08-26,P01-S-WHITE,11,0,1,0,0,10
2026-08-26,P01-S-BLACK,16,0,0,0,0,16
2026-08-26,P01-S-NAVY,14,0,0,0,0,14
2026-08-26,P01-S-OLIVE,2,14,1,0,0,15
2026-08-26,P01-M-WHITE,18,0,0,0,0,18
2026-08-26,P01-M-BLACK,1,0,0,0,0,1
2026-08-26,P01-M-NAVY,1,14,1,0,0,14
2026-08-26,P01-M-OLIVE,17,0,0,0,0,17
2026-08-26,P01-L-WHITE,15,0,0,0,0,15
2026-08-26,P01-L-BLACK,3,0,0,0,0,3
2026-08-26,P01-L-NAVY,15,0,1,0,0,14
2026-08-26,P01-L-OLIVE,15,0,1,0,0,14
2026-08-26,P01-XL-WHITE,13,0,0,0,0,13
2026-08-26,P01-XL-BLACK,9,0,1,0,0,8
2026-08-26,P01-XL-NAVY,4,17,1,0,0,20
2026-08-26,P01-XL-OLIVE,16,0,1,0,0,15
2026-08-26,P02-S-NAVY,5,0,1,0,0,4
2026-08-26,P02-S-MAROON,7,0,0,0,0,7
2026-08-26,P02-S-GREY,11,0,0,0,0,11
2026-08-26,P02-M-NAVY,19,0,0,0,0,19
2026-08-26,P02-M-MAROON,4,12,0,0,0,16
2026-08-26,P02-M-GREY,5,0,1,0,0,4
2026-08-26,P02-L-NAVY,19,0,0,0,0,19
2026-08-26,P02-L-MAROON,14,0,0,0,0,14
2026-08-26,P02-L-GREY,16,0,1,0,0,15
2026-08-26,P02-XL-NAVY,4,0,0,0,0,4
2026-08-26,P02-XL-MAROON,14,0,0,0,0,14
2026-08-26,P02-XL-GREY,10,0,1,0,0,9
2026-08-26,P03-30-NAVY,12,0,0,0,0,12
2026-08-26,P03-30-BLACK,13,0,0,0,0,13
2026-08-26,P03-30-LIGHTBLU,7,0,1,0,0,6
2026-08-26,P03-32-NAVY,15,0,1,0,0,14
2026-08-26,P03-32-BLACK,16,0,1,0,0,15
2026-08-26,P03-32-LIGHTBLU,6,0,0,0,0,6
2026-08-26,P03-34-NAVY,10,0,1,0,0,9
2026-08-26,P03-34-BLACK,9,0,1,0,0,8
2026-08-26,P03-34-LIGHTBLU,9,0,0,0,0,9
2026-08-26,P03-36-NAVY,26,0,0,0,0,26
2026-08-26,P03-36-BLACK,27,0,1,0,0,26
2026-08-26,P03-36-LIGHTBLU,29,0,0,0,0,29
2026-08-26,P04-30-BEIGE,16,0,0,0,0,16
2026-08-26,P04-30-OLIVE,5,0,0,0,0,5
2026-08-26,P04-30-NAVY,22,0,0,0,0,22
2026-08-26,P04-32-BEIGE,12,0,0,0,0,12
2026-08-26,P04-32-OLIVE,6,0,0,0,0,6
2026-08-26,P04-32-NAVY,6,0,0,0,0,6
2026-08-26,P04-34-BEIGE,15,0,0,0,0,15
2026-08-26,P04-34-OLIVE,4,0,0,0,0,4
2026-08-26,P04-34-NAVY,5,0,2,0,0,3
2026-08-26,P04-36-BEIGE,6,0,0,0,0,6
2026-08-26,P04-36-OLIVE,15,0,0,0,0,15
2026-08-26,P04-36-NAVY,16,0,3,0,0,13
2026-08-26,P05-S-WHITE,6,0,0,0,0,6
2026-08-26,P05-S-BLUE,13,0,2,0,0,11
2026-08-26,P05-S-GREY,10,0,0,0,0,10
2026-08-26,P05-M-WHITE,13,0,0,0,0,13
2026-08-26,P05-M-BLUE,18,0,0,0,0,18
2026-08-26,P05-M-GREY,13,0,2,0,0,11
2026-08-26,P05-L-WHITE,18,0,0,0,0,18
2026-08-26,P05-L-BLUE,10,0,0,0,0,10
2026-08-26,P05-L-GREY,14,0,1,0,0,13
2026-08-26,P05-XL-WHITE,17,0,0,0,0,17
2026-08-26,P05-XL-BLUE,6,0,1,0,0,5
2026-08-26,P05-XL-GREY,5,0,0,0,0,5
2026-08-26,P06-S-BLACK,18,0,0,0,0,18
2026-08-26,P06-S-WHITE,7,0,0,0,0,7
2026-08-26,P06-S-RED,4,15,0,0,0,19
2026-08-26,P06-M-BLACK,16,0,0,0,0,16
2026-08-26,P06-M-WHITE,2,12,0,0,0,14
2026-08-26,P06-M-RED,10,0,3,0,0,7
2026-08-26,P06-L-BLACK,17,0,2,0,0,15
2026-08-26,P06-L-WHITE,16,0,3,0,0,13
2026-08-26,P06-L-RED,3,17,1,0,0,19
2026-08-26,P06-XL-BLACK,10,0,0,0,0,10
2026-08-26,P06-XL-WHITE,5,0,0,0,0,5
2026-08-26,P06-XL-RED,15,0,1,0,0,14
2026-08-26,P07-XS-MUSTARD,13,0,0,0,0,13
2026-08-26,P07-XS-TEAL,9,0,1,0,0,8
2026-08-26,P07-XS-MAROON,9,0,0,0,0,9
2026-08-26,P07-S-MUSTARD,14,0,2,0,0,12
2026-08-26,P07-S-TEAL,13,0,0,0,0,13
2026-08-26,P07-S-MAROON,17,0,1,0,0,16
2026-08-26,P07-M-MUSTARD,4,0,0,0,0,4
2026-08-26,P07-M-TEAL,6,0,0,0,0,6
2026-08-26,P07-M-MAROON,3,0,2,0,0,1
2026-08-26,P07-L-MUSTARD,12,0,3,0,0,9
2026-08-26,P07-L-TEAL,4,0,0,0,0,4
2026-08-26,P07-L-MAROON,6,0,2,0,0,4
2026-08-26,P07-XL-MUSTARD,12,0,0,0,0,12
2026-08-26,P07-XL-TEAL,7,0,1,0,0,6
2026-08-26,P07-XL-MAROON,15,0,1,0,0,14
2026-08-26,P08-XS-PINK,9,0,0,0,0,9
2026-08-26,P08-XS-BLUE,15,0,0,0,0,15
2026-08-26,P08-XS-GREEN,10,0,0,0,0,10
2026-08-26,P08-S-PINK,7,0,0,0,0,7
2026-08-26,P08-S-BLUE,6,0,0,0,0,6
2026-08-26,P08-S-GREEN,5,0,0,0,0,5
2026-08-26,P08-M-PINK,15,0,0,0,0,15
2026-08-26,P08-M-BLUE,16,0,0,0,0,16
2026-08-26,P08-M-GREEN,5,0,0,0,0,5
2026-08-26,P08-L-PINK,13,0,1,0,0,12
2026-08-26,P08-L-BLUE,21,0,0,0,0,21
2026-08-26,P08-L-GREEN,13,0,0,0,0,13
2026-08-26,P08-XL-PINK,5,0,0,0,0,5
2026-08-26,P08-XL-BLUE,10,0,0,0,0,10
2026-08-26,P08-XL-GREEN,7,0,0,0,0,7
2026-08-26,P09-XS-BLACK,7,0,0,0,0,7
2026-08-26,P09-XS-BEIGE,7,0,0,0,0,7
2026-08-26,P09-XS-NAVY,9,0,0,0,0,9
2026-08-26,P09-S-BLACK,8,0,0,0,0,8
2026-08-26,P09-S-BEIGE,7,0,0,0,0,7
2026-08-26,P09-S-NAVY,5,0,1,0,0,4
2026-08-26,P09-M-BLACK,13,0,0,0,0,13
2026-08-26,P09-M-BEIGE,9,0,0,0,0,9
2026-08-26,P09-M-NAVY,20,0,0,0,0,20
2026-08-26,P09-L-BLACK,11,0,0,0,0,11
2026-08-26,P09-L-BEIGE,11,0,0,0,0,11
2026-08-26,P09-L-NAVY,21,0,1,0,0,20
2026-08-26,P09-XL-BLACK,7,0,1,0,0,6
2026-08-26,P09-XL-BEIGE,9,0,0,0,0,9
2026-08-26,P09-XL-NAVY,9,0,1,0,0,8
2026-08-26,P10-XS-INDIGO,12,0,0,0,0,12
2026-08-26,P10-XS-BLACK,5,0,0,0,0,5
2026-08-26,P10-S-INDIGO,13,0,0,0,0,13
2026-08-26,P10-S-BLACK,8,0,1,0,0,7
2026-08-26,P10-M-INDIGO,14,0,0,0,0,14
2026-08-26,P10-M-BLACK,13,0,0,0,0,13
2026-08-26,P10-L-INDIGO,15,0,0,0,0,15
2026-08-26,P10-L-BLACK,13,0,0,0,0,13
2026-08-26,P10-XL-INDIGO,9,0,0,0,0,9
2026-08-26,P10-XL-BLACK,9,0,0,0,0,9
2026-08-26,P11-XS-WHITE,11,0,0,0,0,11
2026-08-26,P11-XS-LAVENDER,13,0,0,0,0,13
2026-08-26,P11-XS-BLACK,17,0,0,0,0,17
2026-08-26,P11-S-WHITE,12,0,0,0,0,12
2026-08-26,P11-S-LAVENDER,5,0,0,0,0,5
2026-08-26,P11-S-BLACK,11,0,1,0,0,10
2026-08-26,P11-M-WHITE,4,15,1,0,0,18
2026-08-26,P11-M-LAVENDER,2,15,0,0,0,17
2026-08-26,P11-M-BLACK,15,0,0,0,0,15
2026-08-26,P11-L-WHITE,17,0,1,0,0,16
2026-08-26,P11-L-LAVENDER,3,14,0,0,0,17
2026-08-26,P11-L-BLACK,13,0,2,0,0,11
2026-08-26,P12-XS-RED,10,0,0,0,0,10
2026-08-26,P12-XS-BLUE,10,0,0,0,0,10
2026-08-26,P12-XS-WHITE,8,0,0,0,0,8
2026-08-26,P12-S-RED,10,0,0,0,0,10
2026-08-26,P12-S-BLUE,18,0,3,0,0,15
2026-08-26,P12-S-WHITE,5,0,0,0,0,5
2026-08-26,P12-M-RED,5,0,2,0,0,3
2026-08-26,P12-M-BLUE,8,0,0,0,0,8
2026-08-26,P12-M-WHITE,7,0,0,0,0,7
2026-08-26,P12-L-RED,11,0,2,0,0,9
2026-08-26,P12-L-BLUE,9,0,0,0,0,9
2026-08-26,P12-L-WHITE,5,0,0,0,0,5
2026-08-26,P12-XL-RED,3,0,1,0,0,2
2026-08-26,P12-XL-BLUE,6,0,0,0,0,6
2026-08-26,P12-XL-WHITE,15,0,1,0,0,14
2026-08-26,P13-S-WINE,21,0,0,0,0,21
2026-08-26,P13-S-EMERALD,27,0,0,0,0,27
2026-08-26,P13-S-NAVY,21,0,0,0,0,21
2026-08-26,P13-M-WINE,29,0,0,0,0,29
2026-08-26,P13-M-EMERALD,23,0,0,0,0,23
2026-08-26,P13-M-NAVY,29,0,0,0,0,29
2026-08-26,P13-L-WINE,22,0,0,0,0,22
2026-08-26,P13-L-EMERALD,25,0,0,0,0,25
2026-08-26,P13-L-NAVY,23,0,0,0,0,23
2026-08-26,P13-XL-WINE,28,0,0,0,0,28
2026-08-26,P13-XL-EMERALD,27,0,0,0,0,27
2026-08-26,P13-XL-NAVY,26,0,1,0,0,25
2026-08-26,P14-XS-TEAL,12,0,0,0,0,12
2026-08-26,P14-XS-MUSTARD,13,0,0,0,0,13
2026-08-26,P14-XS-MAROON,10,0,0,0,0,10
2026-08-26,P14-S-TEAL,12,0,0,0,0,12
2026-08-26,P14-S-MUSTARD,12,0,0,0,0,12
2026-08-26,P14-S-MAROON,16,0,0,0,0,16
2026-08-26,P14-M-TEAL,9,0,0,0,0,9
2026-08-26,P14-M-MUSTARD,13,0,2,0,0,11
2026-08-26,P14-M-MAROON,5,0,2,0,0,3
2026-08-26,P14-L-TEAL,15,0,0,0,0,15
2026-08-26,P14-L-MUSTARD,12,0,0,0,0,12
2026-08-26,P14-L-MAROON,20,0,0,0,0,20
2026-08-26,P14-XL-TEAL,11,0,0,0,0,11
2026-08-26,P14-XL-MUSTARD,12,0,0,0,0,12
2026-08-26,P14-XL-MAROON,7,0,0,0,0,7
2026-08-26,P15-23Y-YELLOW,19,0,0,0,0,19
2026-08-26,P15-23Y-BLUE,5,0,0,0,0,5
2026-08-26,P15-23Y-RED,14,0,0,0,0,14
2026-08-26,P15-45Y-YELLOW,8,0,1,0,0,7
2026-08-26,P15-45Y-BLUE,13,0,0,0,0,13
2026-08-26,P15-45Y-RED,7,0,0,0,0,7
2026-08-26,P15-67Y-YELLOW,20,0,0,0,0,20
2026-08-26,P15-67Y-BLUE,3,16,1,0,0,18
2026-08-26,P15-67Y-RED,14,0,0,0,0,14
2026-08-26,P15-89Y-YELLOW,16,0,1,0,0,15
2026-08-26,P15-89Y-BLUE,20,0,1,0,0,19
2026-08-26,P15-89Y-RED,5,0,2,0,0,3
2026-08-26,P16-23Y-BLUE,9,0,0,0,0,9
2026-08-26,P16-23Y-BLACK,17,0,0,0,0,17
2026-08-26,P16-45Y-BLUE,5,0,0,0,0,5
2026-08-26,P16-45Y-BLACK,11,0,1,0,0,10
2026-08-26,P16-67Y-BLUE,15,0,0,0,0,15
2026-08-26,P16-67Y-BLACK,7,0,0,0,0,7
2026-08-26,P16-89Y-BLUE,7,0,0,0,0,7
2026-08-26,P16-89Y-BLACK,6,0,1,0,0,5
2026-08-26,P17-23Y-MAROON,9,0,0,0,0,9
2026-08-26,P17-23Y-MUSTARD,12,0,0,0,0,12
2026-08-26,P17-23Y-GREEN,7,0,0,0,0,7
2026-08-26,P17-45Y-MAROON,6,0,0,0,0,6
2026-08-26,P17-45Y-MUSTARD,6,0,0,0,0,6
2026-08-26,P17-45Y-GREEN,5,0,0,0,0,5
2026-08-26,P17-67Y-MAROON,19,0,0,0,0,19
2026-08-26,P17-67Y-MUSTARD,17,0,0,0,0,17
2026-08-26,P17-67Y-GREEN,14,0,1,0,0,13
2026-08-26,P17-89Y-MAROON,5,0,0,0,0,5
2026-08-26,P17-89Y-MUSTARD,5,0,1,0,0,4
2026-08-26,P17-89Y-GREEN,12,0,0,0,0,12
2026-08-26,P18-23Y-PINK,5,0,0,0,0,5
2026-08-26,P18-23Y-PEACH,7,0,0,0,0,7
2026-08-26,P18-23Y-MINT,6,0,0,0,0,6
2026-08-26,P18-45Y-PINK,5,0,1,0,0,4
2026-08-26,P18-45Y-PEACH,9,0,0,0,0,9
2026-08-26,P18-45Y-MINT,5,0,0,0,0,5
2026-08-26,P18-67Y-PINK,7,0,0,0,0,7
2026-08-26,P18-67Y-PEACH,11,0,0,0,0,11
2026-08-26,P18-67Y-MINT,9,0,0,0,0,9
2026-08-26,P18-89Y-PINK,10,0,0,0,0,10
2026-08-26,P18-89Y-PEACH,7,0,0,0,0,7
2026-08-26,P18-89Y-MINT,8,0,0,0,0,8
2026-08-26,P19-23Y-GREY,13,0,0,0,0,13
2026-08-26,P19-23Y-NAVY,9,0,0,0,0,9
2026-08-26,P19-23Y-BLACK,6,0,0,0,0,6
2026-08-26,P19-45Y-GREY,13,0,0,0,0,13
2026-08-26,P19-45Y-NAVY,19,0,0,0,0,19
2026-08-26,P19-45Y-BLACK,15,0,0,0,0,15
2026-08-26,P19-67Y-GREY,16,0,0,0,0,16
2026-08-26,P19-67Y-NAVY,11,0,0,0,0,11
2026-08-26,P19-67Y-BLACK,17,0,0,0,0,17
2026-08-26,P19-89Y-GREY,10,0,1,0,0,9
2026-08-26,P19-89Y-NAVY,11,0,0,0,0,11
2026-08-26,P19-89Y-BLACK,19,0,0,0,0,19
2026-08-26,P20-7-WHITE,6,0,0,0,0,6
2026-08-26,P20-7-BLACK,15,0,0,0,0,15
2026-08-26,P20-7-GREY,13,0,0,0,0,13
2026-08-26,P20-8-WHITE,13,0,2,0,0,11
2026-08-26,P20-8-BLACK,13,0,0,0,0,13
2026-08-26,P20-8-GREY,18,0,0,0,0,18
2026-08-26,P20-9-WHITE,17,0,1,0,0,16
2026-08-26,P20-9-BLACK,4,17,2,0,0,19
2026-08-26,P20-9-GREY,4,0,0,0,0,4
2026-08-26,P20-10-WHITE,7,0,2,0,0,5
2026-08-26,P20-10-BLACK,19,0,0,0,0,19
2026-08-26,P20-10-GREY,13,0,0,0,0,13
2026-08-26,P21-4-TAN,9,0,0,0,0,9
2026-08-26,P21-4-BLACK,11,0,0,0,0,11
2026-08-26,P21-4-GOLD,6,0,1,0,0,5
2026-08-26,P21-5-TAN,14,0,0,0,0,14
2026-08-26,P21-5-BLACK,5,0,1,0,0,4
2026-08-26,P21-5-GOLD,6,0,0,0,0,6
2026-08-26,P21-6-TAN,16,0,0,0,0,16
2026-08-26,P21-6-BLACK,20,0,0,0,0,20
2026-08-26,P21-6-GOLD,16,0,0,0,0,16
2026-08-26,P21-7-TAN,3,14,1,0,0,16
2026-08-26,P21-7-BLACK,8,0,2,0,0,6
2026-08-26,P21-7-GOLD,7,0,0,0,0,7
2026-08-26,P21-8-TAN,12,0,0,0,0,12
2026-08-26,P21-8-BLACK,5,0,0,0,0,5
2026-08-26,P21-8-GOLD,8,0,0,0,0,8
2026-08-26,P22-10C-BLUE,10,0,0,0,0,10
2026-08-26,P22-10C-PINK,5,0,0,0,0,5
2026-08-26,P22-10C-BLACK,9,0,0,0,0,9
2026-08-26,P22-11C-BLUE,7,0,0,0,0,7
2026-08-26,P22-11C-PINK,5,0,0,0,0,5
2026-08-26,P22-11C-BLACK,15,0,0,0,0,15
2026-08-26,P22-12C-BLUE,8,0,1,0,0,7
2026-08-26,P22-12C-PINK,16,0,0,0,0,16
2026-08-26,P22-12C-BLACK,6,0,0,0,0,6
2026-08-26,P22-13C-BLUE,19,0,0,0,0,19
2026-08-26,P22-13C-PINK,6,0,2,0,0,4
2026-08-26,P22-13C-BLACK,17,0,0,0,0,17
2026-08-26,P22-1Y-BLUE,18,0,0,0,0,18
2026-08-26,P22-1Y-PINK,12,0,0,0,0,12
2026-08-26,P22-1Y-BLACK,6,0,0,0,0,6
2026-08-26,P23-7-BLACK,12,0,0,0,0,12
2026-08-26,P23-7-NAVY,13,0,1,0,0,12
2026-08-26,P23-7-GREY,2,16,0,0,0,18
2026-08-26,P23-8-BLACK,17,0,0,0,0,17
2026-08-26,P23-8-NAVY,8,0,0,0,0,8
2026-08-26,P23-8-GREY,15,0,0,0,0,15
2026-08-26,P23-9-BLACK,20,0,0,0,0,20
2026-08-26,P23-9-NAVY,4,12,0,0,0,16
2026-08-26,P23-9-GREY,7,0,2,0,0,5
2026-08-26,P23-10-BLACK,10,0,0,0,0,10
2026-08-26,P23-10-NAVY,20,0,0,0,0,20
2026-08-26,P23-10-GREY,16,0,0,0,0,16
2026-08-26,P24-ONESIZE-BLACK,6,0,0,0,0,6
2026-08-26,P24-ONESIZE-TAN,11,0,0,0,0,11
2026-08-26,P24-ONESIZE-MAROON,6,0,0,0,0,6
2026-08-26,P25-ONESIZE-BLACK,5,0,0,0,0,5
2026-08-26,P25-ONESIZE-PINK,14,0,0,0,0,14
2026-08-26,P25-ONESIZE-BEIGE,6,0,0,0,0,6
2026-08-26,P26-32-BLACK,9,0,1,0,0,8
2026-08-26,P26-32-BROWN,10,0,0,0,0,10
2026-08-26,P26-34-BLACK,19,0,0,0,0,19
2026-08-26,P26-34-BROWN,7,0,0,0,0,7
2026-08-26,P26-36-BLACK,11,0,0,0,0,11
2026-08-26,P26-36-BROWN,5,0,0,0,0,5
2026-08-26,P26-38-BLACK,5,0,0,0,0,5
2026-08-26,P26-38-BROWN,14,0,0,0,0,14
2026-08-26,P27-ONESIZE-BLACK,12,0,1,0,0,11
2026-08-26,P27-ONESIZE-BROWN,5,0,2,0,0,3
2026-08-26,P27-ONESIZE-TAN,9,0,0,0,0,9
2026-08-26,P28-ONESIZE-MULTICOL,20,0,0,0,0,20
2026-08-26,P28-ONESIZE-PINK,13,0,0,0,0,13
2026-08-26,P28-ONESIZE-BLACK,19,0,0,0,0,19
2026-08-26,P29-ONESIZE-BLACK,7,0,0,0,0,7
2026-08-26,P29-ONESIZE-NAVY,8,0,0,0,0,8
2026-08-26,P29-ONESIZE-BEIGE,4,18,0,0,0,22
2026-08-26,P30-ONESIZE-FLORAL,22,0,0,0,0,22
2026-08-26,P30-ONESIZE-MAROON,22,0,0,0,0,22
2026-08-26,P30-ONESIZE-TEAL,22,0,0,0,0,22
2026-08-26,P31-ONESIZE-RED,10,0,0,0,0,10
2026-08-26,P31-ONESIZE-MUSTARD,5,0,0,0,0,5
2026-08-26,P31-ONESIZE-GREEN,8,0,0,0,0,8
2026-08-26,P32-4-BLACK,5,0,0,0,0,5
2026-08-26,P32-4-BEIGE,18,0,0,0,0,18
2026-08-26,P32-4-SILVER,7,0,0,0,0,7
2026-08-26,P32-5-BLACK,14,0,0,0,0,14
2026-08-26,P32-5-BEIGE,11,0,0,0,0,11
2026-08-26,P32-5-SILVER,10,0,0,0,0,10
2026-08-26,P32-6-BLACK,15,0,0,0,0,15
2026-08-26,P32-6-BEIGE,12,0,3,0,0,9
2026-08-26,P32-6-SILVER,6,0,2,0,0,4
2026-08-26,P32-7-BLACK,17,0,1,0,0,16
2026-08-26,P32-7-BEIGE,7,0,0,0,0,7
2026-08-26,P32-7-SILVER,16,0,0,0,0,16
2026-08-26,P32-8-BLACK,5,0,0,0,0,5
2026-08-26,P32-8-BEIGE,2,17,0,0,0,19
2026-08-26,P32-8-SILVER,18,0,0,0,0,18
2026-08-27,P01-S-WHITE,10,0,0,0,0,10
2026-08-27,P01-S-BLACK,16,0,1,0,0,15
2026-08-27,P01-S-NAVY,14,0,3,0,0,11
2026-08-27,P01-S-OLIVE,15,0,0,0,0,15
2026-08-27,P01-M-WHITE,18,0,2,0,0,16
2026-08-27,P01-M-BLACK,1,14,3,0,0,12
2026-08-27,P01-M-NAVY,14,0,0,0,0,14
2026-08-27,P01-M-OLIVE,17,0,1,0,0,16
2026-08-27,P01-L-WHITE,15,0,0,0,0,15
2026-08-27,P01-L-BLACK,3,12,1,0,0,14
2026-08-27,P01-L-NAVY,14,0,2,0,0,12
2026-08-27,P01-L-OLIVE,14,0,2,0,0,12
2026-08-27,P01-XL-WHITE,13,0,0,0,0,13
2026-08-27,P01-XL-BLACK,8,0,3,0,0,5
2026-08-27,P01-XL-NAVY,20,0,0,0,0,20
2026-08-27,P01-XL-OLIVE,15,0,2,0,0,13
2026-08-27,P02-S-NAVY,4,0,0,0,0,4
2026-08-27,P02-S-MAROON,7,0,0,0,0,7
2026-08-27,P02-S-GREY,11,0,0,0,0,11
2026-08-27,P02-M-NAVY,19,0,0,0,0,19
2026-08-27,P02-M-MAROON,16,0,2,0,0,14
2026-08-27,P02-M-GREY,4,0,1,0,0,3
2026-08-27,P02-L-NAVY,19,0,0,0,0,19
2026-08-27,P02-L-MAROON,14,0,1,0,0,13
2026-08-27,P02-L-GREY,15,0,0,0,0,15
2026-08-27,P02-XL-NAVY,4,15,1,0,0,18
2026-08-27,P02-XL-MAROON,14,0,0,0,0,14
2026-08-27,P02-XL-GREY,9,0,0,0,0,9
2026-08-27,P03-30-NAVY,12,0,0,0,0,12
2026-08-27,P03-30-BLACK,13,0,0,0,0,13
2026-08-27,P03-30-LIGHTBLU,6,0,0,0,0,6
2026-08-27,P03-32-NAVY,14,0,0,0,0,14
2026-08-27,P03-32-BLACK,15,0,2,0,0,13
2026-08-27,P03-32-LIGHTBLU,6,0,1,0,0,5
2026-08-27,P03-34-NAVY,9,0,0,0,0,9
2026-08-27,P03-34-BLACK,8,0,1,0,0,7
2026-08-27,P03-34-LIGHTBLU,9,0,1,0,0,8
2026-08-27,P03-36-NAVY,26,0,0,0,0,26
2026-08-27,P03-36-BLACK,26,0,0,0,0,26
2026-08-27,P03-36-LIGHTBLU,29,0,0,0,0,29
2026-08-27,P04-30-BEIGE,16,0,0,0,0,16
2026-08-27,P04-30-OLIVE,5,0,0,0,0,5
2026-08-27,P04-30-NAVY,22,0,1,0,0,21
2026-08-27,P04-32-BEIGE,12,0,0,0,0,12
2026-08-27,P04-32-OLIVE,6,0,0,0,0,6
2026-08-27,P04-32-NAVY,6,0,2,0,0,4
2026-08-27,P04-34-BEIGE,15,0,1,0,0,14
2026-08-27,P04-34-OLIVE,4,12,1,0,0,15
2026-08-27,P04-34-NAVY,3,0,0,0,0,3
2026-08-27,P04-36-BEIGE,6,0,0,0,0,6
2026-08-27,P04-36-OLIVE,15,0,0,0,0,15
2026-08-27,P04-36-NAVY,13,0,0,0,0,13
2026-08-27,P05-S-WHITE,6,0,1,0,0,5
2026-08-27,P05-S-BLUE,11,0,0,0,0,11
2026-08-27,P05-S-GREY,10,0,0,0,0,10
2026-08-27,P05-M-WHITE,13,0,1,0,0,12
2026-08-27,P05-M-BLUE,18,0,0,0,0,18
2026-08-27,P05-M-GREY,11,0,2,0,0,9
2026-08-27,P05-L-WHITE,18,0,1,0,0,17
2026-08-27,P05-L-BLUE,10,0,1,0,0,9
2026-08-27,P05-L-GREY,13,0,1,0,0,12
2026-08-27,P05-XL-WHITE,17,0,0,0,0,17
2026-08-27,P05-XL-BLUE,5,0,1,0,0,4
2026-08-27,P05-XL-GREY,5,0,0,0,0,5
2026-08-27,P06-S-BLACK,18,0,0,0,0,18
2026-08-27,P06-S-WHITE,7,0,1,0,0,6
2026-08-27,P06-S-RED,19,0,0,0,0,19
2026-08-27,P06-M-BLACK,16,0,0,0,0,16
2026-08-27,P06-M-WHITE,14,0,0,0,0,14
2026-08-27,P06-M-RED,7,0,0,0,0,7
2026-08-27,P06-L-BLACK,15,0,0,0,0,15
2026-08-27,P06-L-WHITE,13,0,1,0,0,12
2026-08-27,P06-L-RED,19,0,1,0,0,18
2026-08-27,P06-XL-BLACK,10,0,1,0,0,9
2026-08-27,P06-XL-WHITE,5,0,0,0,0,5
2026-08-27,P06-XL-RED,14,0,0,0,0,14
2026-08-27,P07-XS-MUSTARD,13,0,1,0,0,12
2026-08-27,P07-XS-TEAL,8,0,0,0,0,8
2026-08-27,P07-XS-MAROON,9,0,1,0,0,8
2026-08-27,P07-S-MUSTARD,12,0,1,0,0,11
2026-08-27,P07-S-TEAL,13,0,0,0,0,13
2026-08-27,P07-S-MAROON,16,0,0,0,0,16
2026-08-27,P07-M-MUSTARD,4,0,3,0,0,1
2026-08-27,P07-M-TEAL,6,0,0,0,0,6
2026-08-27,P07-M-MAROON,1,0,1,0,0,0
2026-08-27,P07-L-MUSTARD,9,0,1,0,0,8
2026-08-27,P07-L-TEAL,4,13,0,0,0,17
2026-08-27,P07-L-MAROON,4,0,0,0,0,4
2026-08-27,P07-XL-MUSTARD,12,0,1,0,0,11
2026-08-27,P07-XL-TEAL,6,0,1,0,0,5
2026-08-27,P07-XL-MAROON,14,0,0,0,0,14
2026-08-27,P08-XS-PINK,9,0,0,0,0,9
2026-08-27,P08-XS-BLUE,15,0,0,0,0,15
2026-08-27,P08-XS-GREEN,10,0,0,0,0,10
2026-08-27,P08-S-PINK,7,0,0,0,0,7
2026-08-27,P08-S-BLUE,6,0,0,0,0,6
2026-08-27,P08-S-GREEN,5,0,0,0,0,5
2026-08-27,P08-M-PINK,15,0,1,0,0,14
2026-08-27,P08-M-BLUE,16,0,0,0,0,16
2026-08-27,P08-M-GREEN,5,0,0,0,0,5
2026-08-27,P08-L-PINK,12,0,0,0,0,12
2026-08-27,P08-L-BLUE,21,0,1,0,0,20
2026-08-27,P08-L-GREEN,13,0,1,0,0,12
2026-08-27,P08-XL-PINK,5,0,0,0,0,5
2026-08-27,P08-XL-BLUE,10,0,0,0,0,10
2026-08-27,P08-XL-GREEN,7,0,0,0,0,7
2026-08-27,P09-XS-BLACK,7,0,0,0,0,7
2026-08-27,P09-XS-BEIGE,7,0,1,0,0,6
2026-08-27,P09-XS-NAVY,9,0,0,0,0,9
2026-08-27,P09-S-BLACK,8,0,0,0,0,8
2026-08-27,P09-S-BEIGE,7,0,0,0,0,7
2026-08-27,P09-S-NAVY,4,0,1,0,0,3
2026-08-27,P09-M-BLACK,13,0,0,0,0,13
2026-08-27,P09-M-BEIGE,9,0,0,0,0,9
2026-08-27,P09-M-NAVY,20,0,0,0,0,20
2026-08-27,P09-L-BLACK,11,0,0,0,0,11
2026-08-27,P09-L-BEIGE,11,0,0,0,0,11
2026-08-27,P09-L-NAVY,20,0,0,0,0,20
2026-08-27,P09-XL-BLACK,6,0,0,0,0,6
2026-08-27,P09-XL-BEIGE,9,0,0,0,0,9
2026-08-27,P09-XL-NAVY,8,0,0,0,0,8
2026-08-27,P10-XS-INDIGO,12,0,0,0,0,12
2026-08-27,P10-XS-BLACK,5,0,0,0,0,5
2026-08-27,P10-S-INDIGO,13,0,0,0,0,13
2026-08-27,P10-S-BLACK,7,0,0,0,0,7
2026-08-27,P10-M-INDIGO,14,0,0,0,0,14
2026-08-27,P10-M-BLACK,13,0,2,0,0,11
2026-08-27,P10-L-INDIGO,15,0,0,0,0,15
2026-08-27,P10-L-BLACK,13,0,1,0,0,12
2026-08-27,P10-XL-INDIGO,9,0,0,0,0,9
2026-08-27,P10-XL-BLACK,9,0,0,0,0,9
2026-08-27,P11-XS-WHITE,11,0,0,0,0,11
2026-08-27,P11-XS-LAVENDER,13,0,0,0,0,13
2026-08-27,P11-XS-BLACK,17,0,0,0,0,17
2026-08-27,P11-S-WHITE,12,0,0,0,0,12
2026-08-27,P11-S-LAVENDER,5,0,2,0,0,3
2026-08-27,P11-S-BLACK,10,0,1,0,0,9
2026-08-27,P11-M-WHITE,18,0,1,0,0,17
2026-08-27,P11-M-LAVENDER,17,0,1,0,0,16
2026-08-27,P11-M-BLACK,15,0,0,0,0,15
2026-08-27,P11-L-WHITE,16,0,0,0,0,16
2026-08-27,P11-L-LAVENDER,17,0,0,0,0,17
2026-08-27,P11-L-BLACK,11,0,1,0,0,10
2026-08-27,P12-XS-RED,10,0,0,0,0,10
2026-08-27,P12-XS-BLUE,10,0,0,0,0,10
2026-08-27,P12-XS-WHITE,8,0,1,0,0,7
2026-08-27,P12-S-RED,10,0,0,0,0,10
2026-08-27,P12-S-BLUE,15,0,0,0,0,15
2026-08-27,P12-S-WHITE,5,0,0,0,0,5
2026-08-27,P12-M-RED,3,0,0,0,0,3
2026-08-27,P12-M-BLUE,8,0,0,0,0,8
2026-08-27,P12-M-WHITE,7,0,1,0,0,6
2026-08-27,P12-L-RED,9,0,0,0,0,9
2026-08-27,P12-L-BLUE,9,0,0,0,0,9
2026-08-27,P12-L-WHITE,5,0,0,0,0,5
2026-08-27,P12-XL-RED,2,0,0,0,0,2
2026-08-27,P12-XL-BLUE,6,0,0,0,0,6
2026-08-27,P12-XL-WHITE,14,0,0,0,0,14
2026-08-27,P13-S-WINE,21,0,0,0,0,21
2026-08-27,P13-S-EMERALD,27,0,0,0,0,27
2026-08-27,P13-S-NAVY,21,0,0,0,0,21
2026-08-27,P13-M-WINE,29,0,0,0,0,29
2026-08-27,P13-M-EMERALD,23,0,0,0,0,23
2026-08-27,P13-M-NAVY,29,0,0,0,0,29
2026-08-27,P13-L-WINE,22,0,0,0,0,22
2026-08-27,P13-L-EMERALD,25,0,0,0,0,25
2026-08-27,P13-L-NAVY,23,0,0,0,0,23
2026-08-27,P13-XL-WINE,28,0,0,0,0,28
2026-08-27,P13-XL-EMERALD,27,0,0,0,0,27
2026-08-27,P13-XL-NAVY,25,0,0,0,0,25
2026-08-27,P14-XS-TEAL,12,0,0,0,0,12
2026-08-27,P14-XS-MUSTARD,13,0,0,0,0,13
2026-08-27,P14-XS-MAROON,10,0,0,0,0,10
2026-08-27,P14-S-TEAL,12,0,0,0,0,12
2026-08-27,P14-S-MUSTARD,12,0,0,0,0,12
2026-08-27,P14-S-MAROON,16,0,0,0,0,16
2026-08-27,P14-M-TEAL,9,0,0,0,0,9
2026-08-27,P14-M-MUSTARD,11,0,0,0,0,11
2026-08-27,P14-M-MAROON,3,0,0,0,0,3
2026-08-27,P14-L-TEAL,15,0,0,0,0,15
2026-08-27,P14-L-MUSTARD,12,0,0,0,0,12
2026-08-27,P14-L-MAROON,20,0,0,0,0,20
2026-08-27,P14-XL-TEAL,11,0,0,0,0,11
2026-08-27,P14-XL-MUSTARD,12,0,0,0,0,12
2026-08-27,P14-XL-MAROON,7,0,0,0,0,7
2026-08-27,P15-23Y-YELLOW,19,0,0,0,0,19
2026-08-27,P15-23Y-BLUE,5,0,0,0,0,5
2026-08-27,P15-23Y-RED,14,0,1,0,0,13
2026-08-27,P15-45Y-YELLOW,7,0,0,0,0,7
2026-08-27,P15-45Y-BLUE,13,0,0,0,0,13
2026-08-27,P15-45Y-RED,7,0,0,0,0,7
2026-08-27,P15-67Y-YELLOW,20,0,1,0,0,19
2026-08-27,P15-67Y-BLUE,18,0,0,0,0,18
2026-08-27,P15-67Y-RED,14,0,0,0,0,14
2026-08-27,P15-89Y-YELLOW,15,0,0,0,0,15
2026-08-27,P15-89Y-BLUE,19,0,2,0,0,17
2026-08-27,P15-89Y-RED,3,0,0,0,0,3
2026-08-27,P16-23Y-BLUE,9,0,0,0,0,9
2026-08-27,P16-23Y-BLACK,17,0,0,0,0,17
2026-08-27,P16-45Y-BLUE,5,0,1,0,0,4
2026-08-27,P16-45Y-BLACK,10,0,0,0,0,10
2026-08-27,P16-67Y-BLUE,15,0,0,0,0,15
2026-08-27,P16-67Y-BLACK,7,0,1,0,0,6
2026-08-27,P16-89Y-BLUE,7,0,0,0,0,7
2026-08-27,P16-89Y-BLACK,5,0,0,0,0,5
2026-08-27,P17-23Y-MAROON,9,0,0,0,0,9
2026-08-27,P17-23Y-MUSTARD,12,0,0,0,0,12
2026-08-27,P17-23Y-GREEN,7,0,0,0,0,7
2026-08-27,P17-45Y-MAROON,6,0,0,0,0,6
2026-08-27,P17-45Y-MUSTARD,6,0,2,0,0,4
2026-08-27,P17-45Y-GREEN,5,0,0,0,0,5
2026-08-27,P17-67Y-MAROON,19,0,0,0,0,19
2026-08-27,P17-67Y-MUSTARD,17,0,0,0,0,17
2026-08-27,P17-67Y-GREEN,13,0,0,0,0,13
2026-08-27,P17-89Y-MAROON,5,0,0,0,0,5
2026-08-27,P17-89Y-MUSTARD,4,0,1,0,0,3
2026-08-27,P17-89Y-GREEN,12,0,0,0,0,12
2026-08-27,P18-23Y-PINK,5,0,1,0,0,4
2026-08-27,P18-23Y-PEACH,7,0,2,0,0,5
2026-08-27,P18-23Y-MINT,6,0,0,0,0,6
2026-08-27,P18-45Y-PINK,4,0,0,0,0,4
2026-08-27,P18-45Y-PEACH,9,0,0,0,0,9
2026-08-27,P18-45Y-MINT,5,0,0,0,0,5
2026-08-27,P18-67Y-PINK,7,0,1,0,0,6
2026-08-27,P18-67Y-PEACH,11,0,0,0,0,11
2026-08-27,P18-67Y-MINT,9,0,0,0,0,9
2026-08-27,P18-89Y-PINK,10,0,0,0,0,10
2026-08-27,P18-89Y-PEACH,7,0,0,0,0,7
2026-08-27,P18-89Y-MINT,8,0,0,0,0,8
2026-08-27,P19-23Y-GREY,13,0,0,0,0,13
2026-08-27,P19-23Y-NAVY,9,0,0,0,0,9
2026-08-27,P19-23Y-BLACK,6,0,0,0,0,6
2026-08-27,P19-45Y-GREY,13,0,1,0,0,12
2026-08-27,P19-45Y-NAVY,19,0,1,0,0,18
2026-08-27,P19-45Y-BLACK,15,0,3,0,0,12
2026-08-27,P19-67Y-GREY,16,0,0,0,0,16
2026-08-27,P19-67Y-NAVY,11,0,0,0,0,11
2026-08-27,P19-67Y-BLACK,17,0,0,0,0,17
2026-08-27,P19-89Y-GREY,9,0,0,0,0,9
2026-08-27,P19-89Y-NAVY,11,0,1,0,0,10
2026-08-27,P19-89Y-BLACK,19,0,0,0,0,19
2026-08-27,P20-7-WHITE,6,0,1,0,0,5
2026-08-27,P20-7-BLACK,15,0,1,0,0,14
2026-08-27,P20-7-GREY,13,0,0,0,0,13
2026-08-27,P20-8-WHITE,11,0,0,0,0,11
2026-08-27,P20-8-BLACK,13,0,0,0,0,13
2026-08-27,P20-8-GREY,18,0,0,0,0,18
2026-08-27,P20-9-WHITE,16,0,0,0,0,16
2026-08-27,P20-9-BLACK,19,0,0,0,0,19
2026-08-27,P20-9-GREY,4,17,2,0,0,19
2026-08-27,P20-10-WHITE,5,0,0,0,0,5
2026-08-27,P20-10-BLACK,19,0,2,0,0,17
2026-08-27,P20-10-GREY,13,0,1,0,0,12
2026-08-27,P21-4-TAN,9,0,0,0,0,9
2026-08-27,P21-4-BLACK,11,0,0,0,0,11
2026-08-27,P21-4-GOLD,5,0,0,0,0,5
2026-08-27,P21-5-TAN,14,0,1,0,0,13
2026-08-27,P21-5-BLACK,4,16,0,0,0,20
2026-08-27,P21-5-GOLD,6,0,0,0,0,6
2026-08-27,P21-6-TAN,16,0,2,0,0,14
2026-08-27,P21-6-BLACK,20,0,2,0,0,18
2026-08-27,P21-6-GOLD,16,0,0,0,0,16
2026-08-27,P21-7-TAN,16,0,0,0,0,16
2026-08-27,P21-7-BLACK,6,0,0,0,0,6
2026-08-27,P21-7-GOLD,7,0,0,0,0,7
2026-08-27,P21-8-TAN,12,0,0,0,0,12
2026-08-27,P21-8-BLACK,5,0,0,0,0,5
2026-08-27,P21-8-GOLD,8,0,0,0,0,8
2026-08-27,P22-10C-BLUE,10,0,0,0,0,10
2026-08-27,P22-10C-PINK,5,0,0,0,0,5
2026-08-27,P22-10C-BLACK,9,0,1,0,0,8
2026-08-27,P22-11C-BLUE,7,0,1,0,0,6
2026-08-27,P22-11C-PINK,5,0,0,0,0,5
2026-08-27,P22-11C-BLACK,15,0,1,0,0,14
2026-08-27,P22-12C-BLUE,7,0,0,0,0,7
2026-08-27,P22-12C-PINK,16,0,2,0,0,14
2026-08-27,P22-12C-BLACK,6,0,1,0,0,5
2026-08-27,P22-13C-BLUE,19,0,0,0,0,19
2026-08-27,P22-13C-PINK,4,14,0,0,0,18
2026-08-27,P22-13C-BLACK,17,0,0,0,0,17
2026-08-27,P22-1Y-BLUE,18,0,1,0,0,17
2026-08-27,P22-1Y-PINK,12,0,0,0,0,12
2026-08-27,P22-1Y-BLACK,6,0,0,0,0,6
2026-08-27,P23-7-BLACK,12,0,0,0,0,12
2026-08-27,P23-7-NAVY,12,0,1,0,0,11
2026-08-27,P23-7-GREY,18,0,1,0,0,17
2026-08-27,P23-8-BLACK,17,0,0,0,0,17
2026-08-27,P23-8-NAVY,8,0,0,0,0,8
2026-08-27,P23-8-GREY,15,0,0,0,0,15
2026-08-27,P23-9-BLACK,20,0,0,0,0,20
2026-08-27,P23-9-NAVY,16,0,0,0,0,16
2026-08-27,P23-9-GREY,5,0,1,0,0,4
2026-08-27,P23-10-BLACK,10,0,0,0,0,10
2026-08-27,P23-10-NAVY,20,0,1,0,0,19
2026-08-27,P23-10-GREY,16,0,0,0,0,16
2026-08-27,P24-ONESIZE-BLACK,6,0,0,0,0,6
2026-08-27,P24-ONESIZE-TAN,11,0,0,0,0,11
2026-08-27,P24-ONESIZE-MAROON,6,0,0,0,0,6
2026-08-27,P25-ONESIZE-BLACK,5,0,0,0,0,5
2026-08-27,P25-ONESIZE-PINK,14,0,0,0,0,14
2026-08-27,P25-ONESIZE-BEIGE,6,0,0,0,0,6
2026-08-27,P26-32-BLACK,8,0,0,0,0,8
2026-08-27,P26-32-BROWN,10,0,0,0,0,10
2026-08-27,P26-34-BLACK,19,0,0,0,0,19
2026-08-27,P26-34-BROWN,7,0,0,0,0,7
2026-08-27,P26-36-BLACK,11,0,0,0,0,11
2026-08-27,P26-36-BROWN,5,0,0,0,0,5
2026-08-27,P26-38-BLACK,5,0,0,0,0,5
2026-08-27,P26-38-BROWN,14,0,0,0,0,14
2026-08-27,P27-ONESIZE-BLACK,11,0,0,0,0,11
2026-08-27,P27-ONESIZE-BROWN,3,0,0,0,0,3
2026-08-27,P27-ONESIZE-TAN,9,0,0,0,0,9
2026-08-27,P28-ONESIZE-MULTICOL,20,0,0,0,0,20
2026-08-27,P28-ONESIZE-PINK,13,0,0,0,0,13
2026-08-27,P28-ONESIZE-BLACK,19,0,0,0,0,19
2026-08-27,P29-ONESIZE-BLACK,7,0,0,0,0,7
2026-08-27,P29-ONESIZE-NAVY,8,0,0,0,0,8
2026-08-27,P29-ONESIZE-BEIGE,22,0,0,0,0,22
2026-08-27,P30-ONESIZE-FLORAL,22,0,0,0,0,22
2026-08-27,P30-ONESIZE-MAROON,22,0,0,0,0,22
2026-08-27,P30-ONESIZE-TEAL,22,0,0,0,0,22
2026-08-27,P31-ONESIZE-RED,10,0,0,0,0,10
2026-08-27,P31-ONESIZE-MUSTARD,5,0,1,0,0,4
2026-08-27,P31-ONESIZE-GREEN,8,0,0,0,0,8
2026-08-27,P32-4-BLACK,5,0,0,0,0,5
2026-08-27,P32-4-BEIGE,18,0,0,0,0,18
2026-08-27,P32-4-SILVER,7,0,0,0,0,7
2026-08-27,P32-5-BLACK,14,0,0,0,0,14
2026-08-27,P32-5-BEIGE,11,0,1,0,0,10
2026-08-27,P32-5-SILVER,10,0,0,0,0,10
2026-08-27,P32-6-BLACK,15,0,2,0,0,13
2026-08-27,P32-6-BEIGE,9,0,0,0,0,9
2026-08-27,P32-6-SILVER,4,14,0,0,0,18
2026-08-27,P32-7-BLACK,16,0,0,0,0,16
2026-08-27,P32-7-BEIGE,7,0,0,0,0,7
2026-08-27,P32-7-SILVER,16,0,0,0,0,16
2026-08-27,P32-8-BLACK,5,0,0,0,0,5
2026-08-27,P32-8-BEIGE,19,0,0,0,0,19
2026-08-27,P32-8-SILVER,18,0,0,0,0,18
2026-08-28,P01-S-WHITE,10,0,0,0,0,10
2026-08-28,P01-S-BLACK,15,0,1,0,0,14
2026-08-28,P01-S-NAVY,11,0,0,0,0,11
2026-08-28,P01-S-OLIVE,15,0,1,0,0,14
2026-08-28,P01-M-WHITE,16,0,2,0,0,14
2026-08-28,P01-M-BLACK,12,0,1,0,0,11
2026-08-28,P01-M-NAVY,14,0,1,0,0,13
2026-08-28,P01-M-OLIVE,16,0,2,0,0,14
2026-08-28,P01-L-WHITE,15,0,3,0,0,12
2026-08-28,P01-L-BLACK,14,0,1,0,0,13
2026-08-28,P01-L-NAVY,12,0,1,0,0,11
2026-08-28,P01-L-OLIVE,12,0,1,0,0,11
2026-08-28,P01-XL-WHITE,13,0,0,0,0,13
2026-08-28,P01-XL-BLACK,5,0,0,0,0,5
2026-08-28,P01-XL-NAVY,20,0,0,0,0,20
2026-08-28,P01-XL-OLIVE,13,0,0,0,0,13
2026-08-28,P02-S-NAVY,4,11,1,0,0,14
2026-08-28,P02-S-MAROON,7,0,0,0,0,7
2026-08-28,P02-S-GREY,11,0,0,0,0,11
2026-08-28,P02-M-NAVY,19,0,0,0,0,19
2026-08-28,P02-M-MAROON,14,0,0,0,0,14
2026-08-28,P02-M-GREY,3,0,0,0,0,3
2026-08-28,P02-L-NAVY,19,0,3,0,0,16
2026-08-28,P02-L-MAROON,13,0,0,0,0,13
2026-08-28,P02-L-GREY,15,0,0,0,0,15
2026-08-28,P02-XL-NAVY,18,0,0,0,0,18
2026-08-28,P02-XL-MAROON,14,0,0,0,0,14
2026-08-28,P02-XL-GREY,9,0,0,0,0,9
2026-08-28,P03-30-NAVY,12,0,0,0,0,12
2026-08-28,P03-30-BLACK,13,0,0,0,0,13
2026-08-28,P03-30-LIGHTBLU,6,0,0,0,0,6
2026-08-28,P03-32-NAVY,14,0,2,0,0,12
2026-08-28,P03-32-BLACK,13,0,0,0,0,13
2026-08-28,P03-32-LIGHTBLU,5,0,0,0,0,5
2026-08-28,P03-34-NAVY,9,0,1,0,0,8
2026-08-28,P03-34-BLACK,7,0,1,0,0,6
2026-08-28,P03-34-LIGHTBLU,8,0,3,0,0,5
2026-08-28,P03-36-NAVY,26,0,0,0,0,26
2026-08-28,P03-36-BLACK,26,0,0,0,0,26
2026-08-28,P03-36-LIGHTBLU,29,0,0,0,0,29
2026-08-28,P04-30-BEIGE,16,0,0,0,0,16
2026-08-28,P04-30-OLIVE,5,0,0,0,0,5
2026-08-28,P04-30-NAVY,21,0,0,0,0,21
2026-08-28,P04-32-BEIGE,12,0,0,0,0,12
2026-08-28,P04-32-OLIVE,6,0,0,0,0,6
2026-08-28,P04-32-NAVY,4,0,0,0,0,4
2026-08-28,P04-34-BEIGE,14,0,1,0,0,13
2026-08-28,P04-34-OLIVE,15,0,2,0,0,13
2026-08-28,P04-34-NAVY,3,0,1,0,0,2
2026-08-28,P04-36-BEIGE,6,0,3,0,0,3
2026-08-28,P04-36-OLIVE,15,0,0,0,0,15
2026-08-28,P04-36-NAVY,13,0,0,0,0,13
2026-08-28,P05-S-WHITE,5,0,0,0,0,5
2026-08-28,P05-S-BLUE,11,0,1,0,0,10
2026-08-28,P05-S-GREY,10,0,0,0,0,10
2026-08-28,P05-M-WHITE,12,0,1,0,0,11
2026-08-28,P05-M-BLUE,18,0,0,0,0,18
2026-08-28,P05-M-GREY,9,0,1,0,0,8
2026-08-28,P05-L-WHITE,17,0,2,0,0,15
2026-08-28,P05-L-BLUE,9,0,0,0,0,9
2026-08-28,P05-L-GREY,12,0,0,0,0,12
2026-08-28,P05-XL-WHITE,17,0,2,0,0,15
2026-08-28,P05-XL-BLUE,4,0,1,0,0,3
2026-08-28,P05-XL-GREY,5,0,0,0,0,5
2026-08-28,P06-S-BLACK,18,0,0,0,0,18
2026-08-28,P06-S-WHITE,6,0,0,0,0,6
2026-08-28,P06-S-RED,19,0,2,0,0,17
2026-08-28,P06-M-BLACK,16,0,2,0,0,14
2026-08-28,P06-M-WHITE,14,0,1,0,0,13
2026-08-28,P06-M-RED,7,0,1,0,0,6
2026-08-28,P06-L-BLACK,15,0,2,0,0,13
2026-08-28,P06-L-WHITE,12,0,1,0,0,11
2026-08-28,P06-L-RED,18,0,0,0,0,18
2026-08-28,P06-XL-BLACK,9,0,0,0,0,9
2026-08-28,P06-XL-WHITE,5,0,0,0,0,5
2026-08-28,P06-XL-RED,14,0,0,0,0,14
2026-08-28,P07-XS-MUSTARD,12,0,1,0,0,11
2026-08-28,P07-XS-TEAL,8,0,0,0,0,8
2026-08-28,P07-XS-MAROON,8,0,1,0,0,7
2026-08-28,P07-S-MUSTARD,11,0,0,0,0,11
2026-08-28,P07-S-TEAL,13,0,1,0,0,12
2026-08-28,P07-S-MAROON,16,0,1,0,0,15
2026-08-28,P07-M-MUSTARD,1,0,1,0,0,0
2026-08-28,P07-M-TEAL,6,0,0,0,0,6
2026-08-28,P07-M-MAROON,0,0,0,0,0,0
2026-08-28,P07-L-MUSTARD,8,0,2,0,0,6
2026-08-28,P07-L-TEAL,17,0,0,0,0,17
2026-08-28,P07-L-MAROON,4,0,3,0,0,1
2026-08-28,P07-XL-MUSTARD,11,0,0,0,0,11
2026-08-28,P07-XL-TEAL,5,0,1,0,0,4
2026-08-28,P07-XL-MAROON,14,0,1,0,0,13
2026-08-28,P08-XS-PINK,9,0,0,0,0,9
2026-08-28,P08-XS-BLUE,15,0,0,0,0,15
2026-08-28,P08-XS-GREEN,10,0,0,0,0,10
2026-08-28,P08-S-PINK,7,0,2,0,0,5
2026-08-28,P08-S-BLUE,6,0,0,0,0,6
2026-08-28,P08-S-GREEN,5,0,0,0,0,5
2026-08-28,P08-M-PINK,14,0,0,0,0,14
2026-08-28,P08-M-BLUE,16,0,1,0,0,15
2026-08-28,P08-M-GREEN,5,0,1,0,0,4
2026-08-28,P08-L-PINK,12,0,1,0,0,11
2026-08-28,P08-L-BLUE,20,0,1,0,0,19
2026-08-28,P08-L-GREEN,12,0,1,0,0,11
2026-08-28,P08-XL-PINK,5,0,0,0,0,5
2026-08-28,P08-XL-BLUE,10,0,0,0,0,10
2026-08-28,P08-XL-GREEN,7,0,0,0,0,7
2026-08-28,P09-XS-BLACK,7,0,0,0,0,7
2026-08-28,P09-XS-BEIGE,6,0,0,0,0,6
2026-08-28,P09-XS-NAVY,9,0,0,0,0,9
2026-08-28,P09-S-BLACK,8,0,1,0,0,7
2026-08-28,P09-S-BEIGE,7,0,0,0,0,7
2026-08-28,P09-S-NAVY,3,0,0,0,0,3
2026-08-28,P09-M-BLACK,13,0,0,0,0,13
2026-08-28,P09-M-BEIGE,9,0,0,0,0,9
2026-08-28,P09-M-NAVY,20,0,0,0,0,20
2026-08-28,P09-L-BLACK,11,0,1,0,0,10
2026-08-28,P09-L-BEIGE,11,0,0,0,0,11
2026-08-28,P09-L-NAVY,20,0,0,0,0,20
2026-08-28,P09-XL-BLACK,6,0,0,0,0,6
2026-08-28,P09-XL-BEIGE,9,0,0,0,0,9
2026-08-28,P09-XL-NAVY,8,0,0,0,0,8
2026-08-28,P10-XS-INDIGO,12,0,2,0,0,10
2026-08-28,P10-XS-BLACK,5,0,0,0,0,5
2026-08-28,P10-S-INDIGO,13,0,1,0,0,12
2026-08-28,P10-S-BLACK,7,0,0,0,0,7
2026-08-28,P10-M-INDIGO,14,0,3,0,0,11
2026-08-28,P10-M-BLACK,11,0,0,0,0,11
2026-08-28,P10-L-INDIGO,15,0,0,0,0,15
2026-08-28,P10-L-BLACK,12,0,1,0,0,11
2026-08-28,P10-XL-INDIGO,9,0,0,0,0,9
2026-08-28,P10-XL-BLACK,9,0,0,0,0,9
2026-08-28,P11-XS-WHITE,11,0,0,0,0,11
2026-08-28,P11-XS-LAVENDER,13,0,1,0,0,12
2026-08-28,P11-XS-BLACK,17,0,2,0,0,15
2026-08-28,P11-S-WHITE,12,0,1,0,0,11
2026-08-28,P11-S-LAVENDER,3,0,2,0,0,1
2026-08-28,P11-S-BLACK,9,0,0,0,0,9
2026-08-28,P11-M-WHITE,17,0,2,0,0,15
2026-08-28,P11-M-LAVENDER,16,0,3,0,0,13
2026-08-28,P11-M-BLACK,15,0,0,0,0,15
2026-08-28,P11-L-WHITE,16,0,1,0,0,15
2026-08-28,P11-L-LAVENDER,17,0,0,0,0,17
2026-08-28,P11-L-BLACK,10,0,0,0,0,10
2026-08-28,P12-XS-RED,10,0,0,0,0,10
2026-08-28,P12-XS-BLUE,10,0,0,0,0,10
2026-08-28,P12-XS-WHITE,7,0,1,0,0,6
2026-08-28,P12-S-RED,10,0,1,0,0,9
2026-08-28,P12-S-BLUE,15,0,0,0,0,15
2026-08-28,P12-S-WHITE,5,0,1,0,0,4
2026-08-28,P12-M-RED,3,0,1,0,0,2
2026-08-28,P12-M-BLUE,8,0,0,0,0,8
2026-08-28,P12-M-WHITE,6,0,2,0,0,4
2026-08-28,P12-L-RED,9,0,0,0,0,9
2026-08-28,P12-L-BLUE,9,0,0,0,0,9
2026-08-28,P12-L-WHITE,5,0,5,0,0,0
2026-08-28,P12-XL-RED,2,19,0,0,0,21
2026-08-28,P12-XL-BLUE,6,0,0,0,0,6
2026-08-28,P12-XL-WHITE,14,0,0,0,0,14
2026-08-28,P13-S-WINE,21,0,0,0,0,21
2026-08-28,P13-S-EMERALD,27,0,0,0,0,27
2026-08-28,P13-S-NAVY,21,0,0,0,0,21
2026-08-28,P13-M-WINE,29,0,0,0,0,29
2026-08-28,P13-M-EMERALD,23,0,0,0,0,23
2026-08-28,P13-M-NAVY,29,0,0,0,0,29
2026-08-28,P13-L-WINE,22,0,0,0,0,22
2026-08-28,P13-L-EMERALD,25,0,0,0,0,25
2026-08-28,P13-L-NAVY,23,0,0,0,0,23
2026-08-28,P13-XL-WINE,28,0,0,0,0,28
2026-08-28,P13-XL-EMERALD,27,0,0,0,0,27
2026-08-28,P13-XL-NAVY,25,0,0,0,0,25
2026-08-28,P14-XS-TEAL,12,0,0,0,0,12
2026-08-28,P14-XS-MUSTARD,13,0,0,0,0,13
2026-08-28,P14-XS-MAROON,10,0,0,0,0,10
2026-08-28,P14-S-TEAL,12,0,2,0,0,10
2026-08-28,P14-S-MUSTARD,12,0,1,0,0,11
2026-08-28,P14-S-MAROON,16,0,1,0,0,15
2026-08-28,P14-M-TEAL,9,0,0,0,0,9
2026-08-28,P14-M-MUSTARD,11,0,1,0,0,10
2026-08-28,P14-M-MAROON,3,0,0,0,0,3
2026-08-28,P14-L-TEAL,15,0,0,0,0,15
2026-08-28,P14-L-MUSTARD,12,0,0,0,0,12
2026-08-28,P14-L-MAROON,20,0,0,0,0,20
2026-08-28,P14-XL-TEAL,11,0,1,0,0,10
2026-08-28,P14-XL-MUSTARD,12,0,0,0,0,12
2026-08-28,P14-XL-MAROON,7,0,0,0,0,7
2026-08-28,P15-23Y-YELLOW,19,0,0,0,0,19
2026-08-28,P15-23Y-BLUE,5,0,0,0,0,5
2026-08-28,P15-23Y-RED,13,0,0,0,0,13
2026-08-28,P15-45Y-YELLOW,7,0,1,0,0,6
2026-08-28,P15-45Y-BLUE,13,0,1,0,0,12
2026-08-28,P15-45Y-RED,7,0,0,0,0,7
2026-08-28,P15-67Y-YELLOW,19,0,1,0,0,18
2026-08-28,P15-67Y-BLUE,18,0,0,0,0,18
2026-08-28,P15-67Y-RED,14,0,0,0,0,14
2026-08-28,P15-89Y-YELLOW,15,0,0,0,0,15
2026-08-28,P15-89Y-BLUE,17,0,0,0,0,17
2026-08-28,P15-89Y-RED,3,15,0,0,0,18
2026-08-28,P16-23Y-BLUE,9,0,0,0,0,9
2026-08-28,P16-23Y-BLACK,17,0,0,0,0,17
2026-08-28,P16-45Y-BLUE,4,0,0,0,0,4
2026-08-28,P16-45Y-BLACK,10,0,1,0,0,9
2026-08-28,P16-67Y-BLUE,15,0,0,0,0,15
2026-08-28,P16-67Y-BLACK,6,0,1,0,0,5
2026-08-28,P16-89Y-BLUE,7,0,0,0,0,7
2026-08-28,P16-89Y-BLACK,5,0,1,0,0,4
2026-08-28,P17-23Y-MAROON,9,0,0,0,0,9
2026-08-28,P17-23Y-MUSTARD,12,0,0,0,0,12
2026-08-28,P17-23Y-GREEN,7,0,2,0,0,5
2026-08-28,P17-45Y-MAROON,6,0,0,0,0,6
2026-08-28,P17-45Y-MUSTARD,4,0,1,0,0,3
2026-08-28,P17-45Y-GREEN,5,0,1,0,0,4
2026-08-28,P17-67Y-MAROON,19,0,0,0,0,19
2026-08-28,P17-67Y-MUSTARD,17,0,0,0,0,17
2026-08-28,P17-67Y-GREEN,13,0,0,0,0,13
2026-08-28,P17-89Y-MAROON,5,0,0,0,0,5
2026-08-28,P17-89Y-MUSTARD,3,13,0,0,0,16
2026-08-28,P17-89Y-GREEN,12,0,0,0,0,12
2026-08-28,P18-23Y-PINK,4,0,0,0,0,4
2026-08-28,P18-23Y-PEACH,5,0,0,0,0,5
2026-08-28,P18-23Y-MINT,6,0,0,0,0,6
2026-08-28,P18-45Y-PINK,4,17,0,0,0,21
2026-08-28,P18-45Y-PEACH,9,0,0,0,0,9
2026-08-28,P18-45Y-MINT,5,0,0,0,0,5
2026-08-28,P18-67Y-PINK,6,0,0,0,0,6
2026-08-28,P18-67Y-PEACH,11,0,0,0,0,11
2026-08-28,P18-67Y-MINT,9,0,0,0,0,9
2026-08-28,P18-89Y-PINK,10,0,0,0,0,10
2026-08-28,P18-89Y-PEACH,7,0,1,0,0,6
2026-08-28,P18-89Y-MINT,8,0,0,0,0,8
2026-08-28,P19-23Y-GREY,13,0,0,0,0,13
2026-08-28,P19-23Y-NAVY,9,0,1,0,0,8
2026-08-28,P19-23Y-BLACK,6,0,0,0,0,6
2026-08-28,P19-45Y-GREY,12,0,0,0,0,12
2026-08-28,P19-45Y-NAVY,18,0,0,0,0,18
2026-08-28,P19-45Y-BLACK,12,0,2,0,0,10
2026-08-28,P19-67Y-GREY,16,0,0,0,0,16
2026-08-28,P19-67Y-NAVY,11,0,1,0,0,10
2026-08-28,P19-67Y-BLACK,17,0,1,0,0,16
2026-08-28,P19-89Y-GREY,9,0,0,0,0,9
2026-08-28,P19-89Y-NAVY,10,0,1,0,0,9
2026-08-28,P19-89Y-BLACK,19,0,0,0,0,19
2026-08-28,P20-7-WHITE,5,0,4,0,0,1
2026-08-28,P20-7-BLACK,14,0,1,0,0,13
2026-08-28,P20-7-GREY,13,0,2,0,0,11
2026-08-28,P20-8-WHITE,11,0,0,0,0,11
2026-08-28,P20-8-BLACK,13,0,4,0,0,9
2026-08-28,P20-8-GREY,18,0,1,0,0,17
2026-08-28,P20-9-WHITE,16,0,0,0,0,16
2026-08-28,P20-9-BLACK,19,0,0,0,0,19
2026-08-28,P20-9-GREY,19,0,2,0,0,17
2026-08-28,P20-10-WHITE,5,0,0,0,0,5
2026-08-28,P20-10-BLACK,17,0,0,0,0,17
2026-08-28,P20-10-GREY,12,0,0,0,0,12
2026-08-28,P21-4-TAN,9,0,1,0,0,8
2026-08-28,P21-4-BLACK,11,0,1,0,0,10
2026-08-28,P21-4-GOLD,5,0,0,0,0,5
2026-08-28,P21-5-TAN,13,0,0,0,0,13
2026-08-28,P21-5-BLACK,20,0,0,0,0,20
2026-08-28,P21-5-GOLD,6,0,0,0,0,6
2026-08-28,P21-6-TAN,14,0,0,0,0,14
2026-08-28,P21-6-BLACK,18,0,0,0,0,18
2026-08-28,P21-6-GOLD,16,0,0,0,0,16
2026-08-28,P21-7-TAN,16,0,0,0,0,16
2026-08-28,P21-7-BLACK,6,0,0,0,0,6
2026-08-28,P21-7-GOLD,7,0,0,0,0,7
2026-08-28,P21-8-TAN,12,0,0,0,0,12
2026-08-28,P21-8-BLACK,5,0,0,0,0,5
2026-08-28,P21-8-GOLD,8,0,2,0,0,6
2026-08-28,P22-10C-BLUE,10,0,0,0,0,10
2026-08-28,P22-10C-PINK,5,0,0,0,0,5
2026-08-28,P22-10C-BLACK,8,0,0,0,0,8
2026-08-28,P22-11C-BLUE,6,0,0,0,0,6
2026-08-28,P22-11C-PINK,5,0,0,0,0,5
2026-08-28,P22-11C-BLACK,14,0,0,0,0,14
2026-08-28,P22-12C-BLUE,7,0,0,0,0,7
2026-08-28,P22-12C-PINK,14,0,0,0,0,14
2026-08-28,P22-12C-BLACK,5,0,0,0,0,5
2026-08-28,P22-13C-BLUE,19,0,0,0,0,19
2026-08-28,P22-13C-PINK,18,0,0,0,0,18
2026-08-28,P22-13C-BLACK,17,0,0,0,0,17
2026-08-28,P22-1Y-BLUE,17,0,0,0,0,17
2026-08-28,P22-1Y-PINK,12,0,0,0,0,12
2026-08-28,P22-1Y-BLACK,6,0,0,0,0,6
2026-08-28,P23-7-BLACK,12,0,2,0,0,10
2026-08-28,P23-7-NAVY,11,0,0,0,0,11
2026-08-28,P23-7-GREY,17,0,2,0,0,15
2026-08-28,P23-8-BLACK,17,0,0,0,0,17
2026-08-28,P23-8-NAVY,8,0,0,0,0,8
2026-08-28,P23-8-GREY,15,0,0,0,0,15
2026-08-28,P23-9-BLACK,20,0,0,0,0,20
2026-08-28,P23-9-NAVY,16,0,0,0,0,16
2026-08-28,P23-9-GREY,4,0,0,0,0,4
2026-08-28,P23-10-BLACK,10,0,1,0,0,9
2026-08-28,P23-10-NAVY,19,0,0,0,0,19
2026-08-28,P23-10-GREY,16,0,1,0,0,15
2026-08-28,P24-ONESIZE-BLACK,6,0,1,0,0,5
2026-08-28,P24-ONESIZE-TAN,11,0,2,0,0,9
2026-08-28,P24-ONESIZE-MAROON,6,0,0,0,0,6
2026-08-28,P25-ONESIZE-BLACK,5,0,0,0,0,5
2026-08-28,P25-ONESIZE-PINK,14,0,1,0,0,13
2026-08-28,P25-ONESIZE-BEIGE,6,0,0,0,0,6
2026-08-28,P26-32-BLACK,8,0,0,0,0,8
2026-08-28,P26-32-BROWN,10,0,1,0,0,9
2026-08-28,P26-34-BLACK,19,0,0,0,0,19
2026-08-28,P26-34-BROWN,7,0,0,0,0,7
2026-08-28,P26-36-BLACK,11,0,0,0,0,11
2026-08-28,P26-36-BROWN,5,0,2,0,0,3
2026-08-28,P26-38-BLACK,5,0,1,0,0,4
2026-08-28,P26-38-BROWN,14,0,0,0,0,14
2026-08-28,P27-ONESIZE-BLACK,11,0,0,0,0,11
2026-08-28,P27-ONESIZE-BROWN,3,16,0,0,0,19
2026-08-28,P27-ONESIZE-TAN,9,0,0,0,0,9
2026-08-28,P28-ONESIZE-MULTICOL,20,0,0,0,0,20
2026-08-28,P28-ONESIZE-PINK,13,0,3,0,0,10
2026-08-28,P28-ONESIZE-BLACK,19,0,0,0,0,19
2026-08-28,P29-ONESIZE-BLACK,7,0,1,0,0,6
2026-08-28,P29-ONESIZE-NAVY,8,0,0,0,0,8
2026-08-28,P29-ONESIZE-BEIGE,22,0,1,0,0,21
2026-08-28,P30-ONESIZE-FLORAL,22,0,1,0,0,21
2026-08-28,P30-ONESIZE-MAROON,22,0,0,0,0,22
2026-08-28,P30-ONESIZE-TEAL,22,0,0,0,0,22
2026-08-28,P31-ONESIZE-RED,10,0,4,0,0,6
2026-08-28,P31-ONESIZE-MUSTARD,4,0,0,0,0,4
2026-08-28,P31-ONESIZE-GREEN,8,0,0,0,0,8
2026-08-28,P32-4-BLACK,5,0,1,0,0,4
2026-08-28,P32-4-BEIGE,18,0,1,0,0,17
2026-08-28,P32-4-SILVER,7,0,0,0,0,7
2026-08-28,P32-5-BLACK,14,0,0,0,0,14
2026-08-28,P32-5-BEIGE,10,0,0,0,0,10
2026-08-28,P32-5-SILVER,10,0,0,0,0,10
2026-08-28,P32-6-BLACK,13,0,0,0,0,13
2026-08-28,P32-6-BEIGE,9,0,0,0,0,9
2026-08-28,P32-6-SILVER,18,0,1,0,0,17
2026-08-28,P32-7-BLACK,16,0,2,0,0,14
2026-08-28,P32-7-BEIGE,7,0,1,0,0,6
2026-08-28,P32-7-SILVER,16,0,0,0,0,16
2026-08-28,P32-8-BLACK,5,0,0,0,0,5
2026-08-28,P32-8-BEIGE,19,0,2,0,0,17
2026-08-28,P32-8-SILVER,18,0,0,0,0,18
2026-08-29,P01-S-WHITE,10,0,0,0,0,10
2026-08-29,P01-S-BLACK,14,0,0,0,0,14
2026-08-29,P01-S-NAVY,11,0,0,0,0,11
2026-08-29,P01-S-OLIVE,14,0,1,0,0,13
2026-08-29,P01-M-WHITE,14,0,6,0,0,8
2026-08-29,P01-M-BLACK,11,0,3,0,0,8
2026-08-29,P01-M-NAVY,13,0,1,0,0,12
2026-08-29,P01-M-OLIVE,14,0,2,0,0,12
2026-08-29,P01-L-WHITE,12,0,1,0,0,11
2026-08-29,P01-L-BLACK,13,0,3,0,0,10
2026-08-29,P01-L-NAVY,11,0,4,0,0,7
2026-08-29,P01-L-OLIVE,11,0,0,0,0,11
2026-08-29,P01-XL-WHITE,13,0,2,0,0,11
2026-08-29,P01-XL-BLACK,5,0,2,0,0,3
2026-08-29,P01-XL-NAVY,20,0,0,0,0,20
2026-08-29,P01-XL-OLIVE,13,0,2,0,0,11
2026-08-29,P02-S-NAVY,14,0,0,0,0,14
2026-08-29,P02-S-MAROON,7,0,0,0,0,7
2026-08-29,P02-S-GREY,11,0,0,0,0,11
2026-08-29,P02-M-NAVY,19,0,2,0,0,17
2026-08-29,P02-M-MAROON,14,0,0,0,0,14
2026-08-29,P02-M-GREY,3,16,0,0,0,19
2026-08-29,P02-L-NAVY,16,0,1,0,0,15
2026-08-29,P02-L-MAROON,13,0,0,0,0,13
2026-08-29,P02-L-GREY,15,0,5,0,0,10
2026-08-29,P02-XL-NAVY,18,0,1,0,0,17
2026-08-29,P02-XL-MAROON,14,0,0,0,0,14
2026-08-29,P02-XL-GREY,9,0,0,0,0,9
2026-08-29,P03-30-NAVY,12,0,2,0,0,10
2026-08-29,P03-30-BLACK,13,0,1,0,0,12
2026-08-29,P03-30-LIGHTBLU,6,0,0,0,0,6
2026-08-29,P03-32-NAVY,12,0,0,0,0,12
2026-08-29,P03-32-BLACK,13,0,3,0,0,10
2026-08-29,P03-32-LIGHTBLU,5,0,0,0,0,5
2026-08-29,P03-34-NAVY,8,0,0,0,0,8
2026-08-29,P03-34-BLACK,6,0,2,0,0,4
2026-08-29,P03-34-LIGHTBLU,5,0,1,0,0,4
2026-08-29,P03-36-NAVY,26,0,1,0,0,25
2026-08-29,P03-36-BLACK,26,0,1,0,0,25
2026-08-29,P03-36-LIGHTBLU,29,0,0,0,0,29
2026-08-29,P04-30-BEIGE,16,0,0,0,0,16
2026-08-29,P04-30-OLIVE,5,0,1,0,0,4
2026-08-29,P04-30-NAVY,21,0,1,0,0,20
2026-08-29,P04-32-BEIGE,12,0,1,0,0,11
2026-08-29,P04-32-OLIVE,6,0,1,0,0,5
2026-08-29,P04-32-NAVY,4,15,0,0,0,19
2026-08-29,P04-34-BEIGE,13,0,1,0,0,12
2026-08-29,P04-34-OLIVE,13,0,0,0,0,13
2026-08-29,P04-34-NAVY,2,17,1,0,0,18
2026-08-29,P04-36-BEIGE,3,0,0,0,0,3
2026-08-29,P04-36-OLIVE,15,0,1,0,0,14
2026-08-29,P04-36-NAVY,13,0,0,0,0,13
2026-08-29,P05-S-WHITE,5,0,0,0,0,5
2026-08-29,P05-S-BLUE,10,0,0,0,0,10
2026-08-29,P05-S-GREY,10,0,0,0,0,10
2026-08-29,P05-M-WHITE,11,0,1,0,0,10
2026-08-29,P05-M-BLUE,18,0,0,0,0,18
2026-08-29,P05-M-GREY,8,0,0,0,0,8
2026-08-29,P05-L-WHITE,15,0,3,0,0,12
2026-08-29,P05-L-BLUE,9,0,0,0,0,9
2026-08-29,P05-L-GREY,12,0,1,0,0,11
2026-08-29,P05-XL-WHITE,15,0,0,0,0,15
2026-08-29,P05-XL-BLUE,3,0,0,0,0,3
2026-08-29,P05-XL-GREY,5,0,0,0,0,5
2026-08-29,P06-S-BLACK,18,0,1,0,0,17
2026-08-29,P06-S-WHITE,6,0,1,0,0,5
2026-08-29,P06-S-RED,17,0,0,0,0,17
2026-08-29,P06-M-BLACK,14,0,0,0,0,14
2026-08-29,P06-M-WHITE,13,0,1,0,0,12
2026-08-29,P06-M-RED,6,0,5,0,0,1
2026-08-29,P06-L-BLACK,13,0,0,0,0,13
2026-08-29,P06-L-WHITE,11,0,3,0,0,8
2026-08-29,P06-L-RED,18,0,1,0,0,17
2026-08-29,P06-XL-BLACK,9,0,0,0,0,9
2026-08-29,P06-XL-WHITE,5,0,1,0,0,4
2026-08-29,P06-XL-RED,14,0,0,0,0,14
2026-08-29,P07-XS-MUSTARD,11,0,0,0,0,11
2026-08-29,P07-XS-TEAL,8,0,1,0,0,7
2026-08-29,P07-XS-MAROON,7,0,0,0,0,7
2026-08-29,P07-S-MUSTARD,11,0,1,0,0,10
2026-08-29,P07-S-TEAL,12,0,1,0,0,11
2026-08-29,P07-S-MAROON,15,0,0,0,0,15
2026-08-29,P07-M-MUSTARD,0,0,0,0,0,0
2026-08-29,P07-M-TEAL,6,0,1,0,0,5
2026-08-29,P07-M-MAROON,0,0,0,0,0,0
2026-08-29,P07-L-MUSTARD,6,0,4,0,0,2
2026-08-29,P07-L-TEAL,17,0,2,0,0,15
2026-08-29,P07-L-MAROON,1,13,3,0,0,11
2026-08-29,P07-XL-MUSTARD,11,0,2,0,0,9
2026-08-29,P07-XL-TEAL,4,0,0,0,0,4
2026-08-29,P07-XL-MAROON,13,0,2,0,0,11
2026-08-29,P08-XS-PINK,9,0,0,0,0,9
2026-08-29,P08-XS-BLUE,15,0,0,0,0,15
2026-08-29,P08-XS-GREEN,10,0,0,0,0,10
2026-08-29,P08-S-PINK,5,0,0,0,0,5
2026-08-29,P08-S-BLUE,6,0,0,0,0,6
2026-08-29,P08-S-GREEN,5,0,0,0,0,5
2026-08-29,P08-M-PINK,14,0,0,0,0,14
2026-08-29,P08-M-BLUE,15,0,0,0,0,15
2026-08-29,P08-M-GREEN,4,0,2,0,0,2
2026-08-29,P08-L-PINK,11,0,1,0,0,10
2026-08-29,P08-L-BLUE,19,0,0,0,0,19
2026-08-29,P08-L-GREEN,11,0,0,0,0,11
2026-08-29,P08-XL-PINK,5,0,0,0,0,5
2026-08-29,P08-XL-BLUE,10,0,1,0,0,9
2026-08-29,P08-XL-GREEN,7,0,0,0,0,7
2026-08-29,P09-XS-BLACK,7,0,0,0,0,7
2026-08-29,P09-XS-BEIGE,6,0,0,0,0,6
2026-08-29,P09-XS-NAVY,9,0,0,0,0,9
2026-08-29,P09-S-BLACK,7,0,0,0,0,7
2026-08-29,P09-S-BEIGE,7,0,2,0,0,5
2026-08-29,P09-S-NAVY,3,14,0,0,0,17
2026-08-29,P09-M-BLACK,13,0,0,0,0,13
2026-08-29,P09-M-BEIGE,9,0,2,0,0,7
2026-08-29,P09-M-NAVY,20,0,2,0,0,18
2026-08-29,P09-L-BLACK,10,0,3,0,0,7
2026-08-29,P09-L-BEIGE,11,0,1,0,0,10
2026-08-29,P09-L-NAVY,20,0,3,0,0,17
2026-08-29,P09-XL-BLACK,6,0,0,0,0,6
2026-08-29,P09-XL-BEIGE,9,0,0,0,0,9
2026-08-29,P09-XL-NAVY,8,0,0,0,0,8
2026-08-29,P10-XS-INDIGO,10,0,0,0,0,10
2026-08-29,P10-XS-BLACK,5,0,0,0,0,5
2026-08-29,P10-S-INDIGO,12,0,0,0,0,12
2026-08-29,P10-S-BLACK,7,0,2,0,0,5
2026-08-29,P10-M-INDIGO,11,0,2,0,0,9
2026-08-29,P10-M-BLACK,11,0,4,0,0,7
2026-08-29,P10-L-INDIGO,15,0,2,0,0,13
2026-08-29,P10-L-BLACK,11,0,2,0,0,9
2026-08-29,P10-XL-INDIGO,9,0,2,0,0,7
2026-08-29,P10-XL-BLACK,9,0,1,0,0,8
2026-08-29,P11-XS-WHITE,11,0,0,0,0,11
2026-08-29,P11-XS-LAVENDER,12,0,1,0,0,11
2026-08-29,P11-XS-BLACK,15,0,2,0,0,13
2026-08-29,P11-S-WHITE,11,0,1,0,0,10
2026-08-29,P11-S-LAVENDER,1,13,3,0,0,11
2026-08-29,P11-S-BLACK,9,0,0,0,0,9
2026-08-29,P11-M-WHITE,15,0,0,0,0,15
2026-08-29,P11-M-LAVENDER,13,0,1,0,0,12
2026-08-29,P11-M-BLACK,15,0,0,0,0,15
2026-08-29,P11-L-WHITE,15,0,3,0,0,12
2026-08-29,P11-L-LAVENDER,17,0,1,0,0,16
2026-08-29,P11-L-BLACK,10,0,2,0,0,8
2026-08-29,P12-XS-RED,10,0,1,0,0,9
2026-08-29,P12-XS-BLUE,10,0,1,0,0,9
2026-08-29,P12-XS-WHITE,6,0,2,0,0,4
2026-08-29,P12-S-RED,9,0,0,0,0,9
2026-08-29,P12-S-BLUE,15,0,0,0,0,15
2026-08-29,P12-S-WHITE,4,0,0,0,0,4
2026-08-29,P12-M-RED,2,16,0,0,0,18
2026-08-29,P12-M-BLUE,8,0,4,0,0,4
2026-08-29,P12-M-WHITE,4,0,1,0,0,3
2026-08-29,P12-L-RED,9,0,2,0,0,7
2026-08-29,P12-L-BLUE,9,0,3,0,0,6
2026-08-29,P12-L-WHITE,0,0,0,0,0,0
2026-08-29,P12-XL-RED,21,0,3,0,0,18
2026-08-29,P12-XL-BLUE,6,0,0,0,0,6
2026-08-29,P12-XL-WHITE,14,0,0,0,0,14
2026-08-29,P13-S-WINE,21,0,0,0,0,21
2026-08-29,P13-S-EMERALD,27,0,0,0,0,27
2026-08-29,P13-S-NAVY,21,0,0,0,0,21
2026-08-29,P13-M-WINE,29,0,0,0,0,29
2026-08-29,P13-M-EMERALD,23,0,0,0,0,23
2026-08-29,P13-M-NAVY,29,0,0,0,0,29
2026-08-29,P13-L-WINE,22,0,0,0,0,22
2026-08-29,P13-L-EMERALD,25,0,0,0,0,25
2026-08-29,P13-L-NAVY,23,0,0,0,0,23
2026-08-29,P13-XL-WINE,28,0,0,0,0,28
2026-08-29,P13-XL-EMERALD,27,0,0,0,0,27
2026-08-29,P13-XL-NAVY,25,0,0,0,0,25
2026-08-29,P14-XS-TEAL,12,0,0,0,0,12
2026-08-29,P14-XS-MUSTARD,13,0,0,0,0,13
2026-08-29,P14-XS-MAROON,10,0,0,0,0,10
2026-08-29,P14-S-TEAL,10,0,0,0,0,10
2026-08-29,P14-S-MUSTARD,11,0,1,0,0,10
2026-08-29,P14-S-MAROON,15,0,0,0,0,15
2026-08-29,P14-M-TEAL,9,0,2,0,0,7
2026-08-29,P14-M-MUSTARD,10,0,1,0,0,9
2026-08-29,P14-M-MAROON,3,14,0,0,0,17
2026-08-29,P14-L-TEAL,15,0,0,0,0,15
2026-08-29,P14-L-MUSTARD,12,0,0,0,0,12
2026-08-29,P14-L-MAROON,20,0,5,0,0,15
2026-08-29,P14-XL-TEAL,10,0,0,0,0,10
2026-08-29,P14-XL-MUSTARD,12,0,2,0,0,10
2026-08-29,P14-XL-MAROON,7,0,0,0,0,7
2026-08-29,P15-23Y-YELLOW,19,0,0,0,0,19
2026-08-29,P15-23Y-BLUE,5,0,0,0,0,5
2026-08-29,P15-23Y-RED,13,0,0,0,0,13
2026-08-29,P15-45Y-YELLOW,6,0,1,0,0,5
2026-08-29,P15-45Y-BLUE,12,0,0,0,0,12
2026-08-29,P15-45Y-RED,7,0,1,0,0,6
2026-08-29,P15-67Y-YELLOW,18,0,0,0,0,18
2026-08-29,P15-67Y-BLUE,18,0,0,0,0,18
2026-08-29,P15-67Y-RED,14,0,0,0,0,14
2026-08-29,P15-89Y-YELLOW,15,0,0,0,0,15
2026-08-29,P15-89Y-BLUE,17,0,0,0,0,17
2026-08-29,P15-89Y-RED,18,0,1,0,0,17
2026-08-29,P16-23Y-BLUE,9,0,0,0,0,9
2026-08-29,P16-23Y-BLACK,17,0,1,0,0,16
2026-08-29,P16-45Y-BLUE,4,12,1,0,0,15
2026-08-29,P16-45Y-BLACK,9,0,0,0,0,9
2026-08-29,P16-67Y-BLUE,15,0,0,0,0,15
2026-08-29,P16-67Y-BLACK,5,0,0,0,0,5
2026-08-29,P16-89Y-BLUE,7,0,2,0,0,5
2026-08-29,P16-89Y-BLACK,4,17,2,0,0,19
2026-08-29,P17-23Y-MAROON,9,0,0,0,0,9
2026-08-29,P17-23Y-MUSTARD,12,0,0,0,0,12
2026-08-29,P17-23Y-GREEN,5,0,0,0,0,5
2026-08-29,P17-45Y-MAROON,6,0,0,0,0,6
2026-08-29,P17-45Y-MUSTARD,3,12,0,0,0,15
2026-08-29,P17-45Y-GREEN,4,0,0,0,0,4
2026-08-29,P17-67Y-MAROON,19,0,0,0,0,19
2026-08-29,P17-67Y-MUSTARD,17,0,2,0,0,15
2026-08-29,P17-67Y-GREEN,13,0,0,0,0,13
2026-08-29,P17-89Y-MAROON,5,0,0,0,0,5
2026-08-29,P17-89Y-MUSTARD,16,0,1,0,0,15
2026-08-29,P17-89Y-GREEN,12,0,0,0,0,12
2026-08-29,P18-23Y-PINK,4,0,0,0,0,4
2026-08-29,P18-23Y-PEACH,5,0,1,0,0,4
2026-08-29,P18-23Y-MINT,6,0,0,0,0,6
2026-08-29,P18-45Y-PINK,21,0,0,0,0,21
2026-08-29,P18-45Y-PEACH,9,0,0,0,0,9
2026-08-29,P18-45Y-MINT,5,0,0,0,0,5
2026-08-29,P18-67Y-PINK,6,0,0,0,0,6
2026-08-29,P18-67Y-PEACH,11,0,0,0,0,11
2026-08-29,P18-67Y-MINT,9,0,0,0,0,9
2026-08-29,P18-89Y-PINK,10,0,0,0,0,10
2026-08-29,P18-89Y-PEACH,6,0,0,0,0,6
2026-08-29,P18-89Y-MINT,8,0,0,0,0,8
2026-08-29,P19-23Y-GREY,13,0,0,0,0,13
2026-08-29,P19-23Y-NAVY,8,0,1,0,0,7
2026-08-29,P19-23Y-BLACK,6,0,0,0,0,6
2026-08-29,P19-45Y-GREY,12,0,0,0,0,12
2026-08-29,P19-45Y-NAVY,18,0,1,0,0,17
2026-08-29,P19-45Y-BLACK,10,0,1,0,0,9
2026-08-29,P19-67Y-GREY,16,0,0,0,0,16
2026-08-29,P19-67Y-NAVY,10,0,0,0,0,10
2026-08-29,P19-67Y-BLACK,16,0,1,0,0,15
2026-08-29,P19-89Y-GREY,9,0,0,0,0,9
2026-08-29,P19-89Y-NAVY,9,0,0,0,0,9
2026-08-29,P19-89Y-BLACK,19,0,0,0,0,19
2026-08-29,P20-7-WHITE,1,0,1,0,0,0
2026-08-29,P20-7-BLACK,13,0,1,0,0,12
2026-08-29,P20-7-GREY,11,0,0,0,0,11
2026-08-29,P20-8-WHITE,11,0,2,0,0,9
2026-08-29,P20-8-BLACK,9,0,1,0,0,8
2026-08-29,P20-8-GREY,17,0,0,0,0,17
2026-08-29,P20-9-WHITE,16,0,1,0,0,15
2026-08-29,P20-9-BLACK,19,0,1,0,0,18
2026-08-29,P20-9-GREY,17,0,0,0,0,17
2026-08-29,P20-10-WHITE,5,0,0,0,0,5
2026-08-29,P20-10-BLACK,17,0,0,0,0,17
2026-08-29,P20-10-GREY,12,0,0,0,0,12
2026-08-29,P21-4-TAN,8,0,0,0,0,8
2026-08-29,P21-4-BLACK,10,0,0,0,0,10
2026-08-29,P21-4-GOLD,5,0,0,0,0,5
2026-08-29,P21-5-TAN,13,0,0,0,0,13
2026-08-29,P21-5-BLACK,20,0,1,0,0,19
2026-08-29,P21-5-GOLD,6,0,2,0,0,4
2026-08-29,P21-6-TAN,14,0,2,0,0,12
2026-08-29,P21-6-BLACK,18,0,1,0,0,17
2026-08-29,P21-6-GOLD,16,0,1,0,0,15
2026-08-29,P21-7-TAN,16,0,0,0,0,16
2026-08-29,P21-7-BLACK,6,0,0,0,0,6
2026-08-29,P21-7-GOLD,7,0,0,0,0,7
2026-08-29,P21-8-TAN,12,0,0,0,0,12
2026-08-29,P21-8-BLACK,5,0,1,0,0,4
2026-08-29,P21-8-GOLD,6,0,1,0,0,5
2026-08-29,P22-10C-BLUE,10,0,0,0,0,10
2026-08-29,P22-10C-PINK,5,0,1,0,0,4
2026-08-29,P22-10C-BLACK,8,0,0,0,0,8
2026-08-29,P22-11C-BLUE,6,0,0,0,0,6
2026-08-29,P22-11C-PINK,5,0,1,0,0,4
2026-08-29,P22-11C-BLACK,14,0,0,0,0,14
2026-08-29,P22-12C-BLUE,7,0,0,0,0,7
2026-08-29,P22-12C-PINK,14,0,1,0,0,13
2026-08-29,P22-12C-BLACK,5,0,1,0,0,4
2026-08-29,P22-13C-BLUE,19,0,0,0,0,19
2026-08-29,P22-13C-PINK,18,0,0,0,0,18
2026-08-29,P22-13C-BLACK,17,0,0,0,0,17
2026-08-29,P22-1Y-BLUE,17,0,2,0,0,15
2026-08-29,P22-1Y-PINK,12,0,0,0,0,12
2026-08-29,P22-1Y-BLACK,6,0,0,0,0,6
2026-08-29,P23-7-BLACK,10,0,0,0,0,10
2026-08-29,P23-7-NAVY,11,0,0,0,0,11
2026-08-29,P23-7-GREY,15,0,0,0,0,15
2026-08-29,P23-8-BLACK,17,0,2,0,0,15
2026-08-29,P23-8-NAVY,8,0,0,0,0,8
2026-08-29,P23-8-GREY,15,0,2,0,0,13
2026-08-29,P23-9-BLACK,20,0,0,0,0,20
2026-08-29,P23-9-NAVY,16,0,0,0,0,16
2026-08-29,P23-9-GREY,4,12,0,0,0,16
2026-08-29,P23-10-BLACK,9,0,0,0,0,9
2026-08-29,P23-10-NAVY,19,0,0,0,0,19
2026-08-29,P23-10-GREY,15,0,4,0,0,11
2026-08-29,P24-ONESIZE-BLACK,5,0,0,0,0,5
2026-08-29,P24-ONESIZE-TAN,9,0,0,0,0,9
2026-08-29,P24-ONESIZE-MAROON,6,0,2,0,0,4
2026-08-29,P25-ONESIZE-BLACK,5,0,1,0,0,4
2026-08-29,P25-ONESIZE-PINK,13,0,0,0,0,13
2026-08-29,P25-ONESIZE-BEIGE,6,0,0,0,0,6
2026-08-29,P26-32-BLACK,8,0,2,0,0,6
2026-08-29,P26-32-BROWN,9,0,1,0,0,8
2026-08-29,P26-34-BLACK,19,0,1,0,0,18
2026-08-29,P26-34-BROWN,7,0,0,0,0,7
2026-08-29,P26-36-BLACK,11,0,0,0,0,11
2026-08-29,P26-36-BROWN,3,0,0,0,0,3
2026-08-29,P26-38-BLACK,4,14,0,0,0,18
2026-08-29,P26-38-BROWN,14,0,1,0,0,13
2026-08-29,P27-ONESIZE-BLACK,11,0,2,0,0,9
2026-08-29,P27-ONESIZE-BROWN,19,0,1,0,0,18
2026-08-29,P27-ONESIZE-TAN,9,0,1,0,0,8
2026-08-29,P28-ONESIZE-MULTICOL,20,0,3,0,0,17
2026-08-29,P28-ONESIZE-PINK,10,0,0,0,0,10
2026-08-29,P28-ONESIZE-BLACK,19,0,0,0,0,19
2026-08-29,P29-ONESIZE-BLACK,6,0,0,0,0,6
2026-08-29,P29-ONESIZE-NAVY,8,0,0,0,0,8
2026-08-29,P29-ONESIZE-BEIGE,21,0,0,0,0,21
2026-08-29,P30-ONESIZE-FLORAL,21,0,0,0,0,21
2026-08-29,P30-ONESIZE-MAROON,22,0,0,0,0,22
2026-08-29,P30-ONESIZE-TEAL,22,0,0,0,0,22
2026-08-29,P31-ONESIZE-RED,6,0,1,0,0,5
2026-08-29,P31-ONESIZE-MUSTARD,4,13,1,0,0,16
2026-08-29,P31-ONESIZE-GREEN,8,0,0,0,0,8
2026-08-29,P32-4-BLACK,4,0,1,0,0,3
2026-08-29,P32-4-BEIGE,17,0,1,0,0,16
2026-08-29,P32-4-SILVER,7,0,2,0,0,5
2026-08-29,P32-5-BLACK,14,0,2,0,0,12
2026-08-29,P32-5-BEIGE,10,0,1,0,0,9
2026-08-29,P32-5-SILVER,10,0,0,0,0,10
2026-08-29,P32-6-BLACK,13,0,1,0,0,12
2026-08-29,P32-6-BEIGE,9,0,0,0,0,9
2026-08-29,P32-6-SILVER,17,0,2,0,0,15
2026-08-29,P32-7-BLACK,14,0,2,0,0,12
2026-08-29,P32-7-BEIGE,6,0,1,0,0,5
2026-08-29,P32-7-SILVER,16,0,1,0,0,15
2026-08-29,P32-8-BLACK,5,0,0,0,0,5
2026-08-29,P32-8-BEIGE,17,0,0,0,0,17
2026-08-29,P32-8-SILVER,18,0,1,0,0,17
2026-08-30,P01-S-WHITE,10,0,1,0,0,9
2026-08-30,P01-S-BLACK,14,0,0,0,0,14
2026-08-30,P01-S-NAVY,11,0,3,0,0,8
2026-08-30,P01-S-OLIVE,13,0,0,0,0,13
2026-08-30,P01-M-WHITE,8,0,1,0,0,7
2026-08-30,P01-M-BLACK,8,0,5,0,0,3
2026-08-30,P01-M-NAVY,12,0,1,0,0,11
2026-08-30,P01-M-OLIVE,12,0,3,0,0,9
2026-08-30,P01-L-WHITE,11,0,2,0,0,9
2026-08-30,P01-L-BLACK,10,0,1,0,0,9
2026-08-30,P01-L-NAVY,7,0,3,0,0,4
2026-08-30,P01-L-OLIVE,11,0,4,0,0,7
2026-08-30,P01-XL-WHITE,11,0,1,0,0,10
2026-08-30,P01-XL-BLACK,3,19,3,0,0,19
2026-08-30,P01-XL-NAVY,20,0,1,0,0,19
2026-08-30,P01-XL-OLIVE,11,0,0,0,0,11
2026-08-30,P02-S-NAVY,14,0,0,0,0,14
2026-08-30,P02-S-MAROON,7,0,1,0,0,6
2026-08-30,P02-S-GREY,11,0,2,0,0,9
2026-08-30,P02-M-NAVY,17,0,1,0,0,16
2026-08-30,P02-M-MAROON,14,0,0,0,0,14
2026-08-30,P02-M-GREY,19,0,1,0,0,18
2026-08-30,P02-L-NAVY,15,0,3,0,0,12
2026-08-30,P02-L-MAROON,13,0,1,0,0,12
2026-08-30,P02-L-GREY,10,0,0,0,0,10
2026-08-30,P02-XL-NAVY,17,0,1,0,0,16
2026-08-30,P02-XL-MAROON,14,0,0,0,0,14
2026-08-30,P02-XL-GREY,9,0,1,0,0,8
2026-08-30,P03-30-NAVY,10,0,1,0,0,9
2026-08-30,P03-30-BLACK,12,0,1,0,0,11
2026-08-30,P03-30-LIGHTBLU,6,0,0,0,0,6
2026-08-30,P03-32-NAVY,12,0,3,0,0,9
2026-08-30,P03-32-BLACK,10,0,1,0,0,9
2026-08-30,P03-32-LIGHTBLU,5,0,0,0,0,5
2026-08-30,P03-34-NAVY,8,0,0,0,0,8
2026-08-30,P03-34-BLACK,4,13,4,0,0,13
2026-08-30,P03-34-LIGHTBLU,4,0,0,0,0,4
2026-08-30,P03-36-NAVY,25,0,0,0,0,25
2026-08-30,P03-36-BLACK,25,0,0,0,0,25
2026-08-30,P03-36-LIGHTBLU,29,0,0,0,0,29
2026-08-30,P04-30-BEIGE,16,0,0,0,0,16
2026-08-30,P04-30-OLIVE,4,18,0,0,0,22
2026-08-30,P04-30-NAVY,20,0,1,0,0,19
2026-08-30,P04-32-BEIGE,11,0,0,0,0,11
2026-08-30,P04-32-OLIVE,5,0,0,0,0,5
2026-08-30,P04-32-NAVY,19,0,1,0,0,18
2026-08-30,P04-34-BEIGE,12,0,0,0,0,12
2026-08-30,P04-34-OLIVE,13,0,0,0,0,13
2026-08-30,P04-34-NAVY,18,0,0,0,0,18
2026-08-30,P04-36-BEIGE,3,0,2,0,0,1
2026-08-30,P04-36-OLIVE,14,0,1,0,0,13
2026-08-30,P04-36-NAVY,13,0,1,0,0,12
2026-08-30,P05-S-WHITE,5,0,0,0,0,5
2026-08-30,P05-S-BLUE,10,0,0,0,0,10
2026-08-30,P05-S-GREY,10,0,0,0,0,10
2026-08-30,P05-M-WHITE,10,0,1,0,0,9
2026-08-30,P05-M-BLUE,18,0,1,0,0,17
2026-08-30,P05-M-GREY,8,0,3,0,0,5
2026-08-30,P05-L-WHITE,12,0,1,0,0,11
2026-08-30,P05-L-BLUE,9,0,0,0,0,9
2026-08-30,P05-L-GREY,11,0,0,0,0,11
2026-08-30,P05-XL-WHITE,15,0,0,0,0,15
2026-08-30,P05-XL-BLUE,3,17,1,0,0,19
2026-08-30,P05-XL-GREY,5,0,1,0,0,4
2026-08-30,P06-S-BLACK,17,0,0,0,0,17
2026-08-30,P06-S-WHITE,5,0,0,0,0,5
2026-08-30,P06-S-RED,17,0,0,0,0,17
2026-08-30,P06-M-BLACK,14,0,1,0,0,13
2026-08-30,P06-M-WHITE,12,0,1,0,0,11
2026-08-30,P06-M-RED,1,14,2,0,0,13
2026-08-30,P06-L-BLACK,13,0,5,0,0,8
2026-08-30,P06-L-WHITE,8,0,4,0,0,4
2026-08-30,P06-L-RED,17,0,5,0,0,12
2026-08-30,P06-XL-BLACK,9,0,1,0,0,8
2026-08-30,P06-XL-WHITE,4,0,0,0,0,4
2026-08-30,P06-XL-RED,14,0,0,0,0,14
2026-08-30,P07-XS-MUSTARD,11,0,1,0,0,10
2026-08-30,P07-XS-TEAL,7,0,0,0,0,7
2026-08-30,P07-XS-MAROON,7,0,0,0,0,7
2026-08-30,P07-S-MUSTARD,10,0,0,0,0,10
2026-08-30,P07-S-TEAL,11,0,0,0,0,11
2026-08-30,P07-S-MAROON,15,0,0,0,0,15
2026-08-30,P07-M-MUSTARD,0,7,1,0,0,6
2026-08-30,P07-M-TEAL,5,0,0,0,0,5
2026-08-30,P07-M-MAROON,0,8,0,0,0,8
2026-08-30,P07-L-MUSTARD,2,20,1,0,0,21
2026-08-30,P07-L-TEAL,15,0,2,0,0,13
2026-08-30,P07-L-MAROON,11,0,5,0,0,6
2026-08-30,P07-XL-MUSTARD,9,0,0,0,0,9
2026-08-30,P07-XL-TEAL,4,14,0,0,0,18
2026-08-30,P07-XL-MAROON,11,0,0,0,0,11
2026-08-30,P08-XS-PINK,9,0,0,0,0,9
2026-08-30,P08-XS-BLUE,15,0,2,0,0,13
2026-08-30,P08-XS-GREEN,10,0,0,0,0,10
2026-08-30,P08-S-PINK,5,0,1,0,0,4
2026-08-30,P08-S-BLUE,6,0,1,0,0,5
2026-08-30,P08-S-GREEN,5,0,1,0,0,4
2026-08-30,P08-M-PINK,14,0,0,0,0,14
2026-08-30,P08-M-BLUE,15,0,0,0,0,15
2026-08-30,P08-M-GREEN,2,13,0,0,0,15
2026-08-30,P08-L-PINK,10,0,0,0,0,10
2026-08-30,P08-L-BLUE,19,0,2,0,0,17
2026-08-30,P08-L-GREEN,11,0,0,0,0,11
2026-08-30,P08-XL-PINK,5,0,1,0,0,4
2026-08-30,P08-XL-BLUE,9,0,0,0,0,9
2026-08-30,P08-XL-GREEN,7,0,1,0,0,6
2026-08-30,P09-XS-BLACK,7,0,0,0,0,7
2026-08-30,P09-XS-BEIGE,6,0,0,0,0,6
2026-08-30,P09-XS-NAVY,9,0,0,0,0,9
2026-08-30,P09-S-BLACK,7,0,0,0,0,7
2026-08-30,P09-S-BEIGE,5,0,0,0,0,5
2026-08-30,P09-S-NAVY,17,0,1,0,0,16
2026-08-30,P09-M-BLACK,13,0,0,0,0,13
2026-08-30,P09-M-BEIGE,7,0,0,0,0,7
2026-08-30,P09-M-NAVY,18,0,0,0,0,18
2026-08-30,P09-L-BLACK,7,0,2,0,0,5
2026-08-30,P09-L-BEIGE,10,0,3,0,0,7
2026-08-30,P09-L-NAVY,17,0,2,0,0,15
2026-08-30,P09-XL-BLACK,6,0,0,0,0,6
2026-08-30,P09-XL-BEIGE,9,0,0,0,0,9
2026-08-30,P09-XL-NAVY,8,0,0,0,0,8
2026-08-30,P10-XS-INDIGO,10,0,0,0,0,10
2026-08-30,P10-XS-BLACK,5,0,0,0,0,5
2026-08-30,P10-S-INDIGO,12,0,1,0,0,11
2026-08-30,P10-S-BLACK,5,0,0,0,0,5
2026-08-30,P10-M-INDIGO,9,0,0,0,0,9
2026-08-30,P10-M-BLACK,7,0,2,0,0,5
2026-08-30,P10-L-INDIGO,13,0,2,0,0,11
2026-08-30,P10-L-BLACK,9,0,2,0,0,7
2026-08-30,P10-XL-INDIGO,7,0,0,0,0,7
2026-08-30,P10-XL-BLACK,8,0,0,0,0,8
2026-08-30,P11-XS-WHITE,11,0,1,0,0,10
2026-08-30,P11-XS-LAVENDER,11,0,0,0,0,11
2026-08-30,P11-XS-BLACK,13,0,1,0,0,12
2026-08-30,P11-S-WHITE,10,0,2,0,0,8
2026-08-30,P11-S-LAVENDER,11,0,0,0,0,11
2026-08-30,P11-S-BLACK,9,0,1,0,0,8
2026-08-30,P11-M-WHITE,15,0,3,0,0,12
2026-08-30,P11-M-LAVENDER,12,0,0,0,0,12
2026-08-30,P11-M-BLACK,15,0,1,0,0,14
2026-08-30,P11-L-WHITE,12,0,1,0,0,11
2026-08-30,P11-L-LAVENDER,16,0,0,0,0,16
2026-08-30,P11-L-BLACK,8,0,3,0,0,5
2026-08-30,P12-XS-RED,9,0,0,0,0,9
2026-08-30,P12-XS-BLUE,9,0,2,0,0,7
2026-08-30,P12-XS-WHITE,4,14,0,0,0,18
2026-08-30,P12-S-RED,9,0,0,0,0,9
2026-08-30,P12-S-BLUE,15,0,1,0,0,14
2026-08-30,P12-S-WHITE,4,15,3,0,0,16
2026-08-30,P12-M-RED,18,0,1,0,0,17
2026-08-30,P12-M-BLUE,4,0,0,0,0,4
2026-08-30,P12-M-WHITE,3,0,1,0,0,2
2026-08-30,P12-L-RED,7,0,0,0,0,7
2026-08-30,P12-L-BLUE,6,0,1,0,0,5
2026-08-30,P12-L-WHITE,0,0,0,0,0,0
2026-08-30,P12-XL-RED,18,0,1,0,0,17
2026-08-30,P12-XL-BLUE,6,0,0,0,0,6
2026-08-30,P12-XL-WHITE,14,0,4,0,0,10
2026-08-30,P13-S-WINE,21,0,0,0,0,21
2026-08-30,P13-S-EMERALD,27,0,0,0,0,27
2026-08-30,P13-S-NAVY,21,0,0,0,0,21
2026-08-30,P13-M-WINE,29,0,0,0,0,29
2026-08-30,P13-M-EMERALD,23,0,0,0,0,23
2026-08-30,P13-M-NAVY,29,0,0,0,0,29
2026-08-30,P13-L-WINE,22,0,0,0,0,22
2026-08-30,P13-L-EMERALD,25,0,1,0,0,24
2026-08-30,P13-L-NAVY,23,0,0,0,0,23
2026-08-30,P13-XL-WINE,28,0,0,0,0,28
2026-08-30,P13-XL-EMERALD,27,0,0,0,0,27
2026-08-30,P13-XL-NAVY,25,0,2,0,0,23
2026-08-30,P14-XS-TEAL,12,0,0,0,0,12
2026-08-30,P14-XS-MUSTARD,13,0,0,0,0,13
2026-08-30,P14-XS-MAROON,10,0,1,0,0,9
2026-08-30,P14-S-TEAL,10,0,0,0,0,10
2026-08-30,P14-S-MUSTARD,10,0,3,0,0,7
2026-08-30,P14-S-MAROON,15,0,0,0,0,15
2026-08-30,P14-M-TEAL,7,0,0,0,0,7
2026-08-30,P14-M-MUSTARD,9,0,0,0,0,9
2026-08-30,P14-M-MAROON,17,0,1,0,0,16
2026-08-30,P14-L-TEAL,15,0,1,0,0,14
2026-08-30,P14-L-MUSTARD,12,0,2,0,0,10
2026-08-30,P14-L-MAROON,15,0,2,0,0,13
2026-08-30,P14-XL-TEAL,10,0,1,0,0,9
2026-08-30,P14-XL-MUSTARD,10,0,0,0,0,10
2026-08-30,P14-XL-MAROON,7,0,0,0,0,7
2026-08-30,P15-23Y-YELLOW,19,0,0,0,0,19
2026-08-30,P15-23Y-BLUE,5,0,0,0,0,5
2026-08-30,P15-23Y-RED,13,0,0,0,0,13
2026-08-30,P15-45Y-YELLOW,5,0,1,0,0,4
2026-08-30,P15-45Y-BLUE,12,0,0,0,0,12
2026-08-30,P15-45Y-RED,6,0,2,0,0,4
2026-08-30,P15-67Y-YELLOW,18,0,0,0,0,18
2026-08-30,P15-67Y-BLUE,18,0,1,0,0,17
2026-08-30,P15-67Y-RED,14,0,1,0,0,13
2026-08-30,P15-89Y-YELLOW,15,0,2,0,0,13
2026-08-30,P15-89Y-BLUE,17,0,0,0,0,17
2026-08-30,P15-89Y-RED,17,0,0,0,0,17
2026-08-30,P16-23Y-BLUE,9,0,0,0,0,9
2026-08-30,P16-23Y-BLACK,16,0,1,0,0,15
2026-08-30,P16-45Y-BLUE,15,0,0,0,0,15
2026-08-30,P16-45Y-BLACK,9,0,2,0,0,7
2026-08-30,P16-67Y-BLUE,15,0,3,0,0,12
2026-08-30,P16-67Y-BLACK,5,0,1,0,0,4
2026-08-30,P16-89Y-BLUE,5,0,0,0,0,5
2026-08-30,P16-89Y-BLACK,19,0,0,0,0,19
2026-08-30,P17-23Y-MAROON,9,0,1,0,0,8
2026-08-30,P17-23Y-MUSTARD,12,0,0,0,0,12
2026-08-30,P17-23Y-GREEN,5,0,1,0,0,4
2026-08-30,P17-45Y-MAROON,6,0,0,0,0,6
2026-08-30,P17-45Y-MUSTARD,15,0,0,0,0,15
2026-08-30,P17-45Y-GREEN,4,0,0,0,0,4
2026-08-30,P17-67Y-MAROON,19,0,0,0,0,19
2026-08-30,P17-67Y-MUSTARD,15,0,0,0,0,15
2026-08-30,P17-67Y-GREEN,13,0,0,0,0,13
2026-08-30,P17-89Y-MAROON,5,0,1,0,0,4
2026-08-30,P17-89Y-MUSTARD,15,0,0,0,0,15
2026-08-30,P17-89Y-GREEN,12,0,0,0,0,12
2026-08-30,P18-23Y-PINK,4,14,0,0,0,18
2026-08-30,P18-23Y-PEACH,4,0,0,0,0,4
2026-08-30,P18-23Y-MINT,6,0,0,0,0,6
2026-08-30,P18-45Y-PINK,21,0,0,0,0,21
2026-08-30,P18-45Y-PEACH,9,0,0,0,0,9
2026-08-30,P18-45Y-MINT,5,0,1,0,0,4
2026-08-30,P18-67Y-PINK,6,0,0,0,0,6
2026-08-30,P18-67Y-PEACH,11,0,0,0,0,11
2026-08-30,P18-67Y-MINT,9,0,0,0,0,9
2026-08-30,P18-89Y-PINK,10,0,0,0,0,10
2026-08-30,P18-89Y-PEACH,6,0,0,0,0,6
2026-08-30,P18-89Y-MINT,8,0,0,0,0,8
2026-08-30,P19-23Y-GREY,13,0,0,0,0,13
2026-08-30,P19-23Y-NAVY,7,0,0,0,0,7
2026-08-30,P19-23Y-BLACK,6,0,1,0,0,5
2026-08-30,P19-45Y-GREY,12,0,0,0,0,12
2026-08-30,P19-45Y-NAVY,17,0,0,0,0,17
2026-08-30,P19-45Y-BLACK,9,0,2,0,0,7
2026-08-30,P19-67Y-GREY,16,0,0,0,0,16
2026-08-30,P19-67Y-NAVY,10,0,2,0,0,8
2026-08-30,P19-67Y-BLACK,15,0,1,0,0,14
2026-08-30,P19-89Y-GREY,9,0,0,0,0,9
2026-08-30,P19-89Y-NAVY,9,0,0,0,0,9
2026-08-30,P19-89Y-BLACK,19,0,0,0,0,19
2026-08-30,P20-7-WHITE,0,18,0,0,0,18
2026-08-30,P20-7-BLACK,12,0,1,0,0,11
2026-08-30,P20-7-GREY,11,0,0,0,0,11
2026-08-30,P20-8-WHITE,9,0,1,0,0,8
2026-08-30,P20-8-BLACK,8,0,1,0,0,7
2026-08-30,P20-8-GREY,17,0,3,0,0,14
2026-08-30,P20-9-WHITE,15,0,1,0,0,14
2026-08-30,P20-9-BLACK,18,0,3,0,0,15
2026-08-30,P20-9-GREY,17,0,0,0,0,17
2026-08-30,P20-10-WHITE,5,0,0,0,0,5
2026-08-30,P20-10-BLACK,17,0,0,0,0,17
2026-08-30,P20-10-GREY,12,0,1,0,0,11
2026-08-30,P21-4-TAN,8,0,2,0,0,6
2026-08-30,P21-4-BLACK,10,0,1,0,0,9
2026-08-30,P21-4-GOLD,5,0,0,0,0,5
2026-08-30,P21-5-TAN,13,0,0,0,0,13
2026-08-30,P21-5-BLACK,19,0,0,0,0,19
2026-08-30,P21-5-GOLD,4,13,0,0,0,17
2026-08-30,P21-6-TAN,12,0,0,0,0,12
2026-08-30,P21-6-BLACK,17,0,0,0,0,17
2026-08-30,P21-6-GOLD,15,0,0,0,0,15
2026-08-30,P21-7-TAN,16,0,0,0,0,16
2026-08-30,P21-7-BLACK,6,0,1,0,0,5
2026-08-30,P21-7-GOLD,7,0,0,0,0,7
2026-08-30,P21-8-TAN,12,0,0,0,0,12
2026-08-30,P21-8-BLACK,4,11,0,0,0,15
2026-08-30,P21-8-GOLD,5,0,1,0,0,4
2026-08-30,P22-10C-BLUE,10,0,0,0,0,10
2026-08-30,P22-10C-PINK,4,13,5,0,0,12
2026-08-30,P22-10C-BLACK,8,0,1,0,0,7
2026-08-30,P22-11C-BLUE,6,0,1,0,0,5
2026-08-30,P22-11C-PINK,4,0,0,0,0,4
2026-08-30,P22-11C-BLACK,14,0,0,0,0,14
2026-08-30,P22-12C-BLUE,7,0,0,0,0,7
2026-08-30,P22-12C-PINK,13,0,0,0,0,13
2026-08-30,P22-12C-BLACK,4,0,1,0,0,3
2026-08-30,P22-13C-BLUE,19,0,0,0,0,19
2026-08-30,P22-13C-PINK,18,0,0,0,0,18
2026-08-30,P22-13C-BLACK,17,0,0,0,0,17
2026-08-30,P22-1Y-BLUE,15,0,0,0,0,15
2026-08-30,P22-1Y-PINK,12,0,0,0,0,12
2026-08-30,P22-1Y-BLACK,6,0,0,0,0,6
2026-08-30,P23-7-BLACK,10,0,1,0,0,9
2026-08-30,P23-7-NAVY,11,0,1,0,0,10
2026-08-30,P23-7-GREY,15,0,0,0,0,15
2026-08-30,P23-8-BLACK,15,0,1,0,0,14
2026-08-30,P23-8-NAVY,8,0,1,0,0,7
2026-08-30,P23-8-GREY,13,0,0,0,0,13
2026-08-30,P23-9-BLACK,20,0,0,0,0,20
2026-08-30,P23-9-NAVY,16,0,0,0,0,16
2026-08-30,P23-9-GREY,16,0,1,0,0,15
2026-08-30,P23-10-BLACK,9,0,1,0,0,8
2026-08-30,P23-10-NAVY,19,0,2,0,0,17
2026-08-30,P23-10-GREY,11,0,0,0,0,11
2026-08-30,P24-ONESIZE-BLACK,5,0,0,0,0,5
2026-08-30,P24-ONESIZE-TAN,9,0,0,0,0,9
2026-08-30,P24-ONESIZE-MAROON,4,0,0,0,0,4
2026-08-30,P25-ONESIZE-BLACK,4,13,0,0,0,17
2026-08-30,P25-ONESIZE-PINK,13,0,0,0,0,13
2026-08-30,P25-ONESIZE-BEIGE,6,0,1,0,0,5
2026-08-30,P26-32-BLACK,6,0,3,0,0,3
2026-08-30,P26-32-BROWN,8,0,2,0,0,6
2026-08-30,P26-34-BLACK,18,0,2,0,0,16
2026-08-30,P26-34-BROWN,7,0,1,0,0,6
2026-08-30,P26-36-BLACK,11,0,0,0,0,11
2026-08-30,P26-36-BROWN,3,16,0,0,0,19
2026-08-30,P26-38-BLACK,18,0,0,0,0,18
2026-08-30,P26-38-BROWN,13,0,0,0,0,13
2026-08-30,P27-ONESIZE-BLACK,9,0,0,0,0,9
2026-08-30,P27-ONESIZE-BROWN,18,0,0,0,0,18
2026-08-30,P27-ONESIZE-TAN,8,0,0,0,0,8
2026-08-30,P28-ONESIZE-MULTICOL,17,0,1,0,0,16
2026-08-30,P28-ONESIZE-PINK,10,0,2,0,0,8
2026-08-30,P28-ONESIZE-BLACK,19,0,0,0,0,19
2026-08-30,P29-ONESIZE-BLACK,6,0,0,0,0,6
2026-08-30,P29-ONESIZE-NAVY,8,0,0,0,0,8
2026-08-30,P29-ONESIZE-BEIGE,21,0,0,0,0,21
2026-08-30,P30-ONESIZE-FLORAL,21,0,0,0,0,21
2026-08-30,P30-ONESIZE-MAROON,22,0,0,0,0,22
2026-08-30,P30-ONESIZE-TEAL,22,0,0,0,0,22
2026-08-30,P31-ONESIZE-RED,5,0,1,0,0,4
2026-08-30,P31-ONESIZE-MUSTARD,16,0,2,0,0,14
2026-08-30,P31-ONESIZE-GREEN,8,0,1,0,0,7
2026-08-30,P32-4-BLACK,3,15,2,0,0,16
2026-08-30,P32-4-BEIGE,16,0,1,0,0,15
2026-08-30,P32-4-SILVER,5,0,0,0,0,5
2026-08-30,P32-5-BLACK,12,0,3,0,0,9
2026-08-30,P32-5-BEIGE,9,0,0,0,0,9
2026-08-30,P32-5-SILVER,10,0,0,0,0,10
2026-08-30,P32-6-BLACK,12,0,1,0,0,11
2026-08-30,P32-6-BEIGE,9,0,0,0,0,9
2026-08-30,P32-6-SILVER,15,0,2,0,0,13
2026-08-30,P32-7-BLACK,12,0,0,0,0,12
2026-08-30,P32-7-BEIGE,5,0,0,0,0,5
2026-08-30,P32-7-SILVER,15,0,1,0,0,14
2026-08-30,P32-8-BLACK,5,0,0,0,0,5
2026-08-30,P32-8-BEIGE,17,0,1,0,0,16
2026-08-30,P32-8-SILVER,17,0,0,0,0,17
2026-08-31,P01-S-WHITE,9,0,1,0,0,8
2026-08-31,P01-S-BLACK,14,0,1,0,0,13
2026-08-31,P01-S-NAVY,8,0,0,0,0,8
2026-08-31,P01-S-OLIVE,13,0,0,0,0,13
2026-08-31,P01-M-WHITE,7,0,4,0,0,3
2026-08-31,P01-M-BLACK,3,0,3,0,0,0
2026-08-31,P01-M-NAVY,11,0,5,0,0,6
2026-08-31,P01-M-OLIVE,9,0,3,0,0,6
2026-08-31,P01-L-WHITE,9,0,3,0,0,6
2026-08-31,P01-L-BLACK,9,0,8,0,0,1
2026-08-31,P01-L-NAVY,4,0,2,0,0,2
2026-08-31,P01-L-OLIVE,7,0,1,0,0,6
2026-08-31,P01-XL-WHITE,10,0,2,0,0,8
2026-08-31,P01-XL-BLACK,19,0,1,0,0,18
2026-08-31,P01-XL-NAVY,19,0,1,0,0,18
2026-08-31,P01-XL-OLIVE,11,0,0,0,0,11
2026-08-31,P02-S-NAVY,14,0,0,0,0,14
2026-08-31,P02-S-MAROON,6,0,0,0,0,6
2026-08-31,P02-S-GREY,9,0,0,0,0,9
2026-08-31,P02-M-NAVY,16,0,0,0,0,16
2026-08-31,P02-M-MAROON,14,0,1,0,0,13
2026-08-31,P02-M-GREY,18,0,1,0,0,17
2026-08-31,P02-L-NAVY,12,0,0,0,0,12
2026-08-31,P02-L-MAROON,12,0,0,0,0,12
2026-08-31,P02-L-GREY,10,0,1,0,0,9
2026-08-31,P02-XL-NAVY,16,0,0,0,0,16
2026-08-31,P02-XL-MAROON,14,0,0,0,0,14
2026-08-31,P02-XL-GREY,8,0,1,0,0,7
2026-08-31,P03-30-NAVY,9,0,1,0,0,8
2026-08-31,P03-30-BLACK,11,0,1,0,0,10
2026-08-31,P03-30-LIGHTBLU,6,0,0,0,0,6
2026-08-31,P03-32-NAVY,9,0,0,0,0,9
2026-08-31,P03-32-BLACK,9,0,1,0,0,8
2026-08-31,P03-32-LIGHTBLU,5,0,1,0,0,4
2026-08-31,P03-34-NAVY,8,0,2,0,0,6
2026-08-31,P03-34-BLACK,13,0,0,0,0,13
2026-08-31,P03-34-LIGHTBLU,4,14,1,0,0,17
2026-08-31,P03-36-NAVY,25,0,0,0,0,25
2026-08-31,P03-36-BLACK,25,0,0,0,0,25
2026-08-31,P03-36-LIGHTBLU,29,0,2,0,0,27
2026-08-31,P04-30-BEIGE,16,0,0,0,0,16
2026-08-31,P04-30-OLIVE,22,0,0,0,0,22
2026-08-31,P04-30-NAVY,19,0,1,0,0,18
2026-08-31,P04-32-BEIGE,11,0,1,0,0,10
2026-08-31,P04-32-OLIVE,5,0,1,0,0,4
2026-08-31,P04-32-NAVY,18,0,0,0,0,18
2026-08-31,P04-34-BEIGE,12,0,1,0,0,11
2026-08-31,P04-34-OLIVE,13,0,3,0,0,10
2026-08-31,P04-34-NAVY,18,0,1,0,0,17
2026-08-31,P04-36-BEIGE,1,19,1,0,0,19
2026-08-31,P04-36-OLIVE,13,0,0,0,0,13
2026-08-31,P04-36-NAVY,12,0,1,0,0,11
2026-08-31,P05-S-WHITE,5,0,0,0,0,5
2026-08-31,P05-S-BLUE,10,0,0,0,0,10
2026-08-31,P05-S-GREY,10,0,1,0,0,9
2026-08-31,P05-M-WHITE,9,0,1,0,0,8
2026-08-31,P05-M-BLUE,17,0,0,0,0,17
2026-08-31,P05-M-GREY,5,0,1,0,0,4
2026-08-31,P05-L-WHITE,11,0,0,0,0,11
2026-08-31,P05-L-BLUE,9,0,1,0,0,8
2026-08-31,P05-L-GREY,11,0,0,0,0,11
2026-08-31,P05-XL-WHITE,15,0,0,0,0,15
2026-08-31,P05-XL-BLUE,19,0,0,0,0,19
2026-08-31,P05-XL-GREY,4,0,0,0,0,4
2026-08-31,P06-S-BLACK,17,0,2,0,0,15
2026-08-31,P06-S-WHITE,5,0,2,0,0,3
2026-08-31,P06-S-RED,17,0,0,0,0,17
2026-08-31,P06-M-BLACK,13,0,0,0,0,13
2026-08-31,P06-M-WHITE,11,0,1,0,0,10
2026-08-31,P06-M-RED,13,0,3,0,0,10
2026-08-31,P06-L-BLACK,8,0,0,0,0,8
2026-08-31,P06-L-WHITE,4,16,1,0,0,19
2026-08-31,P06-L-RED,12,0,2,0,0,10
2026-08-31,P06-XL-BLACK,8,0,1,0,0,7
2026-08-31,P06-XL-WHITE,4,0,0,0,0,4
2026-08-31,P06-XL-RED,14,0,0,0,0,14
2026-08-31,P07-XS-MUSTARD,10,0,0,0,0,10
2026-08-31,P07-XS-TEAL,7,0,0,0,0,7
2026-08-31,P07-XS-MAROON,7,0,1,0,0,6
2026-08-31,P07-S-MUSTARD,10,0,0,0,0,10
2026-08-31,P07-S-TEAL,11,0,0,0,0,11
2026-08-31,P07-S-MAROON,15,0,2,0,0,13
2026-08-31,P07-M-MUSTARD,6,0,0,0,0,6
2026-08-31,P07-M-TEAL,5,0,1,0,0,4
2026-08-31,P07-M-MAROON,8,0,1,0,0,7
2026-08-31,P07-L-MUSTARD,21,0,3,0,0,18
2026-08-31,P07-L-TEAL,13,0,0,0,0,13
2026-08-31,P07-L-MAROON,6,0,2,0,0,4
2026-08-31,P07-XL-MUSTARD,9,0,2,0,0,7
2026-08-31,P07-XL-TEAL,18,0,0,0,0,18
2026-08-31,P07-XL-MAROON,11,0,0,0,0,11
2026-08-31,P08-XS-PINK,9,0,0,0,0,9
2026-08-31,P08-XS-BLUE,13,0,1,0,0,12
2026-08-31,P08-XS-GREEN,10,0,0,0,0,10
2026-08-31,P08-S-PINK,4,0,0,0,0,4
2026-08-31,P08-S-BLUE,5,0,0,0,0,5
2026-08-31,P08-S-GREEN,4,0,0,0,0,4
2026-08-31,P08-M-PINK,14,0,1,0,0,13
2026-08-31,P08-M-BLUE,15,0,1,0,0,14
2026-08-31,P08-M-GREEN,15,0,2,0,0,13
2026-08-31,P08-L-PINK,10,0,0,0,0,10
2026-08-31,P08-L-BLUE,17,0,3,0,0,14
2026-08-31,P08-L-GREEN,11,0,1,0,0,10
2026-08-31,P08-XL-PINK,4,15,0,0,0,19
2026-08-31,P08-XL-BLUE,9,0,0,0,0,9
2026-08-31,P08-XL-GREEN,6,0,0,0,0,6
2026-08-31,P09-XS-BLACK,7,0,0,0,0,7
2026-08-31,P09-XS-BEIGE,6,0,1,0,0,5
2026-08-31,P09-XS-NAVY,9,0,0,0,0,9
2026-08-31,P09-S-BLACK,7,0,0,0,0,7
2026-08-31,P09-S-BEIGE,5,0,0,0,0,5
2026-08-31,P09-S-NAVY,16,0,2,0,0,14
2026-08-31,P09-M-BLACK,13,0,2,0,0,11
2026-08-31,P09-M-BEIGE,7,0,0,0,0,7
2026-08-31,P09-M-NAVY,18,0,0,0,0,18
2026-08-31,P09-L-BLACK,5,0,0,0,0,5
2026-08-31,P09-L-BEIGE,7,0,2,0,0,5
2026-08-31,P09-L-NAVY,15,0,1,0,0,14
2026-08-31,P09-XL-BLACK,6,0,0,0,0,6
2026-08-31,P09-XL-BEIGE,9,0,0,0,0,9
2026-08-31,P09-XL-NAVY,8,0,0,0,0,8
2026-08-31,P10-XS-INDIGO,10,0,0,0,0,10
2026-08-31,P10-XS-BLACK,5,0,0,0,0,5
2026-08-31,P10-S-INDIGO,11,0,0,0,0,11
2026-08-31,P10-S-BLACK,5,0,0,0,0,5
2026-08-31,P10-M-INDIGO,9,0,0,0,0,9
2026-08-31,P10-M-BLACK,5,0,2,0,0,3
2026-08-31,P10-L-INDIGO,11,0,2,0,0,9
2026-08-31,P10-L-BLACK,7,0,2,0,0,5
2026-08-31,P10-XL-INDIGO,7,0,0,0,0,7
2026-08-31,P10-XL-BLACK,8,0,0,0,0,8
2026-08-31,P11-XS-WHITE,10,0,0,0,0,10
2026-08-31,P11-XS-LAVENDER,11,0,0,0,0,11
2026-08-31,P11-XS-BLACK,12,0,1,0,0,11
2026-08-31,P11-S-WHITE,8,0,1,0,0,7
2026-08-31,P11-S-LAVENDER,11,0,0,0,0,11
2026-08-31,P11-S-BLACK,8,0,0,0,0,8
2026-08-31,P11-M-WHITE,12,0,1,0,0,11
2026-08-31,P11-M-LAVENDER,12,0,0,0,0,12
2026-08-31,P11-M-BLACK,14,0,0,0,0,14
2026-08-31,P11-L-WHITE,11,0,2,0,0,9
2026-08-31,P11-L-LAVENDER,16,0,0,0,0,16
2026-08-31,P11-L-BLACK,5,0,1,0,0,4
2026-08-31,P12-XS-RED,9,0,0,0,0,9
2026-08-31,P12-XS-BLUE,7,0,1,0,0,6
2026-08-31,P12-XS-WHITE,18,0,0,0,0,18
2026-08-31,P12-S-RED,9,0,0,0,0,9
2026-08-31,P12-S-BLUE,14,0,1,0,0,13
2026-08-31,P12-S-WHITE,16,0,1,0,0,15
2026-08-31,P12-M-RED,17,0,1,0,0,16
2026-08-31,P12-M-BLUE,4,0,1,0,0,3
2026-08-31,P12-M-WHITE,2,15,1,0,0,16
2026-08-31,P12-L-RED,7,0,3,0,0,4
2026-08-31,P12-L-BLUE,5,0,0,0,0,5
2026-08-31,P12-L-WHITE,0,16,0,0,0,16
2026-08-31,P12-XL-RED,17,0,0,0,0,17
2026-08-31,P12-XL-BLUE,6,0,0,0,0,6
2026-08-31,P12-XL-WHITE,10,0,1,0,0,9
2026-08-31,P13-S-WINE,21,0,0,0,0,21
2026-08-31,P13-S-EMERALD,27,0,0,0,0,27
2026-08-31,P13-S-NAVY,21,0,1,0,0,20
2026-08-31,P13-M-WINE,29,0,0,0,0,29
2026-08-31,P13-M-EMERALD,23,0,0,0,0,23
2026-08-31,P13-M-NAVY,29,0,0,0,0,29
2026-08-31,P13-L-WINE,22,0,0,0,0,22
2026-08-31,P13-L-EMERALD,24,0,0,0,0,24
2026-08-31,P13-L-NAVY,23,0,0,0,0,23
2026-08-31,P13-XL-WINE,28,0,0,0,0,28
2026-08-31,P13-XL-EMERALD,27,0,0,0,0,27
2026-08-31,P13-XL-NAVY,23,0,0,0,0,23
2026-08-31,P14-XS-TEAL,12,0,0,0,0,12
2026-08-31,P14-XS-MUSTARD,13,0,0,0,0,13
2026-08-31,P14-XS-MAROON,9,0,0,0,0,9
2026-08-31,P14-S-TEAL,10,0,1,0,0,9
2026-08-31,P14-S-MUSTARD,7,0,1,0,0,6
2026-08-31,P14-S-MAROON,15,0,0,0,0,15
2026-08-31,P14-M-TEAL,7,0,1,0,0,6
2026-08-31,P14-M-MUSTARD,9,0,2,0,0,7
2026-08-31,P14-M-MAROON,16,0,0,0,0,16
2026-08-31,P14-L-TEAL,14,0,1,0,0,13
2026-08-31,P14-L-MUSTARD,10,0,1,0,0,9
2026-08-31,P14-L-MAROON,13,0,0,0,0,13
2026-08-31,P14-XL-TEAL,9,0,0,0,0,9
2026-08-31,P14-XL-MUSTARD,10,0,0,0,0,10
2026-08-31,P14-XL-MAROON,7,0,1,0,0,6
2026-08-31,P15-23Y-YELLOW,19,0,0,0,0,19
2026-08-31,P15-23Y-BLUE,5,0,0,0,0,5
2026-08-31,P15-23Y-RED,13,0,2,0,0,11
2026-08-31,P15-45Y-YELLOW,4,0,1,0,0,3
2026-08-31,P15-45Y-BLUE,12,0,1,0,0,11
2026-08-31,P15-45Y-RED,4,0,0,0,0,4
2026-08-31,P15-67Y-YELLOW,18,0,1,0,0,17
2026-08-31,P15-67Y-BLUE,17,0,0,0,0,17
2026-08-31,P15-67Y-RED,13,0,0,0,0,13
2026-08-31,P15-89Y-YELLOW,13,0,1,0,0,12
2026-08-31,P15-89Y-BLUE,17,0,0,0,0,17
2026-08-31,P15-89Y-RED,17,0,0,0,0,17
2026-08-31,P16-23Y-BLUE,9,0,2,0,0,7
2026-08-31,P16-23Y-BLACK,15,0,0,0,0,15
2026-08-31,P16-45Y-BLUE,15,0,1,0,0,14
2026-08-31,P16-45Y-BLACK,7,0,0,0,0,7
2026-08-31,P16-67Y-BLUE,12,0,0,0,0,12
2026-08-31,P16-67Y-BLACK,4,15,0,0,0,19
2026-08-31,P16-89Y-BLUE,5,0,0,0,0,5
2026-08-31,P16-89Y-BLACK,19,0,0,0,0,19
2026-08-31,P17-23Y-MAROON,8,0,0,0,0,8
2026-08-31,P17-23Y-MUSTARD,12,0,2,0,0,10
2026-08-31,P17-23Y-GREEN,4,0,0,0,0,4
2026-08-31,P17-45Y-MAROON,6,0,1,0,0,5
2026-08-31,P17-45Y-MUSTARD,15,0,0,0,0,15
2026-08-31,P17-45Y-GREEN,4,15,0,0,0,19
2026-08-31,P17-67Y-MAROON,19,0,0,0,0,19
2026-08-31,P17-67Y-MUSTARD,15,0,1,0,0,14
2026-08-31,P17-67Y-GREEN,13,0,1,0,0,12
2026-08-31,P17-89Y-MAROON,4,13,0,0,0,17
2026-08-31,P17-89Y-MUSTARD,15,0,2,0,0,13
2026-08-31,P17-89Y-GREEN,12,0,0,0,0,12
2026-08-31,P18-23Y-PINK,18,0,0,0,0,18
2026-08-31,P18-23Y-PEACH,4,11,0,0,0,15
2026-08-31,P18-23Y-MINT,6,0,0,0,0,6
2026-08-31,P18-45Y-PINK,21,0,1,0,0,20
2026-08-31,P18-45Y-PEACH,9,0,0,0,0,9
2026-08-31,P18-45Y-MINT,4,0,0,0,0,4
2026-08-31,P18-67Y-PINK,6,0,0,0,0,6
2026-08-31,P18-67Y-PEACH,11,0,2,0,0,9
2026-08-31,P18-67Y-MINT,9,0,0,0,0,9
2026-08-31,P18-89Y-PINK,10,0,0,0,0,10
2026-08-31,P18-89Y-PEACH,6,0,1,0,0,5
2026-08-31,P18-89Y-MINT,8,0,0,0,0,8
2026-08-31,P19-23Y-GREY,13,0,2,0,0,11
2026-08-31,P19-23Y-NAVY,7,0,0,0,0,7
2026-08-31,P19-23Y-BLACK,5,0,1,0,0,4
2026-08-31,P19-45Y-GREY,12,0,2,0,0,10
2026-08-31,P19-45Y-NAVY,17,0,0,0,0,17
2026-08-31,P19-45Y-BLACK,7,0,0,0,0,7
2026-08-31,P19-67Y-GREY,16,0,1,0,0,15
2026-08-31,P19-67Y-NAVY,8,0,1,0,0,7
2026-08-31,P19-67Y-BLACK,14,0,0,0,0,14
2026-08-31,P19-89Y-GREY,9,0,0,0,0,9
2026-08-31,P19-89Y-NAVY,9,0,0,0,0,9
2026-08-31,P19-89Y-BLACK,19,0,0,0,0,19
2026-08-31,P20-7-WHITE,18,0,0,0,0,18
2026-08-31,P20-7-BLACK,11,0,0,0,0,11
2026-08-31,P20-7-GREY,11,0,1,0,0,10
2026-08-31,P20-8-WHITE,8,0,0,0,0,8
2026-08-31,P20-8-BLACK,7,0,0,0,0,7
2026-08-31,P20-8-GREY,14,0,0,0,0,14
2026-08-31,P20-9-WHITE,14,0,0,0,0,14
2026-08-31,P20-9-BLACK,15,0,0,0,0,15
2026-08-31,P20-9-GREY,17,0,0,0,0,17
2026-08-31,P20-10-WHITE,5,0,1,0,0,4
2026-08-31,P20-10-BLACK,17,0,0,0,0,17
2026-08-31,P20-10-GREY,11,0,0,0,0,11
2026-08-31,P21-4-TAN,6,0,0,0,0,6
2026-08-31,P21-4-BLACK,9,0,1,0,0,8
2026-08-31,P21-4-GOLD,5,0,0,0,0,5
2026-08-31,P21-5-TAN,13,0,0,0,0,13
2026-08-31,P21-5-BLACK,19,0,0,0,0,19
2026-08-31,P21-5-GOLD,17,0,1,0,0,16
2026-08-31,P21-6-TAN,12,0,0,0,0,12
2026-08-31,P21-6-BLACK,17,0,0,0,0,17
2026-08-31,P21-6-GOLD,15,0,2,0,0,13
2026-08-31,P21-7-TAN,16,0,0,0,0,16
2026-08-31,P21-7-BLACK,5,0,0,0,0,5
2026-08-31,P21-7-GOLD,7,0,0,0,0,7
2026-08-31,P21-8-TAN,12,0,0,0,0,12
2026-08-31,P21-8-BLACK,15,0,1,0,0,14
2026-08-31,P21-8-GOLD,4,0,1,0,0,3
2026-08-31,P22-10C-BLUE,10,0,0,0,0,10
2026-08-31,P22-10C-PINK,12,0,0,0,0,12
2026-08-31,P22-10C-BLACK,7,0,1,0,0,6
2026-08-31,P22-11C-BLUE,5,0,0,0,0,5
2026-08-31,P22-11C-PINK,4,12,0,0,0,16
2026-08-31,P22-11C-BLACK,14,0,0,0,0,14
2026-08-31,P22-12C-BLUE,7,0,1,0,0,6
2026-08-31,P22-12C-PINK,13,0,0,0,0,13
2026-08-31,P22-12C-BLACK,3,12,0,0,0,15
2026-08-31,P22-13C-BLUE,19,0,0,0,0,19
2026-08-31,P22-13C-PINK,18,0,0,0,0,18
2026-08-31,P22-13C-BLACK,17,0,1,0,0,16
2026-08-31,P22-1Y-BLUE,15,0,0,0,0,15
2026-08-31,P22-1Y-PINK,12,0,1,0,0,11
2026-08-31,P22-1Y-BLACK,6,0,1,0,0,5
2026-08-31,P23-7-BLACK,9,0,0,0,0,9
2026-08-31,P23-7-NAVY,10,0,0,0,0,10
2026-08-31,P23-7-GREY,15,0,0,0,0,15
2026-08-31,P23-8-BLACK,14,0,0,0,0,14
2026-08-31,P23-8-NAVY,7,0,0,0,0,7
2026-08-31,P23-8-GREY,13,0,0,0,0,13
2026-08-31,P23-9-BLACK,20,0,0,0,0,20
2026-08-31,P23-9-NAVY,16,0,0,0,0,16
2026-08-31,P23-9-GREY,15,0,0,0,0,15
2026-08-31,P23-10-BLACK,8,0,0,0,0,8
2026-08-31,P23-10-NAVY,17,0,0,0,0,17
2026-08-31,P23-10-GREY,11,0,0,0,0,11
2026-08-31,P24-ONESIZE-BLACK,5,0,0,0,0,5
2026-08-31,P24-ONESIZE-TAN,9,0,0,0,0,9
2026-08-31,P24-ONESIZE-MAROON,4,13,3,0,0,14
2026-08-31,P25-ONESIZE-BLACK,17,0,0,0,0,17
2026-08-31,P25-ONESIZE-PINK,13,0,0,0,0,13
2026-08-31,P25-ONESIZE-BEIGE,5,0,0,0,0,5
2026-08-31,P26-32-BLACK,3,17,0,0,0,20
2026-08-31,P26-32-BROWN,6,0,0,0,0,6
2026-08-31,P26-34-BLACK,16,0,0,0,0,16
2026-08-31,P26-34-BROWN,6,0,0,0,0,6
2026-08-31,P26-36-BLACK,11,0,0,0,0,11
2026-08-31,P26-36-BROWN,19,0,0,0,0,19
2026-08-31,P26-38-BLACK,18,0,0,0,0,18
2026-08-31,P26-38-BROWN,13,0,0,0,0,13
2026-08-31,P27-ONESIZE-BLACK,9,0,0,0,0,9
2026-08-31,P27-ONESIZE-BROWN,18,0,0,0,0,18
2026-08-31,P27-ONESIZE-TAN,8,0,0,0,0,8
2026-08-31,P28-ONESIZE-MULTICOL,16,0,0,0,0,16
2026-08-31,P28-ONESIZE-PINK,8,0,0,0,0,8
2026-08-31,P28-ONESIZE-BLACK,19,0,0,0,0,19
2026-08-31,P29-ONESIZE-BLACK,6,0,0,0,0,6
2026-08-31,P29-ONESIZE-NAVY,8,0,1,0,0,7
2026-08-31,P29-ONESIZE-BEIGE,21,0,0,0,0,21
2026-08-31,P30-ONESIZE-FLORAL,21,0,0,0,0,21
2026-08-31,P30-ONESIZE-MAROON,22,0,0,0,0,22
2026-08-31,P30-ONESIZE-TEAL,22,0,1,0,0,21
2026-08-31,P31-ONESIZE-RED,4,0,0,0,0,4
2026-08-31,P31-ONESIZE-MUSTARD,14,0,0,0,0,14
2026-08-31,P31-ONESIZE-GREEN,7,0,0,0,0,7
2026-08-31,P32-4-BLACK,16,0,0,0,0,16
2026-08-31,P32-4-BEIGE,15,0,0,0,0,15
2026-08-31,P32-4-SILVER,5,0,1,0,0,4
2026-08-31,P32-5-BLACK,9,0,1,0,0,8
2026-08-31,P32-5-BEIGE,9,0,0,0,0,9
2026-08-31,P32-5-SILVER,10,0,1,0,0,9
2026-08-31,P32-6-BLACK,11,0,0,0,0,11
2026-08-31,P32-6-BEIGE,9,0,1,0,0,8
2026-08-31,P32-6-SILVER,13,0,0,0,0,13
2026-08-31,P32-7-BLACK,12,0,0,0,0,12
2026-08-31,P32-7-BEIGE,5,0,0,0,0,5
2026-08-31,P32-7-SILVER,14,0,0,0,0,14
2026-08-31,P32-8-BLACK,5,0,0,0,0,5
2026-08-31,P32-8-BEIGE,16,0,0,0,0,16
2026-08-31,P32-8-SILVER,17,0,1,0,0,16
