sale_id,date,day_of_week,product_name,category,size,color,quantity_sold,price (Rs.),discount (%),total_amount (Rs.),payment_method,customer_gender,age_group,store_section,invoice_id,transaction_time,sku_id
S000001,2026-08-01,Saturday,Sandals,Footwear,6,Gold,3,999.00,0,2997.00,Cash,Female,Young Adult (20-30),Women,INV000001,16:42:00,P21-6-GOLD
S000002,2026-08-01,Saturday,Basic Crew T-Shirt,Tops,L,White,1,399.00,0,399.00,Cash,Female,Young Adult (20-30),Men,INV000001,16:42:00,P01-L-WHITE
S000003,2026-08-01,Saturday,Polo T-Shirt,Tops,M,Maroon,1,699.00,0,699.00,UPI,Male,Young Adult (20-30),Men,INV000002,21:21:00,P02-M-MAROON
S000004,2026-08-01,Saturday,Flip Flops,Footwear,10,Grey,1,399.00,0,399.00,UPI,Male,Young Adult (20-30),Men,INV000002,21:21:00,P23-10-GREY
S000005,2026-08-01,Saturday,Kids Sports Shoes,Footwear,11C,Pink,1,899.00,0,899.00,Card,Female,Adult (31-45),Kids,INV000003,10:34:00,P22-11C-PINK
S000006,2026-08-01,Saturday,Kids Ethnic Kurta Set,Ethnic Wear,6-7Y,Maroon,1,999.00,0,999.00,UPI,Female,Young Adult (20-30),Kids,INV000004,15:19:00,P17-67Y-MAROON
S000007,2026-08-01,Saturday,Kids Denim Shorts,Bottoms,2-3Y,Blue,1,599.00,0,599.00,Cash,Female,Teen (13-19),Kids,INV000005,14:23:00,P16-23Y-BLUE
S000008,2026-08-01,Saturday,Chino Trousers,Bottoms,34,Beige,1,1099.00,0,1099.00,UPI,Female,Adult (31-45),Men,INV000006,12:30:00,P04-34-BEIGE
S000009,2026-08-01,Saturday,Formal Shirt,Tops,L,White,1,999.00,0,999.00,Card,Male,Young Adult (20-30),Men,INV000007,14:47:00,P05-L-WHITE
S000010,2026-08-01,Saturday,Kids Denim Shorts,Bottoms,6-7Y,Black,1,599.00,0,599.00,Card,Male,Young Adult (20-30),Kids,INV000007,14:47:00,P16-67Y-BLACK
S000011,2026-08-01,Saturday,Polo T-Shirt,Tops,XL,Maroon,2,699.00,0,1398.00,UPI,Female,Young Adult (20-30),Men,INV000008,20:55:00,P02-XL-MAROON
S000012,2026-08-01,Saturday,Crop Top,Tops,M,Black,1,599.00,0,599.00,UPI,Female,Young Adult (20-30),Women,INV000008,20:55:00,P11-M-BLACK
S000013,2026-08-01,Saturday,Printed Top,Tops,XS,Blue,1,699.00,0,699.00,Card,Male,Young Adult (20-30),Women,INV000009,13:15:00,P12-XS-BLUE
S000014,2026-08-01,Saturday,Denim Jeggings,Bottoms,M,Indigo,1,999.00,0,999.00,Card,Male,Young Adult (20-30),Women,INV000009,13:15:00,P10-M-INDIGO
S000015,2026-08-01,Saturday,Polo T-Shirt,Tops,M,Navy,1,699.00,0,699.00,Cash,Male,Young Adult (20-30),Men,INV000010,17:51:00,P02-M-NAVY
S000016,2026-08-01,Saturday,Sneakers,Footwear,9,Grey,1,1499.00,0,1499.00,Cash,Male,Young Adult (20-30),Men,INV000010,17:51:00,P20-9-GREY
S000017,2026-08-01,Saturday,Basic Crew T-Shirt,Tops,M,Black,1,399.00,0,399.00,UPI,Female,Adult (31-45),Men,INV000011,17:57:00,P01-M-BLACK
S000018,2026-08-01,Saturday,Flip Flops,Footwear,8,Navy,3,399.00,0,1197.00,UPI,Male,Adult (31-45),Men,INV000012,21:04:00,P23-8-NAVY
S000019,2026-08-01,Saturday,Graphic Tee,Tops,M,Black,1,499.00,0,499.00,Card,Female,Young Adult (20-30),Men,INV000013,20:35:00,P06-M-BLACK
S000020,2026-08-01,Saturday,Chino Trousers,Bottoms,36,Beige,1,1099.00,0,1099.00,Card,Female,Young Adult (20-30),Men,INV000013,20:35:00,P04-36-BEIGE
S000021,2026-08-01,Saturday,Printed Top,Tops,XL,White,1,699.00,0,699.00,UPI,Female,Teen (13-19),Women,INV000014,20:48:00,P12-XL-WHITE
S000022,2026-08-01,Saturday,Belt,Accessories,36,Black,1,399.00,0,399.00,UPI,Female,Teen (13-19),Accessories,INV000014,20:48:00,P26-36-BLACK
S000023,2026-08-01,Saturday,Denim Jeggings,Bottoms,XS,Indigo,1,999.00,0,999.00,UPI,Female,Teen (13-19),Women,INV000014,20:48:00,P10-XS-INDIGO
S000024,2026-08-01,Saturday,Slim Fit Jeans,Bottoms,32,Light Blue,1,1299.00,0,1299.00,UPI,Male,Teen (13-19),Men,INV000015,21:08:00,P03-32-LIGHTBLU
S000025,2026-08-01,Saturday,Sandals,Footwear,8,Black,1,999.00,0,999.00,UPI,Male,Teen (13-19),Women,INV000015,21:08:00,P21-8-BLACK
S000026,2026-08-01,Saturday,Denim Jeggings,Bottoms,S,Black,1,999.00,0,999.00,UPI,Male,Teen (13-19),Women,INV000015,21:08:00,P10-S-BLACK
S000027,2026-08-01,Saturday,Basic Crew T-Shirt,Tops,M,Black,1,399.00,0,399.00,UPI,Male,Teen (13-19),Men,INV000015,21:08:00,P01-M-BLACK
S000028,2026-08-01,Saturday,Cotton Kurti,Ethnic Wear,XS,Maroon,1,999.00,0,999.00,Card,Female,Teen (13-19),Women,INV000016,13:58:00,P07-XS-MAROON
S000029,2026-08-01,Saturday,Kids Cartoon Tee,Tops,6-7Y,Blue,1,399.00,0,399.00,Card,Female,Teen (13-19),Kids,INV000016,13:58:00,P15-67Y-BLUE
S000030,2026-08-01,Saturday,Graphic Tee,Tops,L,Red,1,499.00,0,499.00,Card,Female,Teen (13-19),Men,INV000016,13:58:00,P06-L-RED
S000031,2026-08-01,Saturday,Straight Pants,Bottoms,M,Black,1,799.00,0,799.00,Card,Female,Adult (31-45),Women,INV000017,13:52:00,P09-M-BLACK
S000032,2026-08-01,Saturday,Straight Pants,Bottoms,L,Beige,1,799.00,0,799.00,UPI,Female,Young Adult (20-30),Women,INV000018,19:40:00,P09-L-BEIGE
S000033,2026-08-01,Saturday,Polo T-Shirt,Tops,XL,Grey,1,699.00,0,699.00,UPI,Female,Young Adult (20-30),Men,INV000018,19:40:00,P02-XL-GREY
S000034,2026-08-01,Saturday,Formal Shirt,Tops,S,Blue,1,999.00,0,999.00,Cash,Male,Young Adult (20-30),Men,INV000019,16:23:00,P05-S-BLUE
S000035,2026-08-01,Saturday,Slim Fit Jeans,Bottoms,34,Light Blue,1,1299.00,0,1299.00,Cash,Male,Young Adult (20-30),Men,INV000019,16:23:00,P03-34-LIGHTBLU
S000036,2026-08-01,Saturday,Chino Trousers,Bottoms,30,Olive,1,1099.00,0,1099.00,Cash,Male,Young Adult (20-30),Men,INV000019,16:23:00,P04-30-OLIVE
S000037,2026-08-01,Saturday,Denim Jeggings,Bottoms,L,Indigo,2,999.00,0,1998.00,UPI,Female,Adult (31-45),Women,INV000020,19:28:00,P10-L-INDIGO
S000038,2026-08-01,Saturday,Sneakers,Footwear,8,White,1,1499.00,0,1499.00,Card,Male,Young Adult (20-30),Men,INV000021,13:36:00,P20-8-WHITE
S000039,2026-08-01,Saturday,Kids Cartoon Tee,Tops,8-9Y,Blue,1,399.00,0,399.00,Card,Male,Young Adult (20-30),Kids,INV000021,13:36:00,P15-89Y-BLUE
S000040,2026-08-01,Saturday,Graphic Tee,Tops,M,Red,1,499.00,0,499.00,Card,Male,Young Adult (20-30),Men,INV000021,13:36:00,P06-M-RED
S000041,2026-08-01,Saturday,Denim Jeggings,Bottoms,S,Indigo,1,999.00,0,999.00,Card,Male,Young Adult (20-30),Women,INV000021,13:36:00,P10-S-INDIGO
S000042,2026-08-01,Saturday,Printed Top,Tops,M,White,1,699.00,0,699.00,UPI,Female,Adult (31-45),Women,INV000022,20:40:00,P12-M-WHITE
S000043,2026-08-01,Saturday,Wallet,Accessories,OneSize,Tan,1,499.00,0,499.00,UPI,Female,Adult (31-45),Accessories,INV000022,20:40:00,P27-ONESIZE-TAN
S000044,2026-08-01,Saturday,Women Flats,Footwear,7,Black,1,799.00,0,799.00,UPI,Female,Young Adult (20-30),Women,INV000023,11:23:00,P32-7-BLACK
S000045,2026-08-01,Saturday,Kids Ethnic Kurta Set,Ethnic Wear,4-5Y,Mustard,1,999.00,0,999.00,UPI,Female,Young Adult (20-30),Kids,INV000023,11:23:00,P17-45Y-MUSTARD
S000046,2026-08-01,Saturday,Printed Top,Tops,L,Blue,1,699.00,0,699.00,UPI,Female,Young Adult (20-30),Women,INV000024,10:55:00,P12-L-BLUE
S000047,2026-08-01,Saturday,Graphic Tee,Tops,M,Red,1,499.00,0,499.00,UPI,Female,Young Adult (20-30),Men,INV000024,10:55:00,P06-M-RED
S000048,2026-08-01,Saturday,Sandals,Footwear,5,Black,1,999.00,0,999.00,Cash,Female,Young Adult (20-30),Women,INV000025,15:29:00,P21-5-BLACK
S000049,2026-08-01,Saturday,Formal Shirt,Tops,M,White,1,999.00,0,999.00,Card,Male,Adult (31-45),Men,INV000026,15:15:00,P05-M-WHITE
S000050,2026-08-01,Saturday,Polo T-Shirt,Tops,M,Navy,1,699.00,0,699.00,Card,Male,Adult (31-45),Men,INV000026,15:15:00,P02-M-NAVY
S000051,2026-08-01,Saturday,Cotton Kurti,Ethnic Wear,L,Teal,1,999.00,0,999.00,Card,Male,Adult (31-45),Women,INV000026,15:15:00,P07-L-TEAL
S000052,2026-08-01,Saturday,Graphic Tee,Tops,L,Black,1,499.00,0,499.00,Cash,Female,Young Adult (20-30),Men,INV000027,17:26:00,P06-L-BLACK
S000053,2026-08-01,Saturday,Chino Trousers,Bottoms,30,Beige,1,1099.00,0,1099.00,Cash,Female,Young Adult (20-30),Men,INV000027,17:26:00,P04-30-BEIGE
S000054,2026-08-01,Saturday,Flip Flops,Footwear,7,Navy,3,399.00,0,1197.00,Cash,Female,Young Adult (20-30),Men,INV000027,17:26:00,P23-7-NAVY
S000055,2026-08-01,Saturday,Handbag,Accessories,OneSize,Black,1,999.00,0,999.00,Cash,Female,Young Adult (20-30),Accessories,INV000027,17:26:00,P24-ONESIZE-BLACK
S000056,2026-08-01,Saturday,Denim Jeggings,Bottoms,L,Indigo,2,999.00,0,1998.00,Cash,Female,Young Adult (20-30),Women,INV000027,17:26:00,P10-L-INDIGO
S000057,2026-08-01,Saturday,Kids Joggers,Bottoms,8-9Y,Black,1,699.00,0,699.00,Cash,Female,Young Adult (20-30),Kids,INV000028,13:28:00,P19-89Y-BLACK
S000058,2026-08-01,Saturday,Kids Joggers,Bottoms,6-7Y,Navy,1,699.00,0,699.00,Cash,Female,Young Adult (20-30),Kids,INV000028,13:28:00,P19-67Y-NAVY
S000059,2026-08-01,Saturday,Straight Pants,Bottoms,M,Beige,1,799.00,0,799.00,Card,Female,Young Adult (20-30),Women,INV000029,14:21:00,P09-M-BEIGE
S000060,2026-08-01,Saturday,Kids Sports Shoes,Footwear,13C,Black,1,899.00,0,899.00,UPI,Male,Teen (13-19),Kids,INV000030,19:51:00,P22-13C-BLACK
S000061,2026-08-01,Saturday,Kids Denim Shorts,Bottoms,4-5Y,Black,1,599.00,0,599.00,UPI,Male,Teen (13-19),Kids,INV000030,19:51:00,P16-45Y-BLACK
S000062,2026-08-01,Saturday,Ethnic Dupatta,Accessories,OneSize,Green,1,599.00,0,599.00,UPI,Male,Teen (13-19),Women,INV000030,19:51:00,P31-ONESIZE-GREEN
S000063,2026-08-01,Saturday,Printed Top,Tops,XL,Blue,1,699.00,0,699.00,UPI,Female,Young Adult (20-30),Women,INV000031,12:49:00,P12-XL-BLUE
S000064,2026-08-01,Saturday,Kids Cartoon Tee,Tops,2-3Y,Red,1,399.00,0,399.00,UPI,Female,Young Adult (20-30),Kids,INV000031,12:49:00,P15-23Y-RED
S000065,2026-08-01,Saturday,Wallet,Accessories,OneSize,Black,2,499.00,0,998.00,Cash,Female,Young Adult (20-30),Accessories,INV000032,20:10:00,P27-ONESIZE-BLACK
S000066,2026-08-01,Saturday,Straight Pants,Bottoms,L,Black,1,799.00,0,799.00,Cash,Female,Young Adult (20-30),Women,INV000032,20:10:00,P09-L-BLACK
S000067,2026-08-01,Saturday,Women Flats,Footwear,8,Silver,1,799.00,0,799.00,UPI,Female,Adult (31-45),Women,INV000033,21:08:00,P32-8-SILVER
S000068,2026-08-01,Saturday,Women Flats,Footwear,6,Silver,2,799.00,0,1598.00,UPI,Female,Adult (31-45),Women,INV000033,21:08:00,P32-6-SILVER
S000069,2026-08-01,Saturday,Printed Top,Tops,XL,White,1,699.00,0,699.00,Cash,Female,Young Adult (20-30),Women,INV000034,18:58:00,P12-XL-WHITE
S000070,2026-08-01,Saturday,Denim Jeggings,Bottoms,S,Indigo,1,999.00,0,999.00,Cash,Female,Young Adult (20-30),Women,INV000034,18:58:00,P10-S-INDIGO
S000071,2026-08-01,Saturday,Belt,Accessories,38,Black,1,399.00,0,399.00,Cash,Female,Young Adult (20-30),Accessories,INV000034,18:58:00,P26-38-BLACK
S000072,2026-08-01,Saturday,Belt,Accessories,36,Black,1,399.00,0,399.00,Card,Male,Adult (31-45),Accessories,INV000035,13:47:00,P26-36-BLACK
S000073,2026-08-01,Saturday,Women Flats,Footwear,4,Black,1,799.00,0,799.00,Card,Male,Adult (31-45),Women,INV000035,13:47:00,P32-4-BLACK
S000074,2026-08-01,Saturday,Straight Pants,Bottoms,M,Beige,2,799.00,0,1598.00,UPI,Male,Teen (13-19),Women,INV000036,19:33:00,P09-M-BEIGE
S000075,2026-08-01,Saturday,Basic Crew T-Shirt,Tops,L,Black,1,399.00,0,399.00,UPI,Male,Teen (13-19),Men,INV000036,19:33:00,P01-L-BLACK
S000076,2026-08-01,Saturday,Kids Denim Shorts,Bottoms,6-7Y,Blue,1,599.00,0,599.00,UPI,Male,Teen (13-19),Kids,INV000036,19:33:00,P16-67Y-BLUE
S000077,2026-08-01,Saturday,Women Flats,Footwear,4,Beige,2,799.00,0,1598.00,UPI,Male,Teen (13-19),Women,INV000036,19:33:00,P32-4-BEIGE
S000078,2026-08-01,Saturday,Flip Flops,Footwear,7,Navy,1,399.00,0,399.00,UPI,Male,Teen (13-19),Men,INV000036,19:33:00,P23-7-NAVY
S000079,2026-08-01,Saturday,Floral Kurti,Ethnic Wear,M,Green,1,1199.00,0,1199.00,UPI,Male,Young Adult (20-30),Women,INV000037,12:36:00,P08-M-GREEN
S000080,2026-08-01,Saturday,Basic Crew T-Shirt,Tops,M,Black,1,399.00,0,399.00,UPI,Male,Young Adult (20-30),Men,INV000037,12:36:00,P01-M-BLACK
S000081,2026-08-01,Saturday,Formal Shirt,Tops,L,White,1,999.00,0,999.00,Card,Male,Adult (31-45),Men,INV000038,16:31:00,P05-L-WHITE
S000082,2026-08-01,Saturday,Women Flats,Footwear,5,Silver,1,799.00,0,799.00,UPI,Female,Young Adult (20-30),Women,INV000039,20:07:00,P32-5-SILVER
S000083,2026-08-01,Saturday,Kids Lehenga Set,Ethnic Wear,6-7Y,Mint,1,1299.00,0,1299.00,Card,Male,Young Adult (20-30),Kids,INV000040,16:06:00,P18-67Y-MINT
S000084,2026-08-01,Saturday,Flip Flops,Footwear,8,Grey,1,399.00,0,399.00,Card,Male,Young Adult (20-30),Men,INV000041,13:47:00,P23-8-GREY
S000085,2026-08-01,Saturday,Printed Top,Tops,L,Blue,1,699.00,0,699.00,Card,Male,Young Adult (20-30),Women,INV000041,13:47:00,P12-L-BLUE
S000086,2026-08-01,Saturday,Sneakers,Footwear,9,Grey,1,1499.00,0,1499.00,Card,Male,Young Adult (20-30),Men,INV000041,13:47:00,P20-9-GREY
S000087,2026-08-01,Saturday,Cotton Kurti,Ethnic Wear,L,Mustard,2,999.00,0,1998.00,UPI,Male,Young Adult (20-30),Women,INV000042,12:49:00,P07-L-MUSTARD
S000088,2026-08-01,Saturday,Formal Shirt,Tops,L,White,1,999.00,0,999.00,UPI,Male,Young Adult (20-30),Men,INV000042,12:49:00,P05-L-WHITE
S000089,2026-08-01,Saturday,Printed Top,Tops,M,Red,1,699.00,0,699.00,UPI,Male,Young Adult (20-30),Women,INV000042,12:49:00,P12-M-RED
S000090,2026-08-01,Saturday,Cotton Kurti,Ethnic Wear,S,Mustard,1,999.00,0,999.00,UPI,Male,Teen (13-19),Women,INV000043,10:44:00,P07-S-MUSTARD
S000091,2026-08-01,Saturday,Slim Fit Jeans,Bottoms,30,Black,1,1299.00,0,1299.00,UPI,Male,Teen (13-19),Men,INV000043,10:44:00,P03-30-BLACK
S000092,2026-08-01,Saturday,Sandals,Footwear,6,Tan,1,999.00,0,999.00,Cash,Male,Young Adult (20-30),Women,INV000044,21:08:00,P21-6-TAN
S000093,2026-08-01,Saturday,Palazzo Kurta Set,Ethnic Wear,L,Teal,1,1399.00,0,1399.00,Cash,Male,Young Adult (20-30),Women,INV000044,21:08:00,P14-L-TEAL
S000094,2026-08-01,Saturday,Straight Pants,Bottoms,S,Navy,1,799.00,0,799.00,Cash,Male,Teen (13-19),Women,INV000045,11:47:00,P09-S-NAVY
S000095,2026-08-01,Saturday,Kids Joggers,Bottoms,2-3Y,Navy,1,699.00,0,699.00,UPI,Female,Adult (31-45),Kids,INV000046,15:57:00,P19-23Y-NAVY
S000096,2026-08-01,Saturday,Denim Jeggings,Bottoms,L,Indigo,1,999.00,0,999.00,UPI,Female,Adult (31-45),Women,INV000046,15:57:00,P10-L-INDIGO
S000097,2026-08-01,Saturday,Crop Top,Tops,M,Black,1,599.00,0,599.00,Cash,Female,Adult (31-45),Women,INV000047,21:25:00,P11-M-BLACK
S000098,2026-08-01,Saturday,Kids Sports Shoes,Footwear,13C,Blue,1,899.00,0,899.00,UPI,Other,Adult (31-45),Kids,INV000048,16:19:00,P22-13C-BLUE
S000099,2026-08-01,Saturday,Sandals,Footwear,4,Black,1,999.00,0,999.00,UPI,Male,Adult (31-45),Women,INV000049,15:58:00,P21-4-BLACK
S000100,2026-08-01,Saturday,Kids Sports Shoes,Footwear,1Y,Black,1,899.00,0,899.00,UPI,Male,Adult (31-45),Kids,INV000049,15:58:00,P22-1Y-BLACK
S000101,2026-08-01,Saturday,Graphic Tee,Tops,XL,Black,1,499.00,0,499.00,UPI,Male,Adult (31-45),Men,INV000049,15:58:00,P06-XL-BLACK
S000102,2026-08-01,Saturday,Women Flats,Footwear,8,Beige,1,799.00,0,799.00,UPI,Male,Adult (31-45),Women,INV000049,15:58:00,P32-8-BEIGE
S000103,2026-08-01,Saturday,Printed Top,Tops,XL,Red,1,699.00,0,699.00,UPI,Female,Young Adult (20-30),Women,INV000050,17:31:00,P12-XL-RED
S000104,2026-08-01,Saturday,Denim Jeggings,Bottoms,M,Indigo,1,999.00,0,999.00,Card,Female,Young Adult (20-30),Women,INV000051,13:50:00,P10-M-INDIGO
S000105,2026-08-01,Saturday,Kids Cartoon Tee,Tops,4-5Y,Blue,2,399.00,0,798.00,Card,Female,Young Adult (20-30),Kids,INV000051,13:50:00,P15-45Y-BLUE
S000106,2026-08-01,Saturday,Polo T-Shirt,Tops,S,Navy,1,699.00,0,699.00,Card,Female,Young Adult (20-30),Men,INV000051,13:50:00,P02-S-NAVY
S000107,2026-08-01,Saturday,Sling Bag,Accessories,OneSize,Black,1,699.00,0,699.00,Card,Female,Adult (31-45),Accessories,INV000052,13:43:00,P25-ONESIZE-BLACK
S000108,2026-08-01,Saturday,Denim Jeggings,Bottoms,L,Black,1,999.00,0,999.00,UPI,Female,Adult (31-45),Women,INV000053,18:57:00,P10-L-BLACK
S000109,2026-08-01,Saturday,Graphic Tee,Tops,M,Black,2,499.00,0,998.00,Card,Female,Young Adult (20-30),Men,INV000054,15:11:00,P06-M-BLACK
S000110,2026-08-01,Saturday,Graphic Tee,Tops,L,Red,1,499.00,0,499.00,Card,Female,Young Adult (20-30),Men,INV000055,11:58:00,P06-L-RED
S000111,2026-08-01,Saturday,Cotton Kurti,Ethnic Wear,L,Mustard,2,999.00,0,1998.00,Card,Female,Young Adult (20-30),Women,INV000055,11:58:00,P07-L-MUSTARD
S000112,2026-08-01,Saturday,Palazzo Kurta Set,Ethnic Wear,L,Maroon,1,1399.00,0,1399.00,Card,Female,Adult (31-45),Women,INV000056,12:51:00,P14-L-MAROON
S000113,2026-08-01,Saturday,Polo T-Shirt,Tops,L,Grey,1,699.00,0,699.00,Card,Female,Adult (31-45),Men,INV000056,12:51:00,P02-L-GREY
S000114,2026-08-01,Saturday,Cap,Accessories,OneSize,Navy,1,299.00,0,299.00,Card,Female,Adult (31-45),Accessories,INV000056,12:51:00,P29-ONESIZE-NAVY
S000115,2026-08-01,Saturday,Graphic Tee,Tops,S,Black,1,499.00,0,499.00,UPI,Male,Teen (13-19),Men,INV000057,20:14:00,P06-S-BLACK
S000116,2026-08-01,Saturday,Basic Crew T-Shirt,Tops,M,Black,1,399.00,0,399.00,UPI,Male,Teen (13-19),Men,INV000057,20:14:00,P01-M-BLACK
S000117,2026-08-01,Saturday,Formal Shirt,Tops,S,Grey,1,999.00,0,999.00,Cash,Male,Senior (46+),Men,INV000058,20:07:00,P05-S-GREY
S000118,2026-08-01,Saturday,Hair Accessories Set,Accessories,OneSize,Pink,1,199.00,0,199.00,Cash,Male,Senior (46+),Accessories,INV000058,20:07:00,P28-ONESIZE-PINK
S000119,2026-08-01,Saturday,Printed Top,Tops,XS,White,1,699.00,0,699.00,UPI,Male,Teen (13-19),Women,INV000059,20:27:00,P12-XS-WHITE
S000120,2026-08-01,Saturday,Basic Crew T-Shirt,Tops,XL,Navy,1,399.00,0,399.00,UPI,Male,Teen (13-19),Men,INV000059,20:27:00,P01-XL-NAVY
S000121,2026-08-01,Saturday,Flip Flops,Footwear,9,Grey,1,399.00,0,399.00,UPI,Male,Teen (13-19),Men,INV000059,20:27:00,P23-9-GREY
S000122,2026-08-01,Saturday,Straight Pants,Bottoms,M,Black,2,799.00,0,1598.00,Card,Male,Teen (13-19),Women,INV000060,12:02:00,P09-M-BLACK
S000123,2026-08-01,Saturday,Graphic Tee,Tops,L,White,1,499.00,0,499.00,Cash,Male,Adult (31-45),Men,INV000061,20:59:00,P06-L-WHITE
S000124,2026-08-01,Saturday,Women Flats,Footwear,4,Black,1,799.00,0,799.00,Cash,Male,Adult (31-45),Women,INV000061,20:59:00,P32-4-BLACK
S000125,2026-08-01,Saturday,Cotton Kurti,Ethnic Wear,S,Mustard,1,999.00,0,999.00,Cash,Male,Adult (31-45),Women,INV000061,20:59:00,P07-S-MUSTARD
S000126,2026-08-01,Saturday,Basic Crew T-Shirt,Tops,M,Navy,1,399.00,0,399.00,UPI,Male,Young Adult (20-30),Men,INV000062,17:32:00,P01-M-NAVY
S000127,2026-08-01,Saturday,Denim Jeggings,Bottoms,M,Black,1,999.00,0,999.00,UPI,Male,Young Adult (20-30),Women,INV000062,17:32:00,P10-M-BLACK
S000128,2026-08-01,Saturday,Sneakers,Footwear,8,Grey,1,1499.00,0,1499.00,UPI,Male,Young Adult (20-30),Men,INV000062,17:32:00,P20-8-GREY
S000129,2026-08-01,Saturday,Polo T-Shirt,Tops,M,Maroon,1,699.00,0,699.00,UPI,Female,Teen (13-19),Men,INV000063,18:42:00,P02-M-MAROON
S000130,2026-08-01,Saturday,Sandals,Footwear,5,Gold,1,999.00,0,999.00,UPI,Female,Senior (46+),Women,INV000064,20:08:00,P21-5-GOLD
S000131,2026-08-01,Saturday,Printed Top,Tops,S,Blue,1,699.00,0,699.00,UPI,Female,Senior (46+),Women,INV000064,20:08:00,P12-S-BLUE
S000132,2026-08-01,Saturday,Sneakers,Footwear,9,Grey,1,1499.00,0,1499.00,UPI,Female,Senior (46+),Men,INV000064,20:08:00,P20-9-GREY
S000133,2026-08-01,Saturday,Sneakers,Footwear,9,Black,1,1499.00,0,1499.00,Card,Female,Adult (31-45),Men,INV000065,20:56:00,P20-9-BLACK
S000134,2026-08-01,Saturday,Basic Crew T-Shirt,Tops,M,Black,1,399.00,0,399.00,Card,Female,Adult (31-45),Men,INV000065,20:56:00,P01-M-BLACK
S000135,2026-08-01,Saturday,Sandals,Footwear,8,Black,1,999.00,0,999.00,UPI,Female,Adult (31-45),Women,INV000066,11:01:00,P21-8-BLACK
S000136,2026-08-01,Saturday,Floral Kurti,Ethnic Wear,L,Green,1,1199.00,0,1199.00,UPI,Female,Young Adult (20-30),Women,INV000067,16:57:00,P08-L-GREEN
S000137,2026-08-01,Saturday,Kids Joggers,Bottoms,6-7Y,Grey,1,699.00,0,699.00,UPI,Female,Young Adult (20-30),Kids,INV000067,16:57:00,P19-67Y-GREY
S000138,2026-08-01,Saturday,Crop Top,Tops,M,White,2,599.00,0,1198.00,Cash,Female,Adult (31-45),Women,INV000068,16:14:00,P11-M-WHITE
S000139,2026-08-01,Saturday,Printed Top,Tops,M,White,1,699.00,0,699.00,Cash,Female,Adult (31-45),Women,INV000068,16:14:00,P12-M-WHITE
S000140,2026-08-01,Saturday,Basic Crew T-Shirt,Tops,M,Olive,1,399.00,0,399.00,Cash,Female,Adult (31-45),Men,INV000068,16:14:00,P01-M-OLIVE
S000141,2026-08-01,Saturday,Formal Shirt,Tops,M,White,1,999.00,0,999.00,UPI,Male,Young Adult (20-30),Men,INV000069,12:11:00,P05-M-WHITE
S000142,2026-08-01,Saturday,Polo T-Shirt,Tops,XL,Grey,2,699.00,0,1398.00,UPI,Male,Young Adult (20-30),Men,INV000069,12:11:00,P02-XL-GREY
S000143,2026-08-01,Saturday,Graphic Tee,Tops,S,Black,1,499.00,0,499.00,Card,Male,Adult (31-45),Men,INV000070,10:59:00,P06-S-BLACK
S000144,2026-08-01,Saturday,Cotton Kurti,Ethnic Wear,L,Mustard,1,999.00,0,999.00,Card,Male,Adult (31-45),Women,INV000070,10:59:00,P07-L-MUSTARD
S000145,2026-08-01,Saturday,Sneakers,Footwear,9,White,1,1499.00,0,1499.00,Card,Male,Adult (31-45),Men,INV000070,10:59:00,P20-9-WHITE
S000146,2026-08-01,Saturday,Printed Top,Tops,M,White,1,699.00,0,699.00,Card,Male,Adult (31-45),Women,INV000070,10:59:00,P12-M-WHITE
S000147,2026-08-01,Saturday,Flip Flops,Footwear,7,Navy,1,399.00,0,399.00,Card,Female,Senior (46+),Men,INV000071,20:37:00,P23-7-NAVY
S000148,2026-08-01,Saturday,Sneakers,Footwear,9,White,1,1499.00,0,1499.00,Card,Female,Senior (46+),Men,INV000071,20:37:00,P20-9-WHITE
S000149,2026-08-01,Saturday,Floral Kurti,Ethnic Wear,XS,Green,1,1199.00,0,1199.00,UPI,Male,Young Adult (20-30),Women,INV000072,16:43:00,P08-XS-GREEN
S000150,2026-08-01,Saturday,Cotton Kurti,Ethnic Wear,M,Maroon,1,999.00,0,999.00,UPI,Male,Young Adult (20-30),Women,INV000072,16:43:00,P07-M-MAROON
S000151,2026-08-01,Saturday,Palazzo Kurta Set,Ethnic Wear,S,Maroon,1,1399.00,0,1399.00,UPI,Male,Young Adult (20-30),Women,INV000072,16:43:00,P14-S-MAROON
S000152,2026-08-01,Saturday,Kids Denim Shorts,Bottoms,4-5Y,Blue,1,599.00,0,599.00,UPI,Female,Adult (31-45),Kids,INV000073,14:54:00,P16-45Y-BLUE
S000153,2026-08-01,Saturday,Ethnic Dupatta,Accessories,OneSize,Mustard,1,599.00,0,599.00,UPI,Female,Adult (31-45),Women,INV000073,14:54:00,P31-ONESIZE-MUSTARD
S000154,2026-08-01,Saturday,Graphic Tee,Tops,L,Red,1,499.00,0,499.00,UPI,Female,Adult (31-45),Men,INV000073,14:54:00,P06-L-RED
S000155,2026-08-01,Saturday,Crop Top,Tops,S,Lavender,1,599.00,0,599.00,Card,Male,Young Adult (20-30),Women,INV000074,15:26:00,P11-S-LAVENDER
S000156,2026-08-01,Saturday,Chino Trousers,Bottoms,34,Olive,1,1099.00,0,1099.00,UPI,Male,Teen (13-19),Men,INV000075,18:43:00,P04-34-OLIVE
S000157,2026-08-01,Saturday,Denim Jeggings,Bottoms,L,Indigo,1,999.00,0,999.00,UPI,Male,Teen (13-19),Women,INV000075,18:43:00,P10-L-INDIGO
S000158,2026-08-01,Saturday,Polo T-Shirt,Tops,XL,Maroon,1,699.00,0,699.00,UPI,Male,Teen (13-19),Men,INV000075,18:43:00,P02-XL-MAROON
S000159,2026-08-01,Saturday,Sling Bag,Accessories,OneSize,Black,1,699.00,0,699.00,UPI,Male,Teen (13-19),Accessories,INV000075,18:43:00,P25-ONESIZE-BLACK
S000160,2026-08-01,Saturday,Cotton Kurti,Ethnic Wear,M,Mustard,1,999.00,0,999.00,Card,Male,Young Adult (20-30),Women,INV000076,10:51:00,P07-M-MUSTARD
S000161,2026-08-01,Saturday,Palazzo Kurta Set,Ethnic Wear,XL,Maroon,1,1399.00,0,1399.00,Card,Male,Young Adult (20-30),Women,INV000076,10:51:00,P14-XL-MAROON
S000162,2026-08-01,Saturday,Women Flats,Footwear,8,Black,2,799.00,0,1598.00,UPI,Male,Teen (13-19),Women,INV000077,15:02:00,P32-8-BLACK
S000163,2026-08-01,Saturday,Kids Cartoon Tee,Tops,4-5Y,Red,1,399.00,0,399.00,UPI,Male,Teen (13-19),Kids,INV000077,15:02:00,P15-45Y-RED
S000164,2026-08-01,Saturday,Polo T-Shirt,Tops,S,Maroon,1,699.00,0,699.00,UPI,Male,Teen (13-19),Men,INV000077,15:02:00,P02-S-MAROON
S000165,2026-08-01,Saturday,Kids Sports Shoes,Footwear,12C,Pink,1,899.00,0,899.00,Cash,Male,Senior (46+),Kids,INV000078,16:16:00,P22-12C-PINK
S000166,2026-08-01,Saturday,Sneakers,Footwear,7,White,1,1499.00,0,1499.00,Cash,Male,Senior (46+),Men,INV000078,16:16:00,P20-7-WHITE
S000167,2026-08-01,Saturday,Basic Crew T-Shirt,Tops,L,Navy,2,399.00,0,798.00,Card,Male,Adult (31-45),Men,INV000079,20:25:00,P01-L-NAVY
S000168,2026-08-01,Saturday,Denim Jeggings,Bottoms,L,Indigo,1,999.00,0,999.00,Card,Other,Adult (31-45),Women,INV000080,20:30:00,P10-L-INDIGO
S000169,2026-08-01,Saturday,Cotton Kurti,Ethnic Wear,XL,Teal,1,999.00,0,999.00,Card,Other,Adult (31-45),Women,INV000080,20:30:00,P07-XL-TEAL
S000170,2026-08-01,Saturday,Women Flats,Footwear,5,Silver,1,799.00,0,799.00,Card,Other,Adult (31-45),Women,INV000080,20:30:00,P32-5-SILVER
S000171,2026-08-01,Saturday,Polo T-Shirt,Tops,L,Grey,1,699.00,0,699.00,Card,Other,Adult (31-45),Men,INV000080,20:30:00,P02-L-GREY
S000172,2026-08-01,Saturday,Sandals,Footwear,7,Black,2,999.00,0,1998.00,UPI,Female,Young Adult (20-30),Women,INV000081,14:50:00,P21-7-BLACK
S000173,2026-08-01,Saturday,Belt,Accessories,38,Black,1,399.00,0,399.00,UPI,Female,Young Adult (20-30),Accessories,INV000081,14:50:00,P26-38-BLACK
S000174,2026-08-01,Saturday,Crop Top,Tops,M,White,1,599.00,0,599.00,UPI,Female,Adult (31-45),Women,INV000082,13:22:00,P11-M-WHITE
S000175,2026-08-01,Saturday,Kids Denim Shorts,Bottoms,2-3Y,Black,1,599.00,0,599.00,UPI,Female,Adult (31-45),Kids,INV000082,13:22:00,P16-23Y-BLACK
S000176,2026-08-01,Saturday,Kids Ethnic Kurta Set,Ethnic Wear,8-9Y,Maroon,1,999.00,0,999.00,Card,Male,Young Adult (20-30),Kids,INV000083,19:12:00,P17-89Y-MAROON
S000177,2026-08-01,Saturday,Kids Denim Shorts,Bottoms,4-5Y,Black,2,599.00,0,1198.00,Card,Male,Adult (31-45),Kids,INV000084,19:05:00,P16-45Y-BLACK
S000178,2026-08-01,Saturday,Cotton Kurti,Ethnic Wear,L,Mustard,1,999.00,0,999.00,Card,Male,Adult (31-45),Women,INV000084,19:05:00,P07-L-MUSTARD
S000179,2026-08-01,Saturday,Polo T-Shirt,Tops,L,Navy,1,699.00,0,699.00,Card,Male,Adult (31-45),Men,INV000084,19:05:00,P02-L-NAVY
S000180,2026-08-01,Saturday,Basic Crew T-Shirt,Tops,M,Black,1,399.00,0,399.00,UPI,Male,Young Adult (20-30),Men,INV000085,18:07:00,P01-M-BLACK
S000181,2026-08-01,Saturday,Kids Cartoon Tee,Tops,2-3Y,Red,1,399.00,0,399.00,UPI,Male,Young Adult (20-30),Kids,INV000085,18:07:00,P15-23Y-RED
S000182,2026-08-01,Saturday,Crop Top,Tops,M,White,1,599.00,0,599.00,UPI,Other,Young Adult (20-30),Women,INV000086,19:53:00,P11-M-WHITE
S000183,2026-08-01,Saturday,Slim Fit Jeans,Bottoms,34,Light Blue,1,1299.00,0,1299.00,UPI,Female,Young Adult (20-30),Men,INV000087,17:00:00,P03-34-LIGHTBLU
S000184,2026-08-01,Saturday,Crop Top,Tops,M,Black,1,599.00,0,599.00,UPI,Female,Young Adult (20-30),Women,INV000087,17:00:00,P11-M-BLACK
S000185,2026-08-01,Saturday,Women Flats,Footwear,6,Silver,1,799.00,0,799.00,Card,Female,Teen (13-19),Women,INV000088,20:11:00,P32-6-SILVER
S000186,2026-08-01,Saturday,Crop Top,Tops,M,Black,1,599.00,0,599.00,Card,Female,Teen (13-19),Women,INV000088,20:11:00,P11-M-BLACK
S000187,2026-08-01,Saturday,Kids Denim Shorts,Bottoms,4-5Y,Black,1,599.00,0,599.00,Card,Female,Teen (13-19),Kids,INV000088,20:11:00,P16-45Y-BLACK
S000188,2026-08-01,Saturday,Sandals,Footwear,5,Black,1,999.00,0,999.00,Card,Female,Young Adult (20-30),Women,INV000089,18:42:00,P21-5-BLACK
S000189,2026-08-01,Saturday,Printed Top,Tops,XS,Blue,1,699.00,0,699.00,Card,Female,Young Adult (20-30),Women,INV000089,18:42:00,P12-XS-BLUE
S000190,2026-08-01,Saturday,Scarf,Accessories,OneSize,Maroon,1,499.00,0,499.00,Card,Female,Young Adult (20-30),Accessories,INV000089,18:42:00,P30-ONESIZE-MAROON
S000191,2026-08-01,Saturday,Chino Trousers,Bottoms,36,Olive,1,1099.00,0,1099.00,UPI,Female,Young Adult (20-30),Men,INV000090,15:56:00,P04-36-OLIVE
S000192,2026-08-01,Saturday,Kids Joggers,Bottoms,6-7Y,Navy,1,699.00,0,699.00,UPI,Female,Young Adult (20-30),Kids,INV000090,15:56:00,P19-67Y-NAVY
S000193,2026-08-01,Saturday,Graphic Tee,Tops,M,White,1,499.00,0,499.00,UPI,Male,Teen (13-19),Men,INV000091,21:28:00,P06-M-WHITE
S000194,2026-08-01,Saturday,Printed Top,Tops,L,White,1,699.00,0,699.00,UPI,Female,Adult (31-45),Women,INV000092,17:21:00,P12-L-WHITE
S000195,2026-08-01,Saturday,Palazzo Kurta Set,Ethnic Wear,M,Teal,1,1399.00,0,1399.00,Card,Female,Young Adult (20-30),Women,INV000093,15:54:00,P14-M-TEAL
S000196,2026-08-01,Saturday,Floral Kurti,Ethnic Wear,L,Blue,1,1199.00,0,1199.00,Card,Female,Young Adult (20-30),Women,INV000093,15:54:00,P08-L-BLUE
S000197,2026-08-01,Saturday,Slim Fit Jeans,Bottoms,36,Black,1,1299.00,0,1299.00,Card,Female,Adult (31-45),Men,INV000094,17:24:00,P03-36-BLACK
S000198,2026-08-01,Saturday,Basic Crew T-Shirt,Tops,M,Olive,1,399.00,0,399.00,Card,Male,Young Adult (20-30),Men,INV000095,13:46:00,P01-M-OLIVE
S000199,2026-08-01,Saturday,Kids Lehenga Set,Ethnic Wear,6-7Y,Pink,1,1299.00,0,1299.00,Card,Male,Young Adult (20-30),Kids,INV000095,13:46:00,P18-67Y-PINK
S000200,2026-08-01,Saturday,Cotton Kurti,Ethnic Wear,XL,Maroon,2,999.00,0,1998.00,UPI,Male,Young Adult (20-30),Women,INV000096,18:45:00,P07-XL-MAROON
S000201,2026-08-01,Saturday,Wallet,Accessories,OneSize,Tan,1,499.00,0,499.00,UPI,Male,Young Adult (20-30),Accessories,INV000097,13:38:00,P27-ONESIZE-TAN
S000202,2026-08-01,Saturday,Basic Crew T-Shirt,Tops,M,Navy,1,399.00,0,399.00,UPI,Male,Young Adult (20-30),Men,INV000097,13:38:00,P01-M-NAVY
S000203,2026-08-01,Saturday,Kids Sports Shoes,Footwear,13C,Pink,1,899.00,0,899.00,UPI,Male,Young Adult (20-30),Kids,INV000097,13:38:00,P22-13C-PINK
S000204,2026-08-01,Saturday,Graphic Tee,Tops,XL,Black,1,499.00,0,499.00,UPI,Female,Teen (13-19),Men,INV000098,11:21:00,P06-XL-BLACK
S000205,2026-08-01,Saturday,Polo T-Shirt,Tops,M,Navy,1,699.00,0,699.00,UPI,Female,Teen (13-19),Men,INV000098,11:21:00,P02-M-NAVY
S000206,2026-08-01,Saturday,Sandals,Footwear,7,Tan,1,999.00,0,999.00,Card,Female,Adult (31-45),Women,INV000099,19:31:00,P21-7-TAN
S000207,2026-08-01,Saturday,Kids Cartoon Tee,Tops,2-3Y,Red,1,399.00,0,399.00,Card,Female,Adult (31-45),Kids,INV000099,19:31:00,P15-23Y-RED
S000208,2026-08-01,Saturday,Women Flats,Footwear,7,Black,1,799.00,0,799.00,Card,Female,Adult (31-45),Women,INV000099,19:31:00,P32-7-BLACK
S000209,2026-08-02,Sunday,Flip Flops,Footwear,8,Black,1,399.00,0,399.00,Card,Female,Young Adult (20-30),Men,INV000100,16:59:00,P23-8-BLACK
S000210,2026-08-02,Sunday,Basic Crew T-Shirt,Tops,S,Black,2,399.00,0,798.00,Card,Female,Young Adult (20-30),Men,INV000100,16:59:00,P01-S-BLACK
S000211,2026-08-02,Sunday,Formal Shirt,Tops,L,White,1,999.00,0,999.00,Card,Female,Young Adult (20-30),Men,INV000100,16:59:00,P05-L-WHITE
S000212,2026-08-02,Sunday,Printed Top,Tops,S,Blue,1,699.00,0,699.00,Card,Female,Young Adult (20-30),Women,INV000100,16:59:00,P12-S-BLUE
S000213,2026-08-02,Sunday,Polo T-Shirt,Tops,XL,Navy,2,699.00,0,1398.00,Card,Male,Adult (31-45),Men,INV000101,20:28:00,P02-XL-NAVY
S000214,2026-08-02,Sunday,Handbag,Accessories,OneSize,Black,1,999.00,0,999.00,Cash,Female,Teen (13-19),Accessories,INV000102,12:01:00,P24-ONESIZE-BLACK
S000215,2026-08-02,Sunday,Basic Crew T-Shirt,Tops,S,Black,1,399.00,0,399.00,Cash,Female,Teen (13-19),Men,INV000102,12:01:00,P01-S-BLACK
S000216,2026-08-02,Sunday,Basic Crew T-Shirt,Tops,L,Black,1,399.00,0,399.00,Cash,Other,Young Adult (20-30),Men,INV000103,14:50:00,P01-L-BLACK
S000217,2026-08-02,Sunday,Sandals,Footwear,8,Black,1,999.00,0,999.00,Cash,Other,Young Adult (20-30),Women,INV000103,14:50:00,P21-8-BLACK
S000218,2026-08-02,Sunday,Slim Fit Jeans,Bottoms,30,Black,1,1299.00,0,1299.00,UPI,Male,Teen (13-19),Men,INV000104,20:34:00,P03-30-BLACK
S000219,2026-08-02,Sunday,Printed Top,Tops,S,Blue,2,699.00,0,1398.00,UPI,Male,Teen (13-19),Women,INV000104,20:34:00,P12-S-BLUE
S000220,2026-08-02,Sunday,Sandals,Footwear,8,Tan,1,999.00,0,999.00,Cash,Female,Adult (31-45),Women,INV000105,20:11:00,P21-8-TAN
S000221,2026-08-02,Sunday,Cotton Kurti,Ethnic Wear,L,Mustard,1,999.00,0,999.00,Cash,Female,Adult (31-45),Women,INV000105,20:11:00,P07-L-MUSTARD
S000222,2026-08-02,Sunday,Anarkali Kurta Set,Ethnic Wear,M,Emerald,1,1799.00,0,1799.00,UPI,Female,Adult (31-45),Women,INV000106,19:40:00,P13-M-EMERALD
S000223,2026-08-02,Sunday,Sandals,Footwear,8,Tan,1,999.00,0,999.00,UPI,Female,Adult (31-45),Women,INV000106,19:40:00,P21-8-TAN
S000224,2026-08-02,Sunday,Printed Top,Tops,S,Red,1,699.00,0,699.00,UPI,Female,Adult (31-45),Women,INV000106,19:40:00,P12-S-RED
S000225,2026-08-02,Sunday,Formal Shirt,Tops,L,White,1,999.00,0,999.00,Card,Male,Adult (31-45),Men,INV000107,10:57:00,P05-L-WHITE
S000226,2026-08-02,Sunday,Kids Cartoon Tee,Tops,2-3Y,Red,2,399.00,0,798.00,Card,Male,Adult (31-45),Kids,INV000107,10:57:00,P15-23Y-RED
S000227,2026-08-02,Sunday,Kids Joggers,Bottoms,6-7Y,Grey,1,699.00,0,699.00,Card,Male,Adult (31-45),Kids,INV000107,10:57:00,P19-67Y-GREY
S000228,2026-08-02,Sunday,Basic Crew T-Shirt,Tops,L,Navy,1,399.00,0,399.00,UPI,Male,Young Adult (20-30),Men,INV000108,16:28:00,P01-L-NAVY
S000229,2026-08-02,Sunday,Belt,Accessories,34,Brown,2,399.00,0,798.00,UPI,Male,Young Adult (20-30),Accessories,INV000108,16:28:00,P26-34-BROWN
S000230,2026-08-02,Sunday,Palazzo Kurta Set,Ethnic Wear,XL,Mustard,1,1399.00,0,1399.00,Card,Female,Adult (31-45),Women,INV000109,20:55:00,P14-XL-MUSTARD
S000231,2026-08-02,Sunday,Women Flats,Footwear,4,Beige,1,799.00,0,799.00,Card,Female,Adult (31-45),Women,INV000109,20:55:00,P32-4-BEIGE
S000232,2026-08-02,Sunday,Flip Flops,Footwear,8,Grey,1,399.00,0,399.00,Card,Female,Adult (31-45),Men,INV000109,20:55:00,P23-8-GREY
S000233,2026-08-02,Sunday,Cotton Kurti,Ethnic Wear,S,Teal,1,999.00,0,999.00,Card,Female,Adult (31-45),Women,INV000109,20:55:00,P07-S-TEAL
S000234,2026-08-02,Sunday,Kids Cartoon Tee,Tops,4-5Y,Red,1,399.00,0,399.00,UPI,Female,Senior (46+),Kids,INV000110,15:08:00,P15-45Y-RED
S000235,2026-08-02,Sunday,Flip Flops,Footwear,9,Grey,1,399.00,0,399.00,UPI,Female,Senior (46+),Men,INV000110,15:08:00,P23-9-GREY
S000236,2026-08-02,Sunday,Crop Top,Tops,L,Lavender,1,599.00,0,599.00,Card,Male,Adult (31-45),Women,INV000111,14:22:00,P11-L-LAVENDER
S000237,2026-08-02,Sunday,Cotton Kurti,Ethnic Wear,M,Maroon,1,999.00,0,999.00,Card,Male,Adult (31-45),Women,INV000111,14:22:00,P07-M-MAROON
S000238,2026-08-02,Sunday,Women Flats,Footwear,6,Black,1,799.00,0,799.00,Card,Female,Adult (31-45),Women,INV000112,12:23:00,P32-6-BLACK
S000239,2026-08-02,Sunday,Chino Trousers,Bottoms,30,Beige,1,1099.00,0,1099.00,Card,Female,Adult (31-45),Men,INV000112,12:23:00,P04-30-BEIGE
S000240,2026-08-02,Sunday,Printed Top,Tops,L,White,1,699.00,0,699.00,Card,Female,Adult (31-45),Women,INV000112,12:23:00,P12-L-WHITE
S000241,2026-08-02,Sunday,Kids Denim Shorts,Bottoms,8-9Y,Blue,1,599.00,0,599.00,Card,Female,Adult (31-45),Kids,INV000112,12:23:00,P16-89Y-BLUE
S000242,2026-08-02,Sunday,Cap,Accessories,OneSize,Beige,1,299.00,0,299.00,Card,Female,Teen (13-19),Accessories,INV000113,17:41:00,P29-ONESIZE-BEIGE
S000243,2026-08-02,Sunday,Printed Top,Tops,M,Red,1,699.00,0,699.00,Card,Female,Young Adult (20-30),Women,INV000114,12:57:00,P12-M-RED
S000244,2026-08-02,Sunday,Denim Jeggings,Bottoms,S,Indigo,2,999.00,0,1998.00,Card,Female,Young Adult (20-30),Women,INV000114,12:57:00,P10-S-INDIGO
S000245,2026-08-02,Sunday,Graphic Tee,Tops,S,Black,1,499.00,0,499.00,Cash,Male,Adult (31-45),Men,INV000115,16:22:00,P06-S-BLACK
S000246,2026-08-02,Sunday,Flip Flops,Footwear,7,Black,1,399.00,0,399.00,UPI,Male,Adult (31-45),Men,INV000116,18:32:00,P23-7-BLACK
S000247,2026-08-02,Sunday,Flip Flops,Footwear,8,Black,1,399.00,0,399.00,UPI,Male,Adult (31-45),Men,INV000116,18:32:00,P23-8-BLACK
S000248,2026-08-02,Sunday,Cotton Kurti,Ethnic Wear,M,Teal,1,999.00,0,999.00,Card,Male,Young Adult (20-30),Women,INV000117,19:10:00,P07-M-TEAL
S000249,2026-08-02,Sunday,Crop Top,Tops,M,Black,2,599.00,0,1198.00,Card,Male,Young Adult (20-30),Women,INV000117,19:10:00,P11-M-BLACK
S000250,2026-08-02,Sunday,Slim Fit Jeans,Bottoms,30,Light Blue,1,1299.00,0,1299.00,Card,Male,Young Adult (20-30),Men,INV000117,19:10:00,P03-30-LIGHTBLU
S000251,2026-08-02,Sunday,Crop Top,Tops,M,White,1,599.00,0,599.00,Card,Male,Young Adult (20-30),Women,INV000117,19:10:00,P11-M-WHITE
S000252,2026-08-02,Sunday,Basic Crew T-Shirt,Tops,S,Olive,1,399.00,0,399.00,Cash,Male,Young Adult (20-30),Men,INV000118,21:14:00,P01-S-OLIVE
S000253,2026-08-02,Sunday,Basic Crew T-Shirt,Tops,M,White,1,399.00,0,399.00,UPI,Male,Adult (31-45),Men,INV000119,17:38:00,P01-M-WHITE
S000254,2026-08-02,Sunday,Sneakers,Footwear,7,Black,1,1499.00,0,1499.00,UPI,Male,Adult (31-45),Men,INV000119,17:38:00,P20-7-BLACK
S000255,2026-08-02,Sunday,Kids Joggers,Bottoms,6-7Y,Navy,1,699.00,0,699.00,UPI,Male,Young Adult (20-30),Kids,INV000120,20:52:00,P19-67Y-NAVY
S000256,2026-08-02,Sunday,Crop Top,Tops,L,Lavender,1,599.00,0,599.00,UPI,Male,Young Adult (20-30),Women,INV000120,20:52:00,P11-L-LAVENDER
S000257,2026-08-02,Sunday,Cotton Kurti,Ethnic Wear,L,Maroon,1,999.00,0,999.00,UPI,Male,Young Adult (20-30),Women,INV000121,14:35:00,P07-L-MAROON
S000258,2026-08-02,Sunday,Kids Joggers,Bottoms,2-3Y,Black,2,699.00,0,1398.00,UPI,Male,Young Adult (20-30),Kids,INV000121,14:35:00,P19-23Y-BLACK
S000259,2026-08-02,Sunday,Kids Cartoon Tee,Tops,8-9Y,Red,1,399.00,0,399.00,Card,Female,Adult (31-45),Kids,INV000122,15:04:00,P15-89Y-RED
S000260,2026-08-02,Sunday,Women Flats,Footwear,7,Beige,1,799.00,0,799.00,Card,Female,Young Adult (20-30),Women,INV000123,17:41:00,P32-7-BEIGE
S000261,2026-08-02,Sunday,Kids Denim Shorts,Bottoms,6-7Y,Black,1,599.00,0,599.00,Card,Female,Young Adult (20-30),Kids,INV000123,17:41:00,P16-67Y-BLACK
S000262,2026-08-02,Sunday,Sandals,Footwear,5,Black,1,999.00,0,999.00,Card,Female,Young Adult (20-30),Women,INV000123,17:41:00,P21-5-BLACK
S000263,2026-08-02,Sunday,Sandals,Footwear,6,Black,1,999.00,0,999.00,Card,Female,Young Adult (20-30),Women,INV000123,17:41:00,P21-6-BLACK
S000264,2026-08-02,Sunday,Kids Lehenga Set,Ethnic Wear,6-7Y,Pink,2,1299.00,0,2598.00,UPI,Male,Young Adult (20-30),Kids,INV000124,11:32:00,P18-67Y-PINK
S000265,2026-08-02,Sunday,Formal Shirt,Tops,S,Grey,1,999.00,0,999.00,UPI,Male,Young Adult (20-30),Men,INV000124,11:32:00,P05-S-GREY
S000266,2026-08-02,Sunday,Sneakers,Footwear,7,Black,1,1499.00,0,1499.00,UPI,Male,Young Adult (20-30),Men,INV000124,11:32:00,P20-7-BLACK
S000267,2026-08-02,Sunday,Basic Crew T-Shirt,Tops,M,Olive,1,399.00,0,399.00,UPI,Male,Young Adult (20-30),Men,INV000124,11:32:00,P01-M-OLIVE
S000268,2026-08-02,Sunday,Basic Crew T-Shirt,Tops,M,White,1,399.00,0,399.00,Card,Male,Teen (13-19),Men,INV000125,19:19:00,P01-M-WHITE
S000269,2026-08-02,Sunday,Kids Denim Shorts,Bottoms,4-5Y,Blue,1,599.00,0,599.00,Card,Male,Teen (13-19),Kids,INV000125,19:19:00,P16-45Y-BLUE
S000270,2026-08-02,Sunday,Chino Trousers,Bottoms,36,Beige,1,1099.00,0,1099.00,UPI,Male,Adult (31-45),Men,INV000126,14:19:00,P04-36-BEIGE
S000271,2026-08-02,Sunday,Kids Denim Shorts,Bottoms,6-7Y,Blue,1,599.00,0,599.00,UPI,Male,Adult (31-45),Kids,INV000126,14:19:00,P16-67Y-BLUE
S000272,2026-08-02,Sunday,Basic Crew T-Shirt,Tops,M,White,1,399.00,0,399.00,Cash,Female,Adult (31-45),Men,INV000127,14:57:00,P01-M-WHITE
S000273,2026-08-02,Sunday,Kids Joggers,Bottoms,4-5Y,Black,1,699.00,0,699.00,Cash,Female,Adult (31-45),Kids,INV000127,14:57:00,P19-45Y-BLACK
S000274,2026-08-02,Sunday,Sling Bag,Accessories,OneSize,Black,1,699.00,0,699.00,Cash,Female,Adult (31-45),Accessories,INV000127,14:57:00,P25-ONESIZE-BLACK
S000275,2026-08-02,Sunday,Floral Kurti,Ethnic Wear,M,Pink,1,1199.00,0,1199.00,Cash,Female,Young Adult (20-30),Women,INV000128,16:27:00,P08-M-PINK
S000276,2026-08-02,Sunday,Kids Sports Shoes,Footwear,13C,Black,1,899.00,0,899.00,Cash,Female,Young Adult (20-30),Kids,INV000128,16:27:00,P22-13C-BLACK
S000277,2026-08-02,Sunday,Printed Top,Tops,L,Red,1,699.00,0,699.00,Cash,Female,Young Adult (20-30),Women,INV000128,16:27:00,P12-L-RED
S000278,2026-08-02,Sunday,Floral Kurti,Ethnic Wear,L,Green,1,1199.00,0,1199.00,Cash,Female,Young Adult (20-30),Women,INV000128,16:27:00,P08-L-GREEN
S000279,2026-08-02,Sunday,Polo T-Shirt,Tops,M,Navy,1,699.00,0,699.00,Card,Female,Young Adult (20-30),Men,INV000129,17:32:00,P02-M-NAVY
S000280,2026-08-02,Sunday,Basic Crew T-Shirt,Tops,XL,Olive,1,399.00,0,399.00,Cash,Male,Young Adult (20-30),Men,INV000130,14:41:00,P01-XL-OLIVE
S000281,2026-08-02,Sunday,Denim Jeggings,Bottoms,M,Black,1,999.00,0,999.00,UPI,Female,Senior (46+),Women,INV000131,11:13:00,P10-M-BLACK
S000282,2026-08-02,Sunday,Graphic Tee,Tops,S,Red,1,499.00,0,499.00,UPI,Female,Senior (46+),Men,INV000131,11:13:00,P06-S-RED
S000283,2026-08-02,Sunday,Formal Shirt,Tops,M,Blue,2,999.00,0,1998.00,UPI,Female,Senior (46+),Men,INV000131,11:13:00,P05-M-BLUE
S000284,2026-08-02,Sunday,Sandals,Footwear,5,Black,1,999.00,0,999.00,UPI,Female,Young Adult (20-30),Women,INV000132,21:12:00,P21-5-BLACK
S000285,2026-08-02,Sunday,Palazzo Kurta Set,Ethnic Wear,L,Teal,1,1399.00,0,1399.00,UPI,Female,Young Adult (20-30),Women,INV000132,21:12:00,P14-L-TEAL
S000286,2026-08-02,Sunday,Kids Sports Shoes,Footwear,11C,Blue,1,899.00,0,899.00,UPI,Female,Young Adult (20-30),Kids,INV000132,21:12:00,P22-11C-BLUE
S000287,2026-08-02,Sunday,Belt,Accessories,34,Black,1,399.00,0,399.00,UPI,Female,Young Adult (20-30),Accessories,INV000132,21:12:00,P26-34-BLACK
S000288,2026-08-02,Sunday,Straight Pants,Bottoms,M,Beige,1,799.00,0,799.00,UPI,Female,Teen (13-19),Women,INV000133,21:13:00,P09-M-BEIGE
S000289,2026-08-02,Sunday,Floral Kurti,Ethnic Wear,M,Pink,1,1199.00,0,1199.00,UPI,Female,Young Adult (20-30),Women,INV000134,17:31:00,P08-M-PINK
S000290,2026-08-02,Sunday,Sneakers,Footwear,8,White,1,1499.00,0,1499.00,UPI,Female,Young Adult (20-30),Men,INV000134,17:31:00,P20-8-WHITE
S000291,2026-08-02,Sunday,Women Flats,Footwear,5,Silver,1,799.00,0,799.00,Cash,Male,Senior (46+),Women,INV000135,12:38:00,P32-5-SILVER
S000292,2026-08-02,Sunday,Kids Joggers,Bottoms,8-9Y,Navy,1,699.00,0,699.00,Card,Female,Young Adult (20-30),Kids,INV000136,12:28:00,P19-89Y-NAVY
S000293,2026-08-02,Sunday,Sandals,Footwear,4,Tan,1,999.00,0,999.00,UPI,Female,Young Adult (20-30),Women,INV000137,21:22:00,P21-4-TAN
S000294,2026-08-02,Sunday,Formal Shirt,Tops,M,White,1,999.00,0,999.00,Card,Male,Teen (13-19),Men,INV000138,12:17:00,P05-M-WHITE
S000295,2026-08-02,Sunday,Cotton Kurti,Ethnic Wear,L,Mustard,1,999.00,0,999.00,UPI,Female,Adult (31-45),Women,INV000139,18:09:00,P07-L-MUSTARD
S000296,2026-08-02,Sunday,Women Flats,Footwear,7,Beige,1,799.00,0,799.00,UPI,Female,Adult (31-45),Women,INV000139,18:09:00,P32-7-BEIGE
S000297,2026-08-02,Sunday,Cotton Kurti,Ethnic Wear,S,Maroon,1,999.00,0,999.00,UPI,Female,Adult (31-45),Women,INV000139,18:09:00,P07-S-MAROON
S000298,2026-08-02,Sunday,Graphic Tee,Tops,M,Black,1,499.00,0,499.00,UPI,Female,Young Adult (20-30),Men,INV000140,10:59:00,P06-M-BLACK
S000299,2026-08-02,Sunday,Floral Kurti,Ethnic Wear,L,Pink,1,1199.00,0,1199.00,UPI,Male,Adult (31-45),Women,INV000141,14:43:00,P08-L-PINK
S000300,2026-08-02,Sunday,Floral Kurti,Ethnic Wear,XS,Blue,1,1199.00,0,1199.00,UPI,Male,Adult (31-45),Women,INV000141,14:43:00,P08-XS-BLUE
S000301,2026-08-02,Sunday,Graphic Tee,Tops,S,Black,1,499.00,0,499.00,Cash,Female,Adult (31-45),Men,INV000142,13:45:00,P06-S-BLACK
S000302,2026-08-02,Sunday,Cotton Kurti,Ethnic Wear,M,Mustard,1,999.00,0,999.00,UPI,Male,Adult (31-45),Women,INV000143,16:16:00,P07-M-MUSTARD
S000303,2026-08-02,Sunday,Flip Flops,Footwear,9,Navy,1,399.00,0,399.00,Cash,Female,Adult (31-45),Men,INV000144,15:36:00,P23-9-NAVY
S000304,2026-08-02,Sunday,Floral Kurti,Ethnic Wear,L,Pink,2,1199.00,0,2398.00,Cash,Female,Adult (31-45),Women,INV000144,15:36:00,P08-L-PINK
S000305,2026-08-02,Sunday,Basic Crew T-Shirt,Tops,M,Navy,1,399.00,0,399.00,Cash,Female,Adult (31-45),Men,INV000145,10:38:00,P01-M-NAVY
S000306,2026-08-02,Sunday,Kids Joggers,Bottoms,6-7Y,Navy,1,699.00,0,699.00,Cash,Female,Adult (31-45),Kids,INV000145,10:38:00,P19-67Y-NAVY
S000307,2026-08-02,Sunday,Floral Kurti,Ethnic Wear,M,Green,1,1199.00,0,1199.00,UPI,Male,Adult (31-45),Women,INV000146,20:16:00,P08-M-GREEN
S000308,2026-08-02,Sunday,Flip Flops,Footwear,10,Navy,1,399.00,0,399.00,UPI,Male,Adult (31-45),Men,INV000146,20:16:00,P23-10-NAVY
S000309,2026-08-02,Sunday,Slim Fit Jeans,Bottoms,34,Navy,1,1299.00,0,1299.00,UPI,Male,Adult (31-45),Men,INV000146,20:16:00,P03-34-NAVY
S000310,2026-08-02,Sunday,Basic Crew T-Shirt,Tops,XL,Olive,1,399.00,0,399.00,Cash,Female,Young Adult (20-30),Men,INV000147,15:26:00,P01-XL-OLIVE
S000311,2026-08-02,Sunday,Cotton Kurti,Ethnic Wear,M,Maroon,1,999.00,0,999.00,Cash,Female,Young Adult (20-30),Women,INV000147,15:26:00,P07-M-MAROON
S000312,2026-08-02,Sunday,Polo T-Shirt,Tops,M,Maroon,1,699.00,0,699.00,Cash,Female,Young Adult (20-30),Men,INV000147,15:26:00,P02-M-MAROON
S000313,2026-08-02,Sunday,Kids Joggers,Bottoms,6-7Y,Navy,1,699.00,0,699.00,UPI,Female,Adult (31-45),Kids,INV000148,19:40:00,P19-67Y-NAVY
S000314,2026-08-02,Sunday,Polo T-Shirt,Tops,L,Grey,1,699.00,0,699.00,UPI,Female,Adult (31-45),Men,INV000148,19:40:00,P02-L-GREY
S000315,2026-08-02,Sunday,Polo T-Shirt,Tops,M,Grey,2,699.00,0,1398.00,UPI,Female,Senior (46+),Men,INV000149,15:00:00,P02-M-GREY
S000316,2026-08-02,Sunday,Kids Ethnic Kurta Set,Ethnic Wear,8-9Y,Mustard,1,999.00,0,999.00,UPI,Female,Senior (46+),Kids,INV000149,15:00:00,P17-89Y-MUSTARD
S000317,2026-08-02,Sunday,Floral Kurti,Ethnic Wear,M,Blue,1,1199.00,0,1199.00,UPI,Female,Senior (46+),Women,INV000149,15:00:00,P08-M-BLUE
S000318,2026-08-02,Sunday,Cotton Kurti,Ethnic Wear,M,Maroon,1,999.00,0,999.00,UPI,Female,Adult (31-45),Women,INV000150,13:33:00,P07-M-MAROON
S000319,2026-08-02,Sunday,Sneakers,Footwear,10,Grey,1,1499.00,0,1499.00,UPI,Female,Adult (31-45),Men,INV000150,13:33:00,P20-10-GREY
S000320,2026-08-02,Sunday,Kids Cartoon Tee,Tops,6-7Y,Red,1,399.00,0,399.00,Card,Male,Young Adult (20-30),Kids,INV000151,19:02:00,P15-67Y-RED
S000321,2026-08-02,Sunday,Crop Top,Tops,L,Lavender,1,599.00,0,599.00,Card,Male,Young Adult (20-30),Women,INV000151,19:02:00,P11-L-LAVENDER
S000322,2026-08-02,Sunday,Slim Fit Jeans,Bottoms,36,Black,1,1299.00,0,1299.00,Cash,Female,Young Adult (20-30),Men,INV000152,17:54:00,P03-36-BLACK
S000323,2026-08-02,Sunday,Cotton Kurti,Ethnic Wear,S,Teal,2,999.00,0,1998.00,Cash,Female,Young Adult (20-30),Women,INV000152,17:54:00,P07-S-TEAL
S000324,2026-08-02,Sunday,Cotton Kurti,Ethnic Wear,L,Maroon,1,999.00,0,999.00,Cash,Female,Young Adult (20-30),Women,INV000152,17:54:00,P07-L-MAROON
S000325,2026-08-02,Sunday,Kids Joggers,Bottoms,2-3Y,Grey,1,699.00,0,699.00,Cash,Female,Young Adult (20-30),Kids,INV000152,17:54:00,P19-23Y-GREY
S000326,2026-08-02,Sunday,Polo T-Shirt,Tops,L,Grey,2,699.00,0,1398.00,Card,Female,Young Adult (20-30),Men,INV000153,19:27:00,P02-L-GREY
S000327,2026-08-02,Sunday,Floral Kurti,Ethnic Wear,M,Blue,1,1199.00,0,1199.00,UPI,Female,Adult (31-45),Women,INV000154,20:23:00,P08-M-BLUE
S000328,2026-08-02,Sunday,Flip Flops,Footwear,7,Black,1,399.00,0,399.00,UPI,Female,Adult (31-45),Men,INV000154,20:23:00,P23-7-BLACK
S000329,2026-08-02,Sunday,Cotton Kurti,Ethnic Wear,L,Maroon,2,999.00,0,1998.00,UPI,Female,Adult (31-45),Women,INV000154,20:23:00,P07-L-MAROON
S000330,2026-08-02,Sunday,Cap,Accessories,OneSize,Beige,1,299.00,0,299.00,UPI,Female,Adult (31-45),Accessories,INV000154,20:23:00,P29-ONESIZE-BEIGE
S000331,2026-08-02,Sunday,Kids Cartoon Tee,Tops,6-7Y,Yellow,1,399.00,0,399.00,Card,Male,Young Adult (20-30),Kids,INV000155,16:33:00,P15-67Y-YELLOW
S000332,2026-08-02,Sunday,Straight Pants,Bottoms,S,Navy,1,799.00,0,799.00,Card,Male,Young Adult (20-30),Women,INV000155,16:33:00,P09-S-NAVY
S000333,2026-08-02,Sunday,Graphic Tee,Tops,L,Red,1,499.00,0,499.00,Card,Female,Teen (13-19),Men,INV000156,10:34:00,P06-L-RED
S000334,2026-08-02,Sunday,Kids Cartoon Tee,Tops,8-9Y,Red,1,399.00,0,399.00,Card,Female,Teen (13-19),Kids,INV000156,10:34:00,P15-89Y-RED
S000335,2026-08-02,Sunday,Kids Joggers,Bottoms,4-5Y,Grey,1,699.00,0,699.00,Cash,Female,Senior (46+),Kids,INV000157,18:23:00,P19-45Y-GREY
S000336,2026-08-02,Sunday,Crop Top,Tops,S,Black,1,599.00,0,599.00,Cash,Female,Senior (46+),Women,INV000157,18:23:00,P11-S-BLACK
S000337,2026-08-02,Sunday,Cotton Kurti,Ethnic Wear,XL,Maroon,1,999.00,0,999.00,Cash,Female,Senior (46+),Women,INV000157,18:23:00,P07-XL-MAROON
S000338,2026-08-02,Sunday,Scarf,Accessories,OneSize,Teal,1,499.00,0,499.00,UPI,Female,Senior (46+),Accessories,INV000158,14:32:00,P30-ONESIZE-TEAL
S000339,2026-08-02,Sunday,Cotton Kurti,Ethnic Wear,XL,Maroon,1,999.00,0,999.00,UPI,Female,Senior (46+),Women,INV000158,14:32:00,P07-XL-MAROON
S000340,2026-08-02,Sunday,Chino Trousers,Bottoms,32,Navy,1,1099.00,0,1099.00,Cash,Female,Teen (13-19),Men,INV000159,20:10:00,P04-32-NAVY
S000341,2026-08-02,Sunday,Kids Ethnic Kurta Set,Ethnic Wear,6-7Y,Maroon,1,999.00,0,999.00,Cash,Male,Young Adult (20-30),Kids,INV000160,20:07:00,P17-67Y-MAROON
S000342,2026-08-02,Sunday,Slim Fit Jeans,Bottoms,34,Black,1,1299.00,0,1299.00,Cash,Male,Young Adult (20-30),Men,INV000160,20:07:00,P03-34-BLACK
S000343,2026-08-02,Sunday,Crop Top,Tops,L,Lavender,1,599.00,0,599.00,Cash,Female,Teen (13-19),Women,INV000161,15:26:00,P11-L-LAVENDER
S000344,2026-08-02,Sunday,Chino Trousers,Bottoms,36,Navy,1,1099.00,0,1099.00,Cash,Female,Teen (13-19),Men,INV000161,15:26:00,P04-36-NAVY
S000345,2026-08-02,Sunday,Denim Jeggings,Bottoms,S,Indigo,1,999.00,0,999.00,Cash,Female,Teen (13-19),Women,INV000161,15:26:00,P10-S-INDIGO
S000346,2026-08-02,Sunday,Basic Crew T-Shirt,Tops,S,Black,1,399.00,0,399.00,UPI,Male,Young Adult (20-30),Men,INV000162,17:44:00,P01-S-BLACK
S000347,2026-08-02,Sunday,Chino Trousers,Bottoms,34,Beige,1,1099.00,0,1099.00,UPI,Male,Young Adult (20-30),Men,INV000162,17:44:00,P04-34-BEIGE
S000348,2026-08-02,Sunday,Sneakers,Footwear,8,White,2,1499.00,0,2998.00,UPI,Female,Adult (31-45),Men,INV000163,17:48:00,P20-8-WHITE
S000349,2026-08-02,Sunday,Graphic Tee,Tops,L,Black,2,499.00,0,998.00,UPI,Female,Adult (31-45),Men,INV000163,17:48:00,P06-L-BLACK
S000350,2026-08-02,Sunday,Basic Crew T-Shirt,Tops,L,White,1,399.00,0,399.00,Cash,Female,Adult (31-45),Men,INV000164,17:54:00,P01-L-WHITE
S000351,2026-08-02,Sunday,Denim Jeggings,Bottoms,M,Black,1,999.00,0,999.00,Cash,Female,Young Adult (20-30),Women,INV000165,16:32:00,P10-M-BLACK
S000352,2026-08-02,Sunday,Sandals,Footwear,8,Black,1,999.00,0,999.00,Cash,Female,Young Adult (20-30),Women,INV000165,16:32:00,P21-8-BLACK
S000353,2026-08-02,Sunday,Kids Denim Shorts,Bottoms,2-3Y,Blue,2,599.00,0,1198.00,Cash,Male,Young Adult (20-30),Kids,INV000166,18:02:00,P16-23Y-BLUE
S000354,2026-08-02,Sunday,Kids Sports Shoes,Footwear,12C,Black,1,899.00,0,899.00,Cash,Male,Young Adult (20-30),Kids,INV000166,18:02:00,P22-12C-BLACK
S000355,2026-08-02,Sunday,Graphic Tee,Tops,S,Black,1,499.00,0,499.00,Cash,Male,Young Adult (20-30),Men,INV000166,18:02:00,P06-S-BLACK
S000356,2026-08-02,Sunday,Belt,Accessories,34,Brown,1,399.00,0,399.00,Cash,Male,Young Adult (20-30),Accessories,INV000166,18:02:00,P26-34-BROWN
S000357,2026-08-02,Sunday,Kids Sports Shoes,Footwear,10C,Black,1,899.00,0,899.00,UPI,Male,Adult (31-45),Kids,INV000167,11:55:00,P22-10C-BLACK
S000358,2026-08-02,Sunday,Straight Pants,Bottoms,XL,Beige,1,799.00,0,799.00,UPI,Male,Adult (31-45),Women,INV000167,11:55:00,P09-XL-BEIGE
S000359,2026-08-02,Sunday,Denim Jeggings,Bottoms,XL,Black,1,999.00,0,999.00,UPI,Male,Adult (31-45),Women,INV000167,11:55:00,P10-XL-BLACK
S000360,2026-08-02,Sunday,Basic Crew T-Shirt,Tops,L,Navy,1,399.00,0,399.00,Cash,Female,Teen (13-19),Men,INV000168,15:56:00,P01-L-NAVY
S000361,2026-08-02,Sunday,Crop Top,Tops,L,Lavender,1,599.00,0,599.00,Cash,Female,Teen (13-19),Women,INV000168,15:56:00,P11-L-LAVENDER
S000362,2026-08-02,Sunday,Kids Cartoon Tee,Tops,8-9Y,Yellow,1,399.00,0,399.00,UPI,Female,Young Adult (20-30),Kids,INV000169,12:54:00,P15-89Y-YELLOW
S000363,2026-08-02,Sunday,Basic Crew T-Shirt,Tops,S,White,1,399.00,0,399.00,UPI,Female,Adult (31-45),Men,INV000170,19:50:00,P01-S-WHITE
S000364,2026-08-02,Sunday,Sandals,Footwear,4,Black,1,999.00,0,999.00,UPI,Female,Adult (31-45),Women,INV000170,19:50:00,P21-4-BLACK
S000365,2026-08-02,Sunday,Straight Pants,Bottoms,XL,Black,1,799.00,0,799.00,UPI,Male,Young Adult (20-30),Women,INV000171,14:45:00,P09-XL-BLACK
S000366,2026-08-02,Sunday,Sandals,Footwear,4,Gold,1,999.00,0,999.00,UPI,Male,Young Adult (20-30),Women,INV000171,14:45:00,P21-4-GOLD
S000367,2026-08-02,Sunday,Chino Trousers,Bottoms,36,Navy,1,1099.00,0,1099.00,Card,Female,Young Adult (20-30),Men,INV000172,18:11:00,P04-36-NAVY
S000368,2026-08-02,Sunday,Basic Crew T-Shirt,Tops,M,Navy,1,399.00,0,399.00,UPI,Female,Teen (13-19),Men,INV000173,17:20:00,P01-M-NAVY
S000369,2026-08-02,Sunday,Printed Top,Tops,S,Red,1,699.00,0,699.00,UPI,Female,Adult (31-45),Women,INV000174,17:22:00,P12-S-RED
S000370,2026-08-02,Sunday,Printed Top,Tops,M,Red,1,699.00,0,699.00,UPI,Female,Young Adult (20-30),Women,INV000175,21:21:00,P12-M-RED
S000371,2026-08-02,Sunday,Straight Pants,Bottoms,L,Navy,1,799.00,0,799.00,Card,Female,Young Adult (20-30),Women,INV000176,12:21:00,P09-L-NAVY
S000372,2026-08-02,Sunday,Kids Cartoon Tee,Tops,6-7Y,Red,1,399.00,0,399.00,Card,Female,Young Adult (20-30),Kids,INV000176,12:21:00,P15-67Y-RED
S000373,2026-08-02,Sunday,Flip Flops,Footwear,10,Black,2,399.00,0,798.00,UPI,Female,Adult (31-45),Men,INV000177,21:08:00,P23-10-BLACK
S000374,2026-08-02,Sunday,Basic Crew T-Shirt,Tops,S,Olive,1,399.00,0,399.00,UPI,Female,Adult (31-45),Men,INV000177,21:08:00,P01-S-OLIVE
S000375,2026-08-02,Sunday,Graphic Tee,Tops,L,Red,1,499.00,0,499.00,UPI,Female,Young Adult (20-30),Men,INV000178,18:55:00,P06-L-RED
S000376,2026-08-02,Sunday,Straight Pants,Bottoms,XL,Beige,1,799.00,0,799.00,UPI,Female,Young Adult (20-30),Women,INV000178,18:55:00,P09-XL-BEIGE
S000377,2026-08-02,Sunday,Denim Jeggings,Bottoms,XS,Black,1,999.00,0,999.00,UPI,Female,Young Adult (20-30),Women,INV000178,18:55:00,P10-XS-BLACK
S000378,2026-08-02,Sunday,Basic Crew T-Shirt,Tops,L,Navy,1,399.00,0,399.00,UPI,Female,Young Adult (20-30),Men,INV000178,18:55:00,P01-L-NAVY
S000379,2026-08-02,Sunday,Kids Cartoon Tee,Tops,6-7Y,Yellow,2,399.00,0,798.00,UPI,Female,Adult (31-45),Kids,INV000179,19:56:00,P15-67Y-YELLOW
S000380,2026-08-02,Sunday,Slim Fit Jeans,Bottoms,32,Black,1,1299.00,0,1299.00,UPI,Female,Adult (31-45),Men,INV000179,19:56:00,P03-32-BLACK
S000381,2026-08-02,Sunday,Basic Crew T-Shirt,Tops,S,Black,1,399.00,0,399.00,Card,Male,Teen (13-19),Men,INV000180,20:55:00,P01-S-BLACK
S000382,2026-08-02,Sunday,Denim Jeggings,Bottoms,M,Black,1,999.00,0,999.00,Card,Male,Teen (13-19),Women,INV000180,20:55:00,P10-M-BLACK
S000383,2026-08-02,Sunday,Flip Flops,Footwear,8,Black,1,399.00,0,399.00,Card,Male,Teen (13-19),Men,INV000180,20:55:00,P23-8-BLACK
S000384,2026-08-02,Sunday,Chino Trousers,Bottoms,30,Olive,1,1099.00,0,1099.00,Cash,Male,Adult (31-45),Men,INV000181,13:27:00,P04-30-OLIVE
S000385,2026-08-02,Sunday,Slim Fit Jeans,Bottoms,32,Black,1,1299.00,0,1299.00,Cash,Male,Adult (31-45),Men,INV000181,13:27:00,P03-32-BLACK
S000386,2026-08-02,Sunday,Basic Crew T-Shirt,Tops,S,Olive,1,399.00,0,399.00,Cash,Male,Adult (31-45),Men,INV000181,13:27:00,P01-S-OLIVE
S000387,2026-08-02,Sunday,Slim Fit Jeans,Bottoms,32,Black,2,1299.00,0,2598.00,Card,Female,Adult (31-45),Men,INV000182,17:04:00,P03-32-BLACK
S000388,2026-08-02,Sunday,Sandals,Footwear,5,Gold,1,999.00,0,999.00,Card,Female,Adult (31-45),Women,INV000182,17:04:00,P21-5-GOLD
S000389,2026-08-02,Sunday,Basic Crew T-Shirt,Tops,M,Navy,1,399.00,0,399.00,Cash,Male,Young Adult (20-30),Men,INV000183,13:35:00,P01-M-NAVY
S000390,2026-08-02,Sunday,Kids Ethnic Kurta Set,Ethnic Wear,2-3Y,Maroon,1,999.00,0,999.00,Cash,Male,Young Adult (20-30),Kids,INV000183,13:35:00,P17-23Y-MAROON
S000391,2026-08-02,Sunday,Polo T-Shirt,Tops,M,Maroon,2,699.00,0,1398.00,UPI,Male,Young Adult (20-30),Men,INV000184,16:27:00,P02-M-MAROON
S000392,2026-08-02,Sunday,Cotton Kurti,Ethnic Wear,M,Teal,1,999.00,0,999.00,Cash,Female,Young Adult (20-30),Women,INV000185,14:38:00,P07-M-TEAL
S000393,2026-08-02,Sunday,Women Flats,Footwear,7,Silver,1,799.00,0,799.00,Cash,Female,Young Adult (20-30),Women,INV000185,14:38:00,P32-7-SILVER
S000394,2026-08-02,Sunday,Kids Cartoon Tee,Tops,4-5Y,Yellow,1,399.00,0,399.00,Cash,Female,Young Adult (20-30),Kids,INV000185,14:38:00,P15-45Y-YELLOW
S000395,2026-08-02,Sunday,Chino Trousers,Bottoms,30,Navy,1,1099.00,0,1099.00,UPI,Male,Young Adult (20-30),Men,INV000186,20:39:00,P04-30-NAVY
S000396,2026-08-02,Sunday,Graphic Tee,Tops,XL,Black,1,499.00,0,499.00,UPI,Male,Young Adult (20-30),Men,INV000186,20:39:00,P06-XL-BLACK
S000397,2026-08-02,Sunday,Basic Crew T-Shirt,Tops,XL,Black,1,399.00,0,399.00,UPI,Male,Young Adult (20-30),Men,INV000186,20:39:00,P01-XL-BLACK
S000398,2026-08-02,Sunday,Denim Jeggings,Bottoms,L,Indigo,1,999.00,0,999.00,Cash,Female,Young Adult (20-30),Women,INV000187,16:18:00,P10-L-INDIGO
S000399,2026-08-02,Sunday,Kids Denim Shorts,Bottoms,6-7Y,Black,1,599.00,0,599.00,UPI,Female,Adult (31-45),Kids,INV000188,19:23:00,P16-67Y-BLACK
S000400,2026-08-02,Sunday,Palazzo Kurta Set,Ethnic Wear,S,Maroon,1,1399.00,0,1399.00,Card,Female,Adult (31-45),Women,INV000189,12:04:00,P14-S-MAROON
S000401,2026-08-02,Sunday,Hair Accessories Set,Accessories,OneSize,Pink,1,199.00,0,199.00,Card,Female,Adult (31-45),Accessories,INV000189,12:04:00,P28-ONESIZE-PINK
S000402,2026-08-02,Sunday,Crop Top,Tops,M,White,1,599.00,0,599.00,UPI,Male,Young Adult (20-30),Women,INV000190,19:01:00,P11-M-WHITE
S000403,2026-08-02,Sunday,Flip Flops,Footwear,9,Black,1,399.00,0,399.00,UPI,Male,Young Adult (20-30),Men,INV000190,19:01:00,P23-9-BLACK
S000404,2026-08-02,Sunday,Cotton Kurti,Ethnic Wear,XS,Teal,1,999.00,0,999.00,Cash,Female,Adult (31-45),Women,INV000191,14:36:00,P07-XS-TEAL
S000405,2026-08-02,Sunday,Floral Kurti,Ethnic Wear,L,Pink,1,1199.00,0,1199.00,Cash,Female,Adult (31-45),Women,INV000191,14:36:00,P08-L-PINK
S000406,2026-08-02,Sunday,Graphic Tee,Tops,M,White,1,499.00,0,499.00,Cash,Female,Young Adult (20-30),Men,INV000192,19:33:00,P06-M-WHITE
S000407,2026-08-02,Sunday,Sneakers,Footwear,10,Grey,1,1499.00,0,1499.00,Cash,Female,Young Adult (20-30),Men,INV000192,19:33:00,P20-10-GREY
S000408,2026-08-02,Sunday,Basic Crew T-Shirt,Tops,S,White,1,399.00,0,399.00,UPI,Male,Young Adult (20-30),Men,INV000193,18:26:00,P01-S-WHITE
S000409,2026-08-02,Sunday,Graphic Tee,Tops,M,White,1,499.00,0,499.00,UPI,Male,Young Adult (20-30),Men,INV000193,18:26:00,P06-M-WHITE
S000410,2026-08-02,Sunday,Cotton Kurti,Ethnic Wear,S,Maroon,1,999.00,0,999.00,UPI,Female,Adult (31-45),Women,INV000194,19:37:00,P07-S-MAROON
S000411,2026-08-02,Sunday,Basic Crew T-Shirt,Tops,M,White,1,399.00,0,399.00,UPI,Female,Adult (31-45),Men,INV000194,19:37:00,P01-M-WHITE
S000412,2026-08-02,Sunday,Kids Denim Shorts,Bottoms,2-3Y,Blue,1,599.00,0,599.00,UPI,Female,Adult (31-45),Kids,INV000194,19:37:00,P16-23Y-BLUE
S000413,2026-08-02,Sunday,Palazzo Kurta Set,Ethnic Wear,M,Teal,1,1399.00,0,1399.00,UPI,Female,Adult (31-45),Women,INV000195,20:54:00,P14-M-TEAL
S000414,2026-08-02,Sunday,Slim Fit Jeans,Bottoms,32,Black,1,1299.00,0,1299.00,UPI,Male,Young Adult (20-30),Men,INV000196,12:46:00,P03-32-BLACK
S000415,2026-08-02,Sunday,Sneakers,Footwear,7,Black,1,1499.00,0,1499.00,UPI,Male,Young Adult (20-30),Men,INV000196,12:46:00,P20-7-BLACK
S000416,2026-08-02,Sunday,Chino Trousers,Bottoms,32,Beige,1,1099.00,0,1099.00,UPI,Male,Adult (31-45),Men,INV000197,16:50:00,P04-32-BEIGE
S000417,2026-08-02,Sunday,Straight Pants,Bottoms,M,Black,1,799.00,0,799.00,UPI,Male,Teen (13-19),Women,INV000198,19:58:00,P09-M-BLACK
S000418,2026-08-02,Sunday,Kids Joggers,Bottoms,8-9Y,Navy,1,699.00,0,699.00,UPI,Male,Adult (31-45),Kids,INV000199,21:25:00,P19-89Y-NAVY
S000419,2026-08-03,Monday,Formal Shirt,Tops,XL,Blue,2,999.00,0,1998.00,Card,Female,Young Adult (20-30),Men,INV000200,16:45:00,P05-XL-BLUE
S000420,2026-08-03,Monday,Denim Jeggings,Bottoms,XL,Indigo,1,999.00,0,999.00,Card,Female,Young Adult (20-30),Women,INV000200,16:45:00,P10-XL-INDIGO
S000421,2026-08-03,Monday,Chino Trousers,Bottoms,36,Olive,1,1099.00,0,1099.00,Card,Female,Young Adult (20-30),Men,INV000200,16:45:00,P04-36-OLIVE
S000422,2026-08-03,Monday,Floral Kurti,Ethnic Wear,XL,Blue,1,1199.00,0,1199.00,UPI,Male,Adult (31-45),Women,INV000201,19:52:00,P08-XL-BLUE
S000423,2026-08-03,Monday,Formal Shirt,Tops,XL,White,1,999.00,0,999.00,UPI,Male,Adult (31-45),Men,INV000201,19:52:00,P05-XL-WHITE
S000424,2026-08-03,Monday,Basic Crew T-Shirt,Tops,L,Navy,1,399.00,0,399.00,UPI,Male,Adult (31-45),Men,INV000202,21:10:00,P01-L-NAVY
S000425,2026-08-03,Monday,Flip Flops,Footwear,10,Black,1,399.00,0,399.00,UPI,Male,Adult (31-45),Men,INV000202,21:10:00,P23-10-BLACK
S000426,2026-08-03,Monday,Kids Sports Shoes,Footwear,13C,Blue,1,899.00,0,899.00,UPI,Female,Senior (46+),Kids,INV000203,20:48:00,P22-13C-BLUE
S000427,2026-08-03,Monday,Straight Pants,Bottoms,M,Beige,1,799.00,0,799.00,UPI,Female,Senior (46+),Women,INV000203,20:48:00,P09-M-BEIGE
S000428,2026-08-03,Monday,Sandals,Footwear,5,Tan,1,999.00,0,999.00,UPI,Female,Senior (46+),Women,INV000203,20:48:00,P21-5-TAN
S000429,2026-08-03,Monday,Crop Top,Tops,S,Black,3,599.00,0,1797.00,Card,Male,Young Adult (20-30),Women,INV000204,17:30:00,P11-S-BLACK
S000430,2026-08-03,Monday,Sandals,Footwear,6,Tan,1,999.00,0,999.00,Card,Male,Young Adult (20-30),Women,INV000204,17:30:00,P21-6-TAN
S000431,2026-08-03,Monday,Basic Crew T-Shirt,Tops,M,Black,1,399.00,0,399.00,Card,Female,Young Adult (20-30),Men,INV000205,13:16:00,P01-M-BLACK
S000432,2026-08-03,Monday,Polo T-Shirt,Tops,M,Navy,1,699.00,0,699.00,Cash,Female,Adult (31-45),Men,INV000206,11:50:00,P02-M-NAVY
S000433,2026-08-03,Monday,Printed Top,Tops,XL,Red,1,699.00,0,699.00,Cash,Female,Adult (31-45),Women,INV000206,11:50:00,P12-XL-RED
S000434,2026-08-03,Monday,Crop Top,Tops,M,Lavender,1,599.00,0,599.00,UPI,Female,Adult (31-45),Women,INV000207,20:54:00,P11-M-LAVENDER
S000435,2026-08-03,Monday,Straight Pants,Bottoms,XS,Beige,1,799.00,0,799.00,UPI,Female,Adult (31-45),Women,INV000207,20:54:00,P09-XS-BEIGE
S000436,2026-08-03,Monday,Basic Crew T-Shirt,Tops,L,Black,1,399.00,0,399.00,Card,Male,Teen (13-19),Men,INV000208,19:09:00,P01-L-BLACK
S000437,2026-08-03,Monday,Graphic Tee,Tops,XL,Black,2,499.00,0,998.00,Cash,Male,Adult (31-45),Men,INV000209,20:56:00,P06-XL-BLACK
S000438,2026-08-03,Monday,Cotton Kurti,Ethnic Wear,L,Maroon,1,999.00,0,999.00,Card,Male,Adult (31-45),Women,INV000210,15:54:00,P07-L-MAROON
S000439,2026-08-03,Monday,Cotton Kurti,Ethnic Wear,L,Teal,1,999.00,0,999.00,Card,Male,Adult (31-45),Women,INV000210,15:54:00,P07-L-TEAL
S000440,2026-08-03,Monday,Printed Top,Tops,S,White,1,699.00,0,699.00,Card,Female,Young Adult (20-30),Women,INV000211,19:57:00,P12-S-WHITE
S000441,2026-08-03,Monday,Sneakers,Footwear,10,Black,1,1499.00,0,1499.00,Card,Female,Young Adult (20-30),Men,INV000211,19:57:00,P20-10-BLACK
S000442,2026-08-03,Monday,Basic Crew T-Shirt,Tops,XL,White,3,399.00,0,1197.00,Card,Male,Adult (31-45),Men,INV000212,18:47:00,P01-XL-WHITE
S000443,2026-08-03,Monday,Kids Ethnic Kurta Set,Ethnic Wear,6-7Y,Mustard,1,999.00,0,999.00,Card,Male,Adult (31-45),Kids,INV000212,18:47:00,P17-67Y-MUSTARD
S000444,2026-08-03,Monday,Palazzo Kurta Set,Ethnic Wear,XS,Mustard,1,1399.00,0,1399.00,Card,Female,Senior (46+),Women,INV000213,20:38:00,P14-XS-MUSTARD
S000445,2026-08-03,Monday,Kids Denim Shorts,Bottoms,6-7Y,Black,2,599.00,0,1198.00,Card,Female,Senior (46+),Kids,INV000213,20:38:00,P16-67Y-BLACK
S000446,2026-08-03,Monday,Palazzo Kurta Set,Ethnic Wear,M,Mustard,2,1399.00,0,2798.00,Card,Female,Senior (46+),Women,INV000213,20:38:00,P14-M-MUSTARD
S000447,2026-08-03,Monday,Anarkali Kurta Set,Ethnic Wear,L,Navy,1,1799.00,0,1799.00,Card,Female,Teen (13-19),Women,INV000214,18:32:00,P13-L-NAVY
S000448,2026-08-03,Monday,Formal Shirt,Tops,M,Blue,3,999.00,0,2997.00,Card,Female,Teen (13-19),Men,INV000214,18:32:00,P05-M-BLUE
S000449,2026-08-03,Monday,Sandals,Footwear,6,Black,1,999.00,0,999.00,Card,Female,Teen (13-19),Women,INV000214,18:32:00,P21-6-BLACK
S000450,2026-08-03,Monday,Basic Crew T-Shirt,Tops,XL,Olive,2,399.00,0,798.00,UPI,Female,Young Adult (20-30),Men,INV000215,19:17:00,P01-XL-OLIVE
S000451,2026-08-03,Monday,Cotton Kurti,Ethnic Wear,S,Mustard,1,999.00,0,999.00,UPI,Female,Young Adult (20-30),Women,INV000215,19:17:00,P07-S-MUSTARD
S000452,2026-08-03,Monday,Formal Shirt,Tops,M,Grey,1,999.00,0,999.00,UPI,Female,Young Adult (20-30),Men,INV000216,19:45:00,P05-M-GREY
S000453,2026-08-03,Monday,Formal Shirt,Tops,S,White,2,999.00,0,1998.00,UPI,Female,Young Adult (20-30),Men,INV000216,19:45:00,P05-S-WHITE
S000454,2026-08-03,Monday,Basic Crew T-Shirt,Tops,S,Navy,1,399.00,0,399.00,UPI,Female,Adult (31-45),Men,INV000217,16:59:00,P01-S-NAVY
S000455,2026-08-03,Monday,Kids Denim Shorts,Bottoms,6-7Y,Black,1,599.00,0,599.00,UPI,Male,Adult (31-45),Kids,INV000218,18:15:00,P16-67Y-BLACK
S000456,2026-08-03,Monday,Polo T-Shirt,Tops,L,Navy,1,699.00,0,699.00,UPI,Male,Adult (31-45),Men,INV000219,18:59:00,P02-L-NAVY
S000457,2026-08-03,Monday,Cotton Kurti,Ethnic Wear,L,Maroon,1,999.00,0,999.00,Card,Female,Senior (46+),Women,INV000220,19:38:00,P07-L-MAROON
S000458,2026-08-03,Monday,Floral Kurti,Ethnic Wear,L,Blue,1,1199.00,0,1199.00,Card,Female,Senior (46+),Women,INV000220,19:38:00,P08-L-BLUE
S000459,2026-08-03,Monday,Basic Crew T-Shirt,Tops,XL,Black,2,399.00,0,798.00,UPI,Female,Young Adult (20-30),Men,INV000221,21:08:00,P01-XL-BLACK
S000460,2026-08-03,Monday,Formal Shirt,Tops,L,Grey,1,999.00,0,999.00,UPI,Female,Young Adult (20-30),Men,INV000221,21:08:00,P05-L-GREY
S000461,2026-08-03,Monday,Basic Crew T-Shirt,Tops,XL,Navy,1,399.00,0,399.00,UPI,Male,Senior (46+),Men,INV000222,19:48:00,P01-XL-NAVY
S000462,2026-08-03,Monday,Slim Fit Jeans,Bottoms,34,Light Blue,1,1299.00,0,1299.00,UPI,Female,Adult (31-45),Men,INV000223,11:38:00,P03-34-LIGHTBLU
S000463,2026-08-03,Monday,Graphic Tee,Tops,L,Black,2,499.00,0,998.00,UPI,Female,Adult (31-45),Men,INV000223,11:38:00,P06-L-BLACK
S000464,2026-08-03,Monday,Printed Top,Tops,L,White,1,699.00,0,699.00,Cash,Female,Adult (31-45),Women,INV000224,13:16:00,P12-L-WHITE
S000465,2026-08-03,Monday,Slim Fit Jeans,Bottoms,34,Light Blue,1,1299.00,0,1299.00,UPI,Male,Young Adult (20-30),Men,INV000225,17:14:00,P03-34-LIGHTBLU
S000466,2026-08-03,Monday,Basic Crew T-Shirt,Tops,M,Navy,1,399.00,0,399.00,UPI,Male,Young Adult (20-30),Men,INV000225,17:14:00,P01-M-NAVY
S000467,2026-08-03,Monday,Palazzo Kurta Set,Ethnic Wear,L,Maroon,1,1399.00,0,1399.00,Card,Male,Young Adult (20-30),Women,INV000226,14:13:00,P14-L-MAROON
S000468,2026-08-03,Monday,Cotton Kurti,Ethnic Wear,XL,Mustard,1,999.00,0,999.00,Card,Male,Adult (31-45),Women,INV000227,20:20:00,P07-XL-MUSTARD
S000469,2026-08-03,Monday,Straight Pants,Bottoms,L,Beige,1,799.00,0,799.00,Cash,Male,Teen (13-19),Women,INV000228,13:20:00,P09-L-BEIGE
S000470,2026-08-03,Monday,Graphic Tee,Tops,L,Black,1,499.00,0,499.00,Cash,Male,Teen (13-19),Men,INV000228,13:20:00,P06-L-BLACK
S000471,2026-08-03,Monday,Kids Joggers,Bottoms,6-7Y,Navy,1,699.00,0,699.00,Cash,Male,Teen (13-19),Kids,INV000228,13:20:00,P19-67Y-NAVY
S000472,2026-08-03,Monday,Hair Accessories Set,Accessories,OneSize,Pink,1,199.00,0,199.00,Cash,Male,Teen (13-19),Accessories,INV000228,13:20:00,P28-ONESIZE-PINK
S000473,2026-08-03,Monday,Denim Jeggings,Bottoms,L,Indigo,1,999.00,0,999.00,Cash,Male,Teen (13-19),Women,INV000228,13:20:00,P10-L-INDIGO
S000474,2026-08-03,Monday,Floral Kurti,Ethnic Wear,L,Blue,1,1199.00,0,1199.00,Cash,Female,Young Adult (20-30),Women,INV000229,18:43:00,P08-L-BLUE
S000475,2026-08-03,Monday,Kids Lehenga Set,Ethnic Wear,2-3Y,Peach,1,1299.00,0,1299.00,Cash,Female,Young Adult (20-30),Kids,INV000229,18:43:00,P18-23Y-PEACH
S000476,2026-08-03,Monday,Polo T-Shirt,Tops,XL,Maroon,1,699.00,0,699.00,UPI,Other,Teen (13-19),Men,INV000230,12:07:00,P02-XL-MAROON
S000477,2026-08-03,Monday,Kids Denim Shorts,Bottoms,2-3Y,Black,2,599.00,0,1198.00,UPI,Other,Teen (13-19),Kids,INV000230,12:07:00,P16-23Y-BLACK
S000478,2026-08-03,Monday,Flip Flops,Footwear,9,Navy,1,399.00,0,399.00,UPI,Other,Teen (13-19),Men,INV000230,12:07:00,P23-9-NAVY
S000479,2026-08-03,Monday,Formal Shirt,Tops,S,White,1,999.00,0,999.00,UPI,Other,Teen (13-19),Men,INV000230,12:07:00,P05-S-WHITE
S000480,2026-08-03,Monday,Formal Shirt,Tops,M,White,2,999.00,0,1998.00,UPI,Male,Young Adult (20-30),Men,INV000231,20:20:00,P05-M-WHITE
S000481,2026-08-03,Monday,Palazzo Kurta Set,Ethnic Wear,L,Mustard,1,1399.00,0,1399.00,Card,Female,Young Adult (20-30),Women,INV000232,19:27:00,P14-L-MUSTARD
S000482,2026-08-03,Monday,Polo T-Shirt,Tops,M,Grey,1,699.00,0,699.00,UPI,Male,Senior (46+),Men,INV000233,19:41:00,P02-M-GREY
S000483,2026-08-03,Monday,Floral Kurti,Ethnic Wear,L,Green,2,1199.00,0,2398.00,UPI,Male,Senior (46+),Women,INV000233,19:41:00,P08-L-GREEN
S000484,2026-08-03,Monday,Basic Crew T-Shirt,Tops,M,White,2,399.00,0,798.00,Card,Male,Young Adult (20-30),Men,INV000234,20:46:00,P01-M-WHITE
S000485,2026-08-03,Monday,Basic Crew T-Shirt,Tops,XL,White,1,399.00,0,399.00,Card,Male,Young Adult (20-30),Men,INV000234,20:46:00,P01-XL-WHITE
S000486,2026-08-03,Monday,Crop Top,Tops,XS,White,1,599.00,0,599.00,Cash,Female,Adult (31-45),Women,INV000235,13:53:00,P11-XS-WHITE
S000487,2026-08-03,Monday,Flip Flops,Footwear,10,Black,1,399.00,0,399.00,Cash,Female,Adult (31-45),Men,INV000235,13:53:00,P23-10-BLACK
S000488,2026-08-03,Monday,Printed Top,Tops,M,Blue,1,699.00,0,699.00,UPI,Male,Young Adult (20-30),Women,INV000236,19:38:00,P12-M-BLUE
S000489,2026-08-03,Monday,Formal Shirt,Tops,L,Blue,1,999.00,0,999.00,UPI,Male,Young Adult (20-30),Men,INV000236,19:38:00,P05-L-BLUE
S000490,2026-08-03,Monday,Chino Trousers,Bottoms,30,Olive,1,1099.00,0,1099.00,UPI,Male,Senior (46+),Men,INV000237,19:26:00,P04-30-OLIVE
S000491,2026-08-03,Monday,Basic Crew T-Shirt,Tops,XL,Navy,1,399.00,0,399.00,Cash,Male,Adult (31-45),Men,INV000238,17:54:00,P01-XL-NAVY
S000492,2026-08-03,Monday,Cotton Kurti,Ethnic Wear,L,Mustard,1,999.00,0,999.00,Cash,Male,Adult (31-45),Women,INV000238,17:54:00,P07-L-MUSTARD
S000493,2026-08-03,Monday,Printed Top,Tops,M,White,1,699.00,0,699.00,Card,Female,Senior (46+),Women,INV000239,15:46:00,P12-M-WHITE
S000494,2026-08-03,Monday,Printed Top,Tops,L,Blue,1,699.00,0,699.00,UPI,Female,Young Adult (20-30),Women,INV000240,21:18:00,P12-L-BLUE
S000495,2026-08-03,Monday,Polo T-Shirt,Tops,M,Navy,2,699.00,0,1398.00,UPI,Male,Adult (31-45),Men,INV000241,17:05:00,P02-M-NAVY
S000496,2026-08-03,Monday,Basic Crew T-Shirt,Tops,XL,Olive,1,399.00,0,399.00,UPI,Male,Adult (31-45),Men,INV000241,17:05:00,P01-XL-OLIVE
S000497,2026-08-03,Monday,Kids Cartoon Tee,Tops,2-3Y,Red,1,399.00,0,399.00,Card,Male,Young Adult (20-30),Kids,INV000242,15:04:00,P15-23Y-RED
S000498,2026-08-03,Monday,Palazzo Kurta Set,Ethnic Wear,M,Mustard,3,1399.00,0,4197.00,Card,Female,Adult (31-45),Women,INV000243,13:33:00,P14-M-MUSTARD
S000499,2026-08-03,Monday,Sandals,Footwear,7,Tan,1,999.00,0,999.00,UPI,Male,Adult (31-45),Women,INV000244,15:51:00,P21-7-TAN
S000500,2026-08-03,Monday,Kids Sports Shoes,Footwear,12C,Black,1,899.00,0,899.00,UPI,Male,Adult (31-45),Kids,INV000244,15:51:00,P22-12C-BLACK
S000501,2026-08-03,Monday,Chino Trousers,Bottoms,34,Navy,1,1099.00,0,1099.00,UPI,Male,Adult (31-45),Men,INV000245,16:07:00,P04-34-NAVY
S000502,2026-08-03,Monday,Sneakers,Footwear,10,Grey,1,1499.00,0,1499.00,UPI,Female,Young Adult (20-30),Men,INV000246,21:20:00,P20-10-GREY
S000503,2026-08-03,Monday,Palazzo Kurta Set,Ethnic Wear,L,Mustard,1,1399.00,0,1399.00,Card,Male,Adult (31-45),Women,INV000247,21:22:00,P14-L-MUSTARD
S000504,2026-08-03,Monday,Formal Shirt,Tops,S,White,1,999.00,0,999.00,Card,Male,Adult (31-45),Men,INV000247,21:22:00,P05-S-WHITE
S000505,2026-08-03,Monday,Slim Fit Jeans,Bottoms,30,Navy,1,1299.00,0,1299.00,UPI,Male,Young Adult (20-30),Men,INV000248,19:29:00,P03-30-NAVY
S000506,2026-08-03,Monday,Crop Top,Tops,L,Lavender,1,599.00,0,599.00,UPI,Female,Young Adult (20-30),Women,INV000249,10:49:00,P11-L-LAVENDER
S000507,2026-08-03,Monday,Kids Ethnic Kurta Set,Ethnic Wear,6-7Y,Maroon,1,999.00,0,999.00,UPI,Female,Adult (31-45),Kids,INV000250,19:39:00,P17-67Y-MAROON
S000508,2026-08-03,Monday,Chino Trousers,Bottoms,30,Beige,1,1099.00,0,1099.00,UPI,Male,Adult (31-45),Men,INV000251,15:09:00,P04-30-BEIGE
S000509,2026-08-03,Monday,Basic Crew T-Shirt,Tops,S,Black,1,399.00,0,399.00,UPI,Male,Young Adult (20-30),Men,INV000252,19:00:00,P01-S-BLACK
S000510,2026-08-03,Monday,Straight Pants,Bottoms,M,Navy,1,799.00,0,799.00,UPI,Male,Young Adult (20-30),Women,INV000252,19:00:00,P09-M-NAVY
S000511,2026-08-03,Monday,Belt,Accessories,38,Black,1,399.00,0,399.00,UPI,Male,Young Adult (20-30),Accessories,INV000252,19:00:00,P26-38-BLACK
S000512,2026-08-03,Monday,Basic Crew T-Shirt,Tops,L,Navy,1,399.00,0,399.00,UPI,Male,Young Adult (20-30),Men,INV000252,19:00:00,P01-L-NAVY
S000513,2026-08-03,Monday,Flip Flops,Footwear,10,Grey,2,399.00,0,798.00,UPI,Male,Young Adult (20-30),Men,INV000252,19:00:00,P23-10-GREY
S000514,2026-08-03,Monday,Basic Crew T-Shirt,Tops,L,Black,1,399.00,0,399.00,UPI,Male,Young Adult (20-30),Men,INV000253,20:20:00,P01-L-BLACK
S000515,2026-08-03,Monday,Flip Flops,Footwear,8,Grey,1,399.00,0,399.00,UPI,Male,Young Adult (20-30),Men,INV000253,20:20:00,P23-8-GREY
S000516,2026-08-03,Monday,Polo T-Shirt,Tops,XL,Navy,1,699.00,0,699.00,UPI,Male,Young Adult (20-30),Men,INV000253,20:20:00,P02-XL-NAVY
S000517,2026-08-03,Monday,Denim Jeggings,Bottoms,M,Indigo,1,999.00,0,999.00,UPI,Female,Adult (31-45),Women,INV000254,19:07:00,P10-M-INDIGO
S000518,2026-08-04,Tuesday,Printed Top,Tops,S,White,1,699.00,10,629.10,UPI,Female,Young Adult (20-30),Women,INV000255,14:46:00,P12-S-WHITE
S000519,2026-08-04,Tuesday,Crop Top,Tops,M,Lavender,2,599.00,10,1078.20,UPI,Female,Young Adult (20-30),Women,INV000255,14:46:00,P11-M-LAVENDER
S000520,2026-08-04,Tuesday,Ethnic Dupatta,Accessories,OneSize,Red,1,599.00,0,599.00,UPI,Female,Young Adult (20-30),Women,INV000255,14:46:00,P31-ONESIZE-RED
S000521,2026-08-04,Tuesday,Sneakers,Footwear,7,Grey,1,1499.00,0,1499.00,UPI,Male,Young Adult (20-30),Men,INV000256,15:12:00,P20-7-GREY
S000522,2026-08-04,Tuesday,Kids Cartoon Tee,Tops,8-9Y,Red,1,399.00,10,359.10,UPI,Male,Young Adult (20-30),Kids,INV000256,15:12:00,P15-89Y-RED
S000523,2026-08-04,Tuesday,Kids Sports Shoes,Footwear,11C,Black,1,899.00,0,899.00,UPI,Male,Young Adult (20-30),Kids,INV000256,15:12:00,P22-11C-BLACK
S000524,2026-08-04,Tuesday,Flip Flops,Footwear,9,Grey,3,399.00,0,1197.00,UPI,Male,Young Adult (20-30),Men,INV000256,15:12:00,P23-9-GREY
S000525,2026-08-04,Tuesday,Sneakers,Footwear,10,White,1,1499.00,0,1499.00,Card,Female,Adult (31-45),Men,INV000257,13:09:00,P20-10-WHITE
S000526,2026-08-04,Tuesday,Basic Crew T-Shirt,Tops,S,Black,1,399.00,10,359.10,Card,Female,Adult (31-45),Men,INV000257,13:09:00,P01-S-BLACK
S000527,2026-08-04,Tuesday,Kids Ethnic Kurta Set,Ethnic Wear,6-7Y,Green,1,999.00,0,999.00,Card,Female,Teen (13-19),Kids,INV000258,10:32:00,P17-67Y-GREEN
S000528,2026-08-04,Tuesday,Cotton Kurti,Ethnic Wear,S,Mustard,1,999.00,0,999.00,Card,Female,Teen (13-19),Women,INV000258,10:32:00,P07-S-MUSTARD
S000529,2026-08-04,Tuesday,Basic Crew T-Shirt,Tops,L,White,1,399.00,10,359.10,Card,Female,Teen (13-19),Men,INV000258,10:32:00,P01-L-WHITE
S000530,2026-08-04,Tuesday,Kids Cartoon Tee,Tops,4-5Y,Yellow,1,399.00,10,359.10,Card,Female,Teen (13-19),Kids,INV000258,10:32:00,P15-45Y-YELLOW
S000531,2026-08-04,Tuesday,Floral Kurti,Ethnic Wear,XS,Pink,1,1199.00,0,1199.00,Cash,Female,Adult (31-45),Women,INV000259,19:58:00,P08-XS-PINK
S000532,2026-08-04,Tuesday,Slim Fit Jeans,Bottoms,34,Navy,1,1299.00,0,1299.00,Cash,Female,Adult (31-45),Men,INV000259,19:58:00,P03-34-NAVY
S000533,2026-08-04,Tuesday,Kids Joggers,Bottoms,6-7Y,Grey,1,699.00,0,699.00,Cash,Female,Adult (31-45),Kids,INV000259,19:58:00,P19-67Y-GREY
S000534,2026-08-04,Tuesday,Chino Trousers,Bottoms,30,Olive,1,1099.00,0,1099.00,Cash,Female,Adult (31-45),Men,INV000259,19:58:00,P04-30-OLIVE
S000535,2026-08-04,Tuesday,Kids Ethnic Kurta Set,Ethnic Wear,2-3Y,Mustard,1,999.00,0,999.00,Cash,Female,Adult (31-45),Kids,INV000260,20:45:00,P17-23Y-MUSTARD
S000536,2026-08-04,Tuesday,Cotton Kurti,Ethnic Wear,S,Maroon,1,999.00,0,999.00,UPI,Female,Young Adult (20-30),Women,INV000261,19:13:00,P07-S-MAROON
S000537,2026-08-04,Tuesday,Straight Pants,Bottoms,L,Black,1,799.00,0,799.00,UPI,Female,Young Adult (20-30),Women,INV000261,19:13:00,P09-L-BLACK
S000538,2026-08-04,Tuesday,Kids Cartoon Tee,Tops,4-5Y,Blue,1,399.00,10,359.10,UPI,Female,Adult (31-45),Kids,INV000262,12:55:00,P15-45Y-BLUE
S000539,2026-08-04,Tuesday,Printed Top,Tops,M,White,1,699.00,10,629.10,UPI,Female,Adult (31-45),Women,INV000262,12:55:00,P12-M-WHITE
S000540,2026-08-04,Tuesday,Chino Trousers,Bottoms,32,Beige,1,1099.00,0,1099.00,UPI,Female,Senior (46+),Men,INV000263,19:48:00,P04-32-BEIGE
S000541,2026-08-04,Tuesday,Women Flats,Footwear,5,Silver,1,799.00,0,799.00,Card,Female,Adult (31-45),Women,INV000264,19:35:00,P32-5-SILVER
S000542,2026-08-04,Tuesday,Chino Trousers,Bottoms,30,Beige,3,1099.00,0,3297.00,Card,Female,Adult (31-45),Men,INV000264,19:35:00,P04-30-BEIGE
S000543,2026-08-04,Tuesday,Women Flats,Footwear,7,Black,1,799.00,0,799.00,Card,Female,Adult (31-45),Women,INV000264,19:35:00,P32-7-BLACK
S000544,2026-08-04,Tuesday,Kids Denim Shorts,Bottoms,6-7Y,Black,1,599.00,0,599.00,Card,Female,Adult (31-45),Kids,INV000264,19:35:00,P16-67Y-BLACK
S000545,2026-08-04,Tuesday,Cotton Kurti,Ethnic Wear,M,Teal,1,999.00,0,999.00,UPI,Male,Adult (31-45),Women,INV000265,12:56:00,P07-M-TEAL
S000546,2026-08-04,Tuesday,Kids Joggers,Bottoms,4-5Y,Navy,1,699.00,0,699.00,Cash,Female,Teen (13-19),Kids,INV000266,16:17:00,P19-45Y-NAVY
S000547,2026-08-04,Tuesday,Denim Jeggings,Bottoms,S,Black,2,999.00,0,1998.00,UPI,Male,Young Adult (20-30),Women,INV000267,20:49:00,P10-S-BLACK
S000548,2026-08-04,Tuesday,Polo T-Shirt,Tops,S,Navy,2,699.00,10,1258.20,UPI,Male,Young Adult (20-30),Men,INV000267,20:49:00,P02-S-NAVY
S000549,2026-08-04,Tuesday,Graphic Tee,Tops,M,Red,1,499.00,10,449.10,UPI,Male,Young Adult (20-30),Men,INV000268,17:01:00,P06-M-RED
S000550,2026-08-04,Tuesday,Straight Pants,Bottoms,L,Black,1,799.00,0,799.00,UPI,Male,Young Adult (20-30),Women,INV000268,17:01:00,P09-L-BLACK
S000551,2026-08-04,Tuesday,Cotton Kurti,Ethnic Wear,L,Mustard,2,999.00,0,1998.00,UPI,Male,Adult (31-45),Women,INV000269,20:46:00,P07-L-MUSTARD
S000552,2026-08-04,Tuesday,Slim Fit Jeans,Bottoms,34,Light Blue,1,1299.00,0,1299.00,UPI,Male,Adult (31-45),Men,INV000269,20:46:00,P03-34-LIGHTBLU
S000553,2026-08-04,Tuesday,Sneakers,Footwear,10,Black,1,1499.00,0,1499.00,UPI,Female,Young Adult (20-30),Men,INV000270,16:45:00,P20-10-BLACK
S000554,2026-08-04,Tuesday,Kids Denim Shorts,Bottoms,8-9Y,Black,1,599.00,0,599.00,Card,Female,Teen (13-19),Kids,INV000271,15:46:00,P16-89Y-BLACK
S000555,2026-08-04,Tuesday,Flip Flops,Footwear,8,Grey,1,399.00,0,399.00,Card,Female,Teen (13-19),Men,INV000271,15:46:00,P23-8-GREY
S000556,2026-08-04,Tuesday,Slim Fit Jeans,Bottoms,32,Black,3,1299.00,0,3897.00,UPI,Female,Young Adult (20-30),Men,INV000272,20:28:00,P03-32-BLACK
S000557,2026-08-04,Tuesday,Polo T-Shirt,Tops,M,Navy,1,699.00,10,629.10,UPI,Female,Adult (31-45),Men,INV000273,19:16:00,P02-M-NAVY
S000558,2026-08-04,Tuesday,Kids Sports Shoes,Footwear,1Y,Blue,1,899.00,0,899.00,UPI,Female,Adult (31-45),Kids,INV000273,19:16:00,P22-1Y-BLUE
S000559,2026-08-04,Tuesday,Women Flats,Footwear,8,Black,2,799.00,0,1598.00,UPI,Female,Teen (13-19),Women,INV000274,16:43:00,P32-8-BLACK
S000560,2026-08-04,Tuesday,Palazzo Kurta Set,Ethnic Wear,L,Teal,1,1399.00,0,1399.00,UPI,Female,Adult (31-45),Women,INV000275,14:27:00,P14-L-TEAL
S000561,2026-08-04,Tuesday,Cotton Kurti,Ethnic Wear,S,Maroon,1,999.00,0,999.00,UPI,Female,Adult (31-45),Women,INV000275,14:27:00,P07-S-MAROON
S000562,2026-08-04,Tuesday,Flip Flops,Footwear,9,Grey,1,399.00,0,399.00,UPI,Female,Adult (31-45),Men,INV000275,14:27:00,P23-9-GREY
S000563,2026-08-04,Tuesday,Kids Joggers,Bottoms,2-3Y,Black,1,699.00,0,699.00,UPI,Female,Senior (46+),Kids,INV000276,17:02:00,P19-23Y-BLACK
S000564,2026-08-04,Tuesday,Kids Joggers,Bottoms,6-7Y,Black,1,699.00,0,699.00,UPI,Female,Young Adult (20-30),Kids,INV000277,20:53:00,P19-67Y-BLACK
S000565,2026-08-04,Tuesday,Sandals,Footwear,5,Gold,1,999.00,0,999.00,UPI,Male,Adult (31-45),Women,INV000278,11:22:00,P21-5-GOLD
S000566,2026-08-04,Tuesday,Basic Crew T-Shirt,Tops,L,Navy,1,399.00,10,359.10,UPI,Male,Adult (31-45),Men,INV000278,11:22:00,P01-L-NAVY
S000567,2026-08-04,Tuesday,Palazzo Kurta Set,Ethnic Wear,XL,Maroon,1,1399.00,0,1399.00,Card,Male,Young Adult (20-30),Women,INV000279,19:31:00,P14-XL-MAROON
S000568,2026-08-04,Tuesday,Chino Trousers,Bottoms,34,Navy,1,1099.00,0,1099.00,Card,Male,Young Adult (20-30),Men,INV000279,19:31:00,P04-34-NAVY
S000569,2026-08-04,Tuesday,Printed Top,Tops,L,White,1,699.00,10,629.10,Card,Male,Young Adult (20-30),Women,INV000279,19:31:00,P12-L-WHITE
S000570,2026-08-04,Tuesday,Printed Top,Tops,M,White,1,699.00,10,629.10,Card,Female,Senior (46+),Women,INV000280,14:59:00,P12-M-WHITE
S000571,2026-08-04,Tuesday,Formal Shirt,Tops,L,Grey,1,999.00,10,899.10,Card,Female,Senior (46+),Men,INV000280,14:59:00,P05-L-GREY
S000572,2026-08-04,Tuesday,Graphic Tee,Tops,L,White,1,499.00,10,449.10,UPI,Male,Teen (13-19),Men,INV000281,19:00:00,P06-L-WHITE
S000573,2026-08-04,Tuesday,Formal Shirt,Tops,L,Grey,1,999.00,10,899.10,Cash,Female,Adult (31-45),Men,INV000282,17:14:00,P05-L-GREY
S000574,2026-08-04,Tuesday,Kids Ethnic Kurta Set,Ethnic Wear,2-3Y,Green,2,999.00,0,1998.00,Cash,Female,Adult (31-45),Kids,INV000282,17:14:00,P17-23Y-GREEN
S000575,2026-08-04,Tuesday,Straight Pants,Bottoms,M,Beige,1,799.00,0,799.00,UPI,Female,Young Adult (20-30),Women,INV000283,19:54:00,P09-M-BEIGE
S000576,2026-08-04,Tuesday,Basic Crew T-Shirt,Tops,M,Black,1,399.00,10,359.10,UPI,Female,Young Adult (20-30),Men,INV000283,19:54:00,P01-M-BLACK
S000577,2026-08-04,Tuesday,Sling Bag,Accessories,OneSize,Pink,1,699.00,0,699.00,UPI,Female,Young Adult (20-30),Accessories,INV000284,21:17:00,P25-ONESIZE-PINK
S000578,2026-08-04,Tuesday,Kids Cartoon Tee,Tops,6-7Y,Red,1,399.00,10,359.10,Card,Male,Teen (13-19),Kids,INV000285,14:02:00,P15-67Y-RED
S000579,2026-08-04,Tuesday,Basic Crew T-Shirt,Tops,XL,Olive,1,399.00,10,359.10,Card,Male,Teen (13-19),Men,INV000285,14:02:00,P01-XL-OLIVE
S000580,2026-08-04,Tuesday,Sandals,Footwear,8,Tan,1,999.00,0,999.00,Cash,Male,Young Adult (20-30),Women,INV000286,18:09:00,P21-8-TAN
S000581,2026-08-04,Tuesday,Kids Ethnic Kurta Set,Ethnic Wear,8-9Y,Mustard,1,999.00,0,999.00,Cash,Male,Young Adult (20-30),Kids,INV000286,18:09:00,P17-89Y-MUSTARD
S000582,2026-08-04,Tuesday,Slim Fit Jeans,Bottoms,34,Black,1,1299.00,0,1299.00,Cash,Male,Adult (31-45),Men,INV000287,21:12:00,P03-34-BLACK
S000583,2026-08-04,Tuesday,Kids Cartoon Tee,Tops,6-7Y,Red,1,399.00,10,359.10,Cash,Male,Adult (31-45),Kids,INV000287,21:12:00,P15-67Y-RED
S000584,2026-08-04,Tuesday,Kids Cartoon Tee,Tops,2-3Y,Red,1,399.00,10,359.10,Cash,Male,Adult (31-45),Kids,INV000287,21:12:00,P15-23Y-RED
S000585,2026-08-04,Tuesday,Cotton Kurti,Ethnic Wear,XS,Mustard,1,999.00,0,999.00,Cash,Male,Adult (31-45),Women,INV000287,21:12:00,P07-XS-MUSTARD
S000586,2026-08-04,Tuesday,Graphic Tee,Tops,XL,White,1,499.00,10,449.10,Cash,Male,Adult (31-45),Men,INV000288,19:46:00,P06-XL-WHITE
S000587,2026-08-04,Tuesday,Sandals,Footwear,4,Black,1,999.00,0,999.00,Cash,Male,Adult (31-45),Women,INV000288,19:46:00,P21-4-BLACK
S000588,2026-08-04,Tuesday,Printed Top,Tops,M,White,1,699.00,10,629.10,UPI,Female,Adult (31-45),Women,INV000289,20:28:00,P12-M-WHITE
S000589,2026-08-04,Tuesday,Sneakers,Footwear,8,Grey,1,1499.00,0,1499.00,Card,Female,Adult (31-45),Men,INV000290,12:44:00,P20-8-GREY
S000590,2026-08-04,Tuesday,Kids Lehenga Set,Ethnic Wear,6-7Y,Pink,1,1299.00,0,1299.00,Card,Female,Adult (31-45),Kids,INV000290,12:44:00,P18-67Y-PINK
S000591,2026-08-04,Tuesday,Slim Fit Jeans,Bottoms,32,Black,1,1299.00,0,1299.00,UPI,Male,Adult (31-45),Men,INV000291,18:09:00,P03-32-BLACK
S000592,2026-08-04,Tuesday,Polo T-Shirt,Tops,L,Maroon,1,699.00,10,629.10,UPI,Male,Adult (31-45),Men,INV000291,18:09:00,P02-L-MAROON
S000593,2026-08-04,Tuesday,Basic Crew T-Shirt,Tops,L,Navy,1,399.00,10,359.10,UPI,Male,Adult (31-45),Men,INV000292,20:43:00,P01-L-NAVY
S000594,2026-08-04,Tuesday,Basic Crew T-Shirt,Tops,M,Olive,1,399.00,10,359.10,UPI,Male,Adult (31-45),Men,INV000292,20:43:00,P01-M-OLIVE
S000595,2026-08-04,Tuesday,Polo T-Shirt,Tops,M,Maroon,1,699.00,10,629.10,UPI,Male,Adult (31-45),Men,INV000292,20:43:00,P02-M-MAROON
S000596,2026-08-04,Tuesday,Basic Crew T-Shirt,Tops,XL,Olive,1,399.00,10,359.10,Card,Other,Teen (13-19),Men,INV000293,11:00:00,P01-XL-OLIVE
S000597,2026-08-04,Tuesday,Crop Top,Tops,L,Lavender,1,599.00,10,539.10,UPI,Female,Teen (13-19),Women,INV000294,15:50:00,P11-L-LAVENDER
S000598,2026-08-04,Tuesday,Polo T-Shirt,Tops,L,Navy,1,699.00,10,629.10,UPI,Female,Teen (13-19),Men,INV000294,15:50:00,P02-L-NAVY
S000599,2026-08-04,Tuesday,Crop Top,Tops,L,White,1,599.00,10,539.10,UPI,Female,Adult (31-45),Women,INV000295,18:44:00,P11-L-WHITE
S000600,2026-08-04,Tuesday,Straight Pants,Bottoms,M,Black,1,799.00,0,799.00,Cash,Male,Young Adult (20-30),Women,INV000296,12:19:00,P09-M-BLACK
S000601,2026-08-04,Tuesday,Kids Lehenga Set,Ethnic Wear,2-3Y,Mint,1,1299.00,0,1299.00,Cash,Male,Young Adult (20-30),Kids,INV000296,12:19:00,P18-23Y-MINT
S000602,2026-08-04,Tuesday,Sling Bag,Accessories,OneSize,Black,1,699.00,0,699.00,Cash,Male,Young Adult (20-30),Accessories,INV000296,12:19:00,P25-ONESIZE-BLACK
S000603,2026-08-04,Tuesday,Printed Top,Tops,M,White,1,699.00,10,629.10,Cash,Male,Young Adult (20-30),Women,INV000296,12:19:00,P12-M-WHITE
S000604,2026-08-04,Tuesday,Slim Fit Jeans,Bottoms,30,Navy,1,1299.00,0,1299.00,Cash,Male,Young Adult (20-30),Men,INV000296,12:19:00,P03-30-NAVY
S000605,2026-08-04,Tuesday,Slim Fit Jeans,Bottoms,34,Light Blue,1,1299.00,0,1299.00,UPI,Female,Teen (13-19),Men,INV000297,14:00:00,P03-34-LIGHTBLU
S000606,2026-08-04,Tuesday,Printed Top,Tops,XL,Blue,1,699.00,10,629.10,UPI,Female,Young Adult (20-30),Women,INV000298,14:20:00,P12-XL-BLUE
S000607,2026-08-04,Tuesday,Formal Shirt,Tops,M,Grey,1,999.00,10,899.10,Card,Female,Adult (31-45),Men,INV000299,13:34:00,P05-M-GREY
S000608,2026-08-04,Tuesday,Kids Lehenga Set,Ethnic Wear,4-5Y,Mint,1,1299.00,0,1299.00,Card,Female,Adult (31-45),Kids,INV000299,13:34:00,P18-45Y-MINT
S000609,2026-08-04,Tuesday,Kids Joggers,Bottoms,6-7Y,Grey,1,699.00,0,699.00,Card,Female,Adult (31-45),Kids,INV000299,13:34:00,P19-67Y-GREY
S000610,2026-08-04,Tuesday,Handbag,Accessories,OneSize,Black,1,999.00,0,999.00,UPI,Female,Adult (31-45),Accessories,INV000300,14:24:00,P24-ONESIZE-BLACK
S000611,2026-08-04,Tuesday,Formal Shirt,Tops,L,Grey,1,999.00,10,899.10,UPI,Female,Adult (31-45),Men,INV000300,14:24:00,P05-L-GREY
S000612,2026-08-04,Tuesday,Sneakers,Footwear,9,White,1,1499.00,0,1499.00,UPI,Female,Young Adult (20-30),Men,INV000301,19:47:00,P20-9-WHITE
S000613,2026-08-04,Tuesday,Formal Shirt,Tops,L,Grey,1,999.00,10,899.10,UPI,Female,Young Adult (20-30),Men,INV000301,19:47:00,P05-L-GREY
S000614,2026-08-04,Tuesday,Women Flats,Footwear,8,Black,1,799.00,0,799.00,UPI,Female,Young Adult (20-30),Women,INV000302,18:45:00,P32-8-BLACK
S000615,2026-08-04,Tuesday,Basic Crew T-Shirt,Tops,XL,White,1,399.00,10,359.10,Cash,Female,Young Adult (20-30),Men,INV000303,15:17:00,P01-XL-WHITE
S000616,2026-08-04,Tuesday,Women Flats,Footwear,7,Black,1,799.00,0,799.00,Cash,Female,Young Adult (20-30),Women,INV000303,15:17:00,P32-7-BLACK
S000617,2026-08-04,Tuesday,Formal Shirt,Tops,M,Blue,1,999.00,10,899.10,Cash,Female,Young Adult (20-30),Men,INV000303,15:17:00,P05-M-BLUE
S000618,2026-08-04,Tuesday,Chino Trousers,Bottoms,34,Navy,1,1099.00,0,1099.00,Card,Male,Teen (13-19),Men,INV000304,14:56:00,P04-34-NAVY
S000619,2026-08-04,Tuesday,Basic Crew T-Shirt,Tops,M,Olive,1,399.00,10,359.10,Card,Male,Teen (13-19),Men,INV000304,14:56:00,P01-M-OLIVE
S000620,2026-08-04,Tuesday,Kids Sports Shoes,Footwear,10C,Pink,1,899.00,0,899.00,Card,Male,Teen (13-19),Kids,INV000304,14:56:00,P22-10C-PINK
S000621,2026-08-05,Wednesday,Cap,Accessories,OneSize,Beige,1,299.00,0,299.00,UPI,Male,Teen (13-19),Accessories,INV000305,20:04:00,P29-ONESIZE-BEIGE
S000622,2026-08-05,Wednesday,Kids Joggers,Bottoms,8-9Y,Black,1,699.00,0,699.00,Card,Male,Adult (31-45),Kids,INV000306,21:12:00,P19-89Y-BLACK
S000623,2026-08-05,Wednesday,Women Flats,Footwear,6,Black,1,799.00,0,799.00,Card,Male,Adult (31-45),Women,INV000306,21:12:00,P32-6-BLACK
S000624,2026-08-05,Wednesday,Denim Jeggings,Bottoms,L,Black,1,999.00,0,999.00,Card,Male,Adult (31-45),Women,INV000306,21:12:00,P10-L-BLACK
S000625,2026-08-05,Wednesday,Kids Cartoon Tee,Tops,2-3Y,Red,1,399.00,0,399.00,Cash,Male,Teen (13-19),Kids,INV000307,17:33:00,P15-23Y-RED
S000626,2026-08-05,Wednesday,Kids Joggers,Bottoms,8-9Y,Grey,1,699.00,0,699.00,Cash,Male,Teen (13-19),Kids,INV000307,17:33:00,P19-89Y-GREY
S000627,2026-08-05,Wednesday,Kids Lehenga Set,Ethnic Wear,4-5Y,Peach,1,1299.00,0,1299.00,Cash,Female,Adult (31-45),Kids,INV000308,21:02:00,P18-45Y-PEACH
S000628,2026-08-05,Wednesday,Floral Kurti,Ethnic Wear,L,Blue,1,1199.00,0,1199.00,Cash,Female,Adult (31-45),Women,INV000308,21:02:00,P08-L-BLUE
S000629,2026-08-05,Wednesday,Floral Kurti,Ethnic Wear,M,Pink,1,1199.00,0,1199.00,Cash,Female,Adult (31-45),Women,INV000308,21:02:00,P08-M-PINK
S000630,2026-08-05,Wednesday,Women Flats,Footwear,6,Beige,1,799.00,0,799.00,Cash,Female,Adult (31-45),Women,INV000308,21:02:00,P32-6-BEIGE
S000631,2026-08-05,Wednesday,Kids Cartoon Tee,Tops,6-7Y,Yellow,1,399.00,0,399.00,Card,Male,Teen (13-19),Kids,INV000309,20:24:00,P15-67Y-YELLOW
S000632,2026-08-05,Wednesday,Cotton Kurti,Ethnic Wear,M,Teal,1,999.00,0,999.00,Card,Male,Teen (13-19),Women,INV000309,20:24:00,P07-M-TEAL
S000633,2026-08-05,Wednesday,Polo T-Shirt,Tops,XL,Grey,1,699.00,0,699.00,UPI,Female,Young Adult (20-30),Men,INV000310,20:27:00,P02-XL-GREY
S000634,2026-08-05,Wednesday,Denim Jeggings,Bottoms,XS,Indigo,1,999.00,0,999.00,UPI,Female,Young Adult (20-30),Women,INV000310,20:27:00,P10-XS-INDIGO
S000635,2026-08-05,Wednesday,Formal Shirt,Tops,M,Blue,2,999.00,0,1998.00,UPI,Male,Senior (46+),Men,INV000311,11:44:00,P05-M-BLUE
S000636,2026-08-05,Wednesday,Basic Crew T-Shirt,Tops,L,Black,1,399.00,0,399.00,UPI,Male,Senior (46+),Men,INV000311,11:44:00,P01-L-BLACK
S000637,2026-08-05,Wednesday,Cotton Kurti,Ethnic Wear,S,Mustard,1,999.00,0,999.00,UPI,Male,Adult (31-45),Women,INV000312,19:03:00,P07-S-MUSTARD
S000638,2026-08-05,Wednesday,Denim Jeggings,Bottoms,S,Indigo,1,999.00,0,999.00,UPI,Male,Adult (31-45),Women,INV000312,19:03:00,P10-S-INDIGO
S000639,2026-08-05,Wednesday,Printed Top,Tops,M,White,1,699.00,0,699.00,UPI,Male,Adult (31-45),Women,INV000312,19:03:00,P12-M-WHITE
S000640,2026-08-05,Wednesday,Basic Crew T-Shirt,Tops,M,White,1,399.00,0,399.00,Card,Female,Young Adult (20-30),Men,INV000313,21:08:00,P01-M-WHITE
S000641,2026-08-05,Wednesday,Belt,Accessories,34,Black,1,399.00,0,399.00,Card,Female,Young Adult (20-30),Accessories,INV000313,21:08:00,P26-34-BLACK
S000642,2026-08-05,Wednesday,Denim Jeggings,Bottoms,M,Indigo,1,999.00,0,999.00,Cash,Female,Adult (31-45),Women,INV000314,11:45:00,P10-M-INDIGO
S000643,2026-08-05,Wednesday,Floral Kurti,Ethnic Wear,M,Pink,1,1199.00,0,1199.00,Cash,Female,Adult (31-45),Women,INV000314,11:45:00,P08-M-PINK
S000644,2026-08-05,Wednesday,Cotton Kurti,Ethnic Wear,M,Teal,1,999.00,0,999.00,UPI,Male,Young Adult (20-30),Women,INV000315,19:54:00,P07-M-TEAL
S000645,2026-08-05,Wednesday,Floral Kurti,Ethnic Wear,S,Green,1,1199.00,0,1199.00,UPI,Male,Young Adult (20-30),Women,INV000316,21:10:00,P08-S-GREEN
S000646,2026-08-05,Wednesday,Ethnic Dupatta,Accessories,OneSize,Mustard,1,599.00,0,599.00,UPI,Male,Young Adult (20-30),Women,INV000316,21:10:00,P31-ONESIZE-MUSTARD
S000647,2026-08-05,Wednesday,Kids Joggers,Bottoms,8-9Y,Navy,1,699.00,0,699.00,UPI,Female,Teen (13-19),Kids,INV000317,18:36:00,P19-89Y-NAVY
S000648,2026-08-05,Wednesday,Women Flats,Footwear,8,Silver,1,799.00,0,799.00,UPI,Female,Teen (13-19),Women,INV000317,18:36:00,P32-8-SILVER
S000649,2026-08-05,Wednesday,Kids Sports Shoes,Footwear,11C,Blue,1,899.00,0,899.00,UPI,Female,Adult (31-45),Kids,INV000318,14:13:00,P22-11C-BLUE
S000650,2026-08-05,Wednesday,Graphic Tee,Tops,L,Red,1,499.00,0,499.00,UPI,Female,Adult (31-45),Men,INV000318,14:13:00,P06-L-RED
S000651,2026-08-05,Wednesday,Polo T-Shirt,Tops,M,Navy,1,699.00,0,699.00,UPI,Female,Adult (31-45),Men,INV000318,14:13:00,P02-M-NAVY
S000652,2026-08-05,Wednesday,Slim Fit Jeans,Bottoms,30,Navy,3,1299.00,0,3897.00,Cash,Male,Adult (31-45),Men,INV000319,13:56:00,P03-30-NAVY
S000653,2026-08-05,Wednesday,Chino Trousers,Bottoms,32,Navy,1,1099.00,0,1099.00,Cash,Male,Adult (31-45),Men,INV000319,13:56:00,P04-32-NAVY
S000654,2026-08-05,Wednesday,Handbag,Accessories,OneSize,Tan,1,999.00,0,999.00,UPI,Female,Young Adult (20-30),Accessories,INV000320,17:10:00,P24-ONESIZE-TAN
S000655,2026-08-05,Wednesday,Graphic Tee,Tops,S,Red,1,499.00,0,499.00,UPI,Female,Senior (46+),Men,INV000321,18:50:00,P06-S-RED
S000656,2026-08-05,Wednesday,Straight Pants,Bottoms,XS,Black,1,799.00,0,799.00,UPI,Female,Senior (46+),Women,INV000321,18:50:00,P09-XS-BLACK
S000657,2026-08-05,Wednesday,Kids Sports Shoes,Footwear,11C,Black,1,899.00,0,899.00,Card,Female,Young Adult (20-30),Kids,INV000322,10:49:00,P22-11C-BLACK
S000658,2026-08-05,Wednesday,Denim Jeggings,Bottoms,M,Indigo,1,999.00,0,999.00,Card,Female,Young Adult (20-30),Women,INV000322,10:49:00,P10-M-INDIGO
S000659,2026-08-05,Wednesday,Cotton Kurti,Ethnic Wear,XL,Maroon,1,999.00,0,999.00,Card,Female,Young Adult (20-30),Women,INV000322,10:49:00,P07-XL-MAROON
S000660,2026-08-05,Wednesday,Graphic Tee,Tops,M,Black,1,499.00,0,499.00,Cash,Other,Adult (31-45),Men,INV000323,18:00:00,P06-M-BLACK
S000661,2026-08-05,Wednesday,Printed Top,Tops,M,Red,1,699.00,0,699.00,Cash,Other,Adult (31-45),Women,INV000323,18:00:00,P12-M-RED
S000662,2026-08-05,Wednesday,Women Flats,Footwear,8,Silver,1,799.00,0,799.00,Cash,Other,Adult (31-45),Women,INV000323,18:00:00,P32-8-SILVER
S000663,2026-08-05,Wednesday,Belt,Accessories,32,Black,1,399.00,0,399.00,UPI,Female,Adult (31-45),Accessories,INV000324,20:11:00,P26-32-BLACK
S000664,2026-08-05,Wednesday,Denim Jeggings,Bottoms,M,Indigo,1,999.00,0,999.00,UPI,Female,Young Adult (20-30),Women,INV000325,20:09:00,P10-M-INDIGO
S000665,2026-08-05,Wednesday,Sling Bag,Accessories,OneSize,Black,1,699.00,0,699.00,UPI,Female,Young Adult (20-30),Accessories,INV000325,20:09:00,P25-ONESIZE-BLACK
S000666,2026-08-05,Wednesday,Women Flats,Footwear,7,Black,1,799.00,0,799.00,UPI,Female,Young Adult (20-30),Women,INV000325,20:09:00,P32-7-BLACK
S000667,2026-08-05,Wednesday,Cotton Kurti,Ethnic Wear,L,Teal,1,999.00,0,999.00,UPI,Male,Senior (46+),Women,INV000326,17:14:00,P07-L-TEAL
S000668,2026-08-05,Wednesday,Flip Flops,Footwear,7,Navy,1,399.00,0,399.00,Cash,Male,Young Adult (20-30),Men,INV000327,17:20:00,P23-7-NAVY
S000669,2026-08-05,Wednesday,Women Flats,Footwear,4,Black,1,799.00,0,799.00,Cash,Male,Young Adult (20-30),Women,INV000327,17:20:00,P32-4-BLACK
S000670,2026-08-05,Wednesday,Graphic Tee,Tops,M,Red,1,499.00,0,499.00,Cash,Male,Young Adult (20-30),Men,INV000327,17:20:00,P06-M-RED
S000671,2026-08-05,Wednesday,Flip Flops,Footwear,9,Black,1,399.00,0,399.00,UPI,Male,Adult (31-45),Men,INV000328,16:00:00,P23-9-BLACK
S000672,2026-08-05,Wednesday,Chino Trousers,Bottoms,30,Olive,1,1099.00,0,1099.00,UPI,Male,Adult (31-45),Men,INV000328,16:00:00,P04-30-OLIVE
S000673,2026-08-05,Wednesday,Crop Top,Tops,L,Black,1,599.00,0,599.00,Card,Male,Adult (31-45),Women,INV000329,17:57:00,P11-L-BLACK
S000674,2026-08-05,Wednesday,Printed Top,Tops,M,Red,1,699.00,0,699.00,Card,Male,Adult (31-45),Women,INV000329,17:57:00,P12-M-RED
S000675,2026-08-05,Wednesday,Women Flats,Footwear,5,Black,1,799.00,0,799.00,UPI,Female,Teen (13-19),Women,INV000330,18:04:00,P32-5-BLACK
S000676,2026-08-05,Wednesday,Kids Joggers,Bottoms,6-7Y,Grey,1,699.00,0,699.00,UPI,Male,Adult (31-45),Kids,INV000331,18:50:00,P19-67Y-GREY
S000677,2026-08-05,Wednesday,Sneakers,Footwear,10,Grey,1,1499.00,0,1499.00,UPI,Male,Adult (31-45),Men,INV000332,14:54:00,P20-10-GREY
S000678,2026-08-05,Wednesday,Slim Fit Jeans,Bottoms,30,Black,1,1299.00,0,1299.00,UPI,Male,Adult (31-45),Men,INV000332,14:54:00,P03-30-BLACK
S000679,2026-08-05,Wednesday,Crop Top,Tops,L,Lavender,1,599.00,0,599.00,UPI,Male,Adult (31-45),Women,INV000332,14:54:00,P11-L-LAVENDER
S000680,2026-08-05,Wednesday,Kids Denim Shorts,Bottoms,6-7Y,Blue,1,599.00,0,599.00,UPI,Male,Adult (31-45),Kids,INV000332,14:54:00,P16-67Y-BLUE
S000681,2026-08-05,Wednesday,Basic Crew T-Shirt,Tops,L,Navy,1,399.00,0,399.00,UPI,Male,Adult (31-45),Men,INV000332,14:54:00,P01-L-NAVY
S000682,2026-08-05,Wednesday,Sandals,Footwear,6,Gold,1,999.00,0,999.00,Card,Male,Young Adult (20-30),Women,INV000333,18:08:00,P21-6-GOLD
S000683,2026-08-05,Wednesday,Formal Shirt,Tops,S,White,2,999.00,0,1998.00,Card,Male,Adult (31-45),Men,INV000334,20:03:00,P05-S-WHITE
S000684,2026-08-05,Wednesday,Basic Crew T-Shirt,Tops,M,Black,1,399.00,0,399.00,Card,Male,Adult (31-45),Men,INV000334,20:03:00,P01-M-BLACK
S000685,2026-08-05,Wednesday,Kids Sports Shoes,Footwear,13C,Black,1,899.00,0,899.00,Card,Male,Adult (31-45),Kids,INV000334,20:03:00,P22-13C-BLACK
S000686,2026-08-05,Wednesday,Crop Top,Tops,M,Lavender,2,599.00,0,1198.00,Card,Female,Teen (13-19),Women,INV000335,19:54:00,P11-M-LAVENDER
S000687,2026-08-05,Wednesday,Crop Top,Tops,M,White,1,599.00,0,599.00,Card,Female,Teen (13-19),Women,INV000335,19:54:00,P11-M-WHITE
S000688,2026-08-05,Wednesday,Kids Joggers,Bottoms,4-5Y,Black,1,699.00,0,699.00,UPI,Female,Young Adult (20-30),Kids,INV000336,13:39:00,P19-45Y-BLACK
S000689,2026-08-05,Wednesday,Printed Top,Tops,L,Red,1,699.00,0,699.00,UPI,Female,Young Adult (20-30),Women,INV000336,13:39:00,P12-L-RED
S000690,2026-08-05,Wednesday,Basic Crew T-Shirt,Tops,XL,Black,1,399.00,0,399.00,Card,Male,Adult (31-45),Men,INV000337,19:15:00,P01-XL-BLACK
S000691,2026-08-05,Wednesday,Formal Shirt,Tops,M,Blue,1,999.00,0,999.00,Card,Male,Adult (31-45),Men,INV000337,19:15:00,P05-M-BLUE
S000692,2026-08-05,Wednesday,Slim Fit Jeans,Bottoms,34,Light Blue,1,1299.00,0,1299.00,Card,Male,Teen (13-19),Men,INV000338,15:30:00,P03-34-LIGHTBLU
S000693,2026-08-05,Wednesday,Floral Kurti,Ethnic Wear,L,Blue,1,1199.00,0,1199.00,Card,Male,Teen (13-19),Women,INV000338,15:30:00,P08-L-BLUE
S000694,2026-08-05,Wednesday,Printed Top,Tops,M,White,1,699.00,0,699.00,Card,Female,Adult (31-45),Women,INV000339,16:21:00,P12-M-WHITE
S000695,2026-08-05,Wednesday,Cotton Kurti,Ethnic Wear,S,Maroon,1,999.00,0,999.00,Card,Female,Adult (31-45),Women,INV000339,16:21:00,P07-S-MAROON
S000696,2026-08-05,Wednesday,Kids Joggers,Bottoms,4-5Y,Grey,1,699.00,0,699.00,UPI,Female,Young Adult (20-30),Kids,INV000340,20:58:00,P19-45Y-GREY
S000697,2026-08-05,Wednesday,Kids Cartoon Tee,Tops,2-3Y,Blue,2,399.00,0,798.00,Cash,Female,Senior (46+),Kids,INV000341,19:45:00,P15-23Y-BLUE
S000698,2026-08-05,Wednesday,Printed Top,Tops,XL,Red,2,699.00,0,1398.00,Cash,Female,Senior (46+),Women,INV000341,19:45:00,P12-XL-RED
S000699,2026-08-05,Wednesday,Kids Denim Shorts,Bottoms,4-5Y,Black,1,599.00,0,599.00,Cash,Other,Senior (46+),Kids,INV000342,20:00:00,P16-45Y-BLACK
S000700,2026-08-05,Wednesday,Wallet,Accessories,OneSize,Black,1,499.00,0,499.00,Cash,Other,Senior (46+),Accessories,INV000342,20:00:00,P27-ONESIZE-BLACK
S000701,2026-08-05,Wednesday,Denim Jeggings,Bottoms,L,Black,2,999.00,0,1998.00,Cash,Other,Senior (46+),Women,INV000342,20:00:00,P10-L-BLACK
S000702,2026-08-05,Wednesday,Crop Top,Tops,M,White,1,599.00,0,599.00,UPI,Female,Adult (31-45),Women,INV000343,11:57:00,P11-M-WHITE
S000703,2026-08-05,Wednesday,Palazzo Kurta Set,Ethnic Wear,XS,Maroon,1,1399.00,0,1399.00,Cash,Female,Adult (31-45),Women,INV000344,20:31:00,P14-XS-MAROON
S000704,2026-08-05,Wednesday,Kids Cartoon Tee,Tops,8-9Y,Blue,1,399.00,0,399.00,Cash,Female,Young Adult (20-30),Kids,INV000345,15:17:00,P15-89Y-BLUE
S000705,2026-08-05,Wednesday,Palazzo Kurta Set,Ethnic Wear,M,Teal,1,1399.00,0,1399.00,Cash,Female,Young Adult (20-30),Women,INV000345,15:17:00,P14-M-TEAL
S000706,2026-08-05,Wednesday,Crop Top,Tops,L,Black,1,599.00,0,599.00,Cash,Female,Young Adult (20-30),Women,INV000345,15:17:00,P11-L-BLACK
S000707,2026-08-05,Wednesday,Straight Pants,Bottoms,L,Beige,1,799.00,0,799.00,UPI,Female,Senior (46+),Women,INV000346,19:37:00,P09-L-BEIGE
S000708,2026-08-05,Wednesday,Floral Kurti,Ethnic Wear,M,Pink,1,1199.00,0,1199.00,UPI,Female,Senior (46+),Women,INV000346,19:37:00,P08-M-PINK
S000709,2026-08-05,Wednesday,Polo T-Shirt,Tops,L,Grey,1,699.00,0,699.00,UPI,Female,Senior (46+),Men,INV000346,19:37:00,P02-L-GREY
S000710,2026-08-05,Wednesday,Crop Top,Tops,S,Lavender,2,599.00,0,1198.00,UPI,Female,Adult (31-45),Women,INV000347,12:14:00,P11-S-LAVENDER
S000711,2026-08-05,Wednesday,Women Flats,Footwear,4,Beige,1,799.00,0,799.00,UPI,Female,Adult (31-45),Women,INV000347,12:14:00,P32-4-BEIGE
S000712,2026-08-05,Wednesday,Kids Joggers,Bottoms,4-5Y,Grey,1,699.00,0,699.00,Cash,Female,Adult (31-45),Kids,INV000348,18:17:00,P19-45Y-GREY
S000713,2026-08-05,Wednesday,Printed Top,Tops,M,White,1,699.00,0,699.00,UPI,Female,Senior (46+),Women,INV000349,16:22:00,P12-M-WHITE
S000714,2026-08-05,Wednesday,Kids Sports Shoes,Footwear,13C,Blue,1,899.00,0,899.00,Card,Female,Senior (46+),Kids,INV000350,11:43:00,P22-13C-BLUE
S000715,2026-08-05,Wednesday,Basic Crew T-Shirt,Tops,S,White,1,399.00,0,399.00,Cash,Male,Teen (13-19),Men,INV000351,17:34:00,P01-S-WHITE
S000716,2026-08-05,Wednesday,Graphic Tee,Tops,L,White,1,499.00,0,499.00,Cash,Male,Teen (13-19),Men,INV000351,17:34:00,P06-L-WHITE
S000717,2026-08-05,Wednesday,Straight Pants,Bottoms,M,Black,1,799.00,0,799.00,Card,Female,Adult (31-45),Women,INV000352,15:03:00,P09-M-BLACK
S000718,2026-08-05,Wednesday,Women Flats,Footwear,7,Silver,1,799.00,0,799.00,Card,Female,Adult (31-45),Women,INV000352,15:03:00,P32-7-SILVER
S000719,2026-08-05,Wednesday,Slim Fit Jeans,Bottoms,32,Light Blue,1,1299.00,0,1299.00,UPI,Male,Adult (31-45),Men,INV000353,15:33:00,P03-32-LIGHTBLU
S000720,2026-08-05,Wednesday,Kids Ethnic Kurta Set,Ethnic Wear,8-9Y,Maroon,1,999.00,0,999.00,UPI,Male,Adult (31-45),Kids,INV000353,15:33:00,P17-89Y-MAROON
S000721,2026-08-05,Wednesday,Floral Kurti,Ethnic Wear,L,Pink,1,1199.00,0,1199.00,Card,Male,Senior (46+),Women,INV000354,16:30:00,P08-L-PINK
S000722,2026-08-05,Wednesday,Kids Ethnic Kurta Set,Ethnic Wear,4-5Y,Mustard,1,999.00,0,999.00,Card,Male,Senior (46+),Kids,INV000354,16:30:00,P17-45Y-MUSTARD
S000723,2026-08-05,Wednesday,Belt,Accessories,34,Black,1,399.00,0,399.00,UPI,Female,Adult (31-45),Accessories,INV000355,15:02:00,P26-34-BLACK
S000724,2026-08-05,Wednesday,Kids Ethnic Kurta Set,Ethnic Wear,6-7Y,Maroon,2,999.00,0,1998.00,UPI,Female,Adult (31-45),Kids,INV000355,15:02:00,P17-67Y-MAROON
S000725,2026-08-05,Wednesday,Kids Lehenga Set,Ethnic Wear,4-5Y,Mint,1,1299.00,0,1299.00,Cash,Female,Adult (31-45),Kids,INV000356,11:02:00,P18-45Y-MINT
S000726,2026-08-05,Wednesday,Cotton Kurti,Ethnic Wear,M,Mustard,1,999.00,0,999.00,Cash,Female,Adult (31-45),Women,INV000356,11:02:00,P07-M-MUSTARD
S000727,2026-08-05,Wednesday,Basic Crew T-Shirt,Tops,XL,Olive,1,399.00,0,399.00,Cash,Female,Adult (31-45),Men,INV000356,11:02:00,P01-XL-OLIVE
S000728,2026-08-05,Wednesday,Kids Denim Shorts,Bottoms,6-7Y,Blue,1,599.00,0,599.00,Cash,Female,Adult (31-45),Kids,INV000357,14:55:00,P16-67Y-BLUE
S000729,2026-08-05,Wednesday,Basic Crew T-Shirt,Tops,L,Black,1,399.00,0,399.00,UPI,Male,Young Adult (20-30),Men,INV000358,12:58:00,P01-L-BLACK
S000730,2026-08-05,Wednesday,Polo T-Shirt,Tops,M,Grey,1,699.00,0,699.00,UPI,Male,Young Adult (20-30),Men,INV000358,12:58:00,P02-M-GREY
S000731,2026-08-05,Wednesday,Basic Crew T-Shirt,Tops,M,Black,1,399.00,0,399.00,UPI,Male,Young Adult (20-30),Men,INV000358,12:58:00,P01-M-BLACK
S000732,2026-08-05,Wednesday,Polo T-Shirt,Tops,S,Navy,2,699.00,0,1398.00,UPI,Female,Young Adult (20-30),Men,INV000359,20:20:00,P02-S-NAVY
S000733,2026-08-05,Wednesday,Printed Top,Tops,L,Blue,1,699.00,0,699.00,Card,Male,Young Adult (20-30),Women,INV000360,17:03:00,P12-L-BLUE
S000734,2026-08-05,Wednesday,Formal Shirt,Tops,M,Grey,2,999.00,0,1998.00,Card,Male,Young Adult (20-30),Men,INV000361,21:20:00,P05-M-GREY
S000735,2026-08-05,Wednesday,Women Flats,Footwear,6,Black,1,799.00,0,799.00,UPI,Female,Young Adult (20-30),Women,INV000362,16:45:00,P32-6-BLACK
S000736,2026-08-05,Wednesday,Slim Fit Jeans,Bottoms,32,Navy,2,1299.00,0,2598.00,UPI,Female,Young Adult (20-30),Men,INV000362,16:45:00,P03-32-NAVY
S000737,2026-08-05,Wednesday,Polo T-Shirt,Tops,L,Navy,1,699.00,0,699.00,UPI,Female,Young Adult (20-30),Men,INV000362,16:45:00,P02-L-NAVY
S000738,2026-08-05,Wednesday,Basic Crew T-Shirt,Tops,M,Olive,2,399.00,0,798.00,Card,Male,Young Adult (20-30),Men,INV000363,13:43:00,P01-M-OLIVE
S000739,2026-08-05,Wednesday,Women Flats,Footwear,4,Silver,2,799.00,0,1598.00,Card,Male,Young Adult (20-30),Women,INV000363,13:43:00,P32-4-SILVER
S000740,2026-08-05,Wednesday,Kids Sports Shoes,Footwear,10C,Black,1,899.00,0,899.00,UPI,Female,Young Adult (20-30),Kids,INV000364,17:51:00,P22-10C-BLACK
S000741,2026-08-05,Wednesday,Crop Top,Tops,M,Black,1,599.00,0,599.00,UPI,Female,Young Adult (20-30),Women,INV000364,17:51:00,P11-M-BLACK
S000742,2026-08-05,Wednesday,Printed Top,Tops,L,White,1,699.00,0,699.00,Cash,Female,Young Adult (20-30),Women,INV000365,15:55:00,P12-L-WHITE
S000743,2026-08-05,Wednesday,Floral Kurti,Ethnic Wear,L,Blue,1,1199.00,0,1199.00,Cash,Female,Young Adult (20-30),Women,INV000365,15:55:00,P08-L-BLUE
S000744,2026-08-05,Wednesday,Basic Crew T-Shirt,Tops,M,Black,1,399.00,0,399.00,Card,Female,Young Adult (20-30),Men,INV000366,14:04:00,P01-M-BLACK
S000745,2026-08-05,Wednesday,Women Flats,Footwear,4,Beige,1,799.00,0,799.00,Card,Female,Teen (13-19),Women,INV000367,19:08:00,P32-4-BEIGE
S000746,2026-08-05,Wednesday,Formal Shirt,Tops,XL,White,1,999.00,0,999.00,UPI,Female,Young Adult (20-30),Men,INV000368,19:34:00,P05-XL-WHITE
S000747,2026-08-05,Wednesday,Polo T-Shirt,Tops,XL,Navy,1,699.00,0,699.00,UPI,Female,Young Adult (20-30),Men,INV000368,19:34:00,P02-XL-NAVY
S000748,2026-08-05,Wednesday,Graphic Tee,Tops,L,White,1,499.00,0,499.00,UPI,Female,Young Adult (20-30),Men,INV000368,19:34:00,P06-L-WHITE
S000749,2026-08-06,Thursday,Graphic Tee,Tops,L,Black,1,499.00,0,499.00,Card,Male,Young Adult (20-30),Men,INV000369,19:45:00,P06-L-BLACK
S000750,2026-08-06,Thursday,Denim Jeggings,Bottoms,L,Black,1,999.00,0,999.00,UPI,Male,Young Adult (20-30),Women,INV000370,17:16:00,P10-L-BLACK
S000751,2026-08-06,Thursday,Hair Accessories Set,Accessories,OneSize,Black,1,199.00,0,199.00,UPI,Male,Young Adult (20-30),Accessories,INV000370,17:16:00,P28-ONESIZE-BLACK
S000752,2026-08-06,Thursday,Polo T-Shirt,Tops,XL,Maroon,1,699.00,0,699.00,UPI,Female,Young Adult (20-30),Men,INV000371,18:08:00,P02-XL-MAROON
S000753,2026-08-06,Thursday,Sandals,Footwear,7,Gold,1,999.00,0,999.00,Card,Female,Adult (31-45),Women,INV000372,19:56:00,P21-7-GOLD
S000754,2026-08-06,Thursday,Kids Sports Shoes,Footwear,1Y,Black,1,899.00,0,899.00,Card,Female,Adult (31-45),Kids,INV000373,20:40:00,P22-1Y-BLACK
S000755,2026-08-06,Thursday,Crop Top,Tops,L,Lavender,1,599.00,0,599.00,Card,Female,Adult (31-45),Women,INV000373,20:40:00,P11-L-LAVENDER
S000756,2026-08-06,Thursday,Graphic Tee,Tops,M,Black,1,499.00,0,499.00,UPI,Male,Adult (31-45),Men,INV000374,17:26:00,P06-M-BLACK
S000757,2026-08-06,Thursday,Kids Joggers,Bottoms,4-5Y,Navy,1,699.00,0,699.00,UPI,Male,Adult (31-45),Kids,INV000374,17:26:00,P19-45Y-NAVY
S000758,2026-08-06,Thursday,Cotton Kurti,Ethnic Wear,L,Mustard,1,999.00,0,999.00,UPI,Male,Adult (31-45),Women,INV000374,17:26:00,P07-L-MUSTARD
S000759,2026-08-06,Thursday,Basic Crew T-Shirt,Tops,M,Black,2,399.00,0,798.00,UPI,Male,Adult (31-45),Men,INV000375,20:48:00,P01-M-BLACK
S000760,2026-08-06,Thursday,Kids Cartoon Tee,Tops,8-9Y,Blue,1,399.00,0,399.00,UPI,Male,Adult (31-45),Kids,INV000375,20:48:00,P15-89Y-BLUE
S000761,2026-08-06,Thursday,Crop Top,Tops,M,Lavender,1,599.00,0,599.00,Card,Male,Young Adult (20-30),Women,INV000376,18:52:00,P11-M-LAVENDER
S000762,2026-08-06,Thursday,Floral Kurti,Ethnic Wear,S,Green,2,1199.00,0,2398.00,Card,Male,Young Adult (20-30),Women,INV000376,18:52:00,P08-S-GREEN
S000763,2026-08-06,Thursday,Flip Flops,Footwear,10,Black,1,399.00,0,399.00,Card,Male,Young Adult (20-30),Men,INV000376,18:52:00,P23-10-BLACK
S000764,2026-08-06,Thursday,Flip Flops,Footwear,7,Black,1,399.00,0,399.00,UPI,Female,Senior (46+),Men,INV000377,20:51:00,P23-7-BLACK
S000765,2026-08-06,Thursday,Slim Fit Jeans,Bottoms,34,Navy,1,1299.00,0,1299.00,Card,Male,Adult (31-45),Men,INV000378,14:40:00,P03-34-NAVY
S000766,2026-08-06,Thursday,Polo T-Shirt,Tops,XL,Maroon,1,699.00,0,699.00,Card,Male,Adult (31-45),Men,INV000378,14:40:00,P02-XL-MAROON
S000767,2026-08-06,Thursday,Crop Top,Tops,L,Black,2,599.00,0,1198.00,Card,Male,Adult (31-45),Women,INV000378,14:40:00,P11-L-BLACK
S000768,2026-08-06,Thursday,Chino Trousers,Bottoms,34,Navy,1,1099.00,0,1099.00,Card,Male,Young Adult (20-30),Men,INV000379,15:48:00,P04-34-NAVY
S000769,2026-08-06,Thursday,Slim Fit Jeans,Bottoms,36,Black,1,1299.00,0,1299.00,Card,Male,Young Adult (20-30),Men,INV000379,15:48:00,P03-36-BLACK
S000770,2026-08-06,Thursday,Basic Crew T-Shirt,Tops,L,Olive,1,399.00,0,399.00,Card,Male,Young Adult (20-30),Men,INV000379,15:48:00,P01-L-OLIVE
S000771,2026-08-06,Thursday,Kids Cartoon Tee,Tops,6-7Y,Blue,1,399.00,0,399.00,Cash,Male,Teen (13-19),Kids,INV000380,16:14:00,P15-67Y-BLUE
S000772,2026-08-06,Thursday,Formal Shirt,Tops,L,Blue,1,999.00,0,999.00,UPI,Male,Adult (31-45),Men,INV000381,15:27:00,P05-L-BLUE
S000773,2026-08-06,Thursday,Women Flats,Footwear,8,Black,1,799.00,0,799.00,UPI,Male,Adult (31-45),Women,INV000381,15:27:00,P32-8-BLACK
S000774,2026-08-06,Thursday,Kids Ethnic Kurta Set,Ethnic Wear,4-5Y,Maroon,1,999.00,0,999.00,UPI,Male,Adult (31-45),Kids,INV000381,15:27:00,P17-45Y-MAROON
S000775,2026-08-06,Thursday,Kids Sports Shoes,Footwear,13C,Blue,2,899.00,0,1798.00,UPI,Male,Adult (31-45),Kids,INV000382,20:08:00,P22-13C-BLUE
S000776,2026-08-06,Thursday,Basic Crew T-Shirt,Tops,M,Navy,3,399.00,0,1197.00,UPI,Male,Adult (31-45),Men,INV000382,20:08:00,P01-M-NAVY
S000777,2026-08-06,Thursday,Graphic Tee,Tops,M,White,1,499.00,0,499.00,UPI,Male,Adult (31-45),Men,INV000382,20:08:00,P06-M-WHITE
S000778,2026-08-06,Thursday,Formal Shirt,Tops,M,Grey,1,999.00,0,999.00,UPI,Male,Young Adult (20-30),Men,INV000383,16:39:00,P05-M-GREY
S000779,2026-08-06,Thursday,Kids Joggers,Bottoms,2-3Y,Navy,1,699.00,0,699.00,UPI,Male,Adult (31-45),Kids,INV000384,21:21:00,P19-23Y-NAVY
S000780,2026-08-06,Thursday,Sandals,Footwear,4,Gold,1,999.00,0,999.00,UPI,Male,Adult (31-45),Women,INV000384,21:21:00,P21-4-GOLD
S000781,2026-08-06,Thursday,Basic Crew T-Shirt,Tops,M,Olive,1,399.00,0,399.00,Cash,Male,Young Adult (20-30),Men,INV000385,19:34:00,P01-M-OLIVE
S000782,2026-08-06,Thursday,Women Flats,Footwear,8,Black,1,799.00,0,799.00,Cash,Male,Young Adult (20-30),Women,INV000385,19:34:00,P32-8-BLACK
S000783,2026-08-06,Thursday,Sneakers,Footwear,7,White,1,1499.00,0,1499.00,UPI,Male,Adult (31-45),Men,INV000386,20:26:00,P20-7-WHITE
S000784,2026-08-06,Thursday,Kids Sports Shoes,Footwear,11C,Black,1,899.00,0,899.00,UPI,Male,Adult (31-45),Kids,INV000386,20:26:00,P22-11C-BLACK
S000785,2026-08-06,Thursday,Sandals,Footwear,7,Tan,1,999.00,0,999.00,Card,Male,Young Adult (20-30),Women,INV000387,19:31:00,P21-7-TAN
S000786,2026-08-06,Thursday,Anarkali Kurta Set,Ethnic Wear,S,Navy,1,1799.00,0,1799.00,Cash,Female,Young Adult (20-30),Women,INV000388,20:35:00,P13-S-NAVY
S000787,2026-08-06,Thursday,Denim Jeggings,Bottoms,S,Indigo,1,999.00,0,999.00,Cash,Female,Young Adult (20-30),Women,INV000388,20:35:00,P10-S-INDIGO
S000788,2026-08-06,Thursday,Printed Top,Tops,L,Blue,1,699.00,0,699.00,Cash,Female,Young Adult (20-30),Women,INV000388,20:35:00,P12-L-BLUE
S000789,2026-08-06,Thursday,Sandals,Footwear,8,Tan,1,999.00,0,999.00,Cash,Other,Teen (13-19),Women,INV000389,15:25:00,P21-8-TAN
S000790,2026-08-06,Thursday,Cotton Kurti,Ethnic Wear,M,Mustard,1,999.00,0,999.00,Cash,Other,Teen (13-19),Women,INV000389,15:25:00,P07-M-MUSTARD
S000791,2026-08-06,Thursday,Printed Top,Tops,XS,Blue,1,699.00,0,699.00,UPI,Female,Adult (31-45),Women,INV000390,12:49:00,P12-XS-BLUE
S000792,2026-08-06,Thursday,Sandals,Footwear,7,Black,1,999.00,0,999.00,UPI,Male,Young Adult (20-30),Women,INV000391,20:56:00,P21-7-BLACK
S000793,2026-08-06,Thursday,Slim Fit Jeans,Bottoms,34,Black,1,1299.00,0,1299.00,UPI,Male,Young Adult (20-30),Men,INV000391,20:56:00,P03-34-BLACK
S000794,2026-08-06,Thursday,Slim Fit Jeans,Bottoms,32,Light Blue,1,1299.00,0,1299.00,UPI,Female,Young Adult (20-30),Men,INV000392,20:45:00,P03-32-LIGHTBLU
S000795,2026-08-06,Thursday,Slim Fit Jeans,Bottoms,36,Black,1,1299.00,0,1299.00,UPI,Female,Young Adult (20-30),Men,INV000392,20:45:00,P03-36-BLACK
S000796,2026-08-06,Thursday,Women Flats,Footwear,8,Beige,1,799.00,0,799.00,UPI,Female,Young Adult (20-30),Women,INV000392,20:45:00,P32-8-BEIGE
S000797,2026-08-06,Thursday,Basic Crew T-Shirt,Tops,M,Navy,1,399.00,0,399.00,UPI,Female,Young Adult (20-30),Men,INV000392,20:45:00,P01-M-NAVY
S000798,2026-08-06,Thursday,Printed Top,Tops,M,Red,1,699.00,0,699.00,UPI,Female,Young Adult (20-30),Women,INV000392,20:45:00,P12-M-RED
S000799,2026-08-06,Thursday,Flip Flops,Footwear,8,Black,1,399.00,0,399.00,UPI,Female,Teen (13-19),Men,INV000393,18:03:00,P23-8-BLACK
S000800,2026-08-06,Thursday,Straight Pants,Bottoms,XL,Black,1,799.00,0,799.00,UPI,Female,Adult (31-45),Women,INV000394,14:54:00,P09-XL-BLACK
S000801,2026-08-06,Thursday,Crop Top,Tops,L,Lavender,1,599.00,0,599.00,UPI,Female,Adult (31-45),Women,INV000394,14:54:00,P11-L-LAVENDER
S000802,2026-08-06,Thursday,Printed Top,Tops,XS,Red,1,699.00,0,699.00,Cash,Female,Adult (31-45),Women,INV000395,17:37:00,P12-XS-RED
S000803,2026-08-06,Thursday,Slim Fit Jeans,Bottoms,30,Black,1,1299.00,0,1299.00,Cash,Female,Adult (31-45),Men,INV000395,17:37:00,P03-30-BLACK
S000804,2026-08-06,Thursday,Palazzo Kurta Set,Ethnic Wear,L,Maroon,1,1399.00,0,1399.00,UPI,Male,Senior (46+),Women,INV000396,21:20:00,P14-L-MAROON
S000805,2026-08-06,Thursday,Cotton Kurti,Ethnic Wear,M,Mustard,1,999.00,0,999.00,UPI,Male,Senior (46+),Women,INV000396,21:20:00,P07-M-MUSTARD
S000806,2026-08-06,Thursday,Women Flats,Footwear,7,Silver,1,799.00,0,799.00,UPI,Female,Adult (31-45),Women,INV000397,14:02:00,P32-7-SILVER
S000807,2026-08-06,Thursday,Palazzo Kurta Set,Ethnic Wear,XL,Mustard,1,1399.00,0,1399.00,UPI,Female,Adult (31-45),Women,INV000397,14:02:00,P14-XL-MUSTARD
S000808,2026-08-06,Thursday,Crop Top,Tops,L,Black,1,599.00,0,599.00,Card,Female,Teen (13-19),Women,INV000398,18:59:00,P11-L-BLACK
S000809,2026-08-06,Thursday,Graphic Tee,Tops,L,Red,1,499.00,0,499.00,Card,Female,Teen (13-19),Men,INV000398,18:59:00,P06-L-RED
S000810,2026-08-06,Thursday,Polo T-Shirt,Tops,XL,Maroon,1,699.00,0,699.00,Card,Male,Teen (13-19),Men,INV000399,15:55:00,P02-XL-MAROON
S000811,2026-08-06,Thursday,Floral Kurti,Ethnic Wear,L,Pink,1,1199.00,0,1199.00,UPI,Female,Adult (31-45),Women,INV000400,12:22:00,P08-L-PINK
S000812,2026-08-06,Thursday,Sandals,Footwear,8,Black,2,999.00,0,1998.00,UPI,Female,Adult (31-45),Women,INV000400,12:22:00,P21-8-BLACK
S000813,2026-08-06,Thursday,Palazzo Kurta Set,Ethnic Wear,L,Teal,1,1399.00,0,1399.00,Card,Male,Young Adult (20-30),Women,INV000401,17:20:00,P14-L-TEAL
S000814,2026-08-06,Thursday,Graphic Tee,Tops,L,Red,1,499.00,0,499.00,UPI,Male,Adult (31-45),Men,INV000402,14:14:00,P06-L-RED
S000815,2026-08-06,Thursday,Denim Jeggings,Bottoms,M,Indigo,1,999.00,0,999.00,UPI,Male,Adult (31-45),Women,INV000402,14:14:00,P10-M-INDIGO
S000816,2026-08-06,Thursday,Kids Denim Shorts,Bottoms,4-5Y,Blue,1,599.00,0,599.00,UPI,Male,Young Adult (20-30),Kids,INV000403,18:59:00,P16-45Y-BLUE
S000817,2026-08-06,Thursday,Cotton Kurti,Ethnic Wear,S,Teal,1,999.00,0,999.00,UPI,Male,Young Adult (20-30),Women,INV000403,18:59:00,P07-S-TEAL
S000818,2026-08-06,Thursday,Slim Fit Jeans,Bottoms,30,Light Blue,1,1299.00,0,1299.00,Card,Female,Young Adult (20-30),Men,INV000404,18:03:00,P03-30-LIGHTBLU
S000819,2026-08-06,Thursday,Hair Accessories Set,Accessories,OneSize,Pink,1,199.00,0,199.00,Card,Female,Young Adult (20-30),Accessories,INV000404,18:03:00,P28-ONESIZE-PINK
S000820,2026-08-06,Thursday,Straight Pants,Bottoms,L,Beige,1,799.00,0,799.00,UPI,Female,Adult (31-45),Women,INV000405,18:51:00,P09-L-BEIGE
S000821,2026-08-06,Thursday,Crop Top,Tops,L,Black,1,599.00,0,599.00,UPI,Female,Adult (31-45),Women,INV000405,18:51:00,P11-L-BLACK
S000822,2026-08-06,Thursday,Cotton Kurti,Ethnic Wear,S,Maroon,1,999.00,0,999.00,Card,Female,Senior (46+),Women,INV000406,13:13:00,P07-S-MAROON
S000823,2026-08-06,Thursday,Sandals,Footwear,4,Tan,1,999.00,0,999.00,Card,Female,Senior (46+),Women,INV000406,13:13:00,P21-4-TAN
S000824,2026-08-06,Thursday,Kids Cartoon Tee,Tops,4-5Y,Yellow,1,399.00,0,399.00,UPI,Male,Young Adult (20-30),Kids,INV000407,19:17:00,P15-45Y-YELLOW
S000825,2026-08-06,Thursday,Sneakers,Footwear,7,Grey,2,1499.00,0,2998.00,UPI,Male,Young Adult (20-30),Men,INV000408,19:10:00,P20-7-GREY
S000826,2026-08-06,Thursday,Basic Crew T-Shirt,Tops,L,Olive,1,399.00,0,399.00,UPI,Male,Senior (46+),Men,INV000409,19:02:00,P01-L-OLIVE
S000827,2026-08-06,Thursday,Basic Crew T-Shirt,Tops,M,Olive,1,399.00,0,399.00,UPI,Male,Senior (46+),Men,INV000409,19:02:00,P01-M-OLIVE
S000828,2026-08-06,Thursday,Sneakers,Footwear,9,Black,1,1499.00,0,1499.00,Card,Male,Adult (31-45),Men,INV000410,19:02:00,P20-9-BLACK
S000829,2026-08-06,Thursday,Women Flats,Footwear,7,Black,1,799.00,0,799.00,Card,Male,Adult (31-45),Women,INV000410,19:02:00,P32-7-BLACK
S000830,2026-08-06,Thursday,Kids Sports Shoes,Footwear,1Y,Blue,1,899.00,0,899.00,UPI,Female,Teen (13-19),Kids,INV000411,17:03:00,P22-1Y-BLUE
S000831,2026-08-06,Thursday,Polo T-Shirt,Tops,S,Maroon,1,699.00,0,699.00,UPI,Female,Teen (13-19),Men,INV000411,17:03:00,P02-S-MAROON
S000832,2026-08-06,Thursday,Kids Sports Shoes,Footwear,10C,Blue,1,899.00,0,899.00,UPI,Female,Teen (13-19),Kids,INV000411,17:03:00,P22-10C-BLUE
S000833,2026-08-06,Thursday,Slim Fit Jeans,Bottoms,34,Black,1,1299.00,0,1299.00,UPI,Female,Teen (13-19),Men,INV000411,17:03:00,P03-34-BLACK
S000834,2026-08-06,Thursday,Sandals,Footwear,5,Tan,1,999.00,0,999.00,Card,Male,Young Adult (20-30),Women,INV000412,19:59:00,P21-5-TAN
S000835,2026-08-06,Thursday,Kids Denim Shorts,Bottoms,2-3Y,Black,1,599.00,0,599.00,Card,Male,Young Adult (20-30),Kids,INV000412,19:59:00,P16-23Y-BLACK
S000836,2026-08-06,Thursday,Cotton Kurti,Ethnic Wear,M,Maroon,1,999.00,0,999.00,Card,Male,Young Adult (20-30),Women,INV000412,19:59:00,P07-M-MAROON
S000837,2026-08-06,Thursday,Flip Flops,Footwear,9,Black,1,399.00,0,399.00,Card,Female,Teen (13-19),Men,INV000413,15:25:00,P23-9-BLACK
S000838,2026-08-06,Thursday,Straight Pants,Bottoms,S,Black,1,799.00,0,799.00,Card,Female,Teen (13-19),Women,INV000413,15:25:00,P09-S-BLACK
S000839,2026-08-06,Thursday,Kids Ethnic Kurta Set,Ethnic Wear,6-7Y,Maroon,2,999.00,0,1998.00,UPI,Other,Young Adult (20-30),Kids,INV000414,15:08:00,P17-67Y-MAROON
S000840,2026-08-06,Thursday,Polo T-Shirt,Tops,M,Grey,1,699.00,0,699.00,UPI,Male,Young Adult (20-30),Men,INV000415,19:08:00,P02-M-GREY
S000841,2026-08-06,Thursday,Slim Fit Jeans,Bottoms,34,Light Blue,1,1299.00,0,1299.00,UPI,Male,Young Adult (20-30),Men,INV000415,19:08:00,P03-34-LIGHTBLU
S000842,2026-08-06,Thursday,Basic Crew T-Shirt,Tops,L,Black,1,399.00,0,399.00,UPI,Male,Young Adult (20-30),Men,INV000415,19:08:00,P01-L-BLACK
S000843,2026-08-06,Thursday,Sneakers,Footwear,10,White,1,1499.00,0,1499.00,Cash,Female,Young Adult (20-30),Men,INV000416,11:01:00,P20-10-WHITE
S000844,2026-08-06,Thursday,Wallet,Accessories,OneSize,Black,1,499.00,0,499.00,Cash,Female,Young Adult (20-30),Accessories,INV000416,11:01:00,P27-ONESIZE-BLACK
S000845,2026-08-06,Thursday,Graphic Tee,Tops,S,Black,1,499.00,0,499.00,Cash,Female,Young Adult (20-30),Men,INV000416,11:01:00,P06-S-BLACK
S000846,2026-08-06,Thursday,Hair Accessories Set,Accessories,OneSize,Black,1,199.00,0,199.00,Card,Female,Young Adult (20-30),Accessories,INV000417,17:31:00,P28-ONESIZE-BLACK
S000847,2026-08-06,Thursday,Basic Crew T-Shirt,Tops,M,Black,1,399.00,0,399.00,Card,Female,Young Adult (20-30),Men,INV000417,17:31:00,P01-M-BLACK
S000848,2026-08-06,Thursday,Crop Top,Tops,M,Black,1,599.00,0,599.00,Card,Female,Young Adult (20-30),Women,INV000417,17:31:00,P11-M-BLACK
S000849,2026-08-06,Thursday,Graphic Tee,Tops,L,White,1,499.00,0,499.00,UPI,Male,Adult (31-45),Men,INV000418,14:08:00,P06-L-WHITE
S000850,2026-08-06,Thursday,Graphic Tee,Tops,M,Black,1,499.00,0,499.00,UPI,Male,Young Adult (20-30),Men,INV000419,20:25:00,P06-M-BLACK
S000851,2026-08-06,Thursday,Women Flats,Footwear,8,Beige,1,799.00,0,799.00,UPI,Male,Young Adult (20-30),Women,INV000419,20:25:00,P32-8-BEIGE
S000852,2026-08-06,Thursday,Graphic Tee,Tops,S,Black,1,499.00,0,499.00,UPI,Male,Adult (31-45),Men,INV000420,12:59:00,P06-S-BLACK
S000853,2026-08-06,Thursday,Women Flats,Footwear,7,Silver,1,799.00,0,799.00,Card,Female,Teen (13-19),Women,INV000421,20:07:00,P32-7-SILVER
S000854,2026-08-06,Thursday,Printed Top,Tops,M,Blue,1,699.00,0,699.00,Cash,Female,Young Adult (20-30),Women,INV000422,15:32:00,P12-M-BLUE
S000855,2026-08-06,Thursday,Printed Top,Tops,XL,White,1,699.00,0,699.00,Cash,Female,Young Adult (20-30),Women,INV000422,15:32:00,P12-XL-WHITE
S000856,2026-08-06,Thursday,Denim Jeggings,Bottoms,S,Indigo,1,999.00,0,999.00,Cash,Female,Senior (46+),Women,INV000423,17:09:00,P10-S-INDIGO
S000857,2026-08-06,Thursday,Palazzo Kurta Set,Ethnic Wear,M,Maroon,1,1399.00,0,1399.00,UPI,Male,Adult (31-45),Women,INV000424,17:32:00,P14-M-MAROON
S000858,2026-08-06,Thursday,Handbag,Accessories,OneSize,Black,1,999.00,0,999.00,Card,Female,Adult (31-45),Accessories,INV000425,20:59:00,P24-ONESIZE-BLACK
S000859,2026-08-06,Thursday,Cotton Kurti,Ethnic Wear,XL,Teal,2,999.00,0,1998.00,Card,Female,Adult (31-45),Women,INV000425,20:59:00,P07-XL-TEAL
S000860,2026-08-06,Thursday,Graphic Tee,Tops,M,Red,1,499.00,0,499.00,UPI,Male,Adult (31-45),Men,INV000426,18:55:00,P06-M-RED
S000861,2026-08-06,Thursday,Denim Jeggings,Bottoms,M,Indigo,1,999.00,0,999.00,UPI,Male,Adult (31-45),Women,INV000426,18:55:00,P10-M-INDIGO
S000862,2026-08-06,Thursday,Formal Shirt,Tops,L,White,1,999.00,0,999.00,Cash,Male,Adult (31-45),Men,INV000427,18:42:00,P05-L-WHITE
S000863,2026-08-06,Thursday,Kids Sports Shoes,Footwear,13C,Black,1,899.00,0,899.00,Cash,Male,Adult (31-45),Kids,INV000427,18:42:00,P22-13C-BLACK
S000864,2026-08-06,Thursday,Kids Denim Shorts,Bottoms,4-5Y,Black,1,599.00,0,599.00,Cash,Male,Adult (31-45),Kids,INV000427,18:42:00,P16-45Y-BLACK
S000865,2026-08-06,Thursday,Floral Kurti,Ethnic Wear,XS,Pink,1,1199.00,0,1199.00,UPI,Female,Young Adult (20-30),Women,INV000428,18:50:00,P08-XS-PINK
S000866,2026-08-06,Thursday,Chino Trousers,Bottoms,34,Olive,1,1099.00,0,1099.00,UPI,Female,Young Adult (20-30),Men,INV000428,18:50:00,P04-34-OLIVE
S000867,2026-08-06,Thursday,Basic Crew T-Shirt,Tops,M,Navy,1,399.00,0,399.00,UPI,Male,Teen (13-19),Men,INV000429,20:18:00,P01-M-NAVY
S000868,2026-08-06,Thursday,Formal Shirt,Tops,L,Blue,2,999.00,0,1998.00,UPI,Male,Teen (13-19),Men,INV000429,20:18:00,P05-L-BLUE
S000869,2026-08-06,Thursday,Printed Top,Tops,M,Red,1,699.00,0,699.00,UPI,Female,Young Adult (20-30),Women,INV000430,13:51:00,P12-M-RED
S000870,2026-08-06,Thursday,Basic Crew T-Shirt,Tops,L,White,1,399.00,0,399.00,UPI,Female,Young Adult (20-30),Men,INV000430,13:51:00,P01-L-WHITE
S000871,2026-08-06,Thursday,Straight Pants,Bottoms,XL,Black,1,799.00,0,799.00,UPI,Female,Young Adult (20-30),Women,INV000430,13:51:00,P09-XL-BLACK
S000872,2026-08-06,Thursday,Sandals,Footwear,6,Gold,1,999.00,0,999.00,UPI,Female,Senior (46+),Women,INV000431,21:11:00,P21-6-GOLD
S000873,2026-08-06,Thursday,Sandals,Footwear,4,Tan,1,999.00,0,999.00,UPI,Female,Senior (46+),Women,INV000431,21:11:00,P21-4-TAN
S000874,2026-08-06,Thursday,Sneakers,Footwear,10,Black,1,1499.00,0,1499.00,UPI,Male,Young Adult (20-30),Men,INV000432,16:32:00,P20-10-BLACK
S000875,2026-08-06,Thursday,Flip Flops,Footwear,8,Navy,1,399.00,0,399.00,UPI,Male,Young Adult (20-30),Men,INV000432,16:32:00,P23-8-NAVY
S000876,2026-08-06,Thursday,Women Flats,Footwear,5,Black,1,799.00,0,799.00,UPI,Female,Young Adult (20-30),Women,INV000433,13:42:00,P32-5-BLACK
S000877,2026-08-06,Thursday,Graphic Tee,Tops,M,Black,1,499.00,0,499.00,UPI,Female,Young Adult (20-30),Men,INV000433,13:42:00,P06-M-BLACK
S000878,2026-08-06,Thursday,Slim Fit Jeans,Bottoms,32,Navy,1,1299.00,0,1299.00,UPI,Female,Young Adult (20-30),Men,INV000433,13:42:00,P03-32-NAVY
S000879,2026-08-06,Thursday,Anarkali Kurta Set,Ethnic Wear,L,Emerald,1,1799.00,0,1799.00,UPI,Male,Teen (13-19),Women,INV000434,20:49:00,P13-L-EMERALD
S000880,2026-08-06,Thursday,Straight Pants,Bottoms,S,Beige,1,799.00,0,799.00,UPI,Female,Young Adult (20-30),Women,INV000435,20:23:00,P09-S-BEIGE
S000881,2026-08-07,Friday,Kids Cartoon Tee,Tops,8-9Y,Blue,1,399.00,0,399.00,Card,Female,Teen (13-19),Kids,INV000436,20:56:00,P15-89Y-BLUE
S000882,2026-08-07,Friday,Slim Fit Jeans,Bottoms,30,Navy,1,1299.00,0,1299.00,Card,Female,Teen (13-19),Men,INV000436,20:56:00,P03-30-NAVY
S000883,2026-08-07,Friday,Basic Crew T-Shirt,Tops,XL,White,1,399.00,0,399.00,UPI,Male,Adult (31-45),Men,INV000437,17:17:00,P01-XL-WHITE
S000884,2026-08-07,Friday,Floral Kurti,Ethnic Wear,M,Blue,1,1199.00,0,1199.00,UPI,Male,Adult (31-45),Women,INV000437,17:17:00,P08-M-BLUE
S000885,2026-08-07,Friday,Formal Shirt,Tops,L,Grey,1,999.00,0,999.00,UPI,Male,Adult (31-45),Men,INV000437,17:17:00,P05-L-GREY
S000886,2026-08-07,Friday,Sneakers,Footwear,7,Black,1,1499.00,0,1499.00,Card,Female,Adult (31-45),Men,INV000438,21:08:00,P20-7-BLACK
S000887,2026-08-07,Friday,Printed Top,Tops,L,Red,1,699.00,0,699.00,UPI,Female,Young Adult (20-30),Women,INV000439,19:23:00,P12-L-RED
S000888,2026-08-07,Friday,Sandals,Footwear,5,Gold,1,999.00,0,999.00,UPI,Female,Young Adult (20-30),Women,INV000439,19:23:00,P21-5-GOLD
S000889,2026-08-07,Friday,Belt,Accessories,38,Brown,2,399.00,0,798.00,Cash,Female,Adult (31-45),Accessories,INV000440,11:00:00,P26-38-BROWN
S000890,2026-08-07,Friday,Kids Ethnic Kurta Set,Ethnic Wear,8-9Y,Maroon,1,999.00,0,999.00,Cash,Female,Adult (31-45),Kids,INV000440,11:00:00,P17-89Y-MAROON
S000891,2026-08-07,Friday,Crop Top,Tops,XS,Lavender,1,599.00,0,599.00,Cash,Female,Young Adult (20-30),Women,INV000441,15:38:00,P11-XS-LAVENDER
S000892,2026-08-07,Friday,Printed Top,Tops,XS,Red,1,699.00,0,699.00,Cash,Female,Adult (31-45),Women,INV000442,16:04:00,P12-XS-RED
S000893,2026-08-07,Friday,Kids Cartoon Tee,Tops,4-5Y,Yellow,1,399.00,0,399.00,Cash,Female,Adult (31-45),Kids,INV000442,16:04:00,P15-45Y-YELLOW
S000894,2026-08-07,Friday,Graphic Tee,Tops,L,Black,2,499.00,0,998.00,Card,Female,Senior (46+),Men,INV000443,11:51:00,P06-L-BLACK
S000895,2026-08-07,Friday,Polo T-Shirt,Tops,L,Grey,1,699.00,0,699.00,Card,Female,Senior (46+),Men,INV000443,11:51:00,P02-L-GREY
S000896,2026-08-07,Friday,Crop Top,Tops,L,Lavender,1,599.00,0,599.00,Card,Female,Senior (46+),Women,INV000443,11:51:00,P11-L-LAVENDER
S000897,2026-08-07,Friday,Basic Crew T-Shirt,Tops,L,Olive,1,399.00,0,399.00,Cash,Female,Young Adult (20-30),Men,INV000444,15:05:00,P01-L-OLIVE
S000898,2026-08-07,Friday,Cotton Kurti,Ethnic Wear,L,Maroon,2,999.00,0,1998.00,Cash,Female,Young Adult (20-30),Women,INV000444,15:05:00,P07-L-MAROON
S000899,2026-08-07,Friday,Anarkali Kurta Set,Ethnic Wear,S,Wine,1,1799.00,0,1799.00,Cash,Female,Young Adult (20-30),Women,INV000445,20:49:00,P13-S-WINE
S000900,2026-08-07,Friday,Cotton Kurti,Ethnic Wear,M,Mustard,1,999.00,0,999.00,Card,Male,Adult (31-45),Women,INV000446,16:17:00,P07-M-MUSTARD
S000901,2026-08-07,Friday,Slim Fit Jeans,Bottoms,32,Light Blue,1,1299.00,0,1299.00,UPI,Female,Young Adult (20-30),Men,INV000447,18:02:00,P03-32-LIGHTBLU
S000902,2026-08-07,Friday,Formal Shirt,Tops,M,Blue,1,999.00,0,999.00,UPI,Female,Young Adult (20-30),Men,INV000447,18:02:00,P05-M-BLUE
S000903,2026-08-07,Friday,Kids Denim Shorts,Bottoms,6-7Y,Black,1,599.00,0,599.00,UPI,Female,Young Adult (20-30),Kids,INV000447,18:02:00,P16-67Y-BLACK
S000904,2026-08-07,Friday,Cotton Kurti,Ethnic Wear,S,Teal,1,999.00,0,999.00,UPI,Female,Young Adult (20-30),Women,INV000447,18:02:00,P07-S-TEAL
S000905,2026-08-07,Friday,Sling Bag,Accessories,OneSize,Pink,2,699.00,0,1398.00,UPI,Female,Young Adult (20-30),Accessories,INV000448,18:50:00,P25-ONESIZE-PINK
S000906,2026-08-07,Friday,Graphic Tee,Tops,S,Black,1,499.00,0,499.00,Cash,Female,Young Adult (20-30),Men,INV000449,18:33:00,P06-S-BLACK
S000907,2026-08-07,Friday,Cotton Kurti,Ethnic Wear,XS,Maroon,1,999.00,0,999.00,Cash,Female,Young Adult (20-30),Women,INV000449,18:33:00,P07-XS-MAROON
S000908,2026-08-07,Friday,Straight Pants,Bottoms,M,Navy,1,799.00,0,799.00,Cash,Female,Senior (46+),Women,INV000450,17:43:00,P09-M-NAVY
S000909,2026-08-07,Friday,Palazzo Kurta Set,Ethnic Wear,XL,Maroon,1,1399.00,0,1399.00,Cash,Female,Senior (46+),Women,INV000450,17:43:00,P14-XL-MAROON
S000910,2026-08-07,Friday,Slim Fit Jeans,Bottoms,30,Light Blue,1,1299.00,0,1299.00,Cash,Female,Senior (46+),Men,INV000450,17:43:00,P03-30-LIGHTBLU
S000911,2026-08-07,Friday,Denim Jeggings,Bottoms,L,Black,1,999.00,0,999.00,UPI,Male,Adult (31-45),Women,INV000451,18:31:00,P10-L-BLACK
S000912,2026-08-07,Friday,Basic Crew T-Shirt,Tops,S,White,1,399.00,0,399.00,UPI,Female,Young Adult (20-30),Men,INV000452,20:07:00,P01-S-WHITE
S000913,2026-08-07,Friday,Polo T-Shirt,Tops,XL,Maroon,1,699.00,0,699.00,Cash,Male,Teen (13-19),Men,INV000453,18:25:00,P02-XL-MAROON
S000914,2026-08-07,Friday,Chino Trousers,Bottoms,36,Navy,1,1099.00,0,1099.00,UPI,Female,Young Adult (20-30),Men,INV000454,20:13:00,P04-36-NAVY
S000915,2026-08-07,Friday,Kids Cartoon Tee,Tops,8-9Y,Red,2,399.00,0,798.00,UPI,Female,Young Adult (20-30),Kids,INV000454,20:13:00,P15-89Y-RED
S000916,2026-08-07,Friday,Crop Top,Tops,XS,Black,1,599.00,0,599.00,UPI,Female,Young Adult (20-30),Women,INV000454,20:13:00,P11-XS-BLACK
S000917,2026-08-07,Friday,Sneakers,Footwear,10,White,1,1499.00,0,1499.00,Card,Male,Adult (31-45),Men,INV000455,19:31:00,P20-10-WHITE
S000918,2026-08-07,Friday,Formal Shirt,Tops,S,Grey,1,999.00,0,999.00,UPI,Female,Adult (31-45),Men,INV000456,17:56:00,P05-S-GREY
S000919,2026-08-07,Friday,Crop Top,Tops,S,White,1,599.00,0,599.00,UPI,Female,Adult (31-45),Women,INV000456,17:56:00,P11-S-WHITE
S000920,2026-08-07,Friday,Flip Flops,Footwear,10,Black,1,399.00,0,399.00,Card,Female,Young Adult (20-30),Men,INV000457,12:24:00,P23-10-BLACK
S000921,2026-08-07,Friday,Cotton Kurti,Ethnic Wear,M,Mustard,1,999.00,0,999.00,UPI,Male,Adult (31-45),Women,INV000458,20:44:00,P07-M-MUSTARD
S000922,2026-08-07,Friday,Chino Trousers,Bottoms,30,Navy,1,1099.00,0,1099.00,UPI,Female,Senior (46+),Men,INV000459,18:51:00,P04-30-NAVY
S000923,2026-08-07,Friday,Chino Trousers,Bottoms,32,Navy,1,1099.00,0,1099.00,UPI,Male,Young Adult (20-30),Men,INV000460,19:06:00,P04-32-NAVY
S000924,2026-08-07,Friday,Formal Shirt,Tops,L,Grey,1,999.00,0,999.00,Card,Female,Adult (31-45),Men,INV000461,19:18:00,P05-L-GREY
S000925,2026-08-07,Friday,Palazzo Kurta Set,Ethnic Wear,XL,Maroon,1,1399.00,0,1399.00,Card,Female,Adult (31-45),Women,INV000461,19:18:00,P14-XL-MAROON
S000926,2026-08-07,Friday,Floral Kurti,Ethnic Wear,M,Blue,1,1199.00,0,1199.00,UPI,Male,Young Adult (20-30),Women,INV000462,18:48:00,P08-M-BLUE
S000927,2026-08-07,Friday,Denim Jeggings,Bottoms,S,Black,1,999.00,0,999.00,UPI,Male,Young Adult (20-30),Women,INV000462,18:48:00,P10-S-BLACK
S000928,2026-08-07,Friday,Denim Jeggings,Bottoms,L,Indigo,1,999.00,0,999.00,UPI,Female,Teen (13-19),Women,INV000463,16:46:00,P10-L-INDIGO
S000929,2026-08-07,Friday,Crop Top,Tops,L,Lavender,1,599.00,0,599.00,UPI,Female,Teen (13-19),Women,INV000463,16:46:00,P11-L-LAVENDER
S000930,2026-08-07,Friday,Kids Sports Shoes,Footwear,11C,Pink,3,899.00,0,2697.00,UPI,Female,Teen (13-19),Kids,INV000463,16:46:00,P22-11C-PINK
S000931,2026-08-07,Friday,Women Flats,Footwear,6,Black,1,799.00,0,799.00,UPI,Female,Adult (31-45),Women,INV000464,15:47:00,P32-6-BLACK
S000932,2026-08-07,Friday,Cotton Kurti,Ethnic Wear,XS,Teal,1,999.00,0,999.00,UPI,Female,Adult (31-45),Women,INV000464,15:47:00,P07-XS-TEAL
S000933,2026-08-07,Friday,Polo T-Shirt,Tops,L,Grey,1,699.00,0,699.00,Card,Male,Adult (31-45),Men,INV000465,16:48:00,P02-L-GREY
S000934,2026-08-07,Friday,Kids Sports Shoes,Footwear,12C,Pink,1,899.00,0,899.00,Card,Male,Adult (31-45),Kids,INV000465,16:48:00,P22-12C-PINK
S000935,2026-08-07,Friday,Sandals,Footwear,6,Tan,1,999.00,0,999.00,UPI,Male,Senior (46+),Women,INV000466,19:24:00,P21-6-TAN
S000936,2026-08-07,Friday,Flip Flops,Footwear,9,Black,2,399.00,0,798.00,Card,Male,Young Adult (20-30),Men,INV000467,16:01:00,P23-9-BLACK
S000937,2026-08-07,Friday,Formal Shirt,Tops,M,Grey,2,999.00,0,1998.00,UPI,Male,Adult (31-45),Men,INV000468,10:52:00,P05-M-GREY
S000938,2026-08-07,Friday,Chino Trousers,Bottoms,32,Beige,1,1099.00,0,1099.00,UPI,Male,Adult (31-45),Men,INV000468,10:52:00,P04-32-BEIGE
S000939,2026-08-07,Friday,Printed Top,Tops,M,Blue,1,699.00,0,699.00,UPI,Male,Young Adult (20-30),Women,INV000469,11:07:00,P12-M-BLUE
S000940,2026-08-07,Friday,Sandals,Footwear,8,Tan,1,999.00,0,999.00,UPI,Male,Young Adult (20-30),Women,INV000469,11:07:00,P21-8-TAN
S000941,2026-08-07,Friday,Formal Shirt,Tops,M,Grey,1,999.00,0,999.00,UPI,Male,Senior (46+),Men,INV000470,12:22:00,P05-M-GREY
S000942,2026-08-07,Friday,Sneakers,Footwear,8,White,1,1499.00,0,1499.00,UPI,Male,Senior (46+),Men,INV000470,12:22:00,P20-8-WHITE
S000943,2026-08-07,Friday,Cotton Kurti,Ethnic Wear,S,Mustard,1,999.00,0,999.00,UPI,Male,Senior (46+),Women,INV000470,12:22:00,P07-S-MUSTARD
S000944,2026-08-07,Friday,Cotton Kurti,Ethnic Wear,L,Mustard,1,999.00,0,999.00,UPI,Female,Senior (46+),Women,INV000471,19:08:00,P07-L-MUSTARD
S000945,2026-08-07,Friday,Scarf,Accessories,OneSize,Maroon,2,499.00,0,998.00,UPI,Female,Senior (46+),Accessories,INV000472,19:06:00,P30-ONESIZE-MAROON
S000946,2026-08-07,Friday,Denim Jeggings,Bottoms,S,Black,1,999.00,0,999.00,UPI,Female,Senior (46+),Women,INV000472,19:06:00,P10-S-BLACK
S000947,2026-08-07,Friday,Sneakers,Footwear,9,Black,1,1499.00,0,1499.00,Card,Male,Teen (13-19),Men,INV000473,12:57:00,P20-9-BLACK
S000948,2026-08-07,Friday,Sneakers,Footwear,10,Black,1,1499.00,0,1499.00,UPI,Male,Teen (13-19),Men,INV000474,13:51:00,P20-10-BLACK
S000949,2026-08-07,Friday,Sandals,Footwear,6,Tan,1,999.00,0,999.00,Card,Male,Young Adult (20-30),Women,INV000475,17:27:00,P21-6-TAN
S000950,2026-08-07,Friday,Anarkali Kurta Set,Ethnic Wear,M,Emerald,1,1799.00,0,1799.00,Card,Male,Young Adult (20-30),Women,INV000475,17:27:00,P13-M-EMERALD
S000951,2026-08-07,Friday,Printed Top,Tops,M,Red,1,699.00,0,699.00,Cash,Female,Young Adult (20-30),Women,INV000476,19:46:00,P12-M-RED
S000952,2026-08-07,Friday,Floral Kurti,Ethnic Wear,M,Pink,1,1199.00,0,1199.00,Cash,Female,Young Adult (20-30),Women,INV000476,19:46:00,P08-M-PINK
S000953,2026-08-07,Friday,Polo T-Shirt,Tops,M,Navy,1,699.00,0,699.00,Cash,Female,Young Adult (20-30),Men,INV000476,19:46:00,P02-M-NAVY
S000954,2026-08-07,Friday,Cap,Accessories,OneSize,Beige,1,299.00,0,299.00,Cash,Female,Young Adult (20-30),Accessories,INV000476,19:46:00,P29-ONESIZE-BEIGE
S000955,2026-08-07,Friday,Straight Pants,Bottoms,M,Beige,1,799.00,0,799.00,Cash,Female,Young Adult (20-30),Women,INV000477,20:03:00,P09-M-BEIGE
S000956,2026-08-07,Friday,Printed Top,Tops,XL,Blue,1,699.00,0,699.00,UPI,Male,Young Adult (20-30),Women,INV000478,11:53:00,P12-XL-BLUE
S000957,2026-08-07,Friday,Flip Flops,Footwear,8,Grey,1,399.00,0,399.00,UPI,Male,Young Adult (20-30),Men,INV000478,11:53:00,P23-8-GREY
S000958,2026-08-07,Friday,Polo T-Shirt,Tops,S,Maroon,1,699.00,0,699.00,UPI,Male,Young Adult (20-30),Men,INV000478,11:53:00,P02-S-MAROON
S000959,2026-08-07,Friday,Basic Crew T-Shirt,Tops,S,Olive,1,399.00,0,399.00,UPI,Male,Young Adult (20-30),Men,INV000478,11:53:00,P01-S-OLIVE
S000960,2026-08-07,Friday,Printed Top,Tops,XL,Blue,1,699.00,0,699.00,UPI,Female,Young Adult (20-30),Women,INV000479,11:07:00,P12-XL-BLUE
S000961,2026-08-07,Friday,Basic Crew T-Shirt,Tops,S,Black,1,399.00,0,399.00,UPI,Female,Young Adult (20-30),Men,INV000479,11:07:00,P01-S-BLACK
S000962,2026-08-07,Friday,Women Flats,Footwear,7,Silver,1,799.00,0,799.00,Cash,Female,Young Adult (20-30),Women,INV000480,20:11:00,P32-7-SILVER
S000963,2026-08-07,Friday,Women Flats,Footwear,4,Black,1,799.00,0,799.00,UPI,Female,Young Adult (20-30),Women,INV000481,12:33:00,P32-4-BLACK
S000964,2026-08-07,Friday,Straight Pants,Bottoms,L,Black,1,799.00,0,799.00,UPI,Female,Young Adult (20-30),Women,INV000482,19:11:00,P09-L-BLACK
S000965,2026-08-07,Friday,Sling Bag,Accessories,OneSize,Beige,2,699.00,0,1398.00,Cash,Male,Young Adult (20-30),Accessories,INV000483,10:48:00,P25-ONESIZE-BEIGE
S000966,2026-08-07,Friday,Kids Joggers,Bottoms,2-3Y,Black,1,699.00,0,699.00,UPI,Male,Teen (13-19),Kids,INV000484,14:12:00,P19-23Y-BLACK
S000967,2026-08-07,Friday,Handbag,Accessories,OneSize,Maroon,1,999.00,0,999.00,UPI,Male,Teen (13-19),Accessories,INV000484,14:12:00,P24-ONESIZE-MAROON
S000968,2026-08-07,Friday,Crop Top,Tops,S,Black,1,599.00,0,599.00,UPI,Female,Senior (46+),Women,INV000485,13:48:00,P11-S-BLACK
S000969,2026-08-07,Friday,Basic Crew T-Shirt,Tops,M,Black,1,399.00,0,399.00,UPI,Female,Senior (46+),Men,INV000485,13:48:00,P01-M-BLACK
S000970,2026-08-07,Friday,Floral Kurti,Ethnic Wear,XL,Green,1,1199.00,0,1199.00,UPI,Female,Senior (46+),Women,INV000485,13:48:00,P08-XL-GREEN
S000971,2026-08-07,Friday,Slim Fit Jeans,Bottoms,34,Black,2,1299.00,0,2598.00,UPI,Male,Senior (46+),Men,INV000486,20:22:00,P03-34-BLACK
S000972,2026-08-07,Friday,Basic Crew T-Shirt,Tops,L,Black,1,399.00,0,399.00,UPI,Male,Senior (46+),Men,INV000486,20:22:00,P01-L-BLACK
S000973,2026-08-07,Friday,Kids Cartoon Tee,Tops,4-5Y,Red,1,399.00,0,399.00,UPI,Male,Adult (31-45),Kids,INV000487,20:04:00,P15-45Y-RED
S000974,2026-08-07,Friday,Basic Crew T-Shirt,Tops,S,Olive,1,399.00,0,399.00,UPI,Male,Adult (31-45),Men,INV000487,20:04:00,P01-S-OLIVE
S000975,2026-08-07,Friday,Printed Top,Tops,S,Blue,1,699.00,0,699.00,UPI,Female,Young Adult (20-30),Women,INV000488,20:03:00,P12-S-BLUE
S000976,2026-08-07,Friday,Crop Top,Tops,M,White,2,599.00,0,1198.00,UPI,Female,Young Adult (20-30),Women,INV000488,20:03:00,P11-M-WHITE
S000977,2026-08-07,Friday,Kids Joggers,Bottoms,6-7Y,Grey,2,699.00,0,1398.00,Card,Male,Teen (13-19),Kids,INV000489,15:20:00,P19-67Y-GREY
S000978,2026-08-07,Friday,Cotton Kurti,Ethnic Wear,XL,Teal,1,999.00,0,999.00,Card,Male,Teen (13-19),Women,INV000489,15:20:00,P07-XL-TEAL
S000979,2026-08-07,Friday,Printed Top,Tops,M,Red,1,699.00,0,699.00,UPI,Female,Young Adult (20-30),Women,INV000490,19:58:00,P12-M-RED
S000980,2026-08-07,Friday,Cotton Kurti,Ethnic Wear,S,Maroon,1,999.00,0,999.00,UPI,Female,Young Adult (20-30),Women,INV000490,19:58:00,P07-S-MAROON
S000981,2026-08-07,Friday,Sneakers,Footwear,10,White,1,1499.00,0,1499.00,UPI,Female,Adult (31-45),Men,INV000491,16:32:00,P20-10-WHITE
S000982,2026-08-07,Friday,Sling Bag,Accessories,OneSize,Pink,1,699.00,0,699.00,UPI,Female,Adult (31-45),Accessories,INV000492,20:36:00,P25-ONESIZE-PINK
S000983,2026-08-07,Friday,Sandals,Footwear,7,Black,1,999.00,0,999.00,UPI,Female,Adult (31-45),Women,INV000492,20:36:00,P21-7-BLACK
S000984,2026-08-07,Friday,Sneakers,Footwear,10,Black,1,1499.00,0,1499.00,UPI,Female,Young Adult (20-30),Men,INV000493,12:30:00,P20-10-BLACK
S000985,2026-08-07,Friday,Graphic Tee,Tops,M,Red,1,499.00,0,499.00,Card,Female,Teen (13-19),Men,INV000494,16:39:00,P06-M-RED
S000986,2026-08-07,Friday,Kids Cartoon Tee,Tops,6-7Y,Yellow,2,399.00,0,798.00,UPI,Female,Teen (13-19),Kids,INV000495,21:20:00,P15-67Y-YELLOW
S000987,2026-08-07,Friday,Slim Fit Jeans,Bottoms,34,Navy,1,1299.00,0,1299.00,UPI,Male,Adult (31-45),Men,INV000496,19:01:00,P03-34-NAVY
S000988,2026-08-08,Saturday,Cotton Kurti,Ethnic Wear,L,Maroon,1,999.00,0,999.00,UPI,Female,Young Adult (20-30),Women,INV000497,12:33:00,P07-L-MAROON
S000989,2026-08-08,Saturday,Straight Pants,Bottoms,M,Beige,2,799.00,0,1598.00,UPI,Female,Young Adult (20-30),Women,INV000497,12:33:00,P09-M-BEIGE
S000990,2026-08-08,Saturday,Crop Top,Tops,L,White,1,599.00,0,599.00,UPI,Female,Young Adult (20-30),Women,INV000497,12:33:00,P11-L-WHITE
S000991,2026-08-08,Saturday,Crop Top,Tops,M,Black,1,599.00,0,599.00,UPI,Female,Adult (31-45),Women,INV000498,14:04:00,P11-M-BLACK
S000992,2026-08-08,Saturday,Floral Kurti,Ethnic Wear,S,Blue,1,1199.00,0,1199.00,UPI,Female,Adult (31-45),Women,INV000498,14:04:00,P08-S-BLUE
S000993,2026-08-08,Saturday,Formal Shirt,Tops,L,Grey,1,999.00,0,999.00,UPI,Female,Adult (31-45),Men,INV000499,14:29:00,P05-L-GREY
S000994,2026-08-08,Saturday,Kids Ethnic Kurta Set,Ethnic Wear,6-7Y,Mustard,1,999.00,0,999.00,UPI,Female,Adult (31-45),Kids,INV000499,14:29:00,P17-67Y-MUSTARD
S000995,2026-08-08,Saturday,Graphic Tee,Tops,L,Red,1,499.00,0,499.00,Cash,Male,Young Adult (20-30),Men,INV000500,15:39:00,P06-L-RED
S000996,2026-08-08,Saturday,Sandals,Footwear,5,Gold,2,999.00,0,1998.00,Cash,Male,Young Adult (20-30),Women,INV000500,15:39:00,P21-5-GOLD
S000997,2026-08-08,Saturday,Kids Sports Shoes,Footwear,11C,Black,1,899.00,20,719.20,Cash,Male,Young Adult (20-30),Kids,INV000500,15:39:00,P22-11C-BLACK
S000998,2026-08-08,Saturday,Formal Shirt,Tops,XL,White,1,999.00,0,999.00,Cash,Male,Young Adult (20-30),Men,INV000500,15:39:00,P05-XL-WHITE
S000999,2026-08-08,Saturday,Basic Crew T-Shirt,Tops,S,White,1,399.00,0,399.00,UPI,Male,Young Adult (20-30),Men,INV000501,18:46:00,P01-S-WHITE
S001000,2026-08-08,Saturday,Handbag,Accessories,OneSize,Maroon,1,999.00,0,999.00,UPI,Male,Young Adult (20-30),Accessories,INV000501,18:46:00,P24-ONESIZE-MAROON
S001001,2026-08-08,Saturday,Kids Cartoon Tee,Tops,2-3Y,Red,1,399.00,0,399.00,Card,Male,Young Adult (20-30),Kids,INV000502,11:26:00,P15-23Y-RED
S001002,2026-08-08,Saturday,Graphic Tee,Tops,XL,Red,2,499.00,0,998.00,Card,Male,Young Adult (20-30),Men,INV000502,11:26:00,P06-XL-RED
S001003,2026-08-08,Saturday,Basic Crew T-Shirt,Tops,M,Navy,1,399.00,0,399.00,UPI,Female,Young Adult (20-30),Men,INV000503,13:24:00,P01-M-NAVY
S001004,2026-08-08,Saturday,Belt,Accessories,36,Brown,1,399.00,0,399.00,UPI,Female,Young Adult (20-30),Accessories,INV000503,13:24:00,P26-36-BROWN
S001005,2026-08-08,Saturday,Kids Cartoon Tee,Tops,2-3Y,Yellow,1,399.00,0,399.00,UPI,Female,Young Adult (20-30),Kids,INV000503,13:24:00,P15-23Y-YELLOW
S001006,2026-08-08,Saturday,Graphic Tee,Tops,M,Red,1,499.00,0,499.00,UPI,Female,Young Adult (20-30),Men,INV000503,13:24:00,P06-M-RED
S001007,2026-08-08,Saturday,Hair Accessories Set,Accessories,OneSize,Multicolor,1,199.00,0,199.00,UPI,Female,Young Adult (20-30),Accessories,INV000503,13:24:00,P28-ONESIZE-MULTICOL
S001008,2026-08-08,Saturday,Sandals,Footwear,8,Tan,1,999.00,0,999.00,UPI,Male,Young Adult (20-30),Women,INV000504,21:26:00,P21-8-TAN
S001009,2026-08-08,Saturday,Flip Flops,Footwear,8,Black,1,399.00,0,399.00,UPI,Male,Young Adult (20-30),Men,INV000504,21:26:00,P23-8-BLACK
S001010,2026-08-08,Saturday,Floral Kurti,Ethnic Wear,L,Green,1,1199.00,0,1199.00,UPI,Male,Adult (31-45),Women,INV000505,19:39:00,P08-L-GREEN
S001011,2026-08-08,Saturday,Women Flats,Footwear,7,Black,1,799.00,0,799.00,UPI,Male,Adult (31-45),Women,INV000505,19:39:00,P32-7-BLACK
S001012,2026-08-08,Saturday,Floral Kurti,Ethnic Wear,XL,Green,1,1199.00,0,1199.00,Cash,Female,Young Adult (20-30),Women,INV000506,20:27:00,P08-XL-GREEN
S001013,2026-08-08,Saturday,Straight Pants,Bottoms,M,Navy,1,799.00,0,799.00,Cash,Female,Young Adult (20-30),Women,INV000506,20:27:00,P09-M-NAVY
S001014,2026-08-08,Saturday,Basic Crew T-Shirt,Tops,XL,White,1,399.00,0,399.00,Card,Male,Teen (13-19),Men,INV000507,11:16:00,P01-XL-WHITE
S001015,2026-08-08,Saturday,Polo T-Shirt,Tops,XL,Navy,1,699.00,0,699.00,UPI,Female,Teen (13-19),Men,INV000508,18:52:00,P02-XL-NAVY
S001016,2026-08-08,Saturday,Sandals,Footwear,8,Gold,1,999.00,0,999.00,UPI,Female,Teen (13-19),Women,INV000508,18:52:00,P21-8-GOLD
S001017,2026-08-08,Saturday,Cotton Kurti,Ethnic Wear,M,Mustard,3,999.00,0,2997.00,Card,Female,Young Adult (20-30),Women,INV000509,19:18:00,P07-M-MUSTARD
S001018,2026-08-08,Saturday,Kids Cartoon Tee,Tops,4-5Y,Red,1,399.00,0,399.00,UPI,Male,Young Adult (20-30),Kids,INV000510,19:58:00,P15-45Y-RED
S001019,2026-08-08,Saturday,Crop Top,Tops,L,White,1,599.00,0,599.00,UPI,Male,Young Adult (20-30),Women,INV000510,19:58:00,P11-L-WHITE
S001020,2026-08-08,Saturday,Sneakers,Footwear,10,Black,1,1499.00,0,1499.00,Cash,Male,Young Adult (20-30),Men,INV000511,16:17:00,P20-10-BLACK
S001021,2026-08-08,Saturday,Graphic Tee,Tops,M,Red,1,499.00,0,499.00,Card,Female,Young Adult (20-30),Men,INV000512,12:04:00,P06-M-RED
S001022,2026-08-08,Saturday,Palazzo Kurta Set,Ethnic Wear,L,Teal,1,1399.00,0,1399.00,Card,Female,Young Adult (20-30),Women,INV000512,12:04:00,P14-L-TEAL
S001023,2026-08-08,Saturday,Cotton Kurti,Ethnic Wear,M,Maroon,1,999.00,0,999.00,Cash,Female,Young Adult (20-30),Women,INV000513,13:12:00,P07-M-MAROON
S001024,2026-08-08,Saturday,Graphic Tee,Tops,S,Black,2,499.00,0,998.00,Cash,Female,Young Adult (20-30),Men,INV000514,21:16:00,P06-S-BLACK
S001025,2026-08-08,Saturday,Printed Top,Tops,M,White,1,699.00,0,699.00,Cash,Female,Young Adult (20-30),Women,INV000514,21:16:00,P12-M-WHITE
S001026,2026-08-08,Saturday,Floral Kurti,Ethnic Wear,M,Green,1,1199.00,0,1199.00,Card,Female,Young Adult (20-30),Women,INV000515,18:18:00,P08-M-GREEN
S001027,2026-08-08,Saturday,Chino Trousers,Bottoms,30,Olive,1,1099.00,0,1099.00,UPI,Female,Young Adult (20-30),Men,INV000516,13:54:00,P04-30-OLIVE
S001028,2026-08-08,Saturday,Straight Pants,Bottoms,M,Navy,1,799.00,0,799.00,UPI,Female,Young Adult (20-30),Women,INV000516,13:54:00,P09-M-NAVY
S001029,2026-08-08,Saturday,Basic Crew T-Shirt,Tops,M,Black,1,399.00,0,399.00,UPI,Female,Young Adult (20-30),Men,INV000516,13:54:00,P01-M-BLACK
S001030,2026-08-08,Saturday,Floral Kurti,Ethnic Wear,XL,Blue,1,1199.00,0,1199.00,UPI,Female,Young Adult (20-30),Women,INV000516,13:54:00,P08-XL-BLUE
S001031,2026-08-08,Saturday,Kids Cartoon Tee,Tops,4-5Y,Blue,1,399.00,0,399.00,Cash,Female,Young Adult (20-30),Kids,INV000517,14:32:00,P15-45Y-BLUE
S001032,2026-08-08,Saturday,Crop Top,Tops,M,Black,1,599.00,0,599.00,Cash,Female,Young Adult (20-30),Women,INV000517,14:32:00,P11-M-BLACK
S001033,2026-08-08,Saturday,Kids Sports Shoes,Footwear,10C,Pink,1,899.00,20,719.20,UPI,Male,Young Adult (20-30),Kids,INV000518,14:00:00,P22-10C-PINK
S001034,2026-08-08,Saturday,Kids Sports Shoes,Footwear,12C,Blue,1,899.00,20,719.20,UPI,Male,Young Adult (20-30),Kids,INV000518,14:00:00,P22-12C-BLUE
S001035,2026-08-08,Saturday,Basic Crew T-Shirt,Tops,XL,Black,1,399.00,0,399.00,Card,Male,Teen (13-19),Men,INV000519,17:22:00,P01-XL-BLACK
S001036,2026-08-08,Saturday,Graphic Tee,Tops,S,Black,1,499.00,0,499.00,Card,Male,Teen (13-19),Men,INV000519,17:22:00,P06-S-BLACK
S001037,2026-08-08,Saturday,Formal Shirt,Tops,M,Blue,1,999.00,0,999.00,Cash,Male,Adult (31-45),Men,INV000520,19:59:00,P05-M-BLUE
S001038,2026-08-08,Saturday,Sneakers,Footwear,9,Black,1,1499.00,0,1499.00,Cash,Male,Adult (31-45),Men,INV000520,19:59:00,P20-9-BLACK
S001039,2026-08-08,Saturday,Flip Flops,Footwear,7,Grey,1,399.00,0,399.00,Card,Female,Young Adult (20-30),Men,INV000521,15:57:00,P23-7-GREY
S001040,2026-08-08,Saturday,Cotton Kurti,Ethnic Wear,L,Mustard,1,999.00,0,999.00,Card,Female,Young Adult (20-30),Women,INV000521,15:57:00,P07-L-MUSTARD
S001041,2026-08-08,Saturday,Denim Jeggings,Bottoms,L,Black,2,999.00,0,1998.00,UPI,Male,Young Adult (20-30),Women,INV000522,19:42:00,P10-L-BLACK
S001042,2026-08-08,Saturday,Graphic Tee,Tops,S,White,1,499.00,0,499.00,UPI,Female,Teen (13-19),Men,INV000523,20:32:00,P06-S-WHITE
S001043,2026-08-08,Saturday,Sling Bag,Accessories,OneSize,Beige,1,699.00,0,699.00,UPI,Female,Teen (13-19),Accessories,INV000524,18:37:00,P25-ONESIZE-BEIGE
S001044,2026-08-08,Saturday,Kids Joggers,Bottoms,6-7Y,Black,1,699.00,0,699.00,UPI,Female,Teen (13-19),Kids,INV000524,18:37:00,P19-67Y-BLACK
S001045,2026-08-08,Saturday,Cotton Kurti,Ethnic Wear,L,Mustard,1,999.00,0,999.00,UPI,Female,Teen (13-19),Women,INV000524,18:37:00,P07-L-MUSTARD
S001046,2026-08-08,Saturday,Basic Crew T-Shirt,Tops,XL,Navy,1,399.00,0,399.00,UPI,Male,Teen (13-19),Men,INV000525,16:03:00,P01-XL-NAVY
S001047,2026-08-08,Saturday,Polo T-Shirt,Tops,M,Navy,2,699.00,0,1398.00,Card,Male,Adult (31-45),Men,INV000526,21:08:00,P02-M-NAVY
S001048,2026-08-08,Saturday,Chino Trousers,Bottoms,34,Beige,1,1099.00,0,1099.00,Card,Male,Adult (31-45),Men,INV000526,21:08:00,P04-34-BEIGE
S001049,2026-08-08,Saturday,Floral Kurti,Ethnic Wear,XL,Pink,3,1199.00,0,3597.00,UPI,Female,Adult (31-45),Women,INV000527,18:11:00,P08-XL-PINK
S001050,2026-08-08,Saturday,Polo T-Shirt,Tops,XL,Maroon,1,699.00,0,699.00,Cash,Female,Adult (31-45),Men,INV000528,18:40:00,P02-XL-MAROON
S001051,2026-08-08,Saturday,Cotton Kurti,Ethnic Wear,L,Teal,1,999.00,0,999.00,Cash,Female,Adult (31-45),Women,INV000528,18:40:00,P07-L-TEAL
S001052,2026-08-08,Saturday,Printed Top,Tops,M,Red,2,699.00,0,1398.00,Cash,Female,Adult (31-45),Women,INV000528,18:40:00,P12-M-RED
S001053,2026-08-08,Saturday,Graphic Tee,Tops,XL,Black,1,499.00,0,499.00,Card,Male,Young Adult (20-30),Men,INV000529,16:39:00,P06-XL-BLACK
S001054,2026-08-08,Saturday,Women Flats,Footwear,7,Beige,1,799.00,0,799.00,Card,Male,Young Adult (20-30),Women,INV000529,16:39:00,P32-7-BEIGE
S001055,2026-08-08,Saturday,Kids Lehenga Set,Ethnic Wear,4-5Y,Mint,1,1299.00,0,1299.00,Cash,Female,Young Adult (20-30),Kids,INV000530,13:04:00,P18-45Y-MINT
S001056,2026-08-08,Saturday,Flip Flops,Footwear,10,Navy,1,399.00,0,399.00,Card,Male,Young Adult (20-30),Men,INV000531,18:09:00,P23-10-NAVY
S001057,2026-08-08,Saturday,Straight Pants,Bottoms,L,Black,1,799.00,0,799.00,Card,Male,Young Adult (20-30),Women,INV000531,18:09:00,P09-L-BLACK
S001058,2026-08-08,Saturday,Graphic Tee,Tops,M,White,1,499.00,0,499.00,Card,Male,Senior (46+),Men,INV000532,15:38:00,P06-M-WHITE
S001059,2026-08-08,Saturday,Basic Crew T-Shirt,Tops,M,Navy,1,399.00,0,399.00,Card,Male,Senior (46+),Men,INV000532,15:38:00,P01-M-NAVY
S001060,2026-08-08,Saturday,Kids Sports Shoes,Footwear,13C,Pink,1,899.00,20,719.20,Card,Male,Senior (46+),Kids,INV000532,15:38:00,P22-13C-PINK
S001061,2026-08-08,Saturday,Sneakers,Footwear,7,Grey,1,1499.00,0,1499.00,Card,Male,Teen (13-19),Men,INV000533,12:03:00,P20-7-GREY
S001062,2026-08-08,Saturday,Basic Crew T-Shirt,Tops,XL,Black,1,399.00,0,399.00,Card,Male,Teen (13-19),Men,INV000533,12:03:00,P01-XL-BLACK
S001063,2026-08-08,Saturday,Cotton Kurti,Ethnic Wear,XS,Teal,1,999.00,0,999.00,UPI,Female,Adult (31-45),Women,INV000534,18:28:00,P07-XS-TEAL
S001064,2026-08-08,Saturday,Cotton Kurti,Ethnic Wear,S,Mustard,1,999.00,0,999.00,UPI,Female,Adult (31-45),Women,INV000534,18:28:00,P07-S-MUSTARD
S001065,2026-08-08,Saturday,Kids Cartoon Tee,Tops,4-5Y,Blue,2,399.00,0,798.00,UPI,Female,Young Adult (20-30),Kids,INV000535,11:39:00,P15-45Y-BLUE
S001066,2026-08-08,Saturday,Kids Sports Shoes,Footwear,13C,Black,1,899.00,20,719.20,UPI,Female,Young Adult (20-30),Kids,INV000535,11:39:00,P22-13C-BLACK
S001067,2026-08-08,Saturday,Printed Top,Tops,S,Blue,2,699.00,0,1398.00,UPI,Female,Young Adult (20-30),Women,INV000535,11:39:00,P12-S-BLUE
S001068,2026-08-08,Saturday,Basic Crew T-Shirt,Tops,L,Olive,1,399.00,0,399.00,Card,Male,Teen (13-19),Men,INV000536,21:16:00,P01-L-OLIVE
S001069,2026-08-08,Saturday,Kids Joggers,Bottoms,4-5Y,Navy,1,699.00,0,699.00,Card,Female,Adult (31-45),Kids,INV000537,13:45:00,P19-45Y-NAVY
S001070,2026-08-08,Saturday,Printed Top,Tops,L,Blue,2,699.00,0,1398.00,Card,Female,Adult (31-45),Women,INV000537,13:45:00,P12-L-BLUE
S001071,2026-08-08,Saturday,Kids Ethnic Kurta Set,Ethnic Wear,4-5Y,Green,1,999.00,0,999.00,UPI,Male,Young Adult (20-30),Kids,INV000538,14:23:00,P17-45Y-GREEN
S001072,2026-08-08,Saturday,Crop Top,Tops,L,Black,1,599.00,0,599.00,Card,Male,Young Adult (20-30),Women,INV000539,19:55:00,P11-L-BLACK
S001073,2026-08-08,Saturday,Denim Jeggings,Bottoms,M,Black,1,999.00,0,999.00,Card,Male,Young Adult (20-30),Women,INV000539,19:55:00,P10-M-BLACK
S001074,2026-08-08,Saturday,Women Flats,Footwear,4,Black,1,799.00,0,799.00,Card,Male,Young Adult (20-30),Women,INV000539,19:55:00,P32-4-BLACK
S001075,2026-08-08,Saturday,Kids Sports Shoes,Footwear,11C,Black,1,899.00,20,719.20,Card,Male,Young Adult (20-30),Kids,INV000539,19:55:00,P22-11C-BLACK
S001076,2026-08-08,Saturday,Denim Jeggings,Bottoms,XS,Indigo,1,999.00,0,999.00,Card,Female,Senior (46+),Women,INV000540,17:20:00,P10-XS-INDIGO
S001077,2026-08-08,Saturday,Women Flats,Footwear,5,Black,1,799.00,0,799.00,Cash,Male,Young Adult (20-30),Women,INV000541,14:00:00,P32-5-BLACK
S001078,2026-08-08,Saturday,Kids Lehenga Set,Ethnic Wear,4-5Y,Pink,1,1299.00,0,1299.00,Cash,Male,Young Adult (20-30),Kids,INV000541,14:00:00,P18-45Y-PINK
S001079,2026-08-08,Saturday,Formal Shirt,Tops,M,White,1,999.00,0,999.00,Cash,Male,Young Adult (20-30),Men,INV000541,14:00:00,P05-M-WHITE
S001080,2026-08-08,Saturday,Basic Crew T-Shirt,Tops,L,Black,2,399.00,0,798.00,Cash,Male,Young Adult (20-30),Men,INV000541,14:00:00,P01-L-BLACK
S001081,2026-08-08,Saturday,Women Flats,Footwear,8,Silver,1,799.00,0,799.00,UPI,Female,Senior (46+),Women,INV000542,15:19:00,P32-8-SILVER
S001082,2026-08-08,Saturday,Formal Shirt,Tops,M,Grey,1,999.00,0,999.00,Cash,Male,Young Adult (20-30),Men,INV000543,11:48:00,P05-M-GREY
S001083,2026-08-08,Saturday,Palazzo Kurta Set,Ethnic Wear,M,Teal,1,1399.00,0,1399.00,UPI,Male,Adult (31-45),Women,INV000544,20:10:00,P14-M-TEAL
S001084,2026-08-08,Saturday,Cotton Kurti,Ethnic Wear,XL,Mustard,1,999.00,0,999.00,UPI,Male,Young Adult (20-30),Women,INV000545,20:33:00,P07-XL-MUSTARD
S001085,2026-08-08,Saturday,Kids Cartoon Tee,Tops,2-3Y,Red,1,399.00,0,399.00,UPI,Male,Young Adult (20-30),Kids,INV000545,20:33:00,P15-23Y-RED
S001086,2026-08-08,Saturday,Printed Top,Tops,M,White,1,699.00,0,699.00,UPI,Male,Adult (31-45),Women,INV000546,19:01:00,P12-M-WHITE
S001087,2026-08-08,Saturday,Sandals,Footwear,5,Tan,1,999.00,0,999.00,Cash,Female,Teen (13-19),Women,INV000547,11:58:00,P21-5-TAN
S001088,2026-08-08,Saturday,Flip Flops,Footwear,7,Grey,1,399.00,0,399.00,Cash,Female,Teen (13-19),Men,INV000547,11:58:00,P23-7-GREY
S001089,2026-08-08,Saturday,Kids Denim Shorts,Bottoms,8-9Y,Blue,1,599.00,0,599.00,UPI,Male,Adult (31-45),Kids,INV000548,10:59:00,P16-89Y-BLUE
S001090,2026-08-08,Saturday,Kids Cartoon Tee,Tops,6-7Y,Blue,1,399.00,0,399.00,UPI,Male,Young Adult (20-30),Kids,INV000549,11:06:00,P15-67Y-BLUE
S001091,2026-08-08,Saturday,Denim Jeggings,Bottoms,M,Black,2,999.00,0,1998.00,UPI,Male,Young Adult (20-30),Women,INV000549,11:06:00,P10-M-BLACK
S001092,2026-08-08,Saturday,Polo T-Shirt,Tops,M,Navy,1,699.00,0,699.00,Card,Male,Adult (31-45),Men,INV000550,15:40:00,P02-M-NAVY
S001093,2026-08-08,Saturday,Printed Top,Tops,S,Blue,1,699.00,0,699.00,Card,Male,Adult (31-45),Women,INV000550,15:40:00,P12-S-BLUE
S001094,2026-08-08,Saturday,Floral Kurti,Ethnic Wear,XL,Pink,1,1199.00,0,1199.00,Card,Male,Young Adult (20-30),Women,INV000551,11:44:00,P08-XL-PINK
S001095,2026-08-08,Saturday,Basic Crew T-Shirt,Tops,M,Olive,2,399.00,0,798.00,Card,Male,Young Adult (20-30),Men,INV000551,11:44:00,P01-M-OLIVE
S001096,2026-08-08,Saturday,Cotton Kurti,Ethnic Wear,L,Teal,2,999.00,0,1998.00,Card,Female,Adult (31-45),Women,INV000552,19:41:00,P07-L-TEAL
S001097,2026-08-08,Saturday,Formal Shirt,Tops,L,Blue,2,999.00,0,1998.00,UPI,Male,Senior (46+),Men,INV000553,20:21:00,P05-L-BLUE
S001098,2026-08-08,Saturday,Basic Crew T-Shirt,Tops,XL,Olive,1,399.00,0,399.00,UPI,Male,Senior (46+),Men,INV000553,20:21:00,P01-XL-OLIVE
S001099,2026-08-08,Saturday,Straight Pants,Bottoms,XS,Beige,1,799.00,0,799.00,UPI,Male,Senior (46+),Women,INV000553,20:21:00,P09-XS-BEIGE
S001100,2026-08-08,Saturday,Basic Crew T-Shirt,Tops,L,White,1,399.00,0,399.00,UPI,Female,Young Adult (20-30),Men,INV000554,17:19:00,P01-L-WHITE
S001101,2026-08-08,Saturday,Belt,Accessories,32,Black,1,399.00,0,399.00,UPI,Female,Adult (31-45),Accessories,INV000555,19:47:00,P26-32-BLACK
S001102,2026-08-08,Saturday,Kids Cartoon Tee,Tops,2-3Y,Red,1,399.00,0,399.00,UPI,Female,Adult (31-45),Kids,INV000555,19:47:00,P15-23Y-RED
S001103,2026-08-08,Saturday,Cotton Kurti,Ethnic Wear,L,Teal,1,999.00,0,999.00,UPI,Female,Adult (31-45),Women,INV000555,19:47:00,P07-L-TEAL
S001104,2026-08-08,Saturday,Crop Top,Tops,XS,Black,1,599.00,0,599.00,Card,Male,Adult (31-45),Women,INV000556,20:53:00,P11-XS-BLACK
S001105,2026-08-08,Saturday,Slim Fit Jeans,Bottoms,34,Light Blue,1,1299.00,0,1299.00,UPI,Male,Young Adult (20-30),Men,INV000557,21:17:00,P03-34-LIGHTBLU
S001106,2026-08-08,Saturday,Belt,Accessories,38,Brown,1,399.00,0,399.00,UPI,Male,Young Adult (20-30),Accessories,INV000557,21:17:00,P26-38-BROWN
S001107,2026-08-08,Saturday,Sneakers,Footwear,8,White,1,1499.00,0,1499.00,UPI,Other,Adult (31-45),Men,INV000558,18:47:00,P20-8-WHITE
S001108,2026-08-08,Saturday,Cotton Kurti,Ethnic Wear,XS,Maroon,1,999.00,0,999.00,UPI,Female,Senior (46+),Women,INV000559,18:51:00,P07-XS-MAROON
S001109,2026-08-08,Saturday,Kids Sports Shoes,Footwear,12C,Blue,1,899.00,20,719.20,UPI,Female,Senior (46+),Kids,INV000559,18:51:00,P22-12C-BLUE
S001110,2026-08-08,Saturday,Straight Pants,Bottoms,XL,Beige,1,799.00,0,799.00,UPI,Female,Senior (46+),Women,INV000559,18:51:00,P09-XL-BEIGE
S001111,2026-08-08,Saturday,Graphic Tee,Tops,S,White,1,499.00,0,499.00,UPI,Other,Adult (31-45),Men,INV000560,20:39:00,P06-S-WHITE
S001112,2026-08-08,Saturday,Kids Cartoon Tee,Tops,8-9Y,Yellow,1,399.00,0,399.00,UPI,Other,Adult (31-45),Kids,INV000560,20:39:00,P15-89Y-YELLOW
S001113,2026-08-08,Saturday,Kids Joggers,Bottoms,4-5Y,Navy,1,699.00,0,699.00,UPI,Male,Adult (31-45),Kids,INV000561,16:55:00,P19-45Y-NAVY
S001114,2026-08-08,Saturday,Scarf,Accessories,OneSize,Floral,2,499.00,0,998.00,UPI,Male,Adult (31-45),Accessories,INV000561,16:55:00,P30-ONESIZE-FLORAL
S001115,2026-08-08,Saturday,Flip Flops,Footwear,8,Black,1,399.00,0,399.00,UPI,Female,Senior (46+),Men,INV000562,13:03:00,P23-8-BLACK
S001116,2026-08-08,Saturday,Denim Jeggings,Bottoms,L,Black,1,999.00,0,999.00,UPI,Female,Senior (46+),Women,INV000562,13:03:00,P10-L-BLACK
S001117,2026-08-08,Saturday,Women Flats,Footwear,5,Black,1,799.00,0,799.00,Card,Male,Adult (31-45),Women,INV000563,11:38:00,P32-5-BLACK
S001118,2026-08-08,Saturday,Sandals,Footwear,6,Black,1,999.00,0,999.00,Card,Male,Adult (31-45),Women,INV000563,11:38:00,P21-6-BLACK
S001119,2026-08-08,Saturday,Chino Trousers,Bottoms,36,Navy,1,1099.00,0,1099.00,UPI,Male,Young Adult (20-30),Men,INV000564,15:03:00,P04-36-NAVY
S001120,2026-08-08,Saturday,Women Flats,Footwear,7,Silver,1,799.00,0,799.00,UPI,Other,Young Adult (20-30),Women,INV000565,14:12:00,P32-7-SILVER
S001121,2026-08-08,Saturday,Kids Sports Shoes,Footwear,11C,Pink,1,899.00,20,719.20,UPI,Other,Young Adult (20-30),Kids,INV000565,14:12:00,P22-11C-PINK
S001122,2026-08-08,Saturday,Basic Crew T-Shirt,Tops,S,Navy,1,399.00,0,399.00,UPI,Other,Young Adult (20-30),Men,INV000565,14:12:00,P01-S-NAVY
S001123,2026-08-08,Saturday,Graphic Tee,Tops,XL,Red,1,499.00,0,499.00,Card,Female,Adult (31-45),Men,INV000566,15:29:00,P06-XL-RED
S001124,2026-08-08,Saturday,Sandals,Footwear,6,Gold,1,999.00,0,999.00,Card,Female,Adult (31-45),Women,INV000566,15:29:00,P21-6-GOLD
S001125,2026-08-08,Saturday,Kids Cartoon Tee,Tops,6-7Y,Blue,2,399.00,0,798.00,Card,Female,Adult (31-45),Kids,INV000566,15:29:00,P15-67Y-BLUE
S001126,2026-08-08,Saturday,Cotton Kurti,Ethnic Wear,S,Mustard,1,999.00,0,999.00,Card,Female,Adult (31-45),Women,INV000566,15:29:00,P07-S-MUSTARD
S001127,2026-08-08,Saturday,Graphic Tee,Tops,M,Black,1,499.00,0,499.00,UPI,Female,Adult (31-45),Men,INV000567,18:00:00,P06-M-BLACK
S001128,2026-08-08,Saturday,Chino Trousers,Bottoms,32,Beige,1,1099.00,0,1099.00,UPI,Female,Adult (31-45),Men,INV000567,18:00:00,P04-32-BEIGE
S001129,2026-08-08,Saturday,Kids Denim Shorts,Bottoms,6-7Y,Black,1,599.00,0,599.00,UPI,Female,Adult (31-45),Kids,INV000568,18:17:00,P16-67Y-BLACK
S001130,2026-08-08,Saturday,Printed Top,Tops,M,White,1,699.00,0,699.00,UPI,Male,Adult (31-45),Women,INV000569,13:34:00,P12-M-WHITE
S001131,2026-08-08,Saturday,Cotton Kurti,Ethnic Wear,XL,Maroon,1,999.00,0,999.00,UPI,Male,Adult (31-45),Women,INV000569,13:34:00,P07-XL-MAROON
S001132,2026-08-08,Saturday,Cotton Kurti,Ethnic Wear,L,Mustard,1,999.00,0,999.00,Card,Female,Young Adult (20-30),Women,INV000570,14:27:00,P07-L-MUSTARD
S001133,2026-08-08,Saturday,Basic Crew T-Shirt,Tops,L,Olive,1,399.00,0,399.00,Card,Female,Young Adult (20-30),Men,INV000571,14:05:00,P01-L-OLIVE
S001134,2026-08-08,Saturday,Basic Crew T-Shirt,Tops,M,Black,1,399.00,0,399.00,Card,Female,Young Adult (20-30),Men,INV000571,14:05:00,P01-M-BLACK
S001135,2026-08-08,Saturday,Polo T-Shirt,Tops,M,Maroon,1,699.00,0,699.00,Cash,Male,Young Adult (20-30),Men,INV000572,14:03:00,P02-M-MAROON
S001136,2026-08-08,Saturday,Crop Top,Tops,XS,Lavender,1,599.00,0,599.00,UPI,Female,Senior (46+),Women,INV000573,13:31:00,P11-XS-LAVENDER
S001137,2026-08-08,Saturday,Kids Denim Shorts,Bottoms,4-5Y,Black,1,599.00,0,599.00,UPI,Female,Senior (46+),Kids,INV000574,20:24:00,P16-45Y-BLACK
S001138,2026-08-08,Saturday,Printed Top,Tops,XL,Blue,1,699.00,0,699.00,UPI,Female,Senior (46+),Women,INV000574,20:24:00,P12-XL-BLUE
S001139,2026-08-08,Saturday,Slim Fit Jeans,Bottoms,34,Light Blue,1,1299.00,0,1299.00,UPI,Female,Senior (46+),Men,INV000574,20:24:00,P03-34-LIGHTBLU
S001140,2026-08-08,Saturday,Kids Joggers,Bottoms,4-5Y,Navy,1,699.00,0,699.00,UPI,Male,Young Adult (20-30),Kids,INV000575,16:11:00,P19-45Y-NAVY
S001141,2026-08-08,Saturday,Cotton Kurti,Ethnic Wear,L,Maroon,1,999.00,0,999.00,UPI,Female,Teen (13-19),Women,INV000576,18:52:00,P07-L-MAROON
S001142,2026-08-08,Saturday,Women Flats,Footwear,8,Silver,2,799.00,0,1598.00,UPI,Female,Teen (13-19),Women,INV000576,18:52:00,P32-8-SILVER
S001143,2026-08-08,Saturday,Palazzo Kurta Set,Ethnic Wear,L,Mustard,1,1399.00,0,1399.00,UPI,Female,Teen (13-19),Women,INV000576,18:52:00,P14-L-MUSTARD
S001144,2026-08-08,Saturday,Sandals,Footwear,4,Black,1,999.00,0,999.00,UPI,Female,Teen (13-19),Women,INV000577,12:12:00,P21-4-BLACK
S001145,2026-08-08,Saturday,Kids Denim Shorts,Bottoms,4-5Y,Blue,1,599.00,0,599.00,Card,Female,Young Adult (20-30),Kids,INV000578,14:51:00,P16-45Y-BLUE
S001146,2026-08-08,Saturday,Denim Jeggings,Bottoms,M,Black,1,999.00,0,999.00,Card,Female,Young Adult (20-30),Women,INV000578,14:51:00,P10-M-BLACK
S001147,2026-08-08,Saturday,Sandals,Footwear,7,Black,1,999.00,0,999.00,Card,Male,Young Adult (20-30),Women,INV000579,13:48:00,P21-7-BLACK
S001148,2026-08-08,Saturday,Chino Trousers,Bottoms,36,Beige,1,1099.00,0,1099.00,Card,Male,Young Adult (20-30),Men,INV000579,13:48:00,P04-36-BEIGE
S001149,2026-08-08,Saturday,Slim Fit Jeans,Bottoms,32,Navy,1,1299.00,0,1299.00,Cash,Female,Adult (31-45),Men,INV000580,18:38:00,P03-32-NAVY
S001150,2026-08-08,Saturday,Palazzo Kurta Set,Ethnic Wear,L,Mustard,2,1399.00,0,2798.00,Cash,Female,Adult (31-45),Women,INV000580,18:38:00,P14-L-MUSTARD
S001151,2026-08-08,Saturday,Slim Fit Jeans,Bottoms,34,Black,1,1299.00,0,1299.00,UPI,Female,Young Adult (20-30),Men,INV000581,16:03:00,P03-34-BLACK
S001152,2026-08-08,Saturday,Cotton Kurti,Ethnic Wear,S,Mustard,1,999.00,0,999.00,Card,Female,Teen (13-19),Women,INV000582,21:02:00,P07-S-MUSTARD
S001153,2026-08-08,Saturday,Floral Kurti,Ethnic Wear,XL,Green,1,1199.00,0,1199.00,Card,Female,Teen (13-19),Women,INV000582,21:02:00,P08-XL-GREEN
S001154,2026-08-08,Saturday,Floral Kurti,Ethnic Wear,M,Pink,1,1199.00,0,1199.00,Card,Female,Teen (13-19),Women,INV000582,21:02:00,P08-M-PINK
S001155,2026-08-08,Saturday,Basic Crew T-Shirt,Tops,M,Olive,1,399.00,0,399.00,UPI,Female,Young Adult (20-30),Men,INV000583,13:11:00,P01-M-OLIVE
S001156,2026-08-08,Saturday,Cotton Kurti,Ethnic Wear,L,Teal,1,999.00,0,999.00,Cash,Female,Young Adult (20-30),Women,INV000584,11:41:00,P07-L-TEAL
S001157,2026-08-08,Saturday,Polo T-Shirt,Tops,L,Maroon,1,699.00,0,699.00,Card,Female,Young Adult (20-30),Men,INV000585,17:36:00,P02-L-MAROON
S001158,2026-08-08,Saturday,Flip Flops,Footwear,7,Grey,1,399.00,0,399.00,Card,Female,Young Adult (20-30),Men,INV000585,17:36:00,P23-7-GREY
S001159,2026-08-08,Saturday,Kids Cartoon Tee,Tops,6-7Y,Yellow,1,399.00,0,399.00,Cash,Female,Teen (13-19),Kids,INV000586,16:54:00,P15-67Y-YELLOW
S001160,2026-08-08,Saturday,Slim Fit Jeans,Bottoms,32,Black,1,1299.00,0,1299.00,UPI,Female,Young Adult (20-30),Men,INV000587,10:36:00,P03-32-BLACK
S001161,2026-08-08,Saturday,Basic Crew T-Shirt,Tops,S,Olive,1,399.00,0,399.00,UPI,Female,Young Adult (20-30),Men,INV000587,10:36:00,P01-S-OLIVE
S001162,2026-08-08,Saturday,Kids Ethnic Kurta Set,Ethnic Wear,4-5Y,Maroon,1,999.00,0,999.00,UPI,Female,Young Adult (20-30),Kids,INV000587,10:36:00,P17-45Y-MAROON
S001163,2026-08-08,Saturday,Printed Top,Tops,M,Red,1,699.00,0,699.00,UPI,Female,Young Adult (20-30),Women,INV000587,10:36:00,P12-M-RED
S001164,2026-08-08,Saturday,Basic Crew T-Shirt,Tops,M,Navy,1,399.00,0,399.00,UPI,Male,Young Adult (20-30),Men,INV000588,17:40:00,P01-M-NAVY
S001165,2026-08-08,Saturday,Floral Kurti,Ethnic Wear,XL,Pink,1,1199.00,0,1199.00,UPI,Male,Young Adult (20-30),Women,INV000588,17:40:00,P08-XL-PINK
S001166,2026-08-08,Saturday,Sandals,Footwear,7,Tan,1,999.00,0,999.00,UPI,Female,Young Adult (20-30),Women,INV000589,17:42:00,P21-7-TAN
S001167,2026-08-08,Saturday,Belt,Accessories,38,Black,1,399.00,0,399.00,Card,Female,Young Adult (20-30),Accessories,INV000590,18:14:00,P26-38-BLACK
S001168,2026-08-08,Saturday,Slim Fit Jeans,Bottoms,30,Light Blue,1,1299.00,0,1299.00,Card,Female,Young Adult (20-30),Men,INV000590,18:14:00,P03-30-LIGHTBLU
S001169,2026-08-08,Saturday,Crop Top,Tops,S,Black,1,599.00,0,599.00,Card,Female,Young Adult (20-30),Women,INV000590,18:14:00,P11-S-BLACK
S001170,2026-08-08,Saturday,Belt,Accessories,38,Black,2,399.00,0,798.00,UPI,Male,Young Adult (20-30),Accessories,INV000591,13:08:00,P26-38-BLACK
S001171,2026-08-08,Saturday,Chino Trousers,Bottoms,36,Navy,1,1099.00,0,1099.00,UPI,Male,Young Adult (20-30),Men,INV000591,13:08:00,P04-36-NAVY
S001172,2026-08-08,Saturday,Cotton Kurti,Ethnic Wear,XS,Maroon,2,999.00,0,1998.00,UPI,Male,Adult (31-45),Women,INV000592,12:54:00,P07-XS-MAROON
S001173,2026-08-08,Saturday,Graphic Tee,Tops,L,White,1,499.00,0,499.00,UPI,Male,Adult (31-45),Men,INV000592,12:54:00,P06-L-WHITE
S001174,2026-08-08,Saturday,Chino Trousers,Bottoms,32,Navy,1,1099.00,0,1099.00,UPI,Female,Senior (46+),Men,INV000593,15:11:00,P04-32-NAVY
S001175,2026-08-08,Saturday,Women Flats,Footwear,5,Silver,1,799.00,0,799.00,UPI,Female,Senior (46+),Women,INV000593,15:11:00,P32-5-SILVER
S001176,2026-08-08,Saturday,Kids Sports Shoes,Footwear,10C,Black,1,899.00,20,719.20,UPI,Male,Adult (31-45),Kids,INV000594,20:39:00,P22-10C-BLACK
S001177,2026-08-08,Saturday,Floral Kurti,Ethnic Wear,M,Blue,1,1199.00,0,1199.00,UPI,Male,Adult (31-45),Women,INV000594,20:39:00,P08-M-BLUE
S001178,2026-08-08,Saturday,Kids Joggers,Bottoms,4-5Y,Grey,2,699.00,0,1398.00,Card,Male,Young Adult (20-30),Kids,INV000595,21:00:00,P19-45Y-GREY
S001179,2026-08-08,Saturday,Chino Trousers,Bottoms,36,Olive,1,1099.00,0,1099.00,Card,Male,Young Adult (20-30),Men,INV000595,21:00:00,P04-36-OLIVE
S001180,2026-08-08,Saturday,Kids Joggers,Bottoms,2-3Y,Black,1,699.00,0,699.00,Card,Male,Young Adult (20-30),Kids,INV000595,21:00:00,P19-23Y-BLACK
S001181,2026-08-08,Saturday,Crop Top,Tops,L,Lavender,1,599.00,0,599.00,UPI,Female,Senior (46+),Women,INV000596,15:05:00,P11-L-LAVENDER
S001182,2026-08-09,Sunday,Floral Kurti,Ethnic Wear,M,Pink,1,1199.00,0,1199.00,Card,Male,Young Adult (20-30),Women,INV000597,15:50:00,P08-M-PINK
S001183,2026-08-09,Sunday,Basic Crew T-Shirt,Tops,M,White,1,399.00,0,399.00,Card,Male,Young Adult (20-30),Men,INV000597,15:50:00,P01-M-WHITE
S001184,2026-08-09,Sunday,Printed Top,Tops,L,Blue,1,699.00,0,699.00,Card,Male,Young Adult (20-30),Women,INV000597,15:50:00,P12-L-BLUE
S001185,2026-08-09,Sunday,Kids Sports Shoes,Footwear,13C,Blue,1,899.00,20,719.20,Card,Male,Young Adult (20-30),Kids,INV000597,15:50:00,P22-13C-BLUE
S001186,2026-08-09,Sunday,Sandals,Footwear,8,Gold,1,999.00,0,999.00,UPI,Female,Adult (31-45),Women,INV000598,12:16:00,P21-8-GOLD
S001187,2026-08-09,Sunday,Sandals,Footwear,7,Black,1,999.00,0,999.00,UPI,Female,Adult (31-45),Women,INV000598,12:16:00,P21-7-BLACK
S001188,2026-08-09,Sunday,Kids Sports Shoes,Footwear,11C,Black,1,899.00,20,719.20,UPI,Male,Adult (31-45),Kids,INV000599,17:25:00,P22-11C-BLACK
S001189,2026-08-09,Sunday,Basic Crew T-Shirt,Tops,M,Olive,1,399.00,0,399.00,UPI,Male,Adult (31-45),Men,INV000600,11:00:00,P01-M-OLIVE
S001190,2026-08-09,Sunday,Kids Cartoon Tee,Tops,6-7Y,Red,1,399.00,0,399.00,UPI,Male,Adult (31-45),Kids,INV000600,11:00:00,P15-67Y-RED
S001191,2026-08-09,Sunday,Denim Jeggings,Bottoms,XS,Black,1,999.00,0,999.00,UPI,Male,Adult (31-45),Women,INV000600,11:00:00,P10-XS-BLACK
S001192,2026-08-09,Sunday,Graphic Tee,Tops,L,Red,2,499.00,0,998.00,UPI,Male,Adult (31-45),Men,INV000600,11:00:00,P06-L-RED
S001193,2026-08-09,Sunday,Basic Crew T-Shirt,Tops,L,Black,1,399.00,0,399.00,UPI,Female,Young Adult (20-30),Men,INV000601,17:25:00,P01-L-BLACK
S001194,2026-08-09,Sunday,Sling Bag,Accessories,OneSize,Black,2,699.00,0,1398.00,UPI,Female,Young Adult (20-30),Accessories,INV000601,17:25:00,P25-ONESIZE-BLACK
S001195,2026-08-09,Sunday,Graphic Tee,Tops,S,White,1,499.00,0,499.00,UPI,Female,Young Adult (20-30),Men,INV000601,17:25:00,P06-S-WHITE
S001196,2026-08-09,Sunday,Women Flats,Footwear,8,Black,1,799.00,0,799.00,Card,Male,Young Adult (20-30),Women,INV000602,11:27:00,P32-8-BLACK
S001197,2026-08-09,Sunday,Belt,Accessories,36,Brown,1,399.00,0,399.00,Card,Male,Young Adult (20-30),Accessories,INV000602,11:27:00,P26-36-BROWN
S001198,2026-08-09,Sunday,Kids Joggers,Bottoms,8-9Y,Navy,1,699.00,0,699.00,UPI,Male,Young Adult (20-30),Kids,INV000603,12:06:00,P19-89Y-NAVY
S001199,2026-08-09,Sunday,Polo T-Shirt,Tops,XL,Maroon,1,699.00,0,699.00,UPI,Male,Young Adult (20-30),Men,INV000603,12:06:00,P02-XL-MAROON
S001200,2026-08-09,Sunday,Straight Pants,Bottoms,S,Navy,1,799.00,0,799.00,UPI,Female,Teen (13-19),Women,INV000604,21:02:00,P09-S-NAVY
S001201,2026-08-09,Sunday,Printed Top,Tops,M,Blue,1,699.00,0,699.00,UPI,Female,Teen (13-19),Women,INV000604,21:02:00,P12-M-BLUE
S001202,2026-08-09,Sunday,Basic Crew T-Shirt,Tops,XL,Black,1,399.00,0,399.00,UPI,Female,Young Adult (20-30),Men,INV000605,12:51:00,P01-XL-BLACK
S001203,2026-08-09,Sunday,Basic Crew T-Shirt,Tops,XL,Olive,1,399.00,0,399.00,UPI,Female,Young Adult (20-30),Men,INV000605,12:51:00,P01-XL-OLIVE
S001204,2026-08-09,Sunday,Floral Kurti,Ethnic Wear,XS,Pink,2,1199.00,0,2398.00,Cash,Female,Young Adult (20-30),Women,INV000606,13:05:00,P08-XS-PINK
S001205,2026-08-09,Sunday,Straight Pants,Bottoms,L,Navy,1,799.00,0,799.00,UPI,Female,Teen (13-19),Women,INV000607,16:23:00,P09-L-NAVY
S001206,2026-08-09,Sunday,Kids Sports Shoes,Footwear,10C,Pink,1,899.00,20,719.20,UPI,Female,Teen (13-19),Kids,INV000607,16:23:00,P22-10C-PINK
S001207,2026-08-09,Sunday,Sneakers,Footwear,9,White,1,1499.00,0,1499.00,UPI,Female,Teen (13-19),Men,INV000607,16:23:00,P20-9-WHITE
S001208,2026-08-09,Sunday,Chino Trousers,Bottoms,32,Olive,1,1099.00,0,1099.00,UPI,Male,Young Adult (20-30),Men,INV000608,11:21:00,P04-32-OLIVE
S001209,2026-08-09,Sunday,Formal Shirt,Tops,M,White,1,999.00,0,999.00,UPI,Male,Young Adult (20-30),Men,INV000609,21:06:00,P05-M-WHITE
S001210,2026-08-09,Sunday,Graphic Tee,Tops,L,White,1,499.00,0,499.00,UPI,Male,Young Adult (20-30),Men,INV000609,21:06:00,P06-L-WHITE
S001211,2026-08-09,Sunday,Kids Sports Shoes,Footwear,12C,Blue,1,899.00,20,719.20,UPI,Male,Young Adult (20-30),Kids,INV000609,21:06:00,P22-12C-BLUE
S001212,2026-08-09,Sunday,Cotton Kurti,Ethnic Wear,XL,Maroon,1,999.00,0,999.00,Card,Female,Adult (31-45),Women,INV000610,18:01:00,P07-XL-MAROON
S001213,2026-08-09,Sunday,Palazzo Kurta Set,Ethnic Wear,M,Teal,2,1399.00,0,2798.00,Card,Female,Adult (31-45),Women,INV000610,18:01:00,P14-M-TEAL
S001214,2026-08-09,Sunday,Denim Jeggings,Bottoms,M,Black,1,999.00,0,999.00,UPI,Male,Senior (46+),Women,INV000611,13:09:00,P10-M-BLACK
S001215,2026-08-09,Sunday,Floral Kurti,Ethnic Wear,M,Green,1,1199.00,0,1199.00,UPI,Male,Senior (46+),Women,INV000611,13:09:00,P08-M-GREEN
S001216,2026-08-09,Sunday,Kids Cartoon Tee,Tops,6-7Y,Red,1,399.00,0,399.00,Cash,Male,Teen (13-19),Kids,INV000612,18:40:00,P15-67Y-RED
S001217,2026-08-09,Sunday,Denim Jeggings,Bottoms,S,Indigo,1,999.00,0,999.00,Cash,Male,Teen (13-19),Women,INV000612,18:40:00,P10-S-INDIGO
S001218,2026-08-09,Sunday,Sneakers,Footwear,7,Grey,1,1499.00,0,1499.00,Cash,Male,Teen (13-19),Men,INV000612,18:40:00,P20-7-GREY
S001219,2026-08-09,Sunday,Kids Cartoon Tee,Tops,4-5Y,Yellow,2,399.00,0,798.00,UPI,Male,Adult (31-45),Kids,INV000613,20:43:00,P15-45Y-YELLOW
S001220,2026-08-09,Sunday,Basic Crew T-Shirt,Tops,M,Black,1,399.00,0,399.00,Card,Female,Adult (31-45),Men,INV000614,17:36:00,P01-M-BLACK
S001221,2026-08-09,Sunday,Floral Kurti,Ethnic Wear,M,Blue,1,1199.00,0,1199.00,Card,Female,Adult (31-45),Women,INV000614,17:36:00,P08-M-BLUE
S001222,2026-08-09,Sunday,Graphic Tee,Tops,M,White,1,499.00,0,499.00,UPI,Female,Adult (31-45),Men,INV000615,20:25:00,P06-M-WHITE
S001223,2026-08-09,Sunday,Slim Fit Jeans,Bottoms,34,Light Blue,1,1299.00,0,1299.00,UPI,Female,Adult (31-45),Men,INV000615,20:25:00,P03-34-LIGHTBLU
S001224,2026-08-09,Sunday,Polo T-Shirt,Tops,M,Navy,2,699.00,0,1398.00,UPI,Female,Adult (31-45),Men,INV000615,20:25:00,P02-M-NAVY
S001225,2026-08-09,Sunday,Slim Fit Jeans,Bottoms,30,Black,1,1299.00,0,1299.00,Cash,Female,Young Adult (20-30),Men,INV000616,10:54:00,P03-30-BLACK
S001226,2026-08-09,Sunday,Sneakers,Footwear,9,White,1,1499.00,0,1499.00,Cash,Female,Young Adult (20-30),Men,INV000616,10:54:00,P20-9-WHITE
S001227,2026-08-09,Sunday,Crop Top,Tops,M,Black,1,599.00,0,599.00,Cash,Female,Young Adult (20-30),Women,INV000616,10:54:00,P11-M-BLACK
S001228,2026-08-09,Sunday,Basic Crew T-Shirt,Tops,M,Black,1,399.00,0,399.00,Cash,Female,Young Adult (20-30),Men,INV000616,10:54:00,P01-M-BLACK
S001229,2026-08-09,Sunday,Flip Flops,Footwear,8,Navy,1,399.00,0,399.00,Cash,Female,Senior (46+),Men,INV000617,17:18:00,P23-8-NAVY
S001230,2026-08-09,Sunday,Basic Crew T-Shirt,Tops,L,White,1,399.00,0,399.00,UPI,Male,Teen (13-19),Men,INV000618,16:49:00,P01-L-WHITE
S001231,2026-08-09,Sunday,Sandals,Footwear,6,Black,1,999.00,0,999.00,Card,Female,Young Adult (20-30),Women,INV000619,19:34:00,P21-6-BLACK
S001232,2026-08-09,Sunday,Basic Crew T-Shirt,Tops,M,Olive,2,399.00,0,798.00,Card,Female,Young Adult (20-30),Men,INV000619,19:34:00,P01-M-OLIVE
S001233,2026-08-09,Sunday,Polo T-Shirt,Tops,XL,Maroon,1,699.00,0,699.00,Card,Female,Young Adult (20-30),Men,INV000619,19:34:00,P02-XL-MAROON
S001234,2026-08-09,Sunday,Anarkali Kurta Set,Ethnic Wear,S,Navy,1,1799.00,0,1799.00,UPI,Other,Teen (13-19),Women,INV000620,12:52:00,P13-S-NAVY
S001235,2026-08-09,Sunday,Basic Crew T-Shirt,Tops,M,White,1,399.00,0,399.00,Cash,Female,Adult (31-45),Men,INV000621,11:44:00,P01-M-WHITE
S001236,2026-08-09,Sunday,Slim Fit Jeans,Bottoms,32,Light Blue,1,1299.00,0,1299.00,Cash,Female,Adult (31-45),Men,INV000621,11:44:00,P03-32-LIGHTBLU
S001237,2026-08-09,Sunday,Cotton Kurti,Ethnic Wear,L,Mustard,1,999.00,0,999.00,Cash,Female,Adult (31-45),Women,INV000621,11:44:00,P07-L-MUSTARD
S001238,2026-08-09,Sunday,Kids Denim Shorts,Bottoms,4-5Y,Black,1,599.00,0,599.00,Cash,Female,Adult (31-45),Kids,INV000621,11:44:00,P16-45Y-BLACK
S001239,2026-08-09,Sunday,Kids Denim Shorts,Bottoms,6-7Y,Blue,1,599.00,0,599.00,UPI,Male,Adult (31-45),Kids,INV000622,15:56:00,P16-67Y-BLUE
S001240,2026-08-09,Sunday,Graphic Tee,Tops,M,Black,1,499.00,0,499.00,UPI,Male,Adult (31-45),Men,INV000622,15:56:00,P06-M-BLACK
S001241,2026-08-09,Sunday,Sandals,Footwear,6,Gold,1,999.00,0,999.00,UPI,Male,Adult (31-45),Women,INV000622,15:56:00,P21-6-GOLD
S001242,2026-08-09,Sunday,Cotton Kurti,Ethnic Wear,M,Teal,1,999.00,0,999.00,UPI,Male,Adult (31-45),Women,INV000622,15:56:00,P07-M-TEAL
S001243,2026-08-09,Sunday,Graphic Tee,Tops,M,White,1,499.00,0,499.00,UPI,Male,Adult (31-45),Men,INV000622,15:56:00,P06-M-WHITE
S001244,2026-08-09,Sunday,Sneakers,Footwear,8,Black,1,1499.00,0,1499.00,UPI,Male,Young Adult (20-30),Men,INV000623,17:33:00,P20-8-BLACK
S001245,2026-08-09,Sunday,Printed Top,Tops,L,Red,1,699.00,0,699.00,UPI,Male,Young Adult (20-30),Women,INV000623,17:33:00,P12-L-RED
S001246,2026-08-09,Sunday,Floral Kurti,Ethnic Wear,S,Pink,1,1199.00,0,1199.00,UPI,Male,Teen (13-19),Women,INV000624,15:59:00,P08-S-PINK
S001247,2026-08-09,Sunday,Kids Joggers,Bottoms,6-7Y,Black,1,699.00,0,699.00,UPI,Male,Teen (13-19),Kids,INV000624,15:59:00,P19-67Y-BLACK
S001248,2026-08-09,Sunday,Kids Lehenga Set,Ethnic Wear,2-3Y,Pink,1,1299.00,0,1299.00,UPI,Male,Teen (13-19),Kids,INV000624,15:59:00,P18-23Y-PINK
S001249,2026-08-09,Sunday,Straight Pants,Bottoms,XL,Beige,1,799.00,0,799.00,UPI,Male,Teen (13-19),Women,INV000624,15:59:00,P09-XL-BEIGE
S001250,2026-08-09,Sunday,Kids Denim Shorts,Bottoms,8-9Y,Black,1,599.00,0,599.00,UPI,Male,Teen (13-19),Kids,INV000624,15:59:00,P16-89Y-BLACK
S001251,2026-08-09,Sunday,Straight Pants,Bottoms,L,Black,1,799.00,0,799.00,Card,Male,Adult (31-45),Women,INV000625,19:31:00,P09-L-BLACK
S001252,2026-08-09,Sunday,Basic Crew T-Shirt,Tops,M,White,1,399.00,0,399.00,Card,Male,Adult (31-45),Men,INV000625,19:31:00,P01-M-WHITE
S001253,2026-08-09,Sunday,Graphic Tee,Tops,XL,Black,1,499.00,0,499.00,Cash,Female,Teen (13-19),Men,INV000626,20:50:00,P06-XL-BLACK
S001254,2026-08-09,Sunday,Basic Crew T-Shirt,Tops,M,Olive,2,399.00,0,798.00,Cash,Male,Young Adult (20-30),Men,INV000627,20:23:00,P01-M-OLIVE
S001255,2026-08-09,Sunday,Printed Top,Tops,XL,Red,2,699.00,0,1398.00,Cash,Male,Young Adult (20-30),Women,INV000627,20:23:00,P12-XL-RED
S001256,2026-08-09,Sunday,Crop Top,Tops,L,Black,2,599.00,0,1198.00,Card,Female,Young Adult (20-30),Women,INV000628,12:38:00,P11-L-BLACK
S001257,2026-08-09,Sunday,Belt,Accessories,32,Black,1,399.00,0,399.00,UPI,Male,Teen (13-19),Accessories,INV000629,14:57:00,P26-32-BLACK
S001258,2026-08-09,Sunday,Women Flats,Footwear,5,Silver,1,799.00,0,799.00,UPI,Male,Teen (13-19),Women,INV000629,14:57:00,P32-5-SILVER
S001259,2026-08-09,Sunday,Kids Cartoon Tee,Tops,8-9Y,Blue,1,399.00,0,399.00,Card,Male,Young Adult (20-30),Kids,INV000630,15:48:00,P15-89Y-BLUE
S001260,2026-08-09,Sunday,Kids Sports Shoes,Footwear,13C,Blue,1,899.00,20,719.20,Card,Male,Young Adult (20-30),Kids,INV000630,15:48:00,P22-13C-BLUE
S001261,2026-08-09,Sunday,Kids Cartoon Tee,Tops,4-5Y,Yellow,1,399.00,0,399.00,Cash,Female,Teen (13-19),Kids,INV000631,15:56:00,P15-45Y-YELLOW
S001262,2026-08-09,Sunday,Graphic Tee,Tops,L,White,1,499.00,0,499.00,UPI,Male,Young Adult (20-30),Men,INV000632,19:59:00,P06-L-WHITE
S001263,2026-08-09,Sunday,Basic Crew T-Shirt,Tops,L,Navy,1,399.00,0,399.00,UPI,Male,Young Adult (20-30),Men,INV000632,19:59:00,P01-L-NAVY
S001264,2026-08-09,Sunday,Cotton Kurti,Ethnic Wear,L,Teal,1,999.00,0,999.00,Cash,Female,Teen (13-19),Women,INV000633,18:31:00,P07-L-TEAL
S001265,2026-08-09,Sunday,Hair Accessories Set,Accessories,OneSize,Black,1,199.00,0,199.00,Cash,Female,Teen (13-19),Accessories,INV000634,11:22:00,P28-ONESIZE-BLACK
S001266,2026-08-09,Sunday,Slim Fit Jeans,Bottoms,34,Black,1,1299.00,0,1299.00,UPI,Female,Young Adult (20-30),Men,INV000635,12:46:00,P03-34-BLACK
S001267,2026-08-09,Sunday,Slim Fit Jeans,Bottoms,30,Navy,1,1299.00,0,1299.00,UPI,Male,Young Adult (20-30),Men,INV000636,20:11:00,P03-30-NAVY
S001268,2026-08-09,Sunday,Straight Pants,Bottoms,L,Beige,1,799.00,0,799.00,Card,Female,Senior (46+),Women,INV000637,15:51:00,P09-L-BEIGE
S001269,2026-08-09,Sunday,Kids Joggers,Bottoms,6-7Y,Grey,1,699.00,0,699.00,UPI,Female,Young Adult (20-30),Kids,INV000638,21:21:00,P19-67Y-GREY
S001270,2026-08-09,Sunday,Slim Fit Jeans,Bottoms,34,Navy,1,1299.00,0,1299.00,UPI,Female,Young Adult (20-30),Men,INV000638,21:21:00,P03-34-NAVY
S001271,2026-08-09,Sunday,Crop Top,Tops,S,White,1,599.00,0,599.00,Card,Male,Young Adult (20-30),Women,INV000639,13:14:00,P11-S-WHITE
S001272,2026-08-09,Sunday,Chino Trousers,Bottoms,30,Navy,1,1099.00,0,1099.00,Card,Male,Young Adult (20-30),Men,INV000640,13:12:00,P04-30-NAVY
S001273,2026-08-09,Sunday,Polo T-Shirt,Tops,M,Grey,1,699.00,0,699.00,Card,Male,Young Adult (20-30),Men,INV000640,13:12:00,P02-M-GREY
S001274,2026-08-09,Sunday,Basic Crew T-Shirt,Tops,XL,Black,1,399.00,0,399.00,UPI,Female,Young Adult (20-30),Men,INV000641,21:09:00,P01-XL-BLACK
S001275,2026-08-09,Sunday,Basic Crew T-Shirt,Tops,XL,White,1,399.00,0,399.00,UPI,Female,Young Adult (20-30),Men,INV000641,21:09:00,P01-XL-WHITE
S001276,2026-08-09,Sunday,Chino Trousers,Bottoms,36,Navy,1,1099.00,0,1099.00,UPI,Male,Adult (31-45),Men,INV000642,20:34:00,P04-36-NAVY
S001277,2026-08-09,Sunday,Kids Cartoon Tee,Tops,2-3Y,Red,1,399.00,0,399.00,UPI,Male,Adult (31-45),Kids,INV000642,20:34:00,P15-23Y-RED
S001278,2026-08-09,Sunday,Basic Crew T-Shirt,Tops,XL,White,1,399.00,0,399.00,UPI,Male,Adult (31-45),Men,INV000642,20:34:00,P01-XL-WHITE
S001279,2026-08-09,Sunday,Printed Top,Tops,M,White,1,699.00,0,699.00,Card,Female,Teen (13-19),Women,INV000643,18:58:00,P12-M-WHITE
S001280,2026-08-09,Sunday,Graphic Tee,Tops,M,Red,1,499.00,0,499.00,Card,Female,Young Adult (20-30),Men,INV000644,16:08:00,P06-M-RED
S001281,2026-08-09,Sunday,Crop Top,Tops,M,Black,2,599.00,0,1198.00,Card,Female,Young Adult (20-30),Women,INV000644,16:08:00,P11-M-BLACK
S001282,2026-08-09,Sunday,Palazzo Kurta Set,Ethnic Wear,L,Teal,1,1399.00,0,1399.00,Card,Male,Adult (31-45),Women,INV000645,17:07:00,P14-L-TEAL
S001283,2026-08-09,Sunday,Printed Top,Tops,S,White,1,699.00,0,699.00,Card,Male,Adult (31-45),Women,INV000645,17:07:00,P12-S-WHITE
S001284,2026-08-09,Sunday,Slim Fit Jeans,Bottoms,34,Navy,1,1299.00,0,1299.00,UPI,Male,Adult (31-45),Men,INV000646,17:23:00,P03-34-NAVY
S001285,2026-08-09,Sunday,Denim Jeggings,Bottoms,M,Black,1,999.00,0,999.00,Card,Female,Adult (31-45),Women,INV000647,14:06:00,P10-M-BLACK
S001286,2026-08-09,Sunday,Formal Shirt,Tops,M,White,1,999.00,0,999.00,Card,Female,Adult (31-45),Men,INV000647,14:06:00,P05-M-WHITE
S001287,2026-08-09,Sunday,Flip Flops,Footwear,10,Black,1,399.00,0,399.00,UPI,Male,Senior (46+),Men,INV000648,12:49:00,P23-10-BLACK
S001288,2026-08-09,Sunday,Kids Ethnic Kurta Set,Ethnic Wear,2-3Y,Mustard,1,999.00,0,999.00,UPI,Male,Senior (46+),Kids,INV000648,12:49:00,P17-23Y-MUSTARD
S001289,2026-08-09,Sunday,Women Flats,Footwear,4,Silver,1,799.00,0,799.00,UPI,Male,Senior (46+),Women,INV000648,12:49:00,P32-4-SILVER
S001290,2026-08-09,Sunday,Flip Flops,Footwear,7,Navy,1,399.00,0,399.00,UPI,Male,Senior (46+),Men,INV000648,12:49:00,P23-7-NAVY
S001291,2026-08-09,Sunday,Basic Crew T-Shirt,Tops,L,Olive,2,399.00,0,798.00,UPI,Male,Adult (31-45),Men,INV000649,16:11:00,P01-L-OLIVE
S001292,2026-08-09,Sunday,Kids Ethnic Kurta Set,Ethnic Wear,2-3Y,Maroon,1,999.00,0,999.00,UPI,Male,Adult (31-45),Kids,INV000649,16:11:00,P17-23Y-MAROON
S001293,2026-08-09,Sunday,Graphic Tee,Tops,M,Red,1,499.00,0,499.00,Card,Male,Teen (13-19),Men,INV000650,12:08:00,P06-M-RED
S001294,2026-08-09,Sunday,Kids Cartoon Tee,Tops,2-3Y,Blue,1,399.00,0,399.00,UPI,Male,Young Adult (20-30),Kids,INV000651,13:01:00,P15-23Y-BLUE
S001295,2026-08-09,Sunday,Basic Crew T-Shirt,Tops,XL,Navy,1,399.00,0,399.00,UPI,Male,Young Adult (20-30),Men,INV000651,13:01:00,P01-XL-NAVY
S001296,2026-08-09,Sunday,Kids Denim Shorts,Bottoms,6-7Y,Black,1,599.00,0,599.00,UPI,Male,Young Adult (20-30),Kids,INV000652,12:39:00,P16-67Y-BLACK
S001297,2026-08-09,Sunday,Women Flats,Footwear,4,Black,1,799.00,0,799.00,UPI,Male,Teen (13-19),Women,INV000653,18:21:00,P32-4-BLACK
S001298,2026-08-09,Sunday,Belt,Accessories,38,Black,1,399.00,0,399.00,UPI,Male,Teen (13-19),Accessories,INV000653,18:21:00,P26-38-BLACK
S001299,2026-08-09,Sunday,Kids Cartoon Tee,Tops,4-5Y,Blue,1,399.00,0,399.00,Cash,Male,Young Adult (20-30),Kids,INV000654,19:59:00,P15-45Y-BLUE
S001300,2026-08-09,Sunday,Straight Pants,Bottoms,S,Black,1,799.00,0,799.00,Cash,Male,Young Adult (20-30),Women,INV000654,19:59:00,P09-S-BLACK
S001301,2026-08-09,Sunday,Graphic Tee,Tops,L,White,1,499.00,0,499.00,UPI,Male,Young Adult (20-30),Men,INV000655,21:09:00,P06-L-WHITE
S001302,2026-08-09,Sunday,Belt,Accessories,34,Brown,2,399.00,0,798.00,UPI,Female,Young Adult (20-30),Accessories,INV000656,16:38:00,P26-34-BROWN
S001303,2026-08-09,Sunday,Straight Pants,Bottoms,S,Navy,1,799.00,0,799.00,UPI,Female,Adult (31-45),Women,INV000657,21:13:00,P09-S-NAVY
S001304,2026-08-09,Sunday,Ethnic Dupatta,Accessories,OneSize,Mustard,1,599.00,0,599.00,UPI,Female,Adult (31-45),Women,INV000657,21:13:00,P31-ONESIZE-MUSTARD
S001305,2026-08-09,Sunday,Basic Crew T-Shirt,Tops,M,Black,1,399.00,0,399.00,UPI,Female,Adult (31-45),Men,INV000657,21:13:00,P01-M-BLACK
S001306,2026-08-09,Sunday,Straight Pants,Bottoms,S,Navy,1,799.00,0,799.00,UPI,Female,Teen (13-19),Women,INV000658,14:50:00,P09-S-NAVY
S001307,2026-08-09,Sunday,Straight Pants,Bottoms,L,Black,1,799.00,0,799.00,Card,Female,Young Adult (20-30),Women,INV000659,20:40:00,P09-L-BLACK
S001308,2026-08-09,Sunday,Crop Top,Tops,XS,Black,1,599.00,0,599.00,Card,Female,Young Adult (20-30),Women,INV000659,20:40:00,P11-XS-BLACK
S001309,2026-08-09,Sunday,Floral Kurti,Ethnic Wear,L,Green,1,1199.00,0,1199.00,Card,Female,Young Adult (20-30),Women,INV000659,20:40:00,P08-L-GREEN
S001310,2026-08-09,Sunday,Slim Fit Jeans,Bottoms,32,Navy,1,1299.00,0,1299.00,UPI,Male,Teen (13-19),Men,INV000660,12:16:00,P03-32-NAVY
S001311,2026-08-09,Sunday,Printed Top,Tops,L,Blue,1,699.00,0,699.00,UPI,Female,Young Adult (20-30),Women,INV000661,17:04:00,P12-L-BLUE
S001312,2026-08-09,Sunday,Kids Cartoon Tee,Tops,2-3Y,Red,1,399.00,0,399.00,Card,Female,Young Adult (20-30),Kids,INV000662,18:06:00,P15-23Y-RED
S001313,2026-08-09,Sunday,Women Flats,Footwear,7,Black,1,799.00,0,799.00,Card,Female,Young Adult (20-30),Women,INV000662,18:06:00,P32-7-BLACK
S001314,2026-08-09,Sunday,Basic Crew T-Shirt,Tops,XL,Black,1,399.00,0,399.00,Card,Male,Senior (46+),Men,INV000663,16:53:00,P01-XL-BLACK
S001315,2026-08-09,Sunday,Straight Pants,Bottoms,L,Beige,1,799.00,0,799.00,Card,Male,Senior (46+),Women,INV000663,16:53:00,P09-L-BEIGE
S001316,2026-08-09,Sunday,Hair Accessories Set,Accessories,OneSize,Pink,1,199.00,0,199.00,Card,Male,Senior (46+),Accessories,INV000663,16:53:00,P28-ONESIZE-PINK
S001317,2026-08-09,Sunday,Flip Flops,Footwear,10,Navy,1,399.00,0,399.00,Card,Male,Senior (46+),Men,INV000663,16:53:00,P23-10-NAVY
S001318,2026-08-09,Sunday,Slim Fit Jeans,Bottoms,30,Navy,1,1299.00,0,1299.00,Card,Male,Senior (46+),Men,INV000663,16:53:00,P03-30-NAVY
S001319,2026-08-09,Sunday,Kids Lehenga Set,Ethnic Wear,8-9Y,Mint,1,1299.00,0,1299.00,UPI,Male,Adult (31-45),Kids,INV000664,16:26:00,P18-89Y-MINT
S001320,2026-08-09,Sunday,Printed Top,Tops,S,Red,1,699.00,0,699.00,Card,Female,Adult (31-45),Women,INV000665,17:54:00,P12-S-RED
S001321,2026-08-09,Sunday,Printed Top,Tops,L,Blue,1,699.00,0,699.00,Card,Female,Adult (31-45),Women,INV000665,17:54:00,P12-L-BLUE
S001322,2026-08-09,Sunday,Sandals,Footwear,8,Tan,1,999.00,0,999.00,Card,Female,Adult (31-45),Women,INV000665,17:54:00,P21-8-TAN
S001323,2026-08-09,Sunday,Palazzo Kurta Set,Ethnic Wear,S,Maroon,1,1399.00,0,1399.00,Card,Male,Young Adult (20-30),Women,INV000666,18:09:00,P14-S-MAROON
S001324,2026-08-09,Sunday,Formal Shirt,Tops,M,Grey,1,999.00,0,999.00,UPI,Male,Young Adult (20-30),Men,INV000667,10:54:00,P05-M-GREY
S001325,2026-08-09,Sunday,Polo T-Shirt,Tops,M,Navy,1,699.00,0,699.00,UPI,Male,Young Adult (20-30),Men,INV000667,10:54:00,P02-M-NAVY
S001326,2026-08-09,Sunday,Flip Flops,Footwear,7,Grey,1,399.00,0,399.00,UPI,Male,Teen (13-19),Men,INV000668,15:26:00,P23-7-GREY
S001327,2026-08-09,Sunday,Kids Joggers,Bottoms,2-3Y,Black,1,699.00,0,699.00,UPI,Male,Adult (31-45),Kids,INV000669,21:29:00,P19-23Y-BLACK
S001328,2026-08-09,Sunday,Polo T-Shirt,Tops,S,Maroon,1,699.00,0,699.00,UPI,Male,Adult (31-45),Men,INV000669,21:29:00,P02-S-MAROON
S001329,2026-08-09,Sunday,Sling Bag,Accessories,OneSize,Pink,1,699.00,0,699.00,Card,Male,Adult (31-45),Accessories,INV000670,13:11:00,P25-ONESIZE-PINK
S001330,2026-08-09,Sunday,Formal Shirt,Tops,XL,Blue,1,999.00,0,999.00,Card,Male,Adult (31-45),Men,INV000670,13:11:00,P05-XL-BLUE
S001331,2026-08-09,Sunday,Denim Jeggings,Bottoms,M,Black,1,999.00,0,999.00,Card,Male,Adult (31-45),Women,INV000670,13:11:00,P10-M-BLACK
S001332,2026-08-09,Sunday,Cotton Kurti,Ethnic Wear,M,Teal,1,999.00,0,999.00,UPI,Male,Adult (31-45),Women,INV000671,16:37:00,P07-M-TEAL
S001333,2026-08-09,Sunday,Basic Crew T-Shirt,Tops,S,Olive,1,399.00,0,399.00,Cash,Female,Adult (31-45),Men,INV000672,20:09:00,P01-S-OLIVE
S001334,2026-08-09,Sunday,Hair Accessories Set,Accessories,OneSize,Black,1,199.00,0,199.00,Cash,Female,Adult (31-45),Accessories,INV000672,20:09:00,P28-ONESIZE-BLACK
S001335,2026-08-09,Sunday,Kids Denim Shorts,Bottoms,2-3Y,Black,1,599.00,0,599.00,Card,Female,Teen (13-19),Kids,INV000673,15:50:00,P16-23Y-BLACK
S001336,2026-08-09,Sunday,Basic Crew T-Shirt,Tops,L,Navy,1,399.00,0,399.00,Card,Male,Teen (13-19),Men,INV000674,19:57:00,P01-L-NAVY
S001337,2026-08-09,Sunday,Palazzo Kurta Set,Ethnic Wear,L,Teal,1,1399.00,0,1399.00,Card,Male,Teen (13-19),Women,INV000674,19:57:00,P14-L-TEAL
S001338,2026-08-09,Sunday,Basic Crew T-Shirt,Tops,M,Olive,1,399.00,0,399.00,UPI,Female,Young Adult (20-30),Men,INV000675,15:47:00,P01-M-OLIVE
S001339,2026-08-09,Sunday,Basic Crew T-Shirt,Tops,XL,White,1,399.00,0,399.00,UPI,Female,Young Adult (20-30),Men,INV000676,15:53:00,P01-XL-WHITE
S001340,2026-08-09,Sunday,Crop Top,Tops,M,White,1,599.00,0,599.00,UPI,Female,Senior (46+),Women,INV000677,17:17:00,P11-M-WHITE
S001341,2026-08-09,Sunday,Crop Top,Tops,L,White,1,599.00,0,599.00,UPI,Female,Senior (46+),Women,INV000677,17:17:00,P11-L-WHITE
S001342,2026-08-09,Sunday,Basic Crew T-Shirt,Tops,M,Navy,2,399.00,0,798.00,Cash,Male,Adult (31-45),Men,INV000678,16:08:00,P01-M-NAVY
S001343,2026-08-09,Sunday,Graphic Tee,Tops,S,Black,1,499.00,0,499.00,Card,Other,Adult (31-45),Men,INV000679,16:05:00,P06-S-BLACK
S001344,2026-08-09,Sunday,Women Flats,Footwear,7,Beige,1,799.00,0,799.00,Card,Other,Adult (31-45),Women,INV000679,16:05:00,P32-7-BEIGE
S001345,2026-08-09,Sunday,Graphic Tee,Tops,M,White,1,499.00,0,499.00,UPI,Male,Adult (31-45),Men,INV000680,12:04:00,P06-M-WHITE
S001346,2026-08-09,Sunday,Crop Top,Tops,S,Black,1,599.00,0,599.00,UPI,Male,Adult (31-45),Women,INV000680,12:04:00,P11-S-BLACK
S001347,2026-08-09,Sunday,Belt,Accessories,34,Black,1,399.00,0,399.00,Card,Female,Young Adult (20-30),Accessories,INV000681,21:26:00,P26-34-BLACK
S001348,2026-08-09,Sunday,Chino Trousers,Bottoms,34,Beige,1,1099.00,0,1099.00,Card,Female,Young Adult (20-30),Men,INV000681,21:26:00,P04-34-BEIGE
S001349,2026-08-09,Sunday,Kids Sports Shoes,Footwear,13C,Pink,1,899.00,20,719.20,Card,Female,Young Adult (20-30),Kids,INV000681,21:26:00,P22-13C-PINK
S001350,2026-08-09,Sunday,Basic Crew T-Shirt,Tops,S,Olive,1,399.00,0,399.00,Card,Female,Adult (31-45),Men,INV000682,20:48:00,P01-S-OLIVE
S001351,2026-08-09,Sunday,Kids Denim Shorts,Bottoms,6-7Y,Black,1,599.00,0,599.00,Card,Female,Adult (31-45),Kids,INV000682,20:48:00,P16-67Y-BLACK
S001352,2026-08-09,Sunday,Slim Fit Jeans,Bottoms,30,Black,1,1299.00,0,1299.00,Card,Male,Young Adult (20-30),Men,INV000683,13:09:00,P03-30-BLACK
S001353,2026-08-10,Monday,Kids Denim Shorts,Bottoms,2-3Y,Black,1,599.00,0,599.00,Card,Male,Adult (31-45),Kids,INV000684,16:34:00,P16-23Y-BLACK
S001354,2026-08-10,Monday,Kids Cartoon Tee,Tops,6-7Y,Red,2,399.00,0,798.00,Card,Male,Adult (31-45),Kids,INV000684,16:34:00,P15-67Y-RED
S001355,2026-08-10,Monday,Denim Jeggings,Bottoms,M,Indigo,1,999.00,0,999.00,Cash,Female,Adult (31-45),Women,INV000685,20:33:00,P10-M-INDIGO
S001356,2026-08-10,Monday,Printed Top,Tops,L,White,1,699.00,0,699.00,UPI,Female,Young Adult (20-30),Women,INV000686,20:28:00,P12-L-WHITE
S001357,2026-08-10,Monday,Sneakers,Footwear,7,Grey,1,1499.00,0,1499.00,UPI,Female,Young Adult (20-30),Men,INV000686,20:28:00,P20-7-GREY
S001358,2026-08-10,Monday,Floral Kurti,Ethnic Wear,L,Green,2,1199.00,0,2398.00,UPI,Male,Adult (31-45),Women,INV000687,17:39:00,P08-L-GREEN
S001359,2026-08-10,Monday,Women Flats,Footwear,8,Beige,1,799.00,0,799.00,UPI,Male,Adult (31-45),Women,INV000687,17:39:00,P32-8-BEIGE
S001360,2026-08-10,Monday,Flip Flops,Footwear,7,Black,1,399.00,0,399.00,Card,Male,Young Adult (20-30),Men,INV000688,15:48:00,P23-7-BLACK
S001361,2026-08-10,Monday,Graphic Tee,Tops,M,White,2,499.00,0,998.00,Card,Male,Young Adult (20-30),Men,INV000688,15:48:00,P06-M-WHITE
S001362,2026-08-10,Monday,Sandals,Footwear,5,Black,1,999.00,0,999.00,UPI,Female,Adult (31-45),Women,INV000689,15:37:00,P21-5-BLACK
S001363,2026-08-10,Monday,Flip Flops,Footwear,8,Grey,1,399.00,0,399.00,Card,Female,Adult (31-45),Men,INV000690,16:47:00,P23-8-GREY
S001364,2026-08-10,Monday,Printed Top,Tops,L,Red,1,699.00,0,699.00,Card,Female,Adult (31-45),Women,INV000690,16:47:00,P12-L-RED
S001365,2026-08-10,Monday,Straight Pants,Bottoms,M,Navy,1,799.00,0,799.00,Cash,Female,Adult (31-45),Women,INV000691,21:05:00,P09-M-NAVY
S001366,2026-08-10,Monday,Basic Crew T-Shirt,Tops,XL,Black,1,399.00,0,399.00,Cash,Female,Adult (31-45),Men,INV000692,16:06:00,P01-XL-BLACK
S001367,2026-08-10,Monday,Kids Denim Shorts,Bottoms,6-7Y,Black,1,599.00,0,599.00,UPI,Male,Adult (31-45),Kids,INV000693,10:52:00,P16-67Y-BLACK
S001368,2026-08-10,Monday,Polo T-Shirt,Tops,S,Grey,1,699.00,0,699.00,UPI,Male,Adult (31-45),Men,INV000694,16:37:00,P02-S-GREY
S001369,2026-08-10,Monday,Kids Joggers,Bottoms,8-9Y,Black,1,699.00,0,699.00,UPI,Male,Adult (31-45),Kids,INV000694,16:37:00,P19-89Y-BLACK
S001370,2026-08-10,Monday,Hair Accessories Set,Accessories,OneSize,Black,1,199.00,0,199.00,Cash,Male,Young Adult (20-30),Accessories,INV000695,16:57:00,P28-ONESIZE-BLACK
S001371,2026-08-10,Monday,Chino Trousers,Bottoms,30,Navy,1,1099.00,0,1099.00,Cash,Male,Young Adult (20-30),Men,INV000695,16:57:00,P04-30-NAVY
S001372,2026-08-10,Monday,Basic Crew T-Shirt,Tops,L,Olive,1,399.00,0,399.00,UPI,Male,Teen (13-19),Men,INV000696,10:40:00,P01-L-OLIVE
S001373,2026-08-10,Monday,Printed Top,Tops,L,White,1,699.00,0,699.00,Card,Female,Young Adult (20-30),Women,INV000697,17:55:00,P12-L-WHITE
S001374,2026-08-10,Monday,Belt,Accessories,36,Black,1,399.00,0,399.00,Card,Female,Teen (13-19),Accessories,INV000698,19:57:00,P26-36-BLACK
S001375,2026-08-10,Monday,Polo T-Shirt,Tops,M,Grey,2,699.00,0,1398.00,Card,Female,Teen (13-19),Men,INV000698,19:57:00,P02-M-GREY
S001376,2026-08-10,Monday,Palazzo Kurta Set,Ethnic Wear,M,Maroon,1,1399.00,0,1399.00,UPI,Male,Adult (31-45),Women,INV000699,15:46:00,P14-M-MAROON
S001377,2026-08-10,Monday,Cotton Kurti,Ethnic Wear,S,Teal,1,999.00,0,999.00,Card,Female,Teen (13-19),Women,INV000700,16:56:00,P07-S-TEAL
S001378,2026-08-10,Monday,Formal Shirt,Tops,L,Grey,1,999.00,0,999.00,Card,Female,Young Adult (20-30),Men,INV000701,20:12:00,P05-L-GREY
S001379,2026-08-10,Monday,Kids Denim Shorts,Bottoms,6-7Y,Black,1,599.00,0,599.00,Card,Female,Young Adult (20-30),Kids,INV000701,20:12:00,P16-67Y-BLACK
S001380,2026-08-10,Monday,Basic Crew T-Shirt,Tops,M,White,1,399.00,0,399.00,Card,Male,Teen (13-19),Men,INV000702,18:57:00,P01-M-WHITE
S001381,2026-08-10,Monday,Cotton Kurti,Ethnic Wear,XL,Maroon,1,999.00,0,999.00,Card,Male,Young Adult (20-30),Women,INV000703,14:51:00,P07-XL-MAROON
S001382,2026-08-10,Monday,Formal Shirt,Tops,L,White,1,999.00,0,999.00,UPI,Male,Young Adult (20-30),Men,INV000704,11:28:00,P05-L-WHITE
S001383,2026-08-10,Monday,Cotton Kurti,Ethnic Wear,L,Maroon,1,999.00,0,999.00,UPI,Male,Young Adult (20-30),Women,INV000704,11:28:00,P07-L-MAROON
S001384,2026-08-10,Monday,Women Flats,Footwear,7,Black,1,799.00,0,799.00,Card,Male,Young Adult (20-30),Women,INV000705,15:38:00,P32-7-BLACK
S001385,2026-08-10,Monday,Crop Top,Tops,S,White,1,599.00,0,599.00,Card,Male,Young Adult (20-30),Women,INV000705,15:38:00,P11-S-WHITE
S001386,2026-08-10,Monday,Basic Crew T-Shirt,Tops,M,Navy,1,399.00,0,399.00,Card,Male,Young Adult (20-30),Men,INV000705,15:38:00,P01-M-NAVY
S001387,2026-08-10,Monday,Straight Pants,Bottoms,M,Black,1,799.00,0,799.00,Cash,Female,Adult (31-45),Women,INV000706,15:06:00,P09-M-BLACK
S001388,2026-08-10,Monday,Cotton Kurti,Ethnic Wear,L,Maroon,1,999.00,0,999.00,Cash,Female,Adult (31-45),Women,INV000706,15:06:00,P07-L-MAROON
S001389,2026-08-10,Monday,Sneakers,Footwear,8,Black,2,1499.00,0,2998.00,Card,Male,Teen (13-19),Men,INV000707,18:27:00,P20-8-BLACK
S001390,2026-08-10,Monday,Basic Crew T-Shirt,Tops,M,Olive,1,399.00,0,399.00,Card,Male,Teen (13-19),Men,INV000707,18:27:00,P01-M-OLIVE
S001391,2026-08-10,Monday,Kids Cartoon Tee,Tops,4-5Y,Blue,1,399.00,0,399.00,UPI,Female,Adult (31-45),Kids,INV000708,21:17:00,P15-45Y-BLUE
S001392,2026-08-10,Monday,Floral Kurti,Ethnic Wear,M,Pink,1,1199.00,0,1199.00,UPI,Female,Adult (31-45),Women,INV000708,21:17:00,P08-M-PINK
S001393,2026-08-10,Monday,Basic Crew T-Shirt,Tops,M,Navy,1,399.00,0,399.00,UPI,Female,Young Adult (20-30),Men,INV000709,21:03:00,P01-M-NAVY
S001394,2026-08-10,Monday,Crop Top,Tops,S,White,1,599.00,0,599.00,UPI,Female,Young Adult (20-30),Women,INV000709,21:03:00,P11-S-WHITE
S001395,2026-08-10,Monday,Denim Jeggings,Bottoms,M,Black,1,999.00,0,999.00,UPI,Female,Young Adult (20-30),Women,INV000709,21:03:00,P10-M-BLACK
S001396,2026-08-10,Monday,Kids Joggers,Bottoms,2-3Y,Navy,1,699.00,0,699.00,UPI,Female,Young Adult (20-30),Kids,INV000709,21:03:00,P19-23Y-NAVY
S001397,2026-08-10,Monday,Printed Top,Tops,M,White,1,699.00,0,699.00,Cash,Female,Teen (13-19),Women,INV000710,20:16:00,P12-M-WHITE
S001398,2026-08-10,Monday,Cotton Kurti,Ethnic Wear,M,Teal,1,999.00,0,999.00,Cash,Female,Teen (13-19),Women,INV000710,20:16:00,P07-M-TEAL
S001399,2026-08-10,Monday,Sneakers,Footwear,8,Grey,1,1499.00,0,1499.00,Cash,Female,Teen (13-19),Men,INV000710,20:16:00,P20-8-GREY
S001400,2026-08-10,Monday,Flip Flops,Footwear,10,Navy,1,399.00,0,399.00,UPI,Female,Adult (31-45),Men,INV000711,16:48:00,P23-10-NAVY
S001401,2026-08-10,Monday,Kids Sports Shoes,Footwear,11C,Black,1,899.00,0,899.00,UPI,Female,Adult (31-45),Kids,INV000711,16:48:00,P22-11C-BLACK
S001402,2026-08-10,Monday,Slim Fit Jeans,Bottoms,36,Navy,1,1299.00,0,1299.00,UPI,Female,Adult (31-45),Men,INV000711,16:48:00,P03-36-NAVY
S001403,2026-08-10,Monday,Kids Joggers,Bottoms,2-3Y,Navy,1,699.00,0,699.00,UPI,Female,Young Adult (20-30),Kids,INV000712,19:27:00,P19-23Y-NAVY
S001404,2026-08-10,Monday,Straight Pants,Bottoms,M,Navy,1,799.00,0,799.00,UPI,Female,Young Adult (20-30),Women,INV000712,19:27:00,P09-M-NAVY
S001405,2026-08-10,Monday,Crop Top,Tops,M,White,1,599.00,0,599.00,Card,Female,Young Adult (20-30),Women,INV000713,15:26:00,P11-M-WHITE
S001406,2026-08-10,Monday,Printed Top,Tops,XS,Red,1,699.00,0,699.00,Card,Female,Young Adult (20-30),Women,INV000713,15:26:00,P12-XS-RED
S001407,2026-08-10,Monday,Slim Fit Jeans,Bottoms,34,Light Blue,2,1299.00,0,2598.00,Card,Female,Young Adult (20-30),Men,INV000713,15:26:00,P03-34-LIGHTBLU
S001408,2026-08-10,Monday,Polo T-Shirt,Tops,M,Navy,1,699.00,0,699.00,Card,Female,Young Adult (20-30),Men,INV000713,15:26:00,P02-M-NAVY
S001409,2026-08-10,Monday,Straight Pants,Bottoms,S,Black,1,799.00,0,799.00,Cash,Male,Young Adult (20-30),Women,INV000714,16:46:00,P09-S-BLACK
S001410,2026-08-10,Monday,Graphic Tee,Tops,L,White,1,499.00,0,499.00,Cash,Male,Young Adult (20-30),Men,INV000714,16:46:00,P06-L-WHITE
S001411,2026-08-10,Monday,Women Flats,Footwear,4,Beige,1,799.00,0,799.00,UPI,Female,Young Adult (20-30),Women,INV000715,19:42:00,P32-4-BEIGE
S001412,2026-08-10,Monday,Basic Crew T-Shirt,Tops,S,Olive,1,399.00,0,399.00,UPI,Female,Young Adult (20-30),Men,INV000715,19:42:00,P01-S-OLIVE
S001413,2026-08-10,Monday,Printed Top,Tops,S,Red,1,699.00,0,699.00,Card,Female,Adult (31-45),Women,INV000716,12:53:00,P12-S-RED
S001414,2026-08-10,Monday,Floral Kurti,Ethnic Wear,L,Pink,1,1199.00,0,1199.00,UPI,Male,Senior (46+),Women,INV000717,19:59:00,P08-L-PINK
S001415,2026-08-10,Monday,Chino Trousers,Bottoms,30,Navy,1,1099.00,0,1099.00,UPI,Male,Senior (46+),Men,INV000717,19:59:00,P04-30-NAVY
S001416,2026-08-10,Monday,Printed Top,Tops,M,Red,1,699.00,0,699.00,Card,Female,Teen (13-19),Women,INV000718,13:43:00,P12-M-RED
S001417,2026-08-10,Monday,Straight Pants,Bottoms,S,Black,1,799.00,0,799.00,UPI,Male,Young Adult (20-30),Women,INV000719,20:13:00,P09-S-BLACK
S001418,2026-08-10,Monday,Printed Top,Tops,L,White,1,699.00,0,699.00,UPI,Male,Young Adult (20-30),Women,INV000719,20:13:00,P12-L-WHITE
S001419,2026-08-10,Monday,Formal Shirt,Tops,L,Blue,1,999.00,0,999.00,UPI,Male,Young Adult (20-30),Men,INV000719,20:13:00,P05-L-BLUE
S001420,2026-08-10,Monday,Palazzo Kurta Set,Ethnic Wear,M,Maroon,1,1399.00,0,1399.00,UPI,Female,Young Adult (20-30),Women,INV000720,19:01:00,P14-M-MAROON
S001421,2026-08-10,Monday,Floral Kurti,Ethnic Wear,M,Pink,1,1199.00,0,1199.00,UPI,Female,Young Adult (20-30),Women,INV000720,19:01:00,P08-M-PINK
S001422,2026-08-10,Monday,Straight Pants,Bottoms,M,Beige,1,799.00,0,799.00,UPI,Female,Young Adult (20-30),Women,INV000720,19:01:00,P09-M-BEIGE
S001423,2026-08-10,Monday,Straight Pants,Bottoms,M,Navy,1,799.00,0,799.00,UPI,Male,Teen (13-19),Women,INV000721,19:01:00,P09-M-NAVY
S001424,2026-08-10,Monday,Sandals,Footwear,7,Black,1,999.00,0,999.00,UPI,Male,Teen (13-19),Women,INV000721,19:01:00,P21-7-BLACK
S001425,2026-08-10,Monday,Cotton Kurti,Ethnic Wear,L,Maroon,1,999.00,0,999.00,UPI,Male,Teen (13-19),Women,INV000721,19:01:00,P07-L-MAROON
S001426,2026-08-10,Monday,Kids Lehenga Set,Ethnic Wear,6-7Y,Mint,1,1299.00,0,1299.00,Card,Female,Young Adult (20-30),Kids,INV000722,12:44:00,P18-67Y-MINT
S001427,2026-08-10,Monday,Kids Cartoon Tee,Tops,8-9Y,Red,2,399.00,0,798.00,UPI,Female,Young Adult (20-30),Kids,INV000723,13:18:00,P15-89Y-RED
S001428,2026-08-10,Monday,Palazzo Kurta Set,Ethnic Wear,L,Maroon,1,1399.00,0,1399.00,UPI,Female,Young Adult (20-30),Women,INV000723,13:18:00,P14-L-MAROON
S001429,2026-08-10,Monday,Women Flats,Footwear,8,Black,1,799.00,0,799.00,UPI,Female,Young Adult (20-30),Women,INV000723,13:18:00,P32-8-BLACK
S001430,2026-08-10,Monday,Cotton Kurti,Ethnic Wear,M,Mustard,1,999.00,0,999.00,Card,Female,Senior (46+),Women,INV000724,21:04:00,P07-M-MUSTARD
S001431,2026-08-10,Monday,Basic Crew T-Shirt,Tops,XL,White,1,399.00,0,399.00,Cash,Male,Adult (31-45),Men,INV000725,13:56:00,P01-XL-WHITE
S001432,2026-08-10,Monday,Floral Kurti,Ethnic Wear,M,Blue,1,1199.00,0,1199.00,Cash,Male,Adult (31-45),Women,INV000725,13:56:00,P08-M-BLUE
S001433,2026-08-10,Monday,Cotton Kurti,Ethnic Wear,S,Teal,1,999.00,0,999.00,UPI,Male,Young Adult (20-30),Women,INV000726,20:12:00,P07-S-TEAL
S001434,2026-08-10,Monday,Cotton Kurti,Ethnic Wear,L,Maroon,1,999.00,0,999.00,Card,Male,Adult (31-45),Women,INV000727,15:36:00,P07-L-MAROON
S001435,2026-08-10,Monday,Polo T-Shirt,Tops,M,Navy,1,699.00,0,699.00,Cash,Male,Teen (13-19),Men,INV000728,11:43:00,P02-M-NAVY
S001436,2026-08-10,Monday,Crop Top,Tops,XS,White,1,599.00,0,599.00,UPI,Female,Senior (46+),Women,INV000729,19:33:00,P11-XS-WHITE
S001437,2026-08-10,Monday,Sandals,Footwear,5,Black,1,999.00,0,999.00,Card,Male,Young Adult (20-30),Women,INV000730,18:55:00,P21-5-BLACK
S001438,2026-08-10,Monday,Graphic Tee,Tops,L,Black,1,499.00,0,499.00,UPI,Female,Teen (13-19),Men,INV000731,17:18:00,P06-L-BLACK
S001439,2026-08-10,Monday,Basic Crew T-Shirt,Tops,M,Black,1,399.00,0,399.00,UPI,Male,Teen (13-19),Men,INV000732,21:24:00,P01-M-BLACK
S001440,2026-08-10,Monday,Denim Jeggings,Bottoms,XL,Indigo,1,999.00,0,999.00,Cash,Female,Young Adult (20-30),Women,INV000733,14:35:00,P10-XL-INDIGO
S001441,2026-08-10,Monday,Basic Crew T-Shirt,Tops,L,Olive,1,399.00,0,399.00,Cash,Female,Young Adult (20-30),Men,INV000733,14:35:00,P01-L-OLIVE
S001442,2026-08-10,Monday,Anarkali Kurta Set,Ethnic Wear,S,Emerald,1,1799.00,30,1259.30,Cash,Female,Young Adult (20-30),Women,INV000733,14:35:00,P13-S-EMERALD
S001443,2026-08-10,Monday,Kids Joggers,Bottoms,4-5Y,Black,1,699.00,0,699.00,Cash,Female,Young Adult (20-30),Kids,INV000733,14:35:00,P19-45Y-BLACK
S001444,2026-08-10,Monday,Slim Fit Jeans,Bottoms,32,Light Blue,1,1299.00,0,1299.00,UPI,Female,Adult (31-45),Men,INV000734,20:04:00,P03-32-LIGHTBLU
S001445,2026-08-10,Monday,Cotton Kurti,Ethnic Wear,M,Teal,2,999.00,0,1998.00,Cash,Male,Young Adult (20-30),Women,INV000735,20:16:00,P07-M-TEAL
S001446,2026-08-10,Monday,Chino Trousers,Bottoms,34,Beige,1,1099.00,0,1099.00,UPI,Female,Adult (31-45),Men,INV000736,19:15:00,P04-34-BEIGE
S001447,2026-08-10,Monday,Cotton Kurti,Ethnic Wear,M,Maroon,1,999.00,0,999.00,UPI,Female,Adult (31-45),Women,INV000736,19:15:00,P07-M-MAROON
S001448,2026-08-10,Monday,Polo T-Shirt,Tops,XL,Grey,3,699.00,0,2097.00,UPI,Female,Adult (31-45),Men,INV000736,19:15:00,P02-XL-GREY
S001449,2026-08-10,Monday,Formal Shirt,Tops,L,Grey,1,999.00,0,999.00,UPI,Male,Young Adult (20-30),Men,INV000737,21:14:00,P05-L-GREY
S001450,2026-08-10,Monday,Kids Joggers,Bottoms,8-9Y,Black,1,699.00,0,699.00,UPI,Male,Young Adult (20-30),Kids,INV000737,21:14:00,P19-89Y-BLACK
S001451,2026-08-10,Monday,Graphic Tee,Tops,L,Red,1,499.00,0,499.00,UPI,Male,Adult (31-45),Men,INV000738,21:09:00,P06-L-RED
S001452,2026-08-10,Monday,Cotton Kurti,Ethnic Wear,XS,Maroon,1,999.00,0,999.00,UPI,Male,Adult (31-45),Women,INV000738,21:09:00,P07-XS-MAROON
S001453,2026-08-10,Monday,Slim Fit Jeans,Bottoms,34,Light Blue,1,1299.00,0,1299.00,UPI,Male,Adult (31-45),Men,INV000739,17:18:00,P03-34-LIGHTBLU
S001454,2026-08-10,Monday,Printed Top,Tops,L,Blue,1,699.00,0,699.00,Card,Male,Teen (13-19),Women,INV000740,15:40:00,P12-L-BLUE
S001455,2026-08-10,Monday,Graphic Tee,Tops,L,Black,1,499.00,0,499.00,UPI,Female,Young Adult (20-30),Men,INV000741,18:52:00,P06-L-BLACK
S001456,2026-08-10,Monday,Printed Top,Tops,S,Red,1,699.00,0,699.00,UPI,Female,Young Adult (20-30),Women,INV000741,18:52:00,P12-S-RED
S001457,2026-08-10,Monday,Kids Joggers,Bottoms,8-9Y,Navy,1,699.00,0,699.00,Cash,Female,Adult (31-45),Kids,INV000742,20:30:00,P19-89Y-NAVY
S001458,2026-08-10,Monday,Cotton Kurti,Ethnic Wear,S,Teal,1,999.00,0,999.00,Cash,Female,Adult (31-45),Women,INV000742,20:30:00,P07-S-TEAL
S001459,2026-08-10,Monday,Printed Top,Tops,S,Red,1,699.00,0,699.00,Cash,Female,Adult (31-45),Women,INV000742,20:30:00,P12-S-RED
S001460,2026-08-10,Monday,Kids Cartoon Tee,Tops,4-5Y,Yellow,1,399.00,0,399.00,Cash,Female,Adult (31-45),Kids,INV000742,20:30:00,P15-45Y-YELLOW
S001461,2026-08-10,Monday,Straight Pants,Bottoms,XS,Navy,1,799.00,0,799.00,UPI,Male,Teen (13-19),Women,INV000743,15:48:00,P09-XS-NAVY
S001462,2026-08-10,Monday,Basic Crew T-Shirt,Tops,L,Navy,1,399.00,0,399.00,UPI,Male,Teen (13-19),Men,INV000743,15:48:00,P01-L-NAVY
S001463,2026-08-11,Tuesday,Crop Top,Tops,S,White,1,599.00,10,539.10,UPI,Female,Adult (31-45),Women,INV000744,13:09:00,P11-S-WHITE
S001464,2026-08-11,Tuesday,Kids Cartoon Tee,Tops,4-5Y,Yellow,2,399.00,10,718.20,UPI,Female,Adult (31-45),Kids,INV000744,13:09:00,P15-45Y-YELLOW
S001465,2026-08-11,Tuesday,Basic Crew T-Shirt,Tops,L,White,1,399.00,10,359.10,UPI,Female,Adult (31-45),Men,INV000744,13:09:00,P01-L-WHITE
S001466,2026-08-11,Tuesday,Basic Crew T-Shirt,Tops,M,Olive,1,399.00,10,359.10,UPI,Female,Adult (31-45),Men,INV000744,13:09:00,P01-M-OLIVE
S001467,2026-08-11,Tuesday,Graphic Tee,Tops,XL,Black,1,499.00,10,449.10,Cash,Male,Teen (13-19),Men,INV000745,12:41:00,P06-XL-BLACK
S001468,2026-08-11,Tuesday,Cotton Kurti,Ethnic Wear,XL,Mustard,1,999.00,0,999.00,Cash,Male,Teen (13-19),Women,INV000745,12:41:00,P07-XL-MUSTARD
S001469,2026-08-11,Tuesday,Cap,Accessories,OneSize,Black,1,299.00,0,299.00,Cash,Male,Teen (13-19),Accessories,INV000745,12:41:00,P29-ONESIZE-BLACK
S001470,2026-08-11,Tuesday,Kids Joggers,Bottoms,4-5Y,Black,1,699.00,0,699.00,UPI,Male,Teen (13-19),Kids,INV000746,10:53:00,P19-45Y-BLACK
S001471,2026-08-11,Tuesday,Kids Sports Shoes,Footwear,11C,Blue,1,899.00,0,899.00,UPI,Male,Teen (13-19),Kids,INV000746,10:53:00,P22-11C-BLUE
S001472,2026-08-11,Tuesday,Graphic Tee,Tops,M,Red,1,499.00,10,449.10,UPI,Male,Teen (13-19),Men,INV000746,10:53:00,P06-M-RED
S001473,2026-08-11,Tuesday,Flip Flops,Footwear,10,Black,1,399.00,0,399.00,Card,Female,Teen (13-19),Men,INV000747,18:55:00,P23-10-BLACK
S001474,2026-08-11,Tuesday,Sling Bag,Accessories,OneSize,Black,1,699.00,0,699.00,Card,Female,Teen (13-19),Accessories,INV000747,18:55:00,P25-ONESIZE-BLACK
S001475,2026-08-11,Tuesday,Flip Flops,Footwear,8,Navy,1,399.00,0,399.00,Card,Female,Teen (13-19),Men,INV000747,18:55:00,P23-8-NAVY
S001476,2026-08-11,Tuesday,Crop Top,Tops,XS,Black,1,599.00,10,539.10,UPI,Female,Young Adult (20-30),Women,INV000748,18:34:00,P11-XS-BLACK
S001477,2026-08-11,Tuesday,Crop Top,Tops,M,White,1,599.00,10,539.10,UPI,Female,Young Adult (20-30),Women,INV000748,18:34:00,P11-M-WHITE
S001478,2026-08-11,Tuesday,Flip Flops,Footwear,8,Navy,1,399.00,0,399.00,UPI,Female,Adult (31-45),Men,INV000749,12:29:00,P23-8-NAVY
S001479,2026-08-11,Tuesday,Formal Shirt,Tops,M,White,2,999.00,10,1798.20,Cash,Other,Teen (13-19),Men,INV000750,20:49:00,P05-M-WHITE
S001480,2026-08-11,Tuesday,Crop Top,Tops,S,Black,1,599.00,10,539.10,Cash,Other,Teen (13-19),Women,INV000750,20:49:00,P11-S-BLACK
S001481,2026-08-11,Tuesday,Sneakers,Footwear,9,Black,1,1499.00,0,1499.00,UPI,Female,Young Adult (20-30),Men,INV000751,15:27:00,P20-9-BLACK
S001482,2026-08-11,Tuesday,Basic Crew T-Shirt,Tops,M,Olive,1,399.00,10,359.10,UPI,Female,Young Adult (20-30),Men,INV000751,15:27:00,P01-M-OLIVE
S001483,2026-08-11,Tuesday,Kids Denim Shorts,Bottoms,2-3Y,Blue,1,599.00,0,599.00,Card,Male,Adult (31-45),Kids,INV000752,14:55:00,P16-23Y-BLUE
S001484,2026-08-11,Tuesday,Graphic Tee,Tops,L,Black,2,499.00,10,898.20,Card,Male,Adult (31-45),Men,INV000752,14:55:00,P06-L-BLACK
S001485,2026-08-11,Tuesday,Printed Top,Tops,XS,Blue,1,699.00,10,629.10,Card,Male,Adult (31-45),Women,INV000752,14:55:00,P12-XS-BLUE
S001486,2026-08-11,Tuesday,Kids Ethnic Kurta Set,Ethnic Wear,2-3Y,Green,1,999.00,0,999.00,Card,Male,Adult (31-45),Kids,INV000752,14:55:00,P17-23Y-GREEN
S001487,2026-08-11,Tuesday,Graphic Tee,Tops,M,Red,1,499.00,10,449.10,UPI,Female,Young Adult (20-30),Men,INV000753,13:35:00,P06-M-RED
S001488,2026-08-11,Tuesday,Crop Top,Tops,L,Black,1,599.00,10,539.10,UPI,Female,Young Adult (20-30),Women,INV000753,13:35:00,P11-L-BLACK
S001489,2026-08-11,Tuesday,Printed Top,Tops,S,White,1,699.00,10,629.10,UPI,Female,Young Adult (20-30),Women,INV000753,13:35:00,P12-S-WHITE
S001490,2026-08-11,Tuesday,Chino Trousers,Bottoms,30,Navy,1,1099.00,0,1099.00,UPI,Female,Young Adult (20-30),Men,INV000754,17:52:00,P04-30-NAVY
S001491,2026-08-11,Tuesday,Cotton Kurti,Ethnic Wear,S,Maroon,1,999.00,0,999.00,UPI,Male,Senior (46+),Women,INV000755,14:23:00,P07-S-MAROON
S001492,2026-08-11,Tuesday,Slim Fit Jeans,Bottoms,34,Navy,1,1299.00,0,1299.00,Cash,Male,Young Adult (20-30),Men,INV000756,15:20:00,P03-34-NAVY
S001493,2026-08-11,Tuesday,Palazzo Kurta Set,Ethnic Wear,L,Teal,1,1399.00,0,1399.00,UPI,Male,Adult (31-45),Women,INV000757,19:18:00,P14-L-TEAL
S001494,2026-08-11,Tuesday,Floral Kurti,Ethnic Wear,S,Blue,1,1199.00,0,1199.00,UPI,Female,Adult (31-45),Women,INV000758,21:08:00,P08-S-BLUE
S001495,2026-08-11,Tuesday,Hair Accessories Set,Accessories,OneSize,Pink,1,199.00,0,199.00,UPI,Female,Adult (31-45),Accessories,INV000758,21:08:00,P28-ONESIZE-PINK
S001496,2026-08-11,Tuesday,Sandals,Footwear,8,Gold,1,999.00,0,999.00,UPI,Female,Adult (31-45),Women,INV000758,21:08:00,P21-8-GOLD
S001497,2026-08-11,Tuesday,Basic Crew T-Shirt,Tops,L,Navy,1,399.00,10,359.10,UPI,Female,Adult (31-45),Men,INV000758,21:08:00,P01-L-NAVY
S001498,2026-08-11,Tuesday,Crop Top,Tops,S,White,1,599.00,10,539.10,UPI,Female,Adult (31-45),Women,INV000758,21:08:00,P11-S-WHITE
S001499,2026-08-11,Tuesday,Chino Trousers,Bottoms,34,Beige,1,1099.00,0,1099.00,UPI,Female,Young Adult (20-30),Men,INV000759,14:38:00,P04-34-BEIGE
S001500,2026-08-11,Tuesday,Formal Shirt,Tops,XL,White,1,999.00,10,899.10,UPI,Female,Young Adult (20-30),Men,INV000759,14:38:00,P05-XL-WHITE
S001501,2026-08-11,Tuesday,Crop Top,Tops,M,Lavender,1,599.00,10,539.10,UPI,Female,Young Adult (20-30),Women,INV000759,14:38:00,P11-M-LAVENDER
S001502,2026-08-11,Tuesday,Printed Top,Tops,M,Blue,1,699.00,10,629.10,Card,Male,Teen (13-19),Women,INV000760,13:41:00,P12-M-BLUE
S001503,2026-08-11,Tuesday,Kids Cartoon Tee,Tops,2-3Y,Blue,1,399.00,10,359.10,Card,Male,Adult (31-45),Kids,INV000761,15:03:00,P15-23Y-BLUE
S001504,2026-08-11,Tuesday,Slim Fit Jeans,Bottoms,32,Navy,1,1299.00,0,1299.00,Card,Male,Adult (31-45),Men,INV000761,15:03:00,P03-32-NAVY
S001505,2026-08-11,Tuesday,Sandals,Footwear,7,Gold,1,999.00,0,999.00,Card,Male,Adult (31-45),Women,INV000761,15:03:00,P21-7-GOLD
S001506,2026-08-11,Tuesday,Belt,Accessories,36,Brown,1,399.00,0,399.00,Cash,Female,Teen (13-19),Accessories,INV000762,19:33:00,P26-36-BROWN
S001507,2026-08-11,Tuesday,Floral Kurti,Ethnic Wear,L,Green,1,1199.00,0,1199.00,Cash,Female,Teen (13-19),Women,INV000762,19:33:00,P08-L-GREEN
S001508,2026-08-11,Tuesday,Hair Accessories Set,Accessories,OneSize,Pink,1,199.00,0,199.00,Cash,Female,Teen (13-19),Accessories,INV000762,19:33:00,P28-ONESIZE-PINK
S001509,2026-08-11,Tuesday,Denim Jeggings,Bottoms,L,Indigo,1,999.00,0,999.00,Cash,Female,Teen (13-19),Women,INV000762,19:33:00,P10-L-INDIGO
S001510,2026-08-11,Tuesday,Denim Jeggings,Bottoms,XS,Black,1,999.00,0,999.00,UPI,Female,Senior (46+),Women,INV000763,15:41:00,P10-XS-BLACK
S001511,2026-08-11,Tuesday,Kids Joggers,Bottoms,4-5Y,Grey,1,699.00,0,699.00,UPI,Female,Adult (31-45),Kids,INV000764,13:59:00,P19-45Y-GREY
S001512,2026-08-11,Tuesday,Women Flats,Footwear,8,Silver,1,799.00,0,799.00,Card,Female,Adult (31-45),Women,INV000765,11:14:00,P32-8-SILVER
S001513,2026-08-11,Tuesday,Hair Accessories Set,Accessories,OneSize,Pink,1,199.00,0,199.00,UPI,Male,Young Adult (20-30),Accessories,INV000766,19:00:00,P28-ONESIZE-PINK
S001514,2026-08-11,Tuesday,Printed Top,Tops,S,White,1,699.00,10,629.10,Card,Female,Adult (31-45),Women,INV000767,18:43:00,P12-S-WHITE
S001515,2026-08-11,Tuesday,Straight Pants,Bottoms,M,Beige,1,799.00,0,799.00,Card,Female,Adult (31-45),Women,INV000767,18:43:00,P09-M-BEIGE
S001516,2026-08-11,Tuesday,Formal Shirt,Tops,XL,White,1,999.00,10,899.10,Cash,Female,Adult (31-45),Men,INV000768,16:29:00,P05-XL-WHITE
S001517,2026-08-11,Tuesday,Polo T-Shirt,Tops,XL,Grey,1,699.00,10,629.10,Cash,Female,Adult (31-45),Men,INV000768,16:29:00,P02-XL-GREY
S001518,2026-08-11,Tuesday,Denim Jeggings,Bottoms,L,Black,1,999.00,0,999.00,Cash,Female,Adult (31-45),Women,INV000768,16:29:00,P10-L-BLACK
S001519,2026-08-11,Tuesday,Kids Ethnic Kurta Set,Ethnic Wear,4-5Y,Maroon,1,999.00,0,999.00,UPI,Male,Young Adult (20-30),Kids,INV000769,12:02:00,P17-45Y-MAROON
S001520,2026-08-11,Tuesday,Basic Crew T-Shirt,Tops,L,White,1,399.00,10,359.10,UPI,Male,Young Adult (20-30),Men,INV000769,12:02:00,P01-L-WHITE
S001521,2026-08-11,Tuesday,Polo T-Shirt,Tops,L,Grey,1,699.00,10,629.10,UPI,Male,Adult (31-45),Men,INV000770,19:41:00,P02-L-GREY
S001522,2026-08-11,Tuesday,Chino Trousers,Bottoms,32,Beige,1,1099.00,0,1099.00,UPI,Male,Teen (13-19),Men,INV000771,21:00:00,P04-32-BEIGE
S001523,2026-08-11,Tuesday,Formal Shirt,Tops,L,Grey,1,999.00,10,899.10,UPI,Male,Teen (13-19),Men,INV000771,21:00:00,P05-L-GREY
S001524,2026-08-11,Tuesday,Basic Crew T-Shirt,Tops,XL,Black,1,399.00,10,359.10,UPI,Male,Teen (13-19),Men,INV000771,21:00:00,P01-XL-BLACK
S001525,2026-08-11,Tuesday,Cotton Kurti,Ethnic Wear,L,Mustard,3,999.00,0,2997.00,Cash,Male,Young Adult (20-30),Women,INV000772,17:55:00,P07-L-MUSTARD
S001526,2026-08-11,Tuesday,Basic Crew T-Shirt,Tops,L,White,1,399.00,10,359.10,Cash,Male,Adult (31-45),Men,INV000773,20:01:00,P01-L-WHITE
S001527,2026-08-11,Tuesday,Basic Crew T-Shirt,Tops,L,Black,2,399.00,10,718.20,Card,Male,Young Adult (20-30),Men,INV000774,21:21:00,P01-L-BLACK
S001528,2026-08-11,Tuesday,Polo T-Shirt,Tops,M,Grey,1,699.00,10,629.10,Card,Male,Young Adult (20-30),Men,INV000774,21:21:00,P02-M-GREY
S001529,2026-08-11,Tuesday,Straight Pants,Bottoms,M,Navy,1,799.00,0,799.00,Card,Male,Adult (31-45),Women,INV000775,19:01:00,P09-M-NAVY
S001530,2026-08-11,Tuesday,Palazzo Kurta Set,Ethnic Wear,M,Teal,1,1399.00,0,1399.00,Card,Male,Adult (31-45),Women,INV000775,19:01:00,P14-M-TEAL
S001531,2026-08-11,Tuesday,Printed Top,Tops,XL,White,1,699.00,10,629.10,UPI,Female,Young Adult (20-30),Women,INV000776,13:43:00,P12-XL-WHITE
S001532,2026-08-11,Tuesday,Basic Crew T-Shirt,Tops,XL,Olive,1,399.00,10,359.10,UPI,Female,Young Adult (20-30),Men,INV000776,13:43:00,P01-XL-OLIVE
S001533,2026-08-11,Tuesday,Flip Flops,Footwear,7,Navy,2,399.00,0,798.00,Cash,Male,Young Adult (20-30),Men,INV000777,20:16:00,P23-7-NAVY
S001534,2026-08-11,Tuesday,Crop Top,Tops,L,Lavender,1,599.00,10,539.10,Cash,Male,Young Adult (20-30),Women,INV000777,20:16:00,P11-L-LAVENDER
S001535,2026-08-11,Tuesday,Straight Pants,Bottoms,L,Navy,1,799.00,0,799.00,Cash,Male,Young Adult (20-30),Women,INV000777,20:16:00,P09-L-NAVY
S001536,2026-08-11,Tuesday,Printed Top,Tops,S,Blue,1,699.00,10,629.10,UPI,Female,Teen (13-19),Women,INV000778,19:15:00,P12-S-BLUE
S001537,2026-08-11,Tuesday,Basic Crew T-Shirt,Tops,M,Olive,1,399.00,10,359.10,UPI,Female,Teen (13-19),Men,INV000779,18:54:00,P01-M-OLIVE
S001538,2026-08-11,Tuesday,Chino Trousers,Bottoms,30,Beige,1,1099.00,0,1099.00,UPI,Male,Teen (13-19),Men,INV000780,19:42:00,P04-30-BEIGE
S001539,2026-08-11,Tuesday,Handbag,Accessories,OneSize,Tan,1,999.00,0,999.00,Card,Male,Young Adult (20-30),Accessories,INV000781,14:32:00,P24-ONESIZE-TAN
S001540,2026-08-11,Tuesday,Straight Pants,Bottoms,L,Beige,2,799.00,0,1598.00,Card,Male,Young Adult (20-30),Women,INV000781,14:32:00,P09-L-BEIGE
S001541,2026-08-11,Tuesday,Graphic Tee,Tops,M,White,1,499.00,10,449.10,UPI,Male,Young Adult (20-30),Men,INV000782,15:12:00,P06-M-WHITE
S001542,2026-08-11,Tuesday,Crop Top,Tops,S,Lavender,1,599.00,10,539.10,UPI,Male,Young Adult (20-30),Women,INV000782,15:12:00,P11-S-LAVENDER
S001543,2026-08-11,Tuesday,Flip Flops,Footwear,8,Navy,1,399.00,0,399.00,UPI,Female,Adult (31-45),Men,INV000783,11:35:00,P23-8-NAVY
S001544,2026-08-11,Tuesday,Kids Ethnic Kurta Set,Ethnic Wear,8-9Y,Maroon,1,999.00,0,999.00,UPI,Female,Adult (31-45),Kids,INV000783,11:35:00,P17-89Y-MAROON
S001545,2026-08-11,Tuesday,Floral Kurti,Ethnic Wear,S,Blue,1,1199.00,0,1199.00,Card,Female,Adult (31-45),Women,INV000784,17:02:00,P08-S-BLUE
S001546,2026-08-11,Tuesday,Polo T-Shirt,Tops,L,Navy,1,699.00,10,629.10,UPI,Male,Young Adult (20-30),Men,INV000785,13:09:00,P02-L-NAVY
S001547,2026-08-11,Tuesday,Flip Flops,Footwear,10,Black,1,399.00,0,399.00,UPI,Male,Young Adult (20-30),Men,INV000785,13:09:00,P23-10-BLACK
S001548,2026-08-11,Tuesday,Straight Pants,Bottoms,L,Navy,1,799.00,0,799.00,UPI,Male,Young Adult (20-30),Women,INV000785,13:09:00,P09-L-NAVY
S001549,2026-08-11,Tuesday,Chino Trousers,Bottoms,32,Navy,1,1099.00,0,1099.00,UPI,Male,Young Adult (20-30),Men,INV000785,13:09:00,P04-32-NAVY
S001550,2026-08-11,Tuesday,Cotton Kurti,Ethnic Wear,L,Mustard,1,999.00,0,999.00,UPI,Female,Young Adult (20-30),Women,INV000786,19:39:00,P07-L-MUSTARD
S001551,2026-08-11,Tuesday,Slim Fit Jeans,Bottoms,32,Light Blue,2,1299.00,0,2598.00,UPI,Female,Young Adult (20-30),Men,INV000786,19:39:00,P03-32-LIGHTBLU
S001552,2026-08-11,Tuesday,Printed Top,Tops,M,Red,1,699.00,10,629.10,UPI,Male,Young Adult (20-30),Women,INV000787,11:53:00,P12-M-RED
S001553,2026-08-11,Tuesday,Straight Pants,Bottoms,M,Black,1,799.00,0,799.00,UPI,Female,Young Adult (20-30),Women,INV000788,12:33:00,P09-M-BLACK
S001554,2026-08-11,Tuesday,Crop Top,Tops,XS,Black,1,599.00,10,539.10,UPI,Female,Young Adult (20-30),Women,INV000788,12:33:00,P11-XS-BLACK
S001555,2026-08-11,Tuesday,Crop Top,Tops,S,Black,1,599.00,10,539.10,UPI,Female,Young Adult (20-30),Women,INV000788,12:33:00,P11-S-BLACK
S001556,2026-08-11,Tuesday,Cap,Accessories,OneSize,Black,1,299.00,0,299.00,Cash,Female,Young Adult (20-30),Accessories,INV000789,17:46:00,P29-ONESIZE-BLACK
S001557,2026-08-11,Tuesday,Graphic Tee,Tops,L,Black,1,499.00,10,449.10,Cash,Female,Young Adult (20-30),Men,INV000789,17:46:00,P06-L-BLACK
S001558,2026-08-11,Tuesday,Crop Top,Tops,M,Black,1,599.00,10,539.10,Cash,Female,Young Adult (20-30),Women,INV000789,17:46:00,P11-M-BLACK
S001559,2026-08-11,Tuesday,Graphic Tee,Tops,S,Red,1,499.00,10,449.10,Cash,Female,Young Adult (20-30),Men,INV000789,17:46:00,P06-S-RED
S001560,2026-08-11,Tuesday,Sneakers,Footwear,8,Black,2,1499.00,0,2998.00,UPI,Female,Adult (31-45),Men,INV000790,20:41:00,P20-8-BLACK
S001561,2026-08-11,Tuesday,Denim Jeggings,Bottoms,M,Black,1,999.00,0,999.00,UPI,Female,Adult (31-45),Women,INV000790,20:41:00,P10-M-BLACK
S001562,2026-08-11,Tuesday,Graphic Tee,Tops,M,White,1,499.00,10,449.10,UPI,Female,Adult (31-45),Men,INV000790,20:41:00,P06-M-WHITE
S001563,2026-08-11,Tuesday,Printed Top,Tops,S,Blue,1,699.00,10,629.10,Card,Male,Adult (31-45),Women,INV000791,20:07:00,P12-S-BLUE
S001564,2026-08-11,Tuesday,Polo T-Shirt,Tops,L,Maroon,1,699.00,10,629.10,Card,Male,Adult (31-45),Men,INV000791,20:07:00,P02-L-MAROON
S001565,2026-08-11,Tuesday,Polo T-Shirt,Tops,L,Grey,1,699.00,10,629.10,Card,Female,Young Adult (20-30),Men,INV000792,13:23:00,P02-L-GREY
S001566,2026-08-11,Tuesday,Cotton Kurti,Ethnic Wear,L,Maroon,1,999.00,0,999.00,UPI,Female,Young Adult (20-30),Women,INV000793,19:58:00,P07-L-MAROON
S001567,2026-08-12,Wednesday,Straight Pants,Bottoms,S,Beige,1,799.00,0,799.00,Cash,Male,Adult (31-45),Women,INV000794,19:46:00,P09-S-BEIGE
S001568,2026-08-12,Wednesday,Kids Ethnic Kurta Set,Ethnic Wear,4-5Y,Green,1,999.00,0,999.00,Cash,Male,Adult (31-45),Kids,INV000794,19:46:00,P17-45Y-GREEN
S001569,2026-08-12,Wednesday,Women Flats,Footwear,6,Silver,1,799.00,0,799.00,Cash,Male,Adult (31-45),Women,INV000794,19:46:00,P32-6-SILVER
S001570,2026-08-12,Wednesday,Polo T-Shirt,Tops,L,Navy,1,699.00,0,699.00,UPI,Male,Adult (31-45),Men,INV000795,13:13:00,P02-L-NAVY
S001571,2026-08-12,Wednesday,Floral Kurti,Ethnic Wear,L,Pink,1,1199.00,0,1199.00,UPI,Female,Young Adult (20-30),Women,INV000796,16:06:00,P08-L-PINK
S001572,2026-08-12,Wednesday,Basic Crew T-Shirt,Tops,XL,Olive,2,399.00,0,798.00,UPI,Female,Young Adult (20-30),Men,INV000796,16:06:00,P01-XL-OLIVE
S001573,2026-08-12,Wednesday,Cotton Kurti,Ethnic Wear,XS,Maroon,1,999.00,0,999.00,UPI,Female,Young Adult (20-30),Women,INV000796,16:06:00,P07-XS-MAROON
S001574,2026-08-12,Wednesday,Flip Flops,Footwear,8,Grey,1,399.00,0,399.00,UPI,Female,Young Adult (20-30),Men,INV000797,20:49:00,P23-8-GREY
S001575,2026-08-12,Wednesday,Kids Denim Shorts,Bottoms,6-7Y,Black,1,599.00,0,599.00,UPI,Female,Young Adult (20-30),Kids,INV000797,20:49:00,P16-67Y-BLACK
S001576,2026-08-12,Wednesday,Kids Ethnic Kurta Set,Ethnic Wear,6-7Y,Mustard,1,999.00,0,999.00,UPI,Male,Teen (13-19),Kids,INV000798,19:30:00,P17-67Y-MUSTARD
S001577,2026-08-12,Wednesday,Kids Joggers,Bottoms,4-5Y,Grey,1,699.00,0,699.00,Card,Female,Adult (31-45),Kids,INV000799,19:47:00,P19-45Y-GREY
S001578,2026-08-12,Wednesday,Sling Bag,Accessories,OneSize,Black,1,699.00,0,699.00,UPI,Female,Adult (31-45),Accessories,INV000800,16:43:00,P25-ONESIZE-BLACK
S001579,2026-08-12,Wednesday,Basic Crew T-Shirt,Tops,L,White,1,399.00,0,399.00,UPI,Female,Adult (31-45),Men,INV000800,16:43:00,P01-L-WHITE
S001580,2026-08-12,Wednesday,Cotton Kurti,Ethnic Wear,S,Mustard,1,999.00,0,999.00,UPI,Female,Adult (31-45),Women,INV000800,16:43:00,P07-S-MUSTARD
S001581,2026-08-12,Wednesday,Graphic Tee,Tops,S,Red,1,499.00,0,499.00,Cash,Female,Young Adult (20-30),Men,INV000801,18:37:00,P06-S-RED
S001582,2026-08-12,Wednesday,Graphic Tee,Tops,M,White,1,499.00,0,499.00,Cash,Female,Young Adult (20-30),Men,INV000801,18:37:00,P06-M-WHITE
S001583,2026-08-12,Wednesday,Straight Pants,Bottoms,S,Navy,1,799.00,0,799.00,UPI,Female,Adult (31-45),Women,INV000802,19:12:00,P09-S-NAVY
S001584,2026-08-12,Wednesday,Sneakers,Footwear,9,Black,1,1499.00,0,1499.00,UPI,Female,Adult (31-45),Men,INV000802,19:12:00,P20-9-BLACK
S001585,2026-08-12,Wednesday,Printed Top,Tops,XL,White,1,699.00,0,699.00,UPI,Male,Teen (13-19),Women,INV000803,14:50:00,P12-XL-WHITE
S001586,2026-08-12,Wednesday,Kids Denim Shorts,Bottoms,4-5Y,Black,1,599.00,0,599.00,UPI,Male,Teen (13-19),Kids,INV000803,14:50:00,P16-45Y-BLACK
S001587,2026-08-12,Wednesday,Women Flats,Footwear,4,Beige,1,799.00,0,799.00,UPI,Male,Teen (13-19),Women,INV000803,14:50:00,P32-4-BEIGE
S001588,2026-08-12,Wednesday,Basic Crew T-Shirt,Tops,S,Olive,1,399.00,0,399.00,Cash,Male,Young Adult (20-30),Men,INV000804,14:37:00,P01-S-OLIVE
S001589,2026-08-12,Wednesday,Denim Jeggings,Bottoms,L,Black,1,999.00,0,999.00,Cash,Male,Young Adult (20-30),Women,INV000804,14:37:00,P10-L-BLACK
S001590,2026-08-12,Wednesday,Flip Flops,Footwear,9,Grey,1,399.00,0,399.00,UPI,Male,Adult (31-45),Men,INV000805,14:30:00,P23-9-GREY
S001591,2026-08-12,Wednesday,Kids Lehenga Set,Ethnic Wear,6-7Y,Mint,1,1299.00,0,1299.00,UPI,Female,Adult (31-45),Kids,INV000806,18:35:00,P18-67Y-MINT
S001592,2026-08-12,Wednesday,Graphic Tee,Tops,L,Black,1,499.00,0,499.00,UPI,Female,Adult (31-45),Men,INV000806,18:35:00,P06-L-BLACK
S001593,2026-08-12,Wednesday,Formal Shirt,Tops,XL,Grey,1,999.00,0,999.00,UPI,Female,Adult (31-45),Men,INV000806,18:35:00,P05-XL-GREY
S001594,2026-08-12,Wednesday,Basic Crew T-Shirt,Tops,M,Olive,1,399.00,0,399.00,Cash,Male,Young Adult (20-30),Men,INV000807,20:58:00,P01-M-OLIVE
S001595,2026-08-12,Wednesday,Flip Flops,Footwear,8,Navy,2,399.00,0,798.00,Cash,Male,Young Adult (20-30),Men,INV000807,20:58:00,P23-8-NAVY
S001596,2026-08-12,Wednesday,Kids Joggers,Bottoms,6-7Y,Navy,2,699.00,0,1398.00,Cash,Male,Young Adult (20-30),Kids,INV000807,20:58:00,P19-67Y-NAVY
S001597,2026-08-12,Wednesday,Kids Ethnic Kurta Set,Ethnic Wear,8-9Y,Maroon,1,999.00,0,999.00,Card,Male,Young Adult (20-30),Kids,INV000808,20:00:00,P17-89Y-MAROON
S001598,2026-08-12,Wednesday,Sandals,Footwear,6,Tan,1,999.00,0,999.00,Card,Male,Young Adult (20-30),Women,INV000808,20:00:00,P21-6-TAN
S001599,2026-08-12,Wednesday,Basic Crew T-Shirt,Tops,XL,Black,1,399.00,0,399.00,Cash,Female,Young Adult (20-30),Men,INV000809,13:32:00,P01-XL-BLACK
S001600,2026-08-12,Wednesday,Basic Crew T-Shirt,Tops,L,Navy,1,399.00,0,399.00,Cash,Female,Young Adult (20-30),Men,INV000809,13:32:00,P01-L-NAVY
S001601,2026-08-12,Wednesday,Straight Pants,Bottoms,L,Navy,1,799.00,0,799.00,UPI,Female,Young Adult (20-30),Women,INV000810,15:07:00,P09-L-NAVY
S001602,2026-08-12,Wednesday,Palazzo Kurta Set,Ethnic Wear,XL,Maroon,1,1399.00,0,1399.00,UPI,Female,Young Adult (20-30),Women,INV000810,15:07:00,P14-XL-MAROON
S001603,2026-08-12,Wednesday,Cotton Kurti,Ethnic Wear,M,Mustard,1,999.00,0,999.00,Card,Male,Adult (31-45),Women,INV000811,18:02:00,P07-M-MUSTARD
S001604,2026-08-12,Wednesday,Flip Flops,Footwear,10,Black,1,399.00,0,399.00,UPI,Male,Adult (31-45),Men,INV000812,21:04:00,P23-10-BLACK
S001605,2026-08-12,Wednesday,Basic Crew T-Shirt,Tops,M,Black,1,399.00,0,399.00,UPI,Male,Adult (31-45),Men,INV000812,21:04:00,P01-M-BLACK
S001606,2026-08-12,Wednesday,Kids Sports Shoes,Footwear,12C,Black,1,899.00,0,899.00,UPI,Male,Adult (31-45),Kids,INV000812,21:04:00,P22-12C-BLACK
S001607,2026-08-12,Wednesday,Kids Cartoon Tee,Tops,8-9Y,Red,1,399.00,0,399.00,UPI,Male,Adult (31-45),Kids,INV000812,21:04:00,P15-89Y-RED
S001608,2026-08-12,Wednesday,Printed Top,Tops,XL,White,1,699.00,0,699.00,UPI,Female,Teen (13-19),Women,INV000813,19:28:00,P12-XL-WHITE
S001609,2026-08-12,Wednesday,Kids Denim Shorts,Bottoms,4-5Y,Black,1,599.00,0,599.00,Cash,Male,Young Adult (20-30),Kids,INV000814,16:51:00,P16-45Y-BLACK
S001610,2026-08-12,Wednesday,Kids Cartoon Tee,Tops,8-9Y,Blue,1,399.00,0,399.00,Cash,Female,Adult (31-45),Kids,INV000815,13:07:00,P15-89Y-BLUE
S001611,2026-08-12,Wednesday,Slim Fit Jeans,Bottoms,30,Navy,1,1299.00,0,1299.00,Cash,Female,Adult (31-45),Men,INV000815,13:07:00,P03-30-NAVY
S001612,2026-08-12,Wednesday,Basic Crew T-Shirt,Tops,XL,Navy,1,399.00,0,399.00,UPI,Female,Young Adult (20-30),Men,INV000816,14:54:00,P01-XL-NAVY
S001613,2026-08-12,Wednesday,Sandals,Footwear,7,Black,1,999.00,0,999.00,UPI,Female,Young Adult (20-30),Women,INV000816,14:54:00,P21-7-BLACK
S001614,2026-08-12,Wednesday,Crop Top,Tops,S,Lavender,1,599.00,0,599.00,Card,Male,Adult (31-45),Women,INV000817,19:15:00,P11-S-LAVENDER
S001615,2026-08-12,Wednesday,Chino Trousers,Bottoms,34,Navy,1,1099.00,0,1099.00,Card,Male,Adult (31-45),Men,INV000817,19:15:00,P04-34-NAVY
S001616,2026-08-12,Wednesday,Graphic Tee,Tops,S,Red,1,499.00,0,499.00,UPI,Male,Young Adult (20-30),Men,INV000818,19:40:00,P06-S-RED
S001617,2026-08-12,Wednesday,Crop Top,Tops,M,Lavender,1,599.00,0,599.00,UPI,Male,Young Adult (20-30),Women,INV000819,14:03:00,P11-M-LAVENDER
S001618,2026-08-12,Wednesday,Cotton Kurti,Ethnic Wear,M,Maroon,1,999.00,0,999.00,UPI,Male,Young Adult (20-30),Women,INV000820,21:14:00,P07-M-MAROON
S001619,2026-08-12,Wednesday,Wallet,Accessories,OneSize,Black,1,499.00,0,499.00,UPI,Male,Young Adult (20-30),Accessories,INV000820,21:14:00,P27-ONESIZE-BLACK
S001620,2026-08-12,Wednesday,Graphic Tee,Tops,M,Black,1,499.00,0,499.00,UPI,Male,Adult (31-45),Men,INV000821,21:30:00,P06-M-BLACK
S001621,2026-08-12,Wednesday,Kids Lehenga Set,Ethnic Wear,2-3Y,Mint,2,1299.00,0,2598.00,UPI,Male,Adult (31-45),Kids,INV000821,21:30:00,P18-23Y-MINT
S001622,2026-08-12,Wednesday,Flip Flops,Footwear,10,Grey,1,399.00,0,399.00,UPI,Male,Adult (31-45),Men,INV000821,21:30:00,P23-10-GREY
S001623,2026-08-12,Wednesday,Graphic Tee,Tops,M,Black,1,499.00,0,499.00,UPI,Female,Young Adult (20-30),Men,INV000822,19:17:00,P06-M-BLACK
S001624,2026-08-12,Wednesday,Crop Top,Tops,L,Lavender,1,599.00,0,599.00,Card,Male,Young Adult (20-30),Women,INV000823,17:27:00,P11-L-LAVENDER
S001625,2026-08-12,Wednesday,Straight Pants,Bottoms,M,Beige,1,799.00,0,799.00,UPI,Male,Adult (31-45),Women,INV000824,20:58:00,P09-M-BEIGE
S001626,2026-08-12,Wednesday,Straight Pants,Bottoms,S,Black,1,799.00,0,799.00,Card,Female,Young Adult (20-30),Women,INV000825,16:14:00,P09-S-BLACK
S001627,2026-08-12,Wednesday,Printed Top,Tops,L,Blue,1,699.00,0,699.00,Card,Female,Young Adult (20-30),Women,INV000825,16:14:00,P12-L-BLUE
S001628,2026-08-12,Wednesday,Sneakers,Footwear,7,Black,1,1499.00,0,1499.00,UPI,Other,Adult (31-45),Men,INV000826,18:32:00,P20-7-BLACK
S001629,2026-08-12,Wednesday,Flip Flops,Footwear,10,Grey,1,399.00,0,399.00,UPI,Other,Adult (31-45),Men,INV000826,18:32:00,P23-10-GREY
S001630,2026-08-12,Wednesday,Graphic Tee,Tops,XL,Black,1,499.00,0,499.00,UPI,Male,Adult (31-45),Men,INV000827,18:05:00,P06-XL-BLACK
S001631,2026-08-12,Wednesday,Kids Lehenga Set,Ethnic Wear,4-5Y,Pink,2,1299.00,0,2598.00,UPI,Male,Adult (31-45),Kids,INV000827,18:05:00,P18-45Y-PINK
S001632,2026-08-12,Wednesday,Sandals,Footwear,7,Black,1,999.00,0,999.00,Card,Male,Adult (31-45),Women,INV000828,16:05:00,P21-7-BLACK
S001633,2026-08-12,Wednesday,Slim Fit Jeans,Bottoms,34,Black,1,1299.00,0,1299.00,Cash,Male,Young Adult (20-30),Men,INV000829,20:23:00,P03-34-BLACK
S001634,2026-08-12,Wednesday,Basic Crew T-Shirt,Tops,XL,White,1,399.00,0,399.00,UPI,Male,Young Adult (20-30),Men,INV000830,12:44:00,P01-XL-WHITE
S001635,2026-08-12,Wednesday,Basic Crew T-Shirt,Tops,L,Black,1,399.00,0,399.00,UPI,Male,Young Adult (20-30),Men,INV000830,12:44:00,P01-L-BLACK
S001636,2026-08-12,Wednesday,Kids Cartoon Tee,Tops,6-7Y,Blue,1,399.00,0,399.00,UPI,Male,Young Adult (20-30),Kids,INV000830,12:44:00,P15-67Y-BLUE
S001637,2026-08-12,Wednesday,Graphic Tee,Tops,M,White,1,499.00,0,499.00,UPI,Male,Teen (13-19),Men,INV000831,21:05:00,P06-M-WHITE
S001638,2026-08-12,Wednesday,Chino Trousers,Bottoms,32,Beige,3,1099.00,0,3297.00,Cash,Male,Young Adult (20-30),Men,INV000832,20:38:00,P04-32-BEIGE
S001639,2026-08-12,Wednesday,Slim Fit Jeans,Bottoms,30,Light Blue,1,1299.00,0,1299.00,Cash,Male,Young Adult (20-30),Men,INV000832,20:38:00,P03-30-LIGHTBLU
S001640,2026-08-12,Wednesday,Hair Accessories Set,Accessories,OneSize,Multicolor,1,199.00,0,199.00,UPI,Male,Teen (13-19),Accessories,INV000833,20:17:00,P28-ONESIZE-MULTICOL
S001641,2026-08-12,Wednesday,Kids Cartoon Tee,Tops,4-5Y,Blue,2,399.00,0,798.00,UPI,Male,Teen (13-19),Kids,INV000833,20:17:00,P15-45Y-BLUE
S001642,2026-08-12,Wednesday,Basic Crew T-Shirt,Tops,M,Black,1,399.00,0,399.00,UPI,Male,Teen (13-19),Men,INV000833,20:17:00,P01-M-BLACK
S001643,2026-08-12,Wednesday,Kids Sports Shoes,Footwear,1Y,Black,2,899.00,0,1798.00,UPI,Male,Adult (31-45),Kids,INV000834,18:23:00,P22-1Y-BLACK
S001644,2026-08-12,Wednesday,Denim Jeggings,Bottoms,S,Black,1,999.00,0,999.00,Card,Female,Young Adult (20-30),Women,INV000835,18:01:00,P10-S-BLACK
S001645,2026-08-12,Wednesday,Denim Jeggings,Bottoms,XL,Indigo,1,999.00,0,999.00,Card,Female,Young Adult (20-30),Women,INV000836,10:49:00,P10-XL-INDIGO
S001646,2026-08-12,Wednesday,Cotton Kurti,Ethnic Wear,L,Maroon,2,999.00,0,1998.00,Card,Female,Young Adult (20-30),Women,INV000836,10:49:00,P07-L-MAROON
S001647,2026-08-12,Wednesday,Floral Kurti,Ethnic Wear,L,Pink,2,1199.00,0,2398.00,Card,Female,Young Adult (20-30),Women,INV000836,10:49:00,P08-L-PINK
S001648,2026-08-12,Wednesday,Graphic Tee,Tops,L,White,1,499.00,0,499.00,UPI,Male,Young Adult (20-30),Men,INV000837,21:30:00,P06-L-WHITE
S001649,2026-08-12,Wednesday,Slim Fit Jeans,Bottoms,32,Navy,1,1299.00,0,1299.00,UPI,Male,Young Adult (20-30),Men,INV000837,21:30:00,P03-32-NAVY
S001650,2026-08-12,Wednesday,Cap,Accessories,OneSize,Beige,1,299.00,0,299.00,UPI,Male,Young Adult (20-30),Accessories,INV000837,21:30:00,P29-ONESIZE-BEIGE
S001651,2026-08-12,Wednesday,Wallet,Accessories,OneSize,Black,2,499.00,0,998.00,Card,Female,Adult (31-45),Accessories,INV000838,17:12:00,P27-ONESIZE-BLACK
S001652,2026-08-12,Wednesday,Slim Fit Jeans,Bottoms,30,Navy,3,1299.00,0,3897.00,Cash,Female,Young Adult (20-30),Men,INV000839,14:32:00,P03-30-NAVY
S001653,2026-08-12,Wednesday,Crop Top,Tops,S,Lavender,1,599.00,0,599.00,UPI,Male,Adult (31-45),Women,INV000840,18:30:00,P11-S-LAVENDER
S001654,2026-08-12,Wednesday,Kids Joggers,Bottoms,4-5Y,Black,1,699.00,0,699.00,UPI,Male,Adult (31-45),Kids,INV000840,18:30:00,P19-45Y-BLACK
S001655,2026-08-12,Wednesday,Straight Pants,Bottoms,XL,Beige,1,799.00,0,799.00,UPI,Male,Adult (31-45),Women,INV000840,18:30:00,P09-XL-BEIGE
S001656,2026-08-12,Wednesday,Kids Cartoon Tee,Tops,8-9Y,Yellow,1,399.00,0,399.00,Card,Female,Young Adult (20-30),Kids,INV000841,21:07:00,P15-89Y-YELLOW
S001657,2026-08-12,Wednesday,Cotton Kurti,Ethnic Wear,S,Maroon,1,999.00,0,999.00,Card,Female,Young Adult (20-30),Women,INV000841,21:07:00,P07-S-MAROON
S001658,2026-08-12,Wednesday,Belt,Accessories,38,Black,1,399.00,0,399.00,Cash,Female,Young Adult (20-30),Accessories,INV000842,21:12:00,P26-38-BLACK
S001659,2026-08-12,Wednesday,Floral Kurti,Ethnic Wear,L,Blue,1,1199.00,0,1199.00,Cash,Female,Young Adult (20-30),Women,INV000842,21:12:00,P08-L-BLUE
S001660,2026-08-12,Wednesday,Basic Crew T-Shirt,Tops,L,Black,1,399.00,0,399.00,Card,Female,Teen (13-19),Men,INV000843,20:46:00,P01-L-BLACK
S001661,2026-08-12,Wednesday,Sandals,Footwear,7,Gold,1,999.00,0,999.00,Cash,Female,Adult (31-45),Women,INV000844,11:41:00,P21-7-GOLD
S001662,2026-08-12,Wednesday,Sneakers,Footwear,7,Grey,1,1499.00,0,1499.00,Cash,Female,Adult (31-45),Men,INV000844,11:41:00,P20-7-GREY
S001663,2026-08-12,Wednesday,Kids Joggers,Bottoms,6-7Y,Grey,1,699.00,0,699.00,Cash,Female,Adult (31-45),Kids,INV000844,11:41:00,P19-67Y-GREY
S001664,2026-08-12,Wednesday,Graphic Tee,Tops,M,White,1,499.00,0,499.00,UPI,Female,Adult (31-45),Men,INV000845,20:38:00,P06-M-WHITE
S001665,2026-08-12,Wednesday,Kids Cartoon Tee,Tops,4-5Y,Blue,1,399.00,0,399.00,UPI,Female,Adult (31-45),Kids,INV000845,20:38:00,P15-45Y-BLUE
S001666,2026-08-12,Wednesday,Palazzo Kurta Set,Ethnic Wear,L,Mustard,1,1399.00,0,1399.00,UPI,Female,Adult (31-45),Women,INV000845,20:38:00,P14-L-MUSTARD
S001667,2026-08-12,Wednesday,Sling Bag,Accessories,OneSize,Black,1,699.00,0,699.00,UPI,Male,Adult (31-45),Accessories,INV000846,11:03:00,P25-ONESIZE-BLACK
S001668,2026-08-12,Wednesday,Slim Fit Jeans,Bottoms,32,Black,1,1299.00,0,1299.00,UPI,Male,Adult (31-45),Men,INV000846,11:03:00,P03-32-BLACK
S001669,2026-08-12,Wednesday,Sandals,Footwear,8,Gold,1,999.00,0,999.00,UPI,Male,Young Adult (20-30),Women,INV000847,17:40:00,P21-8-GOLD
S001670,2026-08-12,Wednesday,Kids Cartoon Tee,Tops,2-3Y,Blue,1,399.00,0,399.00,UPI,Male,Young Adult (20-30),Kids,INV000847,17:40:00,P15-23Y-BLUE
S001671,2026-08-12,Wednesday,Sandals,Footwear,8,Gold,2,999.00,0,1998.00,Card,Female,Young Adult (20-30),Women,INV000848,20:15:00,P21-8-GOLD
S001672,2026-08-12,Wednesday,Basic Crew T-Shirt,Tops,M,White,1,399.00,0,399.00,UPI,Male,Young Adult (20-30),Men,INV000849,17:37:00,P01-M-WHITE
S001673,2026-08-12,Wednesday,Denim Jeggings,Bottoms,L,Black,2,999.00,0,1998.00,UPI,Male,Young Adult (20-30),Women,INV000849,17:37:00,P10-L-BLACK
S001674,2026-08-12,Wednesday,Graphic Tee,Tops,L,White,1,499.00,0,499.00,UPI,Male,Young Adult (20-30),Men,INV000849,17:37:00,P06-L-WHITE
S001675,2026-08-12,Wednesday,Anarkali Kurta Set,Ethnic Wear,S,Navy,1,1799.00,30,1259.30,Card,Female,Adult (31-45),Women,INV000850,18:54:00,P13-S-NAVY
S001676,2026-08-12,Wednesday,Kids Joggers,Bottoms,4-5Y,Grey,1,699.00,0,699.00,UPI,Female,Adult (31-45),Kids,INV000851,19:18:00,P19-45Y-GREY
S001677,2026-08-12,Wednesday,Kids Ethnic Kurta Set,Ethnic Wear,4-5Y,Mustard,1,999.00,0,999.00,UPI,Female,Adult (31-45),Kids,INV000851,19:18:00,P17-45Y-MUSTARD
S001678,2026-08-12,Wednesday,Cotton Kurti,Ethnic Wear,L,Teal,1,999.00,0,999.00,Card,Male,Young Adult (20-30),Women,INV000852,20:01:00,P07-L-TEAL
S001679,2026-08-12,Wednesday,Sling Bag,Accessories,OneSize,Pink,2,699.00,0,1398.00,UPI,Female,Young Adult (20-30),Accessories,INV000853,19:16:00,P25-ONESIZE-PINK
S001680,2026-08-12,Wednesday,Polo T-Shirt,Tops,M,Grey,1,699.00,0,699.00,UPI,Female,Adult (31-45),Men,INV000854,15:34:00,P02-M-GREY
S001681,2026-08-12,Wednesday,Formal Shirt,Tops,XL,White,1,999.00,0,999.00,Cash,Male,Young Adult (20-30),Men,INV000855,19:39:00,P05-XL-WHITE
S001682,2026-08-13,Thursday,Belt,Accessories,34,Black,1,399.00,0,399.00,Card,Male,Young Adult (20-30),Accessories,INV000856,20:31:00,P26-34-BLACK
S001683,2026-08-13,Thursday,Sneakers,Footwear,8,White,1,1499.00,0,1499.00,Card,Male,Young Adult (20-30),Men,INV000856,20:31:00,P20-8-WHITE
S001684,2026-08-13,Thursday,Chino Trousers,Bottoms,36,Navy,1,1099.00,0,1099.00,UPI,Female,Adult (31-45),Men,INV000857,20:37:00,P04-36-NAVY
S001685,2026-08-13,Thursday,Cotton Kurti,Ethnic Wear,L,Maroon,1,999.00,0,999.00,UPI,Male,Young Adult (20-30),Women,INV000858,14:11:00,P07-L-MAROON
S001686,2026-08-13,Thursday,Kids Cartoon Tee,Tops,8-9Y,Blue,2,399.00,0,798.00,UPI,Male,Young Adult (20-30),Kids,INV000858,14:11:00,P15-89Y-BLUE
S001687,2026-08-13,Thursday,Women Flats,Footwear,5,Black,1,799.00,0,799.00,Card,Male,Young Adult (20-30),Women,INV000859,20:30:00,P32-5-BLACK
S001688,2026-08-13,Thursday,Slim Fit Jeans,Bottoms,32,Navy,1,1299.00,0,1299.00,Card,Male,Young Adult (20-30),Men,INV000859,20:30:00,P03-32-NAVY
S001689,2026-08-13,Thursday,Basic Crew T-Shirt,Tops,M,Black,2,399.00,0,798.00,UPI,Female,Young Adult (20-30),Men,INV000860,17:16:00,P01-M-BLACK
S001690,2026-08-13,Thursday,Basic Crew T-Shirt,Tops,S,Navy,1,399.00,0,399.00,UPI,Female,Young Adult (20-30),Men,INV000860,17:16:00,P01-S-NAVY
S001691,2026-08-13,Thursday,Formal Shirt,Tops,M,Blue,1,999.00,0,999.00,UPI,Male,Adult (31-45),Men,INV000861,13:07:00,P05-M-BLUE
S001692,2026-08-13,Thursday,Sneakers,Footwear,7,Black,2,1499.00,0,2998.00,UPI,Male,Adult (31-45),Men,INV000861,13:07:00,P20-7-BLACK
S001693,2026-08-13,Thursday,Sneakers,Footwear,9,Black,1,1499.00,0,1499.00,Card,Male,Adult (31-45),Men,INV000862,16:20:00,P20-9-BLACK
S001694,2026-08-13,Thursday,Slim Fit Jeans,Bottoms,30,Navy,1,1299.00,0,1299.00,UPI,Male,Young Adult (20-30),Men,INV000863,10:47:00,P03-30-NAVY
S001695,2026-08-13,Thursday,Graphic Tee,Tops,M,Black,1,499.00,0,499.00,UPI,Male,Young Adult (20-30),Men,INV000863,10:47:00,P06-M-BLACK
S001696,2026-08-13,Thursday,Graphic Tee,Tops,L,Red,1,499.00,0,499.00,UPI,Male,Young Adult (20-30),Men,INV000863,10:47:00,P06-L-RED
S001697,2026-08-13,Thursday,Floral Kurti,Ethnic Wear,L,Pink,1,1199.00,0,1199.00,Card,Female,Adult (31-45),Women,INV000864,15:10:00,P08-L-PINK
S001698,2026-08-13,Thursday,Sandals,Footwear,4,Tan,1,999.00,0,999.00,Card,Female,Adult (31-45),Women,INV000864,15:10:00,P21-4-TAN
S001699,2026-08-13,Thursday,Printed Top,Tops,L,Blue,1,699.00,0,699.00,Card,Female,Adult (31-45),Women,INV000864,15:10:00,P12-L-BLUE
S001700,2026-08-13,Thursday,Graphic Tee,Tops,S,White,1,499.00,0,499.00,UPI,Male,Adult (31-45),Men,INV000865,15:07:00,P06-S-WHITE
S001701,2026-08-13,Thursday,Formal Shirt,Tops,M,White,1,999.00,0,999.00,UPI,Male,Adult (31-45),Men,INV000865,15:07:00,P05-M-WHITE
S001702,2026-08-13,Thursday,Sandals,Footwear,4,Tan,1,999.00,0,999.00,Cash,Female,Teen (13-19),Women,INV000866,11:26:00,P21-4-TAN
S001703,2026-08-13,Thursday,Formal Shirt,Tops,M,Blue,1,999.00,0,999.00,Cash,Female,Teen (13-19),Men,INV000866,11:26:00,P05-M-BLUE
S001704,2026-08-13,Thursday,Kids Lehenga Set,Ethnic Wear,2-3Y,Pink,1,1299.00,0,1299.00,Card,Male,Young Adult (20-30),Kids,INV000867,12:45:00,P18-23Y-PINK
S001705,2026-08-13,Thursday,Flip Flops,Footwear,9,Grey,1,399.00,0,399.00,Card,Male,Young Adult (20-30),Men,INV000867,12:45:00,P23-9-GREY
S001706,2026-08-13,Thursday,Graphic Tee,Tops,S,White,1,499.00,0,499.00,Card,Male,Young Adult (20-30),Men,INV000867,12:45:00,P06-S-WHITE
S001707,2026-08-13,Thursday,Basic Crew T-Shirt,Tops,XL,White,1,399.00,0,399.00,UPI,Male,Young Adult (20-30),Men,INV000868,19:28:00,P01-XL-WHITE
S001708,2026-08-13,Thursday,Chino Trousers,Bottoms,32,Olive,1,1099.00,0,1099.00,UPI,Male,Young Adult (20-30),Men,INV000868,19:28:00,P04-32-OLIVE
S001709,2026-08-13,Thursday,Denim Jeggings,Bottoms,S,Indigo,1,999.00,0,999.00,UPI,Male,Young Adult (20-30),Women,INV000868,19:28:00,P10-S-INDIGO
S001710,2026-08-13,Thursday,Straight Pants,Bottoms,M,Beige,1,799.00,0,799.00,UPI,Male,Young Adult (20-30),Women,INV000869,16:03:00,P09-M-BEIGE
S001711,2026-08-13,Thursday,Sandals,Footwear,5,Black,1,999.00,0,999.00,UPI,Male,Young Adult (20-30),Women,INV000869,16:03:00,P21-5-BLACK
S001712,2026-08-13,Thursday,Crop Top,Tops,S,White,1,599.00,0,599.00,UPI,Male,Young Adult (20-30),Women,INV000869,16:03:00,P11-S-WHITE
S001713,2026-08-13,Thursday,Kids Cartoon Tee,Tops,6-7Y,Red,1,399.00,0,399.00,Card,Male,Teen (13-19),Kids,INV000870,13:59:00,P15-67Y-RED
S001714,2026-08-13,Thursday,Graphic Tee,Tops,M,Black,1,499.00,0,499.00,Card,Male,Teen (13-19),Men,INV000870,13:59:00,P06-M-BLACK
S001715,2026-08-13,Thursday,Sneakers,Footwear,9,White,1,1499.00,0,1499.00,Card,Male,Teen (13-19),Men,INV000870,13:59:00,P20-9-WHITE
S001716,2026-08-13,Thursday,Crop Top,Tops,L,White,2,599.00,0,1198.00,Card,Male,Teen (13-19),Women,INV000871,21:05:00,P11-L-WHITE
S001717,2026-08-13,Thursday,Polo T-Shirt,Tops,M,Grey,1,699.00,0,699.00,Card,Male,Teen (13-19),Men,INV000871,21:05:00,P02-M-GREY
S001718,2026-08-13,Thursday,Cotton Kurti,Ethnic Wear,S,Teal,1,999.00,0,999.00,Cash,Male,Young Adult (20-30),Women,INV000872,12:04:00,P07-S-TEAL
S001719,2026-08-13,Thursday,Sneakers,Footwear,7,Black,1,1499.00,0,1499.00,Cash,Female,Young Adult (20-30),Men,INV000873,16:27:00,P20-7-BLACK
S001720,2026-08-13,Thursday,Handbag,Accessories,OneSize,Maroon,1,999.00,0,999.00,Cash,Female,Young Adult (20-30),Accessories,INV000873,16:27:00,P24-ONESIZE-MAROON
S001721,2026-08-13,Thursday,Belt,Accessories,32,Black,1,399.00,0,399.00,Cash,Female,Young Adult (20-30),Accessories,INV000873,16:27:00,P26-32-BLACK
S001722,2026-08-13,Thursday,Kids Denim Shorts,Bottoms,4-5Y,Blue,1,599.00,0,599.00,Card,Female,Young Adult (20-30),Kids,INV000874,15:42:00,P16-45Y-BLUE
S001723,2026-08-13,Thursday,Sandals,Footwear,8,Black,2,999.00,0,1998.00,Card,Female,Young Adult (20-30),Women,INV000875,12:38:00,P21-8-BLACK
S001724,2026-08-13,Thursday,Basic Crew T-Shirt,Tops,L,White,1,399.00,0,399.00,Cash,Male,Adult (31-45),Men,INV000876,19:47:00,P01-L-WHITE
S001725,2026-08-13,Thursday,Slim Fit Jeans,Bottoms,36,Navy,1,1299.00,0,1299.00,Cash,Male,Adult (31-45),Men,INV000876,19:47:00,P03-36-NAVY
S001726,2026-08-13,Thursday,Formal Shirt,Tops,L,Blue,2,999.00,0,1998.00,UPI,Male,Adult (31-45),Men,INV000877,18:26:00,P05-L-BLUE
S001727,2026-08-13,Thursday,Belt,Accessories,36,Black,1,399.00,0,399.00,UPI,Male,Adult (31-45),Accessories,INV000877,18:26:00,P26-36-BLACK
S001728,2026-08-13,Thursday,Slim Fit Jeans,Bottoms,30,Black,1,1299.00,0,1299.00,Cash,Male,Young Adult (20-30),Men,INV000878,20:11:00,P03-30-BLACK
S001729,2026-08-13,Thursday,Basic Crew T-Shirt,Tops,M,Navy,1,399.00,0,399.00,Cash,Male,Young Adult (20-30),Men,INV000878,20:11:00,P01-M-NAVY
S001730,2026-08-13,Thursday,Basic Crew T-Shirt,Tops,L,Navy,1,399.00,0,399.00,UPI,Male,Adult (31-45),Men,INV000879,18:44:00,P01-L-NAVY
S001731,2026-08-13,Thursday,Denim Jeggings,Bottoms,L,Black,1,999.00,0,999.00,UPI,Male,Adult (31-45),Women,INV000879,18:44:00,P10-L-BLACK
S001732,2026-08-13,Thursday,Women Flats,Footwear,8,Beige,1,799.00,0,799.00,UPI,Female,Adult (31-45),Women,INV000880,16:58:00,P32-8-BEIGE
S001733,2026-08-13,Thursday,Kids Lehenga Set,Ethnic Wear,4-5Y,Pink,1,1299.00,0,1299.00,UPI,Female,Adult (31-45),Kids,INV000880,16:58:00,P18-45Y-PINK
S001734,2026-08-13,Thursday,Graphic Tee,Tops,M,Red,2,499.00,0,998.00,UPI,Male,Adult (31-45),Men,INV000881,17:45:00,P06-M-RED
S001735,2026-08-13,Thursday,Slim Fit Jeans,Bottoms,34,Navy,1,1299.00,0,1299.00,UPI,Male,Adult (31-45),Men,INV000881,17:45:00,P03-34-NAVY
S001736,2026-08-13,Thursday,Crop Top,Tops,XS,Black,1,599.00,0,599.00,UPI,Male,Adult (31-45),Women,INV000881,17:45:00,P11-XS-BLACK
S001737,2026-08-13,Thursday,Sneakers,Footwear,9,Black,1,1499.00,0,1499.00,UPI,Male,Adult (31-45),Men,INV000882,16:12:00,P20-9-BLACK
S001738,2026-08-13,Thursday,Basic Crew T-Shirt,Tops,XL,White,1,399.00,0,399.00,UPI,Male,Adult (31-45),Men,INV000882,16:12:00,P01-XL-WHITE
S001739,2026-08-13,Thursday,Polo T-Shirt,Tops,L,Grey,1,699.00,0,699.00,UPI,Male,Adult (31-45),Men,INV000882,16:12:00,P02-L-GREY
S001740,2026-08-13,Thursday,Slim Fit Jeans,Bottoms,32,Navy,2,1299.00,0,2598.00,UPI,Male,Adult (31-45),Men,INV000882,16:12:00,P03-32-NAVY
S001741,2026-08-13,Thursday,Women Flats,Footwear,8,Silver,1,799.00,0,799.00,UPI,Male,Adult (31-45),Women,INV000882,16:12:00,P32-8-SILVER
S001742,2026-08-13,Thursday,Flip Flops,Footwear,7,Black,1,399.00,0,399.00,UPI,Female,Young Adult (20-30),Men,INV000883,10:37:00,P23-7-BLACK
S001743,2026-08-13,Thursday,Straight Pants,Bottoms,S,Beige,2,799.00,0,1598.00,UPI,Female,Young Adult (20-30),Women,INV000883,10:37:00,P09-S-BEIGE
S001744,2026-08-13,Thursday,Formal Shirt,Tops,XL,Grey,1,999.00,0,999.00,UPI,Female,Young Adult (20-30),Men,INV000883,10:37:00,P05-XL-GREY
S001745,2026-08-13,Thursday,Women Flats,Footwear,5,Silver,2,799.00,0,1598.00,Card,Female,Adult (31-45),Women,INV000884,19:15:00,P32-5-SILVER
S001746,2026-08-13,Thursday,Sneakers,Footwear,9,Black,1,1499.00,0,1499.00,Card,Female,Adult (31-45),Men,INV000885,10:52:00,P20-9-BLACK
S001747,2026-08-13,Thursday,Sling Bag,Accessories,OneSize,Beige,1,699.00,0,699.00,Card,Female,Adult (31-45),Accessories,INV000885,10:52:00,P25-ONESIZE-BEIGE
S001748,2026-08-13,Thursday,Basic Crew T-Shirt,Tops,M,Navy,1,399.00,0,399.00,UPI,Male,Teen (13-19),Men,INV000886,19:04:00,P01-M-NAVY
S001749,2026-08-13,Thursday,Sneakers,Footwear,10,Black,2,1499.00,0,2998.00,UPI,Male,Teen (13-19),Men,INV000886,19:04:00,P20-10-BLACK
S001750,2026-08-13,Thursday,Palazzo Kurta Set,Ethnic Wear,XS,Teal,1,1399.00,0,1399.00,UPI,Male,Teen (13-19),Women,INV000886,19:04:00,P14-XS-TEAL
S001751,2026-08-13,Thursday,Basic Crew T-Shirt,Tops,S,Navy,1,399.00,0,399.00,Cash,Other,Adult (31-45),Men,INV000887,18:31:00,P01-S-NAVY
S001752,2026-08-13,Thursday,Cotton Kurti,Ethnic Wear,M,Mustard,1,999.00,0,999.00,Cash,Other,Adult (31-45),Women,INV000887,18:31:00,P07-M-MUSTARD
S001753,2026-08-13,Thursday,Flip Flops,Footwear,10,Grey,1,399.00,0,399.00,Cash,Other,Adult (31-45),Men,INV000887,18:31:00,P23-10-GREY
S001754,2026-08-13,Thursday,Women Flats,Footwear,6,Beige,1,799.00,0,799.00,Cash,Female,Young Adult (20-30),Women,INV000888,11:03:00,P32-6-BEIGE
S001755,2026-08-13,Thursday,Crop Top,Tops,M,Black,1,599.00,0,599.00,Cash,Female,Young Adult (20-30),Women,INV000888,11:03:00,P11-M-BLACK
S001756,2026-08-13,Thursday,Floral Kurti,Ethnic Wear,L,Pink,1,1199.00,0,1199.00,Cash,Female,Young Adult (20-30),Women,INV000888,11:03:00,P08-L-PINK
S001757,2026-08-13,Thursday,Cotton Kurti,Ethnic Wear,XL,Maroon,1,999.00,0,999.00,UPI,Female,Young Adult (20-30),Women,INV000889,15:54:00,P07-XL-MAROON
S001758,2026-08-13,Thursday,Straight Pants,Bottoms,L,Beige,2,799.00,0,1598.00,UPI,Female,Young Adult (20-30),Women,INV000889,15:54:00,P09-L-BEIGE
S001759,2026-08-13,Thursday,Crop Top,Tops,L,White,1,599.00,0,599.00,UPI,Female,Adult (31-45),Women,INV000890,21:26:00,P11-L-WHITE
S001760,2026-08-13,Thursday,Polo T-Shirt,Tops,XL,Maroon,1,699.00,0,699.00,Card,Female,Adult (31-45),Men,INV000891,14:23:00,P02-XL-MAROON
S001761,2026-08-13,Thursday,Sandals,Footwear,6,Black,1,999.00,0,999.00,Card,Female,Adult (31-45),Women,INV000891,14:23:00,P21-6-BLACK
S001762,2026-08-13,Thursday,Sneakers,Footwear,9,Grey,1,1499.00,0,1499.00,UPI,Female,Adult (31-45),Men,INV000892,12:51:00,P20-9-GREY
S001763,2026-08-13,Thursday,Printed Top,Tops,M,White,1,699.00,0,699.00,UPI,Female,Adult (31-45),Women,INV000893,18:51:00,P12-M-WHITE
S001764,2026-08-13,Thursday,Crop Top,Tops,M,White,1,599.00,0,599.00,UPI,Female,Adult (31-45),Women,INV000893,18:51:00,P11-M-WHITE
S001765,2026-08-13,Thursday,Basic Crew T-Shirt,Tops,XL,Navy,1,399.00,0,399.00,Cash,Female,Teen (13-19),Men,INV000894,17:15:00,P01-XL-NAVY
S001766,2026-08-13,Thursday,Denim Jeggings,Bottoms,L,Black,2,999.00,0,1998.00,Cash,Female,Teen (13-19),Women,INV000894,17:15:00,P10-L-BLACK
S001767,2026-08-13,Thursday,Slim Fit Jeans,Bottoms,32,Navy,1,1299.00,0,1299.00,Card,Female,Young Adult (20-30),Men,INV000895,18:12:00,P03-32-NAVY
S001768,2026-08-13,Thursday,Crop Top,Tops,L,White,1,599.00,0,599.00,UPI,Male,Young Adult (20-30),Women,INV000896,18:39:00,P11-L-WHITE
S001769,2026-08-13,Thursday,Slim Fit Jeans,Bottoms,34,Navy,1,1299.00,0,1299.00,UPI,Male,Young Adult (20-30),Men,INV000896,18:39:00,P03-34-NAVY
S001770,2026-08-13,Thursday,Straight Pants,Bottoms,M,Beige,1,799.00,0,799.00,UPI,Female,Teen (13-19),Women,INV000897,19:52:00,P09-M-BEIGE
S001771,2026-08-13,Thursday,Crop Top,Tops,L,Lavender,1,599.00,0,599.00,UPI,Female,Teen (13-19),Women,INV000897,19:52:00,P11-L-LAVENDER
S001772,2026-08-13,Thursday,Kids Cartoon Tee,Tops,6-7Y,Yellow,1,399.00,0,399.00,UPI,Male,Young Adult (20-30),Kids,INV000898,19:46:00,P15-67Y-YELLOW
S001773,2026-08-13,Thursday,Women Flats,Footwear,5,Black,1,799.00,0,799.00,UPI,Male,Young Adult (20-30),Women,INV000898,19:46:00,P32-5-BLACK
S001774,2026-08-13,Thursday,Formal Shirt,Tops,L,White,2,999.00,0,1998.00,UPI,Male,Young Adult (20-30),Men,INV000898,19:46:00,P05-L-WHITE
S001775,2026-08-13,Thursday,Graphic Tee,Tops,XL,Red,1,499.00,0,499.00,UPI,Male,Young Adult (20-30),Men,INV000899,17:22:00,P06-XL-RED
S001776,2026-08-13,Thursday,Palazzo Kurta Set,Ethnic Wear,L,Teal,1,1399.00,0,1399.00,UPI,Male,Young Adult (20-30),Women,INV000899,17:22:00,P14-L-TEAL
S001777,2026-08-13,Thursday,Basic Crew T-Shirt,Tops,M,Olive,1,399.00,0,399.00,Card,Male,Senior (46+),Men,INV000900,20:17:00,P01-M-OLIVE
S001778,2026-08-13,Thursday,Straight Pants,Bottoms,S,Black,1,799.00,0,799.00,UPI,Male,Adult (31-45),Women,INV000901,19:00:00,P09-S-BLACK
S001779,2026-08-13,Thursday,Polo T-Shirt,Tops,M,Maroon,1,699.00,0,699.00,UPI,Male,Adult (31-45),Men,INV000901,19:00:00,P02-M-MAROON
S001780,2026-08-13,Thursday,Kids Denim Shorts,Bottoms,8-9Y,Black,2,599.00,0,1198.00,UPI,Male,Adult (31-45),Kids,INV000902,19:10:00,P16-89Y-BLACK
S001781,2026-08-13,Thursday,Cotton Kurti,Ethnic Wear,M,Maroon,1,999.00,0,999.00,UPI,Male,Adult (31-45),Women,INV000902,19:10:00,P07-M-MAROON
S001782,2026-08-13,Thursday,Denim Jeggings,Bottoms,L,Indigo,2,999.00,0,1998.00,UPI,Female,Senior (46+),Women,INV000903,20:06:00,P10-L-INDIGO
S001783,2026-08-13,Thursday,Belt,Accessories,34,Brown,1,399.00,0,399.00,UPI,Female,Senior (46+),Accessories,INV000903,20:06:00,P26-34-BROWN
S001784,2026-08-13,Thursday,Printed Top,Tops,XL,White,1,699.00,0,699.00,Cash,Female,Young Adult (20-30),Women,INV000904,14:06:00,P12-XL-WHITE
S001785,2026-08-13,Thursday,Printed Top,Tops,M,White,1,699.00,0,699.00,Card,Female,Young Adult (20-30),Women,INV000905,20:36:00,P12-M-WHITE
S001786,2026-08-13,Thursday,Cotton Kurti,Ethnic Wear,M,Maroon,1,999.00,0,999.00,UPI,Female,Adult (31-45),Women,INV000906,19:20:00,P07-M-MAROON
S001787,2026-08-13,Thursday,Flip Flops,Footwear,7,Black,1,399.00,0,399.00,UPI,Female,Adult (31-45),Men,INV000906,19:20:00,P23-7-BLACK
S001788,2026-08-13,Thursday,Women Flats,Footwear,8,Beige,1,799.00,0,799.00,UPI,Female,Adult (31-45),Women,INV000906,19:20:00,P32-8-BEIGE
S001789,2026-08-13,Thursday,Polo T-Shirt,Tops,XL,Navy,1,699.00,0,699.00,Card,Male,Teen (13-19),Men,INV000907,17:05:00,P02-XL-NAVY
S001790,2026-08-13,Thursday,Women Flats,Footwear,5,Black,1,799.00,0,799.00,Card,Female,Young Adult (20-30),Women,INV000908,21:11:00,P32-5-BLACK
S001791,2026-08-13,Thursday,Palazzo Kurta Set,Ethnic Wear,XL,Teal,1,1399.00,0,1399.00,Card,Female,Young Adult (20-30),Women,INV000908,21:11:00,P14-XL-TEAL
S001792,2026-08-13,Thursday,Basic Crew T-Shirt,Tops,L,White,1,399.00,0,399.00,Card,Female,Young Adult (20-30),Men,INV000908,21:11:00,P01-L-WHITE
S001793,2026-08-13,Thursday,Cotton Kurti,Ethnic Wear,L,Mustard,1,999.00,0,999.00,Card,Female,Young Adult (20-30),Women,INV000908,21:11:00,P07-L-MUSTARD
S001794,2026-08-13,Thursday,Palazzo Kurta Set,Ethnic Wear,XS,Maroon,2,1399.00,0,2798.00,Card,Female,Young Adult (20-30),Women,INV000908,21:11:00,P14-XS-MAROON
S001795,2026-08-13,Thursday,Chino Trousers,Bottoms,32,Beige,1,1099.00,0,1099.00,UPI,Female,Teen (13-19),Men,INV000909,16:26:00,P04-32-BEIGE
S001796,2026-08-13,Thursday,Basic Crew T-Shirt,Tops,L,Olive,2,399.00,0,798.00,UPI,Female,Senior (46+),Men,INV000910,19:39:00,P01-L-OLIVE
S001797,2026-08-13,Thursday,Kids Sports Shoes,Footwear,1Y,Blue,2,899.00,0,1798.00,UPI,Male,Teen (13-19),Kids,INV000911,19:49:00,P22-1Y-BLUE
S001798,2026-08-13,Thursday,Printed Top,Tops,M,Blue,1,699.00,0,699.00,UPI,Male,Teen (13-19),Women,INV000911,19:49:00,P12-M-BLUE
S001799,2026-08-13,Thursday,Basic Crew T-Shirt,Tops,M,Olive,1,399.00,0,399.00,UPI,Female,Adult (31-45),Men,INV000912,18:26:00,P01-M-OLIVE
S001800,2026-08-13,Thursday,Women Flats,Footwear,6,Beige,1,799.00,0,799.00,UPI,Female,Adult (31-45),Women,INV000912,18:26:00,P32-6-BEIGE
S001801,2026-08-13,Thursday,Cotton Kurti,Ethnic Wear,M,Maroon,1,999.00,0,999.00,UPI,Female,Adult (31-45),Women,INV000912,18:26:00,P07-M-MAROON
S001802,2026-08-13,Thursday,Printed Top,Tops,M,Red,1,699.00,0,699.00,UPI,Female,Adult (31-45),Women,INV000912,18:26:00,P12-M-RED
S001803,2026-08-13,Thursday,Kids Denim Shorts,Bottoms,4-5Y,Black,1,599.00,0,599.00,Cash,Male,Senior (46+),Kids,INV000913,15:42:00,P16-45Y-BLACK
S001804,2026-08-13,Thursday,Polo T-Shirt,Tops,S,Grey,1,699.00,0,699.00,Cash,Male,Senior (46+),Men,INV000913,15:42:00,P02-S-GREY
S001805,2026-08-13,Thursday,Kids Sports Shoes,Footwear,11C,Blue,1,899.00,0,899.00,UPI,Male,Young Adult (20-30),Kids,INV000914,15:52:00,P22-11C-BLUE
S001806,2026-08-13,Thursday,Flip Flops,Footwear,8,Black,1,399.00,0,399.00,UPI,Male,Young Adult (20-30),Men,INV000914,15:52:00,P23-8-BLACK
S001807,2026-08-13,Thursday,Slim Fit Jeans,Bottoms,34,Black,1,1299.00,0,1299.00,UPI,Male,Young Adult (20-30),Men,INV000914,15:52:00,P03-34-BLACK
S001808,2026-08-13,Thursday,Cotton Kurti,Ethnic Wear,M,Mustard,2,999.00,0,1998.00,Card,Female,Teen (13-19),Women,INV000915,15:44:00,P07-M-MUSTARD
S001809,2026-08-13,Thursday,Women Flats,Footwear,7,Silver,1,799.00,0,799.00,Card,Female,Teen (13-19),Women,INV000915,15:44:00,P32-7-SILVER
S001810,2026-08-13,Thursday,Belt,Accessories,34,Black,1,399.00,0,399.00,Card,Female,Teen (13-19),Accessories,INV000915,15:44:00,P26-34-BLACK
S001811,2026-08-13,Thursday,Floral Kurti,Ethnic Wear,S,Pink,1,1199.00,0,1199.00,Card,Female,Teen (13-19),Women,INV000915,15:44:00,P08-S-PINK
S001812,2026-08-13,Thursday,Cotton Kurti,Ethnic Wear,L,Mustard,1,999.00,0,999.00,UPI,Female,Teen (13-19),Women,INV000916,14:49:00,P07-L-MUSTARD
S001813,2026-08-13,Thursday,Graphic Tee,Tops,S,Red,1,499.00,0,499.00,UPI,Female,Teen (13-19),Men,INV000916,14:49:00,P06-S-RED
S001814,2026-08-13,Thursday,Sandals,Footwear,4,Black,1,999.00,0,999.00,UPI,Female,Teen (13-19),Women,INV000916,14:49:00,P21-4-BLACK
S001815,2026-08-13,Thursday,Handbag,Accessories,OneSize,Tan,1,999.00,0,999.00,Card,Male,Young Adult (20-30),Accessories,INV000917,19:35:00,P24-ONESIZE-TAN
S001816,2026-08-13,Thursday,Anarkali Kurta Set,Ethnic Wear,S,Wine,1,1799.00,30,1259.30,Card,Male,Young Adult (20-30),Women,INV000917,19:35:00,P13-S-WINE
S001817,2026-08-13,Thursday,Sandals,Footwear,5,Tan,1,999.00,0,999.00,Card,Male,Young Adult (20-30),Women,INV000917,19:35:00,P21-5-TAN
S001818,2026-08-13,Thursday,Sneakers,Footwear,10,Grey,1,1499.00,0,1499.00,UPI,Male,Young Adult (20-30),Men,INV000918,16:38:00,P20-10-GREY
S001819,2026-08-13,Thursday,Basic Crew T-Shirt,Tops,XL,Navy,1,399.00,0,399.00,UPI,Male,Young Adult (20-30),Men,INV000918,16:38:00,P01-XL-NAVY
S001820,2026-08-14,Friday,Floral Kurti,Ethnic Wear,L,Pink,1,1199.00,0,1199.00,Cash,Female,Adult (31-45),Women,INV000919,15:02:00,P08-L-PINK
S001821,2026-08-14,Friday,Straight Pants,Bottoms,XS,Black,1,799.00,0,799.00,Cash,Female,Adult (31-45),Women,INV000919,15:02:00,P09-XS-BLACK
S001822,2026-08-14,Friday,Cotton Kurti,Ethnic Wear,S,Maroon,1,999.00,0,999.00,Cash,Female,Adult (31-45),Women,INV000919,15:02:00,P07-S-MAROON
S001823,2026-08-14,Friday,Printed Top,Tops,L,Red,1,699.00,0,699.00,UPI,Female,Young Adult (20-30),Women,INV000920,13:30:00,P12-L-RED
S001824,2026-08-14,Friday,Kids Sports Shoes,Footwear,13C,Blue,1,899.00,0,899.00,UPI,Female,Young Adult (20-30),Kids,INV000920,13:30:00,P22-13C-BLUE
S001825,2026-08-14,Friday,Kids Joggers,Bottoms,6-7Y,Grey,1,699.00,0,699.00,UPI,Female,Young Adult (20-30),Kids,INV000920,13:30:00,P19-67Y-GREY
S001826,2026-08-14,Friday,Chino Trousers,Bottoms,36,Navy,1,1099.00,0,1099.00,UPI,Female,Young Adult (20-30),Men,INV000920,13:30:00,P04-36-NAVY
S001827,2026-08-14,Friday,Printed Top,Tops,S,Red,1,699.00,0,699.00,Card,Female,Adult (31-45),Women,INV000921,18:41:00,P12-S-RED
S001828,2026-08-14,Friday,Cotton Kurti,Ethnic Wear,S,Teal,2,999.00,0,1998.00,Card,Female,Adult (31-45),Women,INV000921,18:41:00,P07-S-TEAL
S001829,2026-08-14,Friday,Basic Crew T-Shirt,Tops,M,Black,1,399.00,0,399.00,UPI,Male,Adult (31-45),Men,INV000922,17:39:00,P01-M-BLACK
S001830,2026-08-14,Friday,Chino Trousers,Bottoms,30,Navy,1,1099.00,0,1099.00,Cash,Female,Young Adult (20-30),Men,INV000923,20:42:00,P04-30-NAVY
S001831,2026-08-14,Friday,Polo T-Shirt,Tops,XL,Navy,2,699.00,0,1398.00,Cash,Female,Young Adult (20-30),Men,INV000923,20:42:00,P02-XL-NAVY
S001832,2026-08-14,Friday,Basic Crew T-Shirt,Tops,S,Olive,1,399.00,0,399.00,Cash,Female,Young Adult (20-30),Men,INV000923,20:42:00,P01-S-OLIVE
S001833,2026-08-14,Friday,Chino Trousers,Bottoms,34,Navy,1,1099.00,0,1099.00,Card,Female,Young Adult (20-30),Men,INV000924,14:34:00,P04-34-NAVY
S001834,2026-08-14,Friday,Crop Top,Tops,S,Lavender,1,599.00,0,599.00,Card,Female,Young Adult (20-30),Women,INV000924,14:34:00,P11-S-LAVENDER
S001835,2026-08-14,Friday,Straight Pants,Bottoms,XL,Black,2,799.00,0,1598.00,Card,Female,Young Adult (20-30),Women,INV000924,14:34:00,P09-XL-BLACK
S001836,2026-08-14,Friday,Denim Jeggings,Bottoms,M,Black,1,999.00,0,999.00,Card,Female,Young Adult (20-30),Women,INV000924,14:34:00,P10-M-BLACK
S001837,2026-08-14,Friday,Belt,Accessories,36,Black,1,399.00,0,399.00,Cash,Male,Teen (13-19),Accessories,INV000925,19:56:00,P26-36-BLACK
S001838,2026-08-14,Friday,Kids Cartoon Tee,Tops,2-3Y,Yellow,1,399.00,0,399.00,UPI,Male,Teen (13-19),Kids,INV000926,17:47:00,P15-23Y-YELLOW
S001839,2026-08-14,Friday,Cotton Kurti,Ethnic Wear,S,Maroon,1,999.00,0,999.00,UPI,Male,Teen (13-19),Women,INV000926,17:47:00,P07-S-MAROON
S001840,2026-08-14,Friday,Kids Cartoon Tee,Tops,6-7Y,Red,1,399.00,0,399.00,Card,Male,Adult (31-45),Kids,INV000927,13:40:00,P15-67Y-RED
S001841,2026-08-14,Friday,Straight Pants,Bottoms,M,Beige,1,799.00,0,799.00,Card,Male,Adult (31-45),Women,INV000927,13:40:00,P09-M-BEIGE
S001842,2026-08-14,Friday,Basic Crew T-Shirt,Tops,M,White,1,399.00,0,399.00,Card,Female,Senior (46+),Men,INV000928,18:36:00,P01-M-WHITE
S001843,2026-08-14,Friday,Wallet,Accessories,OneSize,Black,1,499.00,0,499.00,Card,Female,Senior (46+),Accessories,INV000928,18:36:00,P27-ONESIZE-BLACK
S001844,2026-08-14,Friday,Crop Top,Tops,M,White,1,599.00,0,599.00,UPI,Female,Young Adult (20-30),Women,INV000929,19:21:00,P11-M-WHITE
S001845,2026-08-14,Friday,Floral Kurti,Ethnic Wear,M,Blue,1,1199.00,0,1199.00,UPI,Female,Young Adult (20-30),Women,INV000929,19:21:00,P08-M-BLUE
S001846,2026-08-14,Friday,Polo T-Shirt,Tops,L,Maroon,1,699.00,0,699.00,Card,Female,Senior (46+),Men,INV000930,19:36:00,P02-L-MAROON
S001847,2026-08-14,Friday,Kids Denim Shorts,Bottoms,8-9Y,Blue,1,599.00,0,599.00,UPI,Male,Senior (46+),Kids,INV000931,21:28:00,P16-89Y-BLUE
S001848,2026-08-14,Friday,Basic Crew T-Shirt,Tops,L,White,1,399.00,0,399.00,UPI,Male,Senior (46+),Men,INV000931,21:28:00,P01-L-WHITE
S001849,2026-08-14,Friday,Kids Denim Shorts,Bottoms,2-3Y,Black,1,599.00,0,599.00,UPI,Male,Senior (46+),Kids,INV000931,21:28:00,P16-23Y-BLACK
S001850,2026-08-14,Friday,Formal Shirt,Tops,XL,White,1,999.00,0,999.00,UPI,Male,Senior (46+),Men,INV000931,21:28:00,P05-XL-WHITE
S001851,2026-08-14,Friday,Chino Trousers,Bottoms,32,Navy,1,1099.00,0,1099.00,UPI,Male,Young Adult (20-30),Men,INV000932,11:42:00,P04-32-NAVY
S001852,2026-08-14,Friday,Formal Shirt,Tops,L,Blue,1,999.00,0,999.00,UPI,Male,Young Adult (20-30),Men,INV000932,11:42:00,P05-L-BLUE
S001853,2026-08-14,Friday,Kids Cartoon Tee,Tops,2-3Y,Red,1,399.00,0,399.00,Card,Female,Young Adult (20-30),Kids,INV000933,16:09:00,P15-23Y-RED
S001854,2026-08-14,Friday,Cotton Kurti,Ethnic Wear,S,Maroon,1,999.00,0,999.00,Card,Female,Young Adult (20-30),Women,INV000933,16:09:00,P07-S-MAROON
S001855,2026-08-14,Friday,Kids Joggers,Bottoms,6-7Y,Navy,1,699.00,0,699.00,Card,Female,Young Adult (20-30),Kids,INV000933,16:09:00,P19-67Y-NAVY
S001856,2026-08-14,Friday,Denim Jeggings,Bottoms,M,Black,1,999.00,0,999.00,Card,Male,Adult (31-45),Women,INV000934,21:24:00,P10-M-BLACK
S001857,2026-08-14,Friday,Printed Top,Tops,L,Red,1,699.00,0,699.00,UPI,Male,Senior (46+),Women,INV000935,19:26:00,P12-L-RED
S001858,2026-08-14,Friday,Straight Pants,Bottoms,M,Beige,2,799.00,0,1598.00,UPI,Male,Senior (46+),Women,INV000935,19:26:00,P09-M-BEIGE
S001859,2026-08-14,Friday,Graphic Tee,Tops,L,Black,1,499.00,0,499.00,Card,Male,Young Adult (20-30),Men,INV000936,13:16:00,P06-L-BLACK
S001860,2026-08-14,Friday,Sneakers,Footwear,8,Black,2,1499.00,0,2998.00,Card,Male,Young Adult (20-30),Men,INV000936,13:16:00,P20-8-BLACK
S001861,2026-08-14,Friday,Cotton Kurti,Ethnic Wear,M,Mustard,1,999.00,0,999.00,UPI,Female,Adult (31-45),Women,INV000937,15:59:00,P07-M-MUSTARD
S001862,2026-08-14,Friday,Printed Top,Tops,M,White,1,699.00,0,699.00,UPI,Female,Adult (31-45),Women,INV000938,18:34:00,P12-M-WHITE
S001863,2026-08-14,Friday,Floral Kurti,Ethnic Wear,S,Green,1,1199.00,0,1199.00,UPI,Female,Adult (31-45),Women,INV000939,13:48:00,P08-S-GREEN
S001864,2026-08-14,Friday,Kids Cartoon Tee,Tops,6-7Y,Blue,1,399.00,0,399.00,UPI,Female,Teen (13-19),Kids,INV000940,16:56:00,P15-67Y-BLUE
S001865,2026-08-14,Friday,Flip Flops,Footwear,10,Black,1,399.00,0,399.00,UPI,Male,Senior (46+),Men,INV000941,16:56:00,P23-10-BLACK
S001866,2026-08-14,Friday,Graphic Tee,Tops,S,Red,1,499.00,0,499.00,UPI,Male,Senior (46+),Men,INV000941,16:56:00,P06-S-RED
S001867,2026-08-14,Friday,Basic Crew T-Shirt,Tops,XL,Olive,1,399.00,0,399.00,Cash,Male,Adult (31-45),Men,INV000942,18:05:00,P01-XL-OLIVE
S001868,2026-08-14,Friday,Flip Flops,Footwear,10,Grey,1,399.00,0,399.00,Cash,Male,Adult (31-45),Men,INV000942,18:05:00,P23-10-GREY
S001869,2026-08-14,Friday,Hair Accessories Set,Accessories,OneSize,Black,1,199.00,0,199.00,Cash,Male,Adult (31-45),Accessories,INV000942,18:05:00,P28-ONESIZE-BLACK
S001870,2026-08-14,Friday,Formal Shirt,Tops,M,Grey,1,999.00,0,999.00,UPI,Male,Young Adult (20-30),Men,INV000943,20:02:00,P05-M-GREY
S001871,2026-08-14,Friday,Basic Crew T-Shirt,Tops,M,Olive,1,399.00,0,399.00,Cash,Male,Young Adult (20-30),Men,INV000944,15:12:00,P01-M-OLIVE
S001872,2026-08-14,Friday,Sneakers,Footwear,8,White,1,1499.00,0,1499.00,Cash,Male,Young Adult (20-30),Men,INV000944,15:12:00,P20-8-WHITE
S001873,2026-08-14,Friday,Slim Fit Jeans,Bottoms,32,Black,1,1299.00,0,1299.00,Card,Male,Young Adult (20-30),Men,INV000945,17:21:00,P03-32-BLACK
S001874,2026-08-14,Friday,Sandals,Footwear,8,Gold,1,999.00,0,999.00,Card,Male,Young Adult (20-30),Women,INV000945,17:21:00,P21-8-GOLD
S001875,2026-08-14,Friday,Formal Shirt,Tops,M,Blue,1,999.00,0,999.00,UPI,Male,Young Adult (20-30),Men,INV000946,19:24:00,P05-M-BLUE
S001876,2026-08-14,Friday,Printed Top,Tops,XL,Red,2,699.00,0,1398.00,UPI,Male,Young Adult (20-30),Women,INV000946,19:24:00,P12-XL-RED
S001877,2026-08-14,Friday,Crop Top,Tops,L,White,1,599.00,0,599.00,UPI,Male,Young Adult (20-30),Women,INV000946,19:24:00,P11-L-WHITE
S001878,2026-08-14,Friday,Basic Crew T-Shirt,Tops,M,Black,1,399.00,0,399.00,UPI,Male,Young Adult (20-30),Men,INV000947,19:10:00,P01-M-BLACK
S001879,2026-08-14,Friday,Formal Shirt,Tops,L,Blue,1,999.00,0,999.00,UPI,Female,Adult (31-45),Men,INV000948,14:48:00,P05-L-BLUE
S001880,2026-08-14,Friday,Crop Top,Tops,M,White,1,599.00,0,599.00,Cash,Female,Adult (31-45),Women,INV000949,20:21:00,P11-M-WHITE
S001881,2026-08-14,Friday,Denim Jeggings,Bottoms,M,Black,1,999.00,0,999.00,Cash,Female,Adult (31-45),Women,INV000949,20:21:00,P10-M-BLACK
S001882,2026-08-14,Friday,Women Flats,Footwear,5,Black,1,799.00,0,799.00,Cash,Female,Teen (13-19),Women,INV000950,16:43:00,P32-5-BLACK
S001883,2026-08-14,Friday,Slim Fit Jeans,Bottoms,34,Black,1,1299.00,0,1299.00,Cash,Female,Teen (13-19),Men,INV000950,16:43:00,P03-34-BLACK
S001884,2026-08-14,Friday,Basic Crew T-Shirt,Tops,XL,Black,1,399.00,0,399.00,Card,Male,Young Adult (20-30),Men,INV000951,19:24:00,P01-XL-BLACK
S001885,2026-08-14,Friday,Formal Shirt,Tops,XL,White,1,999.00,0,999.00,Card,Male,Young Adult (20-30),Men,INV000952,20:31:00,P05-XL-WHITE
S001886,2026-08-14,Friday,Cotton Kurti,Ethnic Wear,XL,Maroon,1,999.00,0,999.00,Card,Male,Young Adult (20-30),Women,INV000952,20:31:00,P07-XL-MAROON
S001887,2026-08-14,Friday,Graphic Tee,Tops,M,Black,1,499.00,0,499.00,Card,Male,Young Adult (20-30),Men,INV000952,20:31:00,P06-M-BLACK
S001888,2026-08-14,Friday,Sneakers,Footwear,8,Grey,1,1499.00,0,1499.00,Cash,Female,Adult (31-45),Men,INV000953,17:58:00,P20-8-GREY
S001889,2026-08-14,Friday,Formal Shirt,Tops,L,Grey,1,999.00,0,999.00,Cash,Female,Adult (31-45),Men,INV000953,17:58:00,P05-L-GREY
S001890,2026-08-14,Friday,Women Flats,Footwear,6,Black,2,799.00,0,1598.00,UPI,Female,Adult (31-45),Women,INV000954,16:05:00,P32-6-BLACK
S001891,2026-08-14,Friday,Kids Denim Shorts,Bottoms,8-9Y,Blue,1,599.00,0,599.00,UPI,Female,Adult (31-45),Kids,INV000954,16:05:00,P16-89Y-BLUE
S001892,2026-08-14,Friday,Sneakers,Footwear,7,Grey,1,1499.00,0,1499.00,UPI,Female,Adult (31-45),Men,INV000954,16:05:00,P20-7-GREY
S001893,2026-08-14,Friday,Printed Top,Tops,S,White,1,699.00,0,699.00,UPI,Female,Adult (31-45),Women,INV000954,16:05:00,P12-S-WHITE
S001894,2026-08-14,Friday,Cotton Kurti,Ethnic Wear,L,Mustard,1,999.00,0,999.00,UPI,Female,Adult (31-45),Women,INV000954,16:05:00,P07-L-MUSTARD
S001895,2026-08-14,Friday,Crop Top,Tops,L,White,2,599.00,0,1198.00,UPI,Female,Teen (13-19),Women,INV000955,18:34:00,P11-L-WHITE
S001896,2026-08-14,Friday,Cotton Kurti,Ethnic Wear,L,Teal,1,999.00,0,999.00,UPI,Female,Teen (13-19),Women,INV000955,18:34:00,P07-L-TEAL
S001897,2026-08-14,Friday,Denim Jeggings,Bottoms,L,Indigo,1,999.00,0,999.00,UPI,Female,Teen (13-19),Women,INV000955,18:34:00,P10-L-INDIGO
S001898,2026-08-14,Friday,Sandals,Footwear,6,Gold,1,999.00,0,999.00,UPI,Female,Young Adult (20-30),Women,INV000956,21:00:00,P21-6-GOLD
S001899,2026-08-14,Friday,Belt,Accessories,36,Black,2,399.00,0,798.00,UPI,Female,Young Adult (20-30),Accessories,INV000956,21:00:00,P26-36-BLACK
S001900,2026-08-14,Friday,Straight Pants,Bottoms,L,Beige,1,799.00,0,799.00,Card,Female,Teen (13-19),Women,INV000957,16:51:00,P09-L-BEIGE
S001901,2026-08-14,Friday,Basic Crew T-Shirt,Tops,L,White,1,399.00,0,399.00,Card,Female,Teen (13-19),Men,INV000957,16:51:00,P01-L-WHITE
S001902,2026-08-14,Friday,Flip Flops,Footwear,10,Black,1,399.00,0,399.00,Card,Female,Teen (13-19),Men,INV000957,16:51:00,P23-10-BLACK
S001903,2026-08-14,Friday,Basic Crew T-Shirt,Tops,L,Navy,1,399.00,0,399.00,UPI,Female,Adult (31-45),Men,INV000958,12:46:00,P01-L-NAVY
S001904,2026-08-14,Friday,Slim Fit Jeans,Bottoms,30,Black,1,1299.00,0,1299.00,UPI,Female,Adult (31-45),Men,INV000958,12:46:00,P03-30-BLACK
S001905,2026-08-14,Friday,Graphic Tee,Tops,L,White,1,499.00,0,499.00,UPI,Female,Senior (46+),Men,INV000959,20:45:00,P06-L-WHITE
S001906,2026-08-14,Friday,Printed Top,Tops,M,White,1,699.00,0,699.00,Card,Male,Young Adult (20-30),Women,INV000960,20:09:00,P12-M-WHITE
S001907,2026-08-14,Friday,Kids Cartoon Tee,Tops,2-3Y,Yellow,1,399.00,0,399.00,Card,Male,Young Adult (20-30),Kids,INV000960,20:09:00,P15-23Y-YELLOW
S001908,2026-08-14,Friday,Kids Denim Shorts,Bottoms,2-3Y,Black,1,599.00,0,599.00,Card,Male,Young Adult (20-30),Kids,INV000960,20:09:00,P16-23Y-BLACK
S001909,2026-08-14,Friday,Women Flats,Footwear,6,Silver,2,799.00,0,1598.00,Card,Male,Young Adult (20-30),Women,INV000960,20:09:00,P32-6-SILVER
S001910,2026-08-14,Friday,Slim Fit Jeans,Bottoms,30,Navy,1,1299.00,0,1299.00,Card,Male,Adult (31-45),Men,INV000961,20:04:00,P03-30-NAVY
S001911,2026-08-14,Friday,Basic Crew T-Shirt,Tops,L,Black,1,399.00,0,399.00,Card,Male,Adult (31-45),Men,INV000961,20:04:00,P01-L-BLACK
S001912,2026-08-14,Friday,Flip Flops,Footwear,7,Grey,1,399.00,0,399.00,Card,Male,Adult (31-45),Men,INV000962,20:59:00,P23-7-GREY
S001913,2026-08-14,Friday,Palazzo Kurta Set,Ethnic Wear,M,Mustard,1,1399.00,0,1399.00,Card,Male,Adult (31-45),Women,INV000962,20:59:00,P14-M-MUSTARD
S001914,2026-08-14,Friday,Kids Ethnic Kurta Set,Ethnic Wear,2-3Y,Green,1,999.00,0,999.00,Card,Male,Adult (31-45),Kids,INV000962,20:59:00,P17-23Y-GREEN
S001915,2026-08-14,Friday,Formal Shirt,Tops,XL,White,1,999.00,0,999.00,UPI,Male,Adult (31-45),Men,INV000963,17:28:00,P05-XL-WHITE
S001916,2026-08-14,Friday,Kids Denim Shorts,Bottoms,4-5Y,Blue,1,599.00,0,599.00,UPI,Other,Young Adult (20-30),Kids,INV000964,18:46:00,P16-45Y-BLUE
S001917,2026-08-14,Friday,Crop Top,Tops,S,Black,1,599.00,0,599.00,UPI,Female,Young Adult (20-30),Women,INV000965,15:21:00,P11-S-BLACK
S001918,2026-08-14,Friday,Floral Kurti,Ethnic Wear,L,Blue,1,1199.00,0,1199.00,UPI,Female,Young Adult (20-30),Women,INV000965,15:21:00,P08-L-BLUE
S001919,2026-08-14,Friday,Floral Kurti,Ethnic Wear,M,Pink,1,1199.00,0,1199.00,Card,Female,Senior (46+),Women,INV000966,19:47:00,P08-M-PINK
S001920,2026-08-14,Friday,Sneakers,Footwear,9,White,1,1499.00,0,1499.00,Card,Male,Adult (31-45),Men,INV000967,20:28:00,P20-9-WHITE
S001921,2026-08-14,Friday,Basic Crew T-Shirt,Tops,M,Olive,1,399.00,0,399.00,Card,Male,Adult (31-45),Men,INV000967,20:28:00,P01-M-OLIVE
S001922,2026-08-14,Friday,Basic Crew T-Shirt,Tops,XL,Black,1,399.00,0,399.00,UPI,Female,Young Adult (20-30),Men,INV000968,17:44:00,P01-XL-BLACK
S001923,2026-08-14,Friday,Printed Top,Tops,M,Blue,1,699.00,0,699.00,UPI,Female,Young Adult (20-30),Women,INV000968,17:44:00,P12-M-BLUE
S001924,2026-08-14,Friday,Graphic Tee,Tops,L,White,1,499.00,0,499.00,UPI,Female,Young Adult (20-30),Men,INV000968,17:44:00,P06-L-WHITE
S001925,2026-08-14,Friday,Kids Denim Shorts,Bottoms,4-5Y,Black,1,599.00,0,599.00,Cash,Male,Young Adult (20-30),Kids,INV000969,20:54:00,P16-45Y-BLACK
S001926,2026-08-14,Friday,Kids Cartoon Tee,Tops,4-5Y,Blue,1,399.00,0,399.00,Cash,Male,Young Adult (20-30),Kids,INV000969,20:54:00,P15-45Y-BLUE
S001927,2026-08-14,Friday,Formal Shirt,Tops,L,Blue,1,999.00,0,999.00,Cash,Male,Young Adult (20-30),Men,INV000970,20:40:00,P05-L-BLUE
S001928,2026-08-14,Friday,Straight Pants,Bottoms,XL,Black,1,799.00,0,799.00,UPI,Female,Adult (31-45),Women,INV000971,14:55:00,P09-XL-BLACK
S001929,2026-08-14,Friday,Floral Kurti,Ethnic Wear,XL,Blue,1,1199.00,0,1199.00,Cash,Male,Young Adult (20-30),Women,INV000972,11:48:00,P08-XL-BLUE
S001930,2026-08-14,Friday,Kids Ethnic Kurta Set,Ethnic Wear,8-9Y,Mustard,1,999.00,0,999.00,Cash,Male,Young Adult (20-30),Kids,INV000972,11:48:00,P17-89Y-MUSTARD
S001931,2026-08-14,Friday,Cotton Kurti,Ethnic Wear,M,Mustard,1,999.00,0,999.00,Cash,Male,Young Adult (20-30),Women,INV000972,11:48:00,P07-M-MUSTARD
S001932,2026-08-14,Friday,Polo T-Shirt,Tops,M,Navy,1,699.00,0,699.00,UPI,Male,Adult (31-45),Men,INV000973,18:02:00,P02-M-NAVY
S001933,2026-08-14,Friday,Chino Trousers,Bottoms,34,Beige,1,1099.00,0,1099.00,UPI,Male,Adult (31-45),Men,INV000973,18:02:00,P04-34-BEIGE
S001934,2026-08-14,Friday,Cotton Kurti,Ethnic Wear,S,Teal,1,999.00,0,999.00,Card,Female,Young Adult (20-30),Women,INV000974,14:36:00,P07-S-TEAL
S001935,2026-08-14,Friday,Crop Top,Tops,L,Lavender,1,599.00,0,599.00,Cash,Female,Adult (31-45),Women,INV000975,17:49:00,P11-L-LAVENDER
S001936,2026-08-14,Friday,Slim Fit Jeans,Bottoms,34,Black,1,1299.00,0,1299.00,Cash,Female,Adult (31-45),Men,INV000975,17:49:00,P03-34-BLACK
S001937,2026-08-14,Friday,Cotton Kurti,Ethnic Wear,L,Mustard,2,999.00,0,1998.00,Cash,Female,Adult (31-45),Women,INV000975,17:49:00,P07-L-MUSTARD
S001938,2026-08-14,Friday,Formal Shirt,Tops,M,White,1,999.00,0,999.00,Card,Female,Young Adult (20-30),Men,INV000976,18:34:00,P05-M-WHITE
S001939,2026-08-14,Friday,Crop Top,Tops,M,Lavender,1,599.00,0,599.00,Card,Female,Young Adult (20-30),Women,INV000976,18:34:00,P11-M-LAVENDER
S001940,2026-08-14,Friday,Straight Pants,Bottoms,M,Beige,1,799.00,0,799.00,UPI,Female,Young Adult (20-30),Women,INV000977,19:56:00,P09-M-BEIGE
S001941,2026-08-14,Friday,Flip Flops,Footwear,7,Black,1,399.00,0,399.00,UPI,Female,Young Adult (20-30),Men,INV000977,19:56:00,P23-7-BLACK
S001942,2026-08-14,Friday,Cotton Kurti,Ethnic Wear,S,Mustard,1,999.00,0,999.00,UPI,Female,Young Adult (20-30),Women,INV000978,14:05:00,P07-S-MUSTARD
S001943,2026-08-14,Friday,Printed Top,Tops,XL,White,2,699.00,0,1398.00,UPI,Female,Young Adult (20-30),Women,INV000978,14:05:00,P12-XL-WHITE
S001944,2026-08-14,Friday,Denim Jeggings,Bottoms,M,Black,1,999.00,0,999.00,Cash,Male,Teen (13-19),Women,INV000979,15:30:00,P10-M-BLACK
S001945,2026-08-14,Friday,Basic Crew T-Shirt,Tops,L,White,1,399.00,0,399.00,Cash,Male,Teen (13-19),Men,INV000979,15:30:00,P01-L-WHITE
S001946,2026-08-14,Friday,Basic Crew T-Shirt,Tops,XL,White,1,399.00,0,399.00,Cash,Male,Teen (13-19),Men,INV000979,15:30:00,P01-XL-WHITE
S001947,2026-08-14,Friday,Basic Crew T-Shirt,Tops,L,Black,1,399.00,0,399.00,Card,Male,Young Adult (20-30),Men,INV000980,21:30:00,P01-L-BLACK
S001948,2026-08-14,Friday,Basic Crew T-Shirt,Tops,L,White,1,399.00,0,399.00,UPI,Male,Senior (46+),Men,INV000981,17:51:00,P01-L-WHITE
S001949,2026-08-14,Friday,Graphic Tee,Tops,L,Red,1,499.00,0,499.00,UPI,Male,Young Adult (20-30),Men,INV000982,19:57:00,P06-L-RED
S001950,2026-08-14,Friday,Sandals,Footwear,8,Tan,1,999.00,0,999.00,UPI,Male,Young Adult (20-30),Women,INV000982,19:57:00,P21-8-TAN
S001951,2026-08-14,Friday,Crop Top,Tops,M,White,1,599.00,0,599.00,Card,Male,Teen (13-19),Women,INV000983,20:20:00,P11-M-WHITE
S001952,2026-08-14,Friday,Slim Fit Jeans,Bottoms,34,Black,1,1299.00,0,1299.00,Card,Male,Teen (13-19),Men,INV000983,20:20:00,P03-34-BLACK
S001953,2026-08-14,Friday,Basic Crew T-Shirt,Tops,M,Olive,1,399.00,0,399.00,UPI,Male,Teen (13-19),Men,INV000984,21:10:00,P01-M-OLIVE
S001954,2026-08-14,Friday,Chino Trousers,Bottoms,34,Beige,1,1099.00,0,1099.00,UPI,Male,Teen (13-19),Men,INV000984,21:10:00,P04-34-BEIGE
S001955,2026-08-14,Friday,Kids Joggers,Bottoms,6-7Y,Grey,1,699.00,0,699.00,Card,Other,Young Adult (20-30),Kids,INV000985,17:01:00,P19-67Y-GREY
S001956,2026-08-14,Friday,Slim Fit Jeans,Bottoms,30,Navy,1,1299.00,0,1299.00,Card,Other,Young Adult (20-30),Men,INV000985,17:01:00,P03-30-NAVY
S001957,2026-08-14,Friday,Slim Fit Jeans,Bottoms,32,Black,1,1299.00,0,1299.00,Card,Male,Adult (31-45),Men,INV000986,19:08:00,P03-32-BLACK
S001958,2026-08-14,Friday,Polo T-Shirt,Tops,M,Grey,1,699.00,0,699.00,Card,Male,Adult (31-45),Men,INV000986,19:08:00,P02-M-GREY
S001959,2026-08-14,Friday,Graphic Tee,Tops,XL,Black,1,499.00,0,499.00,Card,Male,Adult (31-45),Men,INV000986,19:08:00,P06-XL-BLACK
S001960,2026-08-14,Friday,Basic Crew T-Shirt,Tops,XL,Navy,1,399.00,0,399.00,UPI,Female,Young Adult (20-30),Men,INV000987,16:33:00,P01-XL-NAVY
S001961,2026-08-14,Friday,Kids Ethnic Kurta Set,Ethnic Wear,8-9Y,Maroon,1,999.00,0,999.00,Card,Male,Teen (13-19),Kids,INV000988,16:26:00,P17-89Y-MAROON
S001962,2026-08-14,Friday,Floral Kurti,Ethnic Wear,L,Pink,1,1199.00,0,1199.00,Cash,Male,Senior (46+),Women,INV000989,10:56:00,P08-L-PINK
S001963,2026-08-14,Friday,Belt,Accessories,36,Brown,1,399.00,0,399.00,Cash,Male,Senior (46+),Accessories,INV000989,10:56:00,P26-36-BROWN
S001964,2026-08-14,Friday,Basic Crew T-Shirt,Tops,L,Navy,1,399.00,0,399.00,Cash,Male,Senior (46+),Men,INV000989,10:56:00,P01-L-NAVY
S001965,2026-08-14,Friday,Graphic Tee,Tops,XL,White,1,499.00,0,499.00,UPI,Female,Teen (13-19),Men,INV000990,17:36:00,P06-XL-WHITE
S001966,2026-08-14,Friday,Sandals,Footwear,5,Tan,1,999.00,0,999.00,UPI,Female,Teen (13-19),Women,INV000990,17:36:00,P21-5-TAN
S001967,2026-08-14,Friday,Sneakers,Footwear,8,Grey,1,1499.00,0,1499.00,Cash,Male,Young Adult (20-30),Men,INV000991,17:36:00,P20-8-GREY
S001968,2026-08-14,Friday,Women Flats,Footwear,7,Black,1,799.00,0,799.00,Cash,Male,Young Adult (20-30),Women,INV000991,17:36:00,P32-7-BLACK
S001969,2026-08-14,Friday,Belt,Accessories,36,Black,1,399.00,0,399.00,Cash,Female,Teen (13-19),Accessories,INV000992,17:31:00,P26-36-BLACK
S001970,2026-08-14,Friday,Crop Top,Tops,M,Black,1,599.00,0,599.00,Cash,Female,Teen (13-19),Women,INV000992,17:31:00,P11-M-BLACK
S001971,2026-08-14,Friday,Graphic Tee,Tops,S,White,1,499.00,0,499.00,Cash,Female,Teen (13-19),Men,INV000992,17:31:00,P06-S-WHITE
S001972,2026-08-15,Saturday,Cotton Kurti,Ethnic Wear,M,Mustard,1,999.00,0,999.00,UPI,Female,Adult (31-45),Women,INV000993,14:08:00,P07-M-MUSTARD
S001973,2026-08-15,Saturday,Sneakers,Footwear,8,Black,1,1499.00,0,1499.00,Card,Female,Young Adult (20-30),Men,INV000994,19:10:00,P20-8-BLACK
S001974,2026-08-15,Saturday,Basic Crew T-Shirt,Tops,M,Black,1,399.00,0,399.00,Card,Female,Young Adult (20-30),Men,INV000994,19:10:00,P01-M-BLACK
S001975,2026-08-15,Saturday,Cotton Kurti,Ethnic Wear,XS,Mustard,1,999.00,0,999.00,Card,Male,Young Adult (20-30),Women,INV000995,15:52:00,P07-XS-MUSTARD
S001976,2026-08-15,Saturday,Kids Joggers,Bottoms,8-9Y,Navy,1,699.00,0,699.00,UPI,Male,Adult (31-45),Kids,INV000996,14:09:00,P19-89Y-NAVY
S001977,2026-08-15,Saturday,Printed Top,Tops,XS,White,2,699.00,0,1398.00,UPI,Male,Adult (31-45),Women,INV000996,14:09:00,P12-XS-WHITE
S001978,2026-08-15,Saturday,Cotton Kurti,Ethnic Wear,S,Maroon,1,999.00,0,999.00,UPI,Male,Senior (46+),Women,INV000997,16:28:00,P07-S-MAROON
S001979,2026-08-15,Saturday,Crop Top,Tops,M,White,1,599.00,0,599.00,Card,Female,Young Adult (20-30),Women,INV000998,16:12:00,P11-M-WHITE
S001980,2026-08-15,Saturday,Denim Jeggings,Bottoms,L,Black,1,999.00,0,999.00,Card,Female,Young Adult (20-30),Women,INV000998,16:12:00,P10-L-BLACK
S001981,2026-08-15,Saturday,Floral Kurti,Ethnic Wear,XS,Pink,1,1199.00,0,1199.00,Card,Female,Young Adult (20-30),Women,INV000998,16:12:00,P08-XS-PINK
S001982,2026-08-15,Saturday,Cotton Kurti,Ethnic Wear,L,Maroon,1,999.00,0,999.00,UPI,Female,Young Adult (20-30),Women,INV000999,11:35:00,P07-L-MAROON
S001983,2026-08-15,Saturday,Floral Kurti,Ethnic Wear,XL,Blue,1,1199.00,0,1199.00,Cash,Female,Adult (31-45),Women,INV001000,18:21:00,P08-XL-BLUE
S001984,2026-08-15,Saturday,Basic Crew T-Shirt,Tops,L,Navy,1,399.00,0,399.00,Cash,Female,Adult (31-45),Men,INV001000,18:21:00,P01-L-NAVY
S001985,2026-08-15,Saturday,Women Flats,Footwear,6,Silver,1,799.00,0,799.00,Cash,Female,Adult (31-45),Women,INV001000,18:21:00,P32-6-SILVER
S001986,2026-08-15,Saturday,Graphic Tee,Tops,M,Black,1,499.00,0,499.00,UPI,Male,Teen (13-19),Men,INV001001,20:55:00,P06-M-BLACK
S001987,2026-08-15,Saturday,Kids Cartoon Tee,Tops,6-7Y,Red,3,399.00,0,1197.00,UPI,Male,Teen (13-19),Kids,INV001001,20:55:00,P15-67Y-RED
S001988,2026-08-15,Saturday,Basic Crew T-Shirt,Tops,L,Olive,1,399.00,0,399.00,UPI,Male,Teen (13-19),Men,INV001001,20:55:00,P01-L-OLIVE
S001989,2026-08-15,Saturday,Flip Flops,Footwear,9,Navy,1,399.00,0,399.00,UPI,Male,Teen (13-19),Men,INV001001,20:55:00,P23-9-NAVY
S001990,2026-08-15,Saturday,Basic Crew T-Shirt,Tops,L,Olive,2,399.00,0,798.00,UPI,Male,Adult (31-45),Men,INV001002,17:38:00,P01-L-OLIVE
S001991,2026-08-15,Saturday,Flip Flops,Footwear,7,Grey,1,399.00,0,399.00,UPI,Male,Adult (31-45),Men,INV001002,17:38:00,P23-7-GREY
S001992,2026-08-15,Saturday,Kids Ethnic Kurta Set,Ethnic Wear,2-3Y,Maroon,1,999.00,0,999.00,UPI,Male,Adult (31-45),Kids,INV001002,17:38:00,P17-23Y-MAROON
S001993,2026-08-15,Saturday,Sneakers,Footwear,7,Black,2,1499.00,0,2998.00,Cash,Male,Young Adult (20-30),Men,INV001003,19:36:00,P20-7-BLACK
S001994,2026-08-15,Saturday,Polo T-Shirt,Tops,L,Grey,1,699.00,0,699.00,Cash,Male,Young Adult (20-30),Men,INV001003,19:36:00,P02-L-GREY
S001995,2026-08-15,Saturday,Formal Shirt,Tops,S,White,1,999.00,0,999.00,Cash,Male,Adult (31-45),Men,INV001004,18:38:00,P05-S-WHITE
S001996,2026-08-15,Saturday,Kids Joggers,Bottoms,4-5Y,Navy,1,699.00,0,699.00,Cash,Male,Adult (31-45),Kids,INV001004,18:38:00,P19-45Y-NAVY
S001997,2026-08-15,Saturday,Kids Joggers,Bottoms,2-3Y,Grey,1,699.00,0,699.00,Card,Male,Young Adult (20-30),Kids,INV001005,11:00:00,P19-23Y-GREY
S001998,2026-08-15,Saturday,Basic Crew T-Shirt,Tops,L,Navy,1,399.00,0,399.00,Card,Male,Young Adult (20-30),Men,INV001005,11:00:00,P01-L-NAVY
S001999,2026-08-15,Saturday,Cotton Kurti,Ethnic Wear,XL,Teal,1,999.00,0,999.00,UPI,Female,Adult (31-45),Women,INV001006,13:11:00,P07-XL-TEAL
S002000,2026-08-15,Saturday,Slim Fit Jeans,Bottoms,34,Navy,1,1299.00,0,1299.00,Card,Male,Adult (31-45),Men,INV001007,11:25:00,P03-34-NAVY
S002001,2026-08-15,Saturday,Floral Kurti,Ethnic Wear,M,Blue,2,1199.00,0,2398.00,Card,Male,Adult (31-45),Women,INV001007,11:25:00,P08-M-BLUE
S002002,2026-08-15,Saturday,Basic Crew T-Shirt,Tops,S,Black,1,399.00,0,399.00,Card,Male,Young Adult (20-30),Men,INV001008,17:41:00,P01-S-BLACK
S002003,2026-08-15,Saturday,Basic Crew T-Shirt,Tops,XL,Black,1,399.00,0,399.00,Card,Male,Young Adult (20-30),Men,INV001008,17:41:00,P01-XL-BLACK
S002004,2026-08-15,Saturday,Slim Fit Jeans,Bottoms,36,Navy,1,1299.00,0,1299.00,Card,Male,Young Adult (20-30),Men,INV001008,17:41:00,P03-36-NAVY
S002005,2026-08-15,Saturday,Basic Crew T-Shirt,Tops,S,Olive,1,399.00,0,399.00,Card,Female,Young Adult (20-30),Men,INV001009,14:17:00,P01-S-OLIVE
S002006,2026-08-15,Saturday,Kids Sports Shoes,Footwear,13C,Black,1,899.00,0,899.00,Card,Female,Young Adult (20-30),Kids,INV001009,14:17:00,P22-13C-BLACK
S002007,2026-08-15,Saturday,Women Flats,Footwear,5,Silver,1,799.00,0,799.00,Card,Female,Young Adult (20-30),Women,INV001009,14:17:00,P32-5-SILVER
S002008,2026-08-15,Saturday,Cotton Kurti,Ethnic Wear,L,Mustard,1,999.00,0,999.00,UPI,Female,Adult (31-45),Women,INV001010,16:35:00,P07-L-MUSTARD
S002009,2026-08-15,Saturday,Formal Shirt,Tops,S,Blue,1,999.00,0,999.00,UPI,Female,Adult (31-45),Men,INV001010,16:35:00,P05-S-BLUE
S002010,2026-08-15,Saturday,Kids Cartoon Tee,Tops,8-9Y,Blue,1,399.00,0,399.00,UPI,Female,Adult (31-45),Kids,INV001010,16:35:00,P15-89Y-BLUE
S002011,2026-08-15,Saturday,Crop Top,Tops,L,White,1,599.00,0,599.00,Cash,Female,Young Adult (20-30),Women,INV001011,13:45:00,P11-L-WHITE
S002012,2026-08-15,Saturday,Sneakers,Footwear,7,Black,1,1499.00,0,1499.00,Cash,Female,Young Adult (20-30),Men,INV001011,13:45:00,P20-7-BLACK
S002013,2026-08-15,Saturday,Denim Jeggings,Bottoms,M,Indigo,1,999.00,0,999.00,UPI,Male,Adult (31-45),Women,INV001012,17:38:00,P10-M-INDIGO
S002014,2026-08-15,Saturday,Floral Kurti,Ethnic Wear,M,Green,2,1199.00,0,2398.00,UPI,Male,Adult (31-45),Women,INV001012,17:38:00,P08-M-GREEN
S002015,2026-08-15,Saturday,Flip Flops,Footwear,8,Grey,1,399.00,0,399.00,UPI,Male,Adult (31-45),Men,INV001012,17:38:00,P23-8-GREY
S002016,2026-08-15,Saturday,Kids Cartoon Tee,Tops,4-5Y,Blue,1,399.00,0,399.00,Cash,Female,Young Adult (20-30),Kids,INV001013,12:30:00,P15-45Y-BLUE
S002017,2026-08-15,Saturday,Palazzo Kurta Set,Ethnic Wear,M,Maroon,1,1399.00,0,1399.00,Cash,Female,Young Adult (20-30),Women,INV001013,12:30:00,P14-M-MAROON
S002018,2026-08-15,Saturday,Basic Crew T-Shirt,Tops,M,Black,1,399.00,0,399.00,Cash,Female,Young Adult (20-30),Men,INV001013,12:30:00,P01-M-BLACK
S002019,2026-08-15,Saturday,Crop Top,Tops,L,Lavender,1,599.00,0,599.00,UPI,Male,Teen (13-19),Women,INV001014,20:19:00,P11-L-LAVENDER
S002020,2026-08-15,Saturday,Basic Crew T-Shirt,Tops,L,White,1,399.00,0,399.00,UPI,Male,Teen (13-19),Men,INV001014,20:19:00,P01-L-WHITE
S002021,2026-08-15,Saturday,Cotton Kurti,Ethnic Wear,XL,Teal,1,999.00,0,999.00,UPI,Male,Teen (13-19),Women,INV001014,20:19:00,P07-XL-TEAL
S002022,2026-08-15,Saturday,Formal Shirt,Tops,S,Grey,1,999.00,0,999.00,UPI,Female,Senior (46+),Men,INV001015,17:56:00,P05-S-GREY
S002023,2026-08-15,Saturday,Sneakers,Footwear,7,Grey,1,1499.00,0,1499.00,UPI,Female,Senior (46+),Men,INV001015,17:56:00,P20-7-GREY
S002024,2026-08-15,Saturday,Women Flats,Footwear,5,Black,1,799.00,0,799.00,UPI,Male,Young Adult (20-30),Women,INV001016,20:39:00,P32-5-BLACK
S002025,2026-08-15,Saturday,Kids Joggers,Bottoms,2-3Y,Black,1,699.00,0,699.00,Cash,Male,Senior (46+),Kids,INV001017,20:54:00,P19-23Y-BLACK
S002026,2026-08-15,Saturday,Kids Ethnic Kurta Set,Ethnic Wear,6-7Y,Mustard,1,999.00,0,999.00,Cash,Male,Senior (46+),Kids,INV001017,20:54:00,P17-67Y-MUSTARD
S002027,2026-08-15,Saturday,Basic Crew T-Shirt,Tops,L,Olive,2,399.00,0,798.00,UPI,Male,Young Adult (20-30),Men,INV001018,20:41:00,P01-L-OLIVE
S002028,2026-08-15,Saturday,Scarf,Accessories,OneSize,Floral,1,499.00,0,499.00,UPI,Male,Young Adult (20-30),Accessories,INV001018,20:41:00,P30-ONESIZE-FLORAL
S002029,2026-08-15,Saturday,Handbag,Accessories,OneSize,Black,1,999.00,0,999.00,Cash,Male,Young Adult (20-30),Accessories,INV001019,15:18:00,P24-ONESIZE-BLACK
S002030,2026-08-15,Saturday,Graphic Tee,Tops,M,White,1,499.00,0,499.00,Cash,Male,Young Adult (20-30),Men,INV001019,15:18:00,P06-M-WHITE
S002031,2026-08-15,Saturday,Kids Cartoon Tee,Tops,4-5Y,Yellow,3,399.00,0,1197.00,UPI,Male,Young Adult (20-30),Kids,INV001020,16:14:00,P15-45Y-YELLOW
S002032,2026-08-15,Saturday,Basic Crew T-Shirt,Tops,L,Olive,1,399.00,0,399.00,Cash,Male,Senior (46+),Men,INV001021,12:47:00,P01-L-OLIVE
S002033,2026-08-15,Saturday,Polo T-Shirt,Tops,L,Navy,3,699.00,0,2097.00,Cash,Male,Senior (46+),Men,INV001021,12:47:00,P02-L-NAVY
S002034,2026-08-15,Saturday,Wallet,Accessories,OneSize,Brown,1,499.00,0,499.00,Cash,Male,Senior (46+),Accessories,INV001021,12:47:00,P27-ONESIZE-BROWN
S002035,2026-08-15,Saturday,Sandals,Footwear,7,Tan,1,999.00,0,999.00,Cash,Female,Senior (46+),Women,INV001022,13:19:00,P21-7-TAN
S002036,2026-08-15,Saturday,Cotton Kurti,Ethnic Wear,XL,Mustard,1,999.00,0,999.00,Cash,Female,Senior (46+),Women,INV001022,13:19:00,P07-XL-MUSTARD
S002037,2026-08-15,Saturday,Printed Top,Tops,L,Red,1,699.00,0,699.00,Cash,Female,Senior (46+),Women,INV001022,13:19:00,P12-L-RED
S002038,2026-08-15,Saturday,Cotton Kurti,Ethnic Wear,M,Maroon,1,999.00,0,999.00,Cash,Female,Senior (46+),Women,INV001022,13:19:00,P07-M-MAROON
S002039,2026-08-15,Saturday,Flip Flops,Footwear,7,Black,1,399.00,0,399.00,Card,Female,Young Adult (20-30),Men,INV001023,18:51:00,P23-7-BLACK
S002040,2026-08-15,Saturday,Basic Crew T-Shirt,Tops,S,Black,1,399.00,0,399.00,Card,Female,Young Adult (20-30),Men,INV001023,18:51:00,P01-S-BLACK
S002041,2026-08-15,Saturday,Cotton Kurti,Ethnic Wear,XS,Mustard,2,999.00,0,1998.00,Card,Female,Young Adult (20-30),Women,INV001023,18:51:00,P07-XS-MUSTARD
S002042,2026-08-15,Saturday,Graphic Tee,Tops,XL,Black,1,499.00,0,499.00,Card,Female,Young Adult (20-30),Men,INV001023,18:51:00,P06-XL-BLACK
S002043,2026-08-15,Saturday,Basic Crew T-Shirt,Tops,M,Black,1,399.00,0,399.00,Cash,Female,Adult (31-45),Men,INV001024,13:39:00,P01-M-BLACK
S002044,2026-08-15,Saturday,Cotton Kurti,Ethnic Wear,L,Teal,1,999.00,0,999.00,Cash,Female,Senior (46+),Women,INV001025,15:10:00,P07-L-TEAL
S002045,2026-08-15,Saturday,Kids Lehenga Set,Ethnic Wear,4-5Y,Pink,1,1299.00,0,1299.00,Cash,Female,Senior (46+),Kids,INV001025,15:10:00,P18-45Y-PINK
S002046,2026-08-15,Saturday,Hair Accessories Set,Accessories,OneSize,Multicolor,2,199.00,0,398.00,UPI,Male,Teen (13-19),Accessories,INV001026,20:11:00,P28-ONESIZE-MULTICOL
S002047,2026-08-15,Saturday,Crop Top,Tops,M,Lavender,1,599.00,0,599.00,Cash,Male,Adult (31-45),Women,INV001027,16:21:00,P11-M-LAVENDER
S002048,2026-08-15,Saturday,Polo T-Shirt,Tops,M,Navy,1,699.00,0,699.00,Cash,Male,Adult (31-45),Men,INV001027,16:21:00,P02-M-NAVY
S002049,2026-08-15,Saturday,Formal Shirt,Tops,M,Grey,1,999.00,0,999.00,Card,Female,Senior (46+),Men,INV001028,19:54:00,P05-M-GREY
S002050,2026-08-15,Saturday,Crop Top,Tops,M,White,1,599.00,0,599.00,Card,Female,Senior (46+),Women,INV001028,19:54:00,P11-M-WHITE
S002051,2026-08-15,Saturday,Basic Crew T-Shirt,Tops,L,Black,1,399.00,0,399.00,Card,Female,Senior (46+),Men,INV001028,19:54:00,P01-L-BLACK
S002052,2026-08-15,Saturday,Crop Top,Tops,S,Black,1,599.00,0,599.00,UPI,Male,Adult (31-45),Women,INV001029,20:24:00,P11-S-BLACK
S002053,2026-08-15,Saturday,Palazzo Kurta Set,Ethnic Wear,M,Maroon,1,1399.00,0,1399.00,UPI,Female,Young Adult (20-30),Women,INV001030,15:51:00,P14-M-MAROON
S002054,2026-08-15,Saturday,Basic Crew T-Shirt,Tops,S,Black,1,399.00,0,399.00,Card,Male,Adult (31-45),Men,INV001031,12:29:00,P01-S-BLACK
S002055,2026-08-15,Saturday,Sneakers,Footwear,10,White,1,1499.00,0,1499.00,Card,Male,Adult (31-45),Men,INV001031,12:29:00,P20-10-WHITE
S002056,2026-08-15,Saturday,Straight Pants,Bottoms,M,Beige,1,799.00,0,799.00,UPI,Male,Teen (13-19),Women,INV001032,14:10:00,P09-M-BEIGE
S002057,2026-08-15,Saturday,Sandals,Footwear,6,Tan,1,999.00,0,999.00,UPI,Female,Adult (31-45),Women,INV001033,20:10:00,P21-6-TAN
S002058,2026-08-15,Saturday,Wallet,Accessories,OneSize,Black,1,499.00,0,499.00,UPI,Female,Adult (31-45),Accessories,INV001033,20:10:00,P27-ONESIZE-BLACK
S002059,2026-08-15,Saturday,Kids Lehenga Set,Ethnic Wear,8-9Y,Pink,1,1299.00,0,1299.00,Cash,Female,Young Adult (20-30),Kids,INV001034,19:57:00,P18-89Y-PINK
S002060,2026-08-15,Saturday,Graphic Tee,Tops,M,Black,1,499.00,0,499.00,UPI,Female,Adult (31-45),Men,INV001035,12:46:00,P06-M-BLACK
S002061,2026-08-15,Saturday,Kids Sports Shoes,Footwear,11C,Black,1,899.00,0,899.00,Card,Male,Young Adult (20-30),Kids,INV001036,18:52:00,P22-11C-BLACK
S002062,2026-08-15,Saturday,Polo T-Shirt,Tops,XL,Grey,1,699.00,0,699.00,Card,Male,Young Adult (20-30),Men,INV001036,18:52:00,P02-XL-GREY
S002063,2026-08-15,Saturday,Denim Jeggings,Bottoms,XL,Black,1,999.00,0,999.00,Card,Male,Young Adult (20-30),Women,INV001036,18:52:00,P10-XL-BLACK
S002064,2026-08-15,Saturday,Kids Sports Shoes,Footwear,12C,Pink,2,899.00,0,1798.00,Card,Male,Young Adult (20-30),Kids,INV001036,18:52:00,P22-12C-PINK
S002065,2026-08-15,Saturday,Formal Shirt,Tops,M,Blue,2,999.00,0,1998.00,Card,Male,Young Adult (20-30),Men,INV001036,18:52:00,P05-M-BLUE
S002066,2026-08-15,Saturday,Basic Crew T-Shirt,Tops,L,Navy,1,399.00,0,399.00,UPI,Female,Young Adult (20-30),Men,INV001037,14:51:00,P01-L-NAVY
S002067,2026-08-15,Saturday,Graphic Tee,Tops,L,Red,1,499.00,0,499.00,UPI,Female,Young Adult (20-30),Men,INV001037,14:51:00,P06-L-RED
S002068,2026-08-15,Saturday,Belt,Accessories,36,Black,1,399.00,0,399.00,UPI,Female,Young Adult (20-30),Accessories,INV001037,14:51:00,P26-36-BLACK
S002069,2026-08-15,Saturday,Kids Lehenga Set,Ethnic Wear,4-5Y,Mint,1,1299.00,0,1299.00,Cash,Female,Young Adult (20-30),Kids,INV001038,20:15:00,P18-45Y-MINT
S002070,2026-08-15,Saturday,Kids Sports Shoes,Footwear,11C,Black,1,899.00,0,899.00,UPI,Female,Young Adult (20-30),Kids,INV001039,14:59:00,P22-11C-BLACK
S002071,2026-08-15,Saturday,Floral Kurti,Ethnic Wear,L,Blue,2,1199.00,0,2398.00,UPI,Female,Young Adult (20-30),Women,INV001039,14:59:00,P08-L-BLUE
S002072,2026-08-15,Saturday,Printed Top,Tops,M,Blue,1,699.00,0,699.00,UPI,Female,Young Adult (20-30),Women,INV001039,14:59:00,P12-M-BLUE
S002073,2026-08-15,Saturday,Palazzo Kurta Set,Ethnic Wear,M,Mustard,2,1399.00,0,2798.00,Cash,Female,Adult (31-45),Women,INV001040,15:25:00,P14-M-MUSTARD
S002074,2026-08-15,Saturday,Printed Top,Tops,L,Red,1,699.00,0,699.00,Cash,Female,Adult (31-45),Women,INV001040,15:25:00,P12-L-RED
S002075,2026-08-15,Saturday,Formal Shirt,Tops,M,Grey,1,999.00,0,999.00,Cash,Female,Adult (31-45),Men,INV001040,15:25:00,P05-M-GREY
S002076,2026-08-15,Saturday,Kids Joggers,Bottoms,6-7Y,Grey,1,699.00,0,699.00,UPI,Male,Young Adult (20-30),Kids,INV001041,11:13:00,P19-67Y-GREY
S002077,2026-08-15,Saturday,Printed Top,Tops,L,White,2,699.00,0,1398.00,Cash,Female,Young Adult (20-30),Women,INV001042,20:22:00,P12-L-WHITE
S002078,2026-08-15,Saturday,Crop Top,Tops,XS,White,1,599.00,0,599.00,Card,Female,Young Adult (20-30),Women,INV001043,20:06:00,P11-XS-WHITE
S002079,2026-08-15,Saturday,Formal Shirt,Tops,M,Blue,1,999.00,0,999.00,Card,Female,Young Adult (20-30),Men,INV001043,20:06:00,P05-M-BLUE
S002080,2026-08-15,Saturday,Flip Flops,Footwear,8,Navy,2,399.00,0,798.00,Card,Female,Young Adult (20-30),Men,INV001043,20:06:00,P23-8-NAVY
S002081,2026-08-15,Saturday,Women Flats,Footwear,8,Black,1,799.00,0,799.00,UPI,Male,Senior (46+),Women,INV001044,18:22:00,P32-8-BLACK
S002082,2026-08-15,Saturday,Graphic Tee,Tops,XL,Red,1,499.00,0,499.00,Card,Female,Young Adult (20-30),Men,INV001045,13:20:00,P06-XL-RED
S002083,2026-08-15,Saturday,Palazzo Kurta Set,Ethnic Wear,L,Teal,2,1399.00,0,2798.00,Card,Female,Young Adult (20-30),Women,INV001045,13:20:00,P14-L-TEAL
S002084,2026-08-15,Saturday,Basic Crew T-Shirt,Tops,M,Olive,1,399.00,0,399.00,Card,Female,Young Adult (20-30),Men,INV001045,13:20:00,P01-M-OLIVE
S002085,2026-08-15,Saturday,Kids Ethnic Kurta Set,Ethnic Wear,4-5Y,Green,1,999.00,0,999.00,UPI,Female,Teen (13-19),Kids,INV001046,11:49:00,P17-45Y-GREEN
S002086,2026-08-15,Saturday,Polo T-Shirt,Tops,L,Maroon,1,699.00,0,699.00,UPI,Male,Young Adult (20-30),Men,INV001047,20:12:00,P02-L-MAROON
S002087,2026-08-15,Saturday,Women Flats,Footwear,6,Silver,1,799.00,0,799.00,Cash,Female,Teen (13-19),Women,INV001048,14:54:00,P32-6-SILVER
S002088,2026-08-15,Saturday,Straight Pants,Bottoms,M,Navy,1,799.00,0,799.00,Cash,Female,Teen (13-19),Women,INV001048,14:54:00,P09-M-NAVY
S002089,2026-08-15,Saturday,Straight Pants,Bottoms,L,Beige,1,799.00,0,799.00,Card,Female,Young Adult (20-30),Women,INV001049,13:09:00,P09-L-BEIGE
S002090,2026-08-15,Saturday,Women Flats,Footwear,8,Black,1,799.00,0,799.00,Card,Female,Young Adult (20-30),Women,INV001049,13:09:00,P32-8-BLACK
S002091,2026-08-15,Saturday,Sandals,Footwear,7,Black,1,999.00,0,999.00,Card,Female,Young Adult (20-30),Women,INV001049,13:09:00,P21-7-BLACK
S002092,2026-08-15,Saturday,Polo T-Shirt,Tops,L,Grey,1,699.00,0,699.00,UPI,Female,Adult (31-45),Men,INV001050,18:03:00,P02-L-GREY
S002093,2026-08-15,Saturday,Chino Trousers,Bottoms,30,Olive,2,1099.00,0,2198.00,UPI,Female,Adult (31-45),Men,INV001050,18:03:00,P04-30-OLIVE
S002094,2026-08-15,Saturday,Kids Ethnic Kurta Set,Ethnic Wear,8-9Y,Mustard,1,999.00,0,999.00,UPI,Female,Young Adult (20-30),Kids,INV001051,10:50:00,P17-89Y-MUSTARD
S002095,2026-08-15,Saturday,Palazzo Kurta Set,Ethnic Wear,L,Maroon,1,1399.00,0,1399.00,UPI,Female,Young Adult (20-30),Women,INV001051,10:50:00,P14-L-MAROON
S002096,2026-08-15,Saturday,Wallet,Accessories,OneSize,Black,1,499.00,0,499.00,UPI,Female,Young Adult (20-30),Accessories,INV001051,10:50:00,P27-ONESIZE-BLACK
S002097,2026-08-15,Saturday,Anarkali Kurta Set,Ethnic Wear,L,Emerald,1,1799.00,30,1259.30,UPI,Male,Teen (13-19),Women,INV001052,20:56:00,P13-L-EMERALD
S002098,2026-08-15,Saturday,Sneakers,Footwear,8,White,1,1499.00,0,1499.00,UPI,Male,Teen (13-19),Men,INV001052,20:56:00,P20-8-WHITE
S002099,2026-08-15,Saturday,Palazzo Kurta Set,Ethnic Wear,L,Teal,1,1399.00,0,1399.00,UPI,Male,Young Adult (20-30),Women,INV001053,19:47:00,P14-L-TEAL
S002100,2026-08-15,Saturday,Anarkali Kurta Set,Ethnic Wear,S,Wine,1,1799.00,30,1259.30,UPI,Male,Young Adult (20-30),Women,INV001053,19:47:00,P13-S-WINE
S002101,2026-08-15,Saturday,Crop Top,Tops,L,Lavender,1,599.00,0,599.00,Card,Female,Young Adult (20-30),Women,INV001054,18:44:00,P11-L-LAVENDER
S002102,2026-08-15,Saturday,Wallet,Accessories,OneSize,Black,2,499.00,0,998.00,Card,Female,Young Adult (20-30),Accessories,INV001054,18:44:00,P27-ONESIZE-BLACK
S002103,2026-08-15,Saturday,Kids Lehenga Set,Ethnic Wear,6-7Y,Mint,1,1299.00,0,1299.00,Card,Female,Young Adult (20-30),Kids,INV001055,12:15:00,P18-67Y-MINT
S002104,2026-08-15,Saturday,Basic Crew T-Shirt,Tops,S,White,1,399.00,0,399.00,Card,Female,Young Adult (20-30),Men,INV001055,12:15:00,P01-S-WHITE
S002105,2026-08-15,Saturday,Printed Top,Tops,XL,Blue,1,699.00,0,699.00,Card,Male,Adult (31-45),Women,INV001056,17:36:00,P12-XL-BLUE
S002106,2026-08-15,Saturday,Kids Joggers,Bottoms,6-7Y,Black,1,699.00,0,699.00,Card,Male,Adult (31-45),Kids,INV001056,17:36:00,P19-67Y-BLACK
S002107,2026-08-15,Saturday,Cotton Kurti,Ethnic Wear,L,Teal,1,999.00,0,999.00,UPI,Female,Teen (13-19),Women,INV001057,19:07:00,P07-L-TEAL
S002108,2026-08-15,Saturday,Crop Top,Tops,XS,White,1,599.00,0,599.00,UPI,Female,Teen (13-19),Women,INV001057,19:07:00,P11-XS-WHITE
S002109,2026-08-15,Saturday,Cotton Kurti,Ethnic Wear,L,Maroon,1,999.00,0,999.00,UPI,Female,Teen (13-19),Women,INV001057,19:07:00,P07-L-MAROON
S002110,2026-08-15,Saturday,Printed Top,Tops,XS,Red,1,699.00,0,699.00,UPI,Female,Young Adult (20-30),Women,INV001058,13:38:00,P12-XS-RED
S002111,2026-08-15,Saturday,Kids Sports Shoes,Footwear,1Y,Blue,1,899.00,0,899.00,UPI,Female,Young Adult (20-30),Kids,INV001058,13:38:00,P22-1Y-BLUE
S002112,2026-08-15,Saturday,Sneakers,Footwear,7,Grey,1,1499.00,0,1499.00,UPI,Female,Young Adult (20-30),Men,INV001058,13:38:00,P20-7-GREY
S002113,2026-08-15,Saturday,Handbag,Accessories,OneSize,Black,1,999.00,0,999.00,Card,Male,Adult (31-45),Accessories,INV001059,11:01:00,P24-ONESIZE-BLACK
S002114,2026-08-15,Saturday,Kids Cartoon Tee,Tops,2-3Y,Red,1,399.00,0,399.00,Card,Male,Adult (31-45),Kids,INV001059,11:01:00,P15-23Y-RED
S002115,2026-08-15,Saturday,Crop Top,Tops,L,White,1,599.00,0,599.00,UPI,Female,Senior (46+),Women,INV001060,12:34:00,P11-L-WHITE
S002116,2026-08-15,Saturday,Graphic Tee,Tops,S,Black,2,499.00,0,998.00,UPI,Female,Senior (46+),Men,INV001060,12:34:00,P06-S-BLACK
S002117,2026-08-15,Saturday,Sneakers,Footwear,8,White,1,1499.00,0,1499.00,Card,Male,Young Adult (20-30),Men,INV001061,11:41:00,P20-8-WHITE
S002118,2026-08-15,Saturday,Kids Cartoon Tee,Tops,4-5Y,Yellow,2,399.00,0,798.00,Card,Male,Young Adult (20-30),Kids,INV001061,11:41:00,P15-45Y-YELLOW
S002119,2026-08-15,Saturday,Formal Shirt,Tops,L,White,1,999.00,0,999.00,UPI,Male,Adult (31-45),Men,INV001062,14:06:00,P05-L-WHITE
S002120,2026-08-15,Saturday,Basic Crew T-Shirt,Tops,L,Black,1,399.00,0,399.00,UPI,Male,Adult (31-45),Men,INV001062,14:06:00,P01-L-BLACK
S002121,2026-08-15,Saturday,Cotton Kurti,Ethnic Wear,L,Maroon,2,999.00,0,1998.00,UPI,Male,Young Adult (20-30),Women,INV001063,19:28:00,P07-L-MAROON
S002122,2026-08-15,Saturday,Floral Kurti,Ethnic Wear,S,Blue,1,1199.00,0,1199.00,UPI,Male,Young Adult (20-30),Women,INV001063,19:28:00,P08-S-BLUE
S002123,2026-08-15,Saturday,Kids Sports Shoes,Footwear,13C,Black,1,899.00,0,899.00,UPI,Male,Young Adult (20-30),Kids,INV001063,19:28:00,P22-13C-BLACK
S002124,2026-08-15,Saturday,Graphic Tee,Tops,L,White,1,499.00,0,499.00,UPI,Male,Young Adult (20-30),Men,INV001063,19:28:00,P06-L-WHITE
S002125,2026-08-15,Saturday,Denim Jeggings,Bottoms,S,Indigo,1,999.00,0,999.00,UPI,Male,Young Adult (20-30),Women,INV001064,10:30:00,P10-S-INDIGO
S002126,2026-08-15,Saturday,Graphic Tee,Tops,L,White,1,499.00,0,499.00,Card,Male,Young Adult (20-30),Men,INV001065,15:02:00,P06-L-WHITE
S002127,2026-08-15,Saturday,Formal Shirt,Tops,S,Grey,1,999.00,0,999.00,Card,Male,Young Adult (20-30),Men,INV001065,15:02:00,P05-S-GREY
S002128,2026-08-15,Saturday,Printed Top,Tops,M,Blue,1,699.00,0,699.00,UPI,Female,Young Adult (20-30),Women,INV001066,14:22:00,P12-M-BLUE
S002129,2026-08-15,Saturday,Graphic Tee,Tops,S,White,1,499.00,0,499.00,UPI,Female,Young Adult (20-30),Men,INV001066,14:22:00,P06-S-WHITE
S002130,2026-08-15,Saturday,Straight Pants,Bottoms,L,Black,1,799.00,0,799.00,UPI,Female,Young Adult (20-30),Women,INV001066,14:22:00,P09-L-BLACK
S002131,2026-08-15,Saturday,Printed Top,Tops,S,Blue,1,699.00,0,699.00,UPI,Female,Young Adult (20-30),Women,INV001066,14:22:00,P12-S-BLUE
S002132,2026-08-15,Saturday,Polo T-Shirt,Tops,XL,Maroon,1,699.00,0,699.00,Card,Female,Young Adult (20-30),Men,INV001067,19:18:00,P02-XL-MAROON
S002133,2026-08-15,Saturday,Crop Top,Tops,S,Lavender,1,599.00,0,599.00,UPI,Male,Teen (13-19),Women,INV001068,14:06:00,P11-S-LAVENDER
S002134,2026-08-15,Saturday,Basic Crew T-Shirt,Tops,L,Black,1,399.00,0,399.00,UPI,Male,Teen (13-19),Men,INV001068,14:06:00,P01-L-BLACK
S002135,2026-08-15,Saturday,Sneakers,Footwear,10,Black,1,1499.00,0,1499.00,UPI,Female,Young Adult (20-30),Men,INV001069,12:26:00,P20-10-BLACK
S002136,2026-08-15,Saturday,Printed Top,Tops,L,White,1,699.00,0,699.00,UPI,Female,Young Adult (20-30),Women,INV001069,12:26:00,P12-L-WHITE
S002137,2026-08-15,Saturday,Palazzo Kurta Set,Ethnic Wear,L,Mustard,1,1399.00,0,1399.00,Card,Male,Young Adult (20-30),Women,INV001070,15:47:00,P14-L-MUSTARD
S002138,2026-08-15,Saturday,Printed Top,Tops,L,White,1,699.00,0,699.00,Card,Male,Young Adult (20-30),Women,INV001070,15:47:00,P12-L-WHITE
S002139,2026-08-15,Saturday,Basic Crew T-Shirt,Tops,XL,Black,1,399.00,0,399.00,Card,Male,Young Adult (20-30),Men,INV001070,15:47:00,P01-XL-BLACK
S002140,2026-08-15,Saturday,Printed Top,Tops,M,Red,1,699.00,0,699.00,Card,Male,Adult (31-45),Women,INV001071,18:49:00,P12-M-RED
S002141,2026-08-15,Saturday,Cotton Kurti,Ethnic Wear,XS,Teal,1,999.00,0,999.00,Card,Male,Adult (31-45),Women,INV001071,18:49:00,P07-XS-TEAL
S002142,2026-08-15,Saturday,Graphic Tee,Tops,M,White,1,499.00,0,499.00,UPI,Male,Young Adult (20-30),Men,INV001072,13:20:00,P06-M-WHITE
S002143,2026-08-15,Saturday,Flip Flops,Footwear,10,Grey,1,399.00,0,399.00,UPI,Male,Young Adult (20-30),Men,INV001072,13:20:00,P23-10-GREY
S002144,2026-08-15,Saturday,Kids Cartoon Tee,Tops,4-5Y,Blue,1,399.00,0,399.00,Card,Female,Adult (31-45),Kids,INV001073,14:59:00,P15-45Y-BLUE
S002145,2026-08-15,Saturday,Denim Jeggings,Bottoms,XS,Indigo,1,999.00,0,999.00,Card,Female,Adult (31-45),Women,INV001073,14:59:00,P10-XS-INDIGO
S002146,2026-08-15,Saturday,Kids Lehenga Set,Ethnic Wear,8-9Y,Peach,1,1299.00,0,1299.00,UPI,Female,Young Adult (20-30),Kids,INV001074,12:51:00,P18-89Y-PEACH
S002147,2026-08-15,Saturday,Basic Crew T-Shirt,Tops,M,Navy,1,399.00,0,399.00,UPI,Female,Young Adult (20-30),Men,INV001074,12:51:00,P01-M-NAVY
S002148,2026-08-15,Saturday,Sling Bag,Accessories,OneSize,Pink,1,699.00,0,699.00,Card,Other,Adult (31-45),Accessories,INV001075,14:05:00,P25-ONESIZE-PINK
S002149,2026-08-15,Saturday,Crop Top,Tops,L,White,1,599.00,0,599.00,Card,Other,Adult (31-45),Women,INV001075,14:05:00,P11-L-WHITE
S002150,2026-08-15,Saturday,Basic Crew T-Shirt,Tops,M,Olive,1,399.00,0,399.00,Card,Other,Adult (31-45),Men,INV001075,14:05:00,P01-M-OLIVE
S002151,2026-08-15,Saturday,Graphic Tee,Tops,M,Black,1,499.00,0,499.00,Card,Female,Adult (31-45),Men,INV001076,14:23:00,P06-M-BLACK
S002152,2026-08-15,Saturday,Palazzo Kurta Set,Ethnic Wear,XL,Mustard,1,1399.00,0,1399.00,Card,Female,Adult (31-45),Women,INV001076,14:23:00,P14-XL-MUSTARD
S002153,2026-08-15,Saturday,Straight Pants,Bottoms,XS,Beige,1,799.00,0,799.00,UPI,Female,Adult (31-45),Women,INV001077,20:33:00,P09-XS-BEIGE
S002154,2026-08-15,Saturday,Printed Top,Tops,M,Blue,1,699.00,0,699.00,UPI,Female,Teen (13-19),Women,INV001078,20:47:00,P12-M-BLUE
S002155,2026-08-15,Saturday,Sandals,Footwear,8,Tan,1,999.00,0,999.00,UPI,Female,Teen (13-19),Women,INV001078,20:47:00,P21-8-TAN
S002156,2026-08-15,Saturday,Graphic Tee,Tops,L,White,1,499.00,0,499.00,UPI,Female,Teen (13-19),Men,INV001078,20:47:00,P06-L-WHITE
S002157,2026-08-15,Saturday,Kids Sports Shoes,Footwear,12C,Pink,1,899.00,0,899.00,UPI,Male,Teen (13-19),Kids,INV001079,14:56:00,P22-12C-PINK
S002158,2026-08-15,Saturday,Sandals,Footwear,7,Black,1,999.00,0,999.00,Card,Male,Adult (31-45),Women,INV001080,16:05:00,P21-7-BLACK
S002159,2026-08-15,Saturday,Crop Top,Tops,M,Black,1,599.00,0,599.00,Card,Male,Adult (31-45),Women,INV001080,16:05:00,P11-M-BLACK
S002160,2026-08-15,Saturday,Sandals,Footwear,8,Tan,1,999.00,0,999.00,UPI,Female,Young Adult (20-30),Women,INV001081,19:43:00,P21-8-TAN
S002161,2026-08-15,Saturday,Kids Joggers,Bottoms,8-9Y,Navy,1,699.00,0,699.00,UPI,Female,Adult (31-45),Kids,INV001082,15:54:00,P19-89Y-NAVY
S002162,2026-08-15,Saturday,Basic Crew T-Shirt,Tops,M,Olive,1,399.00,0,399.00,UPI,Female,Adult (31-45),Men,INV001082,15:54:00,P01-M-OLIVE
S002163,2026-08-15,Saturday,Floral Kurti,Ethnic Wear,XL,Green,1,1199.00,0,1199.00,Card,Male,Adult (31-45),Women,INV001083,20:50:00,P08-XL-GREEN
S002164,2026-08-15,Saturday,Slim Fit Jeans,Bottoms,30,Black,1,1299.00,0,1299.00,Card,Male,Adult (31-45),Men,INV001083,20:50:00,P03-30-BLACK
S002165,2026-08-15,Saturday,Crop Top,Tops,XS,Black,1,599.00,0,599.00,UPI,Female,Adult (31-45),Women,INV001084,20:19:00,P11-XS-BLACK
S002166,2026-08-15,Saturday,Graphic Tee,Tops,L,Red,1,499.00,0,499.00,Cash,Male,Adult (31-45),Men,INV001085,12:22:00,P06-L-RED
S002167,2026-08-15,Saturday,Slim Fit Jeans,Bottoms,34,Light Blue,2,1299.00,0,2598.00,Cash,Male,Adult (31-45),Men,INV001085,12:22:00,P03-34-LIGHTBLU
S002168,2026-08-15,Saturday,Chino Trousers,Bottoms,32,Beige,1,1099.00,0,1099.00,UPI,Male,Young Adult (20-30),Men,INV001086,19:35:00,P04-32-BEIGE
S002169,2026-08-15,Saturday,Belt,Accessories,38,Brown,3,399.00,0,1197.00,UPI,Male,Young Adult (20-30),Accessories,INV001086,19:35:00,P26-38-BROWN
S002170,2026-08-15,Saturday,Women Flats,Footwear,5,Black,2,799.00,0,1598.00,Cash,Female,Young Adult (20-30),Women,INV001087,18:55:00,P32-5-BLACK
S002171,2026-08-15,Saturday,Cotton Kurti,Ethnic Wear,L,Teal,1,999.00,0,999.00,Cash,Female,Young Adult (20-30),Women,INV001087,18:55:00,P07-L-TEAL
S002172,2026-08-15,Saturday,Slim Fit Jeans,Bottoms,32,Black,1,1299.00,0,1299.00,Card,Male,Adult (31-45),Men,INV001088,20:27:00,P03-32-BLACK
S002173,2026-08-15,Saturday,Basic Crew T-Shirt,Tops,L,Black,1,399.00,0,399.00,UPI,Female,Young Adult (20-30),Men,INV001089,12:13:00,P01-L-BLACK
S002174,2026-08-15,Saturday,Crop Top,Tops,L,Black,1,599.00,0,599.00,UPI,Female,Young Adult (20-30),Women,INV001089,12:13:00,P11-L-BLACK
S002175,2026-08-15,Saturday,Cap,Accessories,OneSize,Navy,1,299.00,0,299.00,UPI,Female,Young Adult (20-30),Accessories,INV001089,12:13:00,P29-ONESIZE-NAVY
S002176,2026-08-15,Saturday,Floral Kurti,Ethnic Wear,XL,Pink,1,1199.00,0,1199.00,Cash,Female,Adult (31-45),Women,INV001090,19:02:00,P08-XL-PINK
S002177,2026-08-15,Saturday,Crop Top,Tops,XS,White,1,599.00,0,599.00,Cash,Female,Adult (31-45),Women,INV001090,19:02:00,P11-XS-WHITE
S002178,2026-08-15,Saturday,Women Flats,Footwear,5,Silver,2,799.00,0,1598.00,Card,Male,Young Adult (20-30),Women,INV001091,19:42:00,P32-5-SILVER
S002179,2026-08-15,Saturday,Straight Pants,Bottoms,S,Navy,2,799.00,0,1598.00,UPI,Female,Young Adult (20-30),Women,INV001092,19:07:00,P09-S-NAVY
S002180,2026-08-15,Saturday,Crop Top,Tops,L,Lavender,1,599.00,0,599.00,UPI,Female,Young Adult (20-30),Women,INV001092,19:07:00,P11-L-LAVENDER
S002181,2026-08-15,Saturday,Hair Accessories Set,Accessories,OneSize,Pink,2,199.00,0,398.00,UPI,Female,Young Adult (20-30),Accessories,INV001092,19:07:00,P28-ONESIZE-PINK
S002182,2026-08-15,Saturday,Floral Kurti,Ethnic Wear,XS,Blue,1,1199.00,0,1199.00,UPI,Female,Young Adult (20-30),Women,INV001092,19:07:00,P08-XS-BLUE
S002183,2026-08-15,Saturday,Kids Joggers,Bottoms,8-9Y,Black,1,699.00,0,699.00,UPI,Female,Young Adult (20-30),Kids,INV001092,19:07:00,P19-89Y-BLACK
S002184,2026-08-15,Saturday,Kids Cartoon Tee,Tops,2-3Y,Yellow,1,399.00,0,399.00,UPI,Female,Young Adult (20-30),Kids,INV001093,21:09:00,P15-23Y-YELLOW
S002185,2026-08-15,Saturday,Printed Top,Tops,M,Blue,1,699.00,0,699.00,UPI,Female,Young Adult (20-30),Women,INV001093,21:09:00,P12-M-BLUE
S002186,2026-08-15,Saturday,Polo T-Shirt,Tops,XL,Navy,1,699.00,0,699.00,UPI,Female,Young Adult (20-30),Men,INV001093,21:09:00,P02-XL-NAVY
S002187,2026-08-15,Saturday,Kids Cartoon Tee,Tops,8-9Y,Yellow,1,399.00,0,399.00,UPI,Female,Young Adult (20-30),Kids,INV001093,21:09:00,P15-89Y-YELLOW
S002188,2026-08-15,Saturday,Graphic Tee,Tops,M,Red,2,499.00,0,998.00,Card,Male,Adult (31-45),Men,INV001094,17:05:00,P06-M-RED
S002189,2026-08-15,Saturday,Basic Crew T-Shirt,Tops,S,Black,2,399.00,0,798.00,Card,Male,Adult (31-45),Men,INV001095,12:18:00,P01-S-BLACK
S002190,2026-08-15,Saturday,Ethnic Dupatta,Accessories,OneSize,Red,1,599.00,0,599.00,Card,Male,Adult (31-45),Women,INV001095,12:18:00,P31-ONESIZE-RED
S002191,2026-08-15,Saturday,Cotton Kurti,Ethnic Wear,S,Mustard,1,999.00,0,999.00,Cash,Female,Adult (31-45),Women,INV001096,18:48:00,P07-S-MUSTARD
S002192,2026-08-15,Saturday,Palazzo Kurta Set,Ethnic Wear,S,Maroon,1,1399.00,0,1399.00,Cash,Female,Adult (31-45),Women,INV001096,18:48:00,P14-S-MAROON
S002193,2026-08-15,Saturday,Graphic Tee,Tops,XL,White,1,499.00,0,499.00,Card,Male,Young Adult (20-30),Men,INV001097,17:00:00,P06-XL-WHITE
S002194,2026-08-15,Saturday,Crop Top,Tops,L,White,1,599.00,0,599.00,Card,Male,Young Adult (20-30),Women,INV001097,17:00:00,P11-L-WHITE
S002195,2026-08-15,Saturday,Graphic Tee,Tops,L,White,1,499.00,0,499.00,UPI,Female,Teen (13-19),Men,INV001098,17:02:00,P06-L-WHITE
S002196,2026-08-15,Saturday,Basic Crew T-Shirt,Tops,L,White,1,399.00,0,399.00,UPI,Female,Teen (13-19),Men,INV001098,17:02:00,P01-L-WHITE
S002197,2026-08-15,Saturday,Crop Top,Tops,S,White,1,599.00,0,599.00,UPI,Male,Adult (31-45),Women,INV001099,11:18:00,P11-S-WHITE
S002198,2026-08-15,Saturday,Basic Crew T-Shirt,Tops,M,Black,1,399.00,0,399.00,UPI,Male,Adult (31-45),Men,INV001099,11:18:00,P01-M-BLACK
S002199,2026-08-16,Sunday,Women Flats,Footwear,5,Black,1,799.00,0,799.00,UPI,Male,Adult (31-45),Women,INV001100,15:51:00,P32-5-BLACK
S002200,2026-08-16,Sunday,Floral Kurti,Ethnic Wear,XL,Green,1,1199.00,0,1199.00,UPI,Male,Adult (31-45),Women,INV001100,15:51:00,P08-XL-GREEN
S002201,2026-08-16,Sunday,Graphic Tee,Tops,L,Black,1,499.00,0,499.00,UPI,Female,Young Adult (20-30),Men,INV001101,12:23:00,P06-L-BLACK
S002202,2026-08-16,Sunday,Basic Crew T-Shirt,Tops,L,White,1,399.00,0,399.00,UPI,Female,Young Adult (20-30),Men,INV001101,12:23:00,P01-L-WHITE
S002203,2026-08-16,Sunday,Denim Jeggings,Bottoms,S,Indigo,1,999.00,0,999.00,UPI,Female,Young Adult (20-30),Women,INV001101,12:23:00,P10-S-INDIGO
S002204,2026-08-16,Sunday,Sneakers,Footwear,10,White,2,1499.00,0,2998.00,UPI,Female,Young Adult (20-30),Men,INV001101,12:23:00,P20-10-WHITE
S002205,2026-08-16,Sunday,Denim Jeggings,Bottoms,XS,Indigo,1,999.00,0,999.00,UPI,Female,Young Adult (20-30),Women,INV001101,12:23:00,P10-XS-INDIGO
S002206,2026-08-16,Sunday,Chino Trousers,Bottoms,34,Olive,1,1099.00,0,1099.00,UPI,Female,Adult (31-45),Men,INV001102,21:14:00,P04-34-OLIVE
S002207,2026-08-16,Sunday,Sandals,Footwear,4,Gold,1,999.00,0,999.00,UPI,Female,Adult (31-45),Women,INV001102,21:14:00,P21-4-GOLD
S002208,2026-08-16,Sunday,Denim Jeggings,Bottoms,L,Black,1,999.00,0,999.00,UPI,Female,Adult (31-45),Women,INV001102,21:14:00,P10-L-BLACK
S002209,2026-08-16,Sunday,Handbag,Accessories,OneSize,Maroon,1,999.00,0,999.00,UPI,Male,Senior (46+),Accessories,INV001103,16:11:00,P24-ONESIZE-MAROON
S002210,2026-08-16,Sunday,Straight Pants,Bottoms,S,Black,1,799.00,0,799.00,UPI,Male,Senior (46+),Women,INV001103,16:11:00,P09-S-BLACK
S002211,2026-08-16,Sunday,Graphic Tee,Tops,M,Red,1,499.00,0,499.00,UPI,Female,Teen (13-19),Men,INV001104,15:18:00,P06-M-RED
S002212,2026-08-16,Sunday,Straight Pants,Bottoms,L,Black,1,799.00,0,799.00,UPI,Female,Teen (13-19),Women,INV001104,15:18:00,P09-L-BLACK
S002213,2026-08-16,Sunday,Basic Crew T-Shirt,Tops,L,Navy,1,399.00,0,399.00,Card,Female,Young Adult (20-30),Men,INV001105,20:25:00,P01-L-NAVY
S002214,2026-08-16,Sunday,Floral Kurti,Ethnic Wear,S,Green,3,1199.00,0,3597.00,Cash,Male,Young Adult (20-30),Women,INV001106,18:10:00,P08-S-GREEN
S002215,2026-08-16,Sunday,Slim Fit Jeans,Bottoms,34,Light Blue,1,1299.00,0,1299.00,Card,Female,Senior (46+),Men,INV001107,16:04:00,P03-34-LIGHTBLU
S002216,2026-08-16,Sunday,Crop Top,Tops,M,White,1,599.00,0,599.00,Card,Female,Senior (46+),Women,INV001107,16:04:00,P11-M-WHITE
S002217,2026-08-16,Sunday,Sandals,Footwear,7,Tan,1,999.00,0,999.00,Card,Female,Senior (46+),Women,INV001107,16:04:00,P21-7-TAN
S002218,2026-08-16,Sunday,Formal Shirt,Tops,M,White,1,999.00,0,999.00,Card,Female,Senior (46+),Men,INV001107,16:04:00,P05-M-WHITE
S002219,2026-08-16,Sunday,Cotton Kurti,Ethnic Wear,L,Mustard,1,999.00,0,999.00,UPI,Female,Young Adult (20-30),Women,INV001108,14:42:00,P07-L-MUSTARD
S002220,2026-08-16,Sunday,Slim Fit Jeans,Bottoms,30,Light Blue,1,1299.00,0,1299.00,UPI,Male,Adult (31-45),Men,INV001109,20:04:00,P03-30-LIGHTBLU
S002221,2026-08-16,Sunday,Kids Sports Shoes,Footwear,11C,Pink,1,899.00,0,899.00,UPI,Male,Adult (31-45),Kids,INV001109,20:04:00,P22-11C-PINK
S002222,2026-08-16,Sunday,Chino Trousers,Bottoms,36,Olive,1,1099.00,0,1099.00,UPI,Male,Adult (31-45),Men,INV001110,21:15:00,P04-36-OLIVE
S002223,2026-08-16,Sunday,Basic Crew T-Shirt,Tops,M,Black,1,399.00,0,399.00,Cash,Female,Young Adult (20-30),Men,INV001111,12:50:00,P01-M-BLACK
S002224,2026-08-16,Sunday,Graphic Tee,Tops,M,White,1,499.00,0,499.00,Card,Female,Adult (31-45),Men,INV001112,11:04:00,P06-M-WHITE
S002225,2026-08-16,Sunday,Anarkali Kurta Set,Ethnic Wear,L,Wine,1,1799.00,30,1259.30,Card,Female,Adult (31-45),Women,INV001112,11:04:00,P13-L-WINE
S002226,2026-08-16,Sunday,Hair Accessories Set,Accessories,OneSize,Black,1,199.00,0,199.00,UPI,Male,Young Adult (20-30),Accessories,INV001113,17:52:00,P28-ONESIZE-BLACK
S002227,2026-08-16,Sunday,Sneakers,Footwear,8,Grey,1,1499.00,0,1499.00,UPI,Male,Young Adult (20-30),Men,INV001113,17:52:00,P20-8-GREY
S002228,2026-08-16,Sunday,Chino Trousers,Bottoms,36,Olive,1,1099.00,0,1099.00,UPI,Male,Young Adult (20-30),Men,INV001113,17:52:00,P04-36-OLIVE
S002229,2026-08-16,Sunday,Slim Fit Jeans,Bottoms,32,Navy,1,1299.00,0,1299.00,Card,Male,Young Adult (20-30),Men,INV001114,21:18:00,P03-32-NAVY
S002230,2026-08-16,Sunday,Formal Shirt,Tops,L,Blue,1,999.00,0,999.00,Card,Male,Young Adult (20-30),Men,INV001114,21:18:00,P05-L-BLUE
S002231,2026-08-16,Sunday,Kids Joggers,Bottoms,8-9Y,Black,1,699.00,0,699.00,Card,Male,Young Adult (20-30),Kids,INV001115,17:45:00,P19-89Y-BLACK
S002232,2026-08-16,Sunday,Flip Flops,Footwear,7,Black,1,399.00,0,399.00,Card,Male,Young Adult (20-30),Men,INV001115,17:45:00,P23-7-BLACK
S002233,2026-08-16,Sunday,Flip Flops,Footwear,10,Navy,1,399.00,0,399.00,Card,Male,Young Adult (20-30),Men,INV001115,17:45:00,P23-10-NAVY
S002234,2026-08-16,Sunday,Palazzo Kurta Set,Ethnic Wear,S,Maroon,1,1399.00,0,1399.00,UPI,Male,Adult (31-45),Women,INV001116,15:25:00,P14-S-MAROON
S002235,2026-08-16,Sunday,Flip Flops,Footwear,9,Grey,3,399.00,0,1197.00,UPI,Male,Adult (31-45),Men,INV001116,15:25:00,P23-9-GREY
S002236,2026-08-16,Sunday,Women Flats,Footwear,4,Beige,1,799.00,0,799.00,UPI,Female,Young Adult (20-30),Women,INV001117,19:41:00,P32-4-BEIGE
S002237,2026-08-16,Sunday,Crop Top,Tops,L,White,1,599.00,0,599.00,Card,Female,Young Adult (20-30),Women,INV001118,15:25:00,P11-L-WHITE
S002238,2026-08-16,Sunday,Basic Crew T-Shirt,Tops,XL,Olive,1,399.00,0,399.00,UPI,Female,Young Adult (20-30),Men,INV001119,17:20:00,P01-XL-OLIVE
S002239,2026-08-16,Sunday,Kids Joggers,Bottoms,2-3Y,Navy,1,699.00,0,699.00,UPI,Female,Young Adult (20-30),Kids,INV001119,17:20:00,P19-23Y-NAVY
S002240,2026-08-16,Sunday,Kids Sports Shoes,Footwear,1Y,Blue,1,899.00,0,899.00,UPI,Male,Young Adult (20-30),Kids,INV001120,16:34:00,P22-1Y-BLUE
S002241,2026-08-16,Sunday,Kids Joggers,Bottoms,4-5Y,Black,1,699.00,0,699.00,UPI,Male,Young Adult (20-30),Kids,INV001120,16:34:00,P19-45Y-BLACK
S002242,2026-08-16,Sunday,Kids Cartoon Tee,Tops,8-9Y,Blue,1,399.00,0,399.00,Cash,Male,Adult (31-45),Kids,INV001121,16:48:00,P15-89Y-BLUE
S002243,2026-08-16,Sunday,Kids Sports Shoes,Footwear,13C,Black,1,899.00,0,899.00,UPI,Male,Teen (13-19),Kids,INV001122,18:43:00,P22-13C-BLACK
S002244,2026-08-16,Sunday,Kids Ethnic Kurta Set,Ethnic Wear,6-7Y,Mustard,2,999.00,0,1998.00,UPI,Female,Young Adult (20-30),Kids,INV001123,19:21:00,P17-67Y-MUSTARD
S002245,2026-08-16,Sunday,Sling Bag,Accessories,OneSize,Pink,2,699.00,0,1398.00,UPI,Female,Young Adult (20-30),Accessories,INV001123,19:21:00,P25-ONESIZE-PINK
S002246,2026-08-16,Sunday,Basic Crew T-Shirt,Tops,L,Black,1,399.00,0,399.00,Cash,Female,Adult (31-45),Men,INV001124,12:33:00,P01-L-BLACK
S002247,2026-08-16,Sunday,Straight Pants,Bottoms,M,Beige,1,799.00,0,799.00,Cash,Female,Adult (31-45),Women,INV001124,12:33:00,P09-M-BEIGE
S002248,2026-08-16,Sunday,Graphic Tee,Tops,XL,Red,1,499.00,0,499.00,Cash,Female,Adult (31-45),Men,INV001124,12:33:00,P06-XL-RED
S002249,2026-08-16,Sunday,Kids Lehenga Set,Ethnic Wear,6-7Y,Pink,1,1299.00,0,1299.00,Card,Female,Young Adult (20-30),Kids,INV001125,20:30:00,P18-67Y-PINK
S002250,2026-08-16,Sunday,Kids Ethnic Kurta Set,Ethnic Wear,6-7Y,Green,1,999.00,0,999.00,Card,Female,Young Adult (20-30),Kids,INV001125,20:30:00,P17-67Y-GREEN
S002251,2026-08-16,Sunday,Floral Kurti,Ethnic Wear,L,Green,1,1199.00,0,1199.00,UPI,Female,Young Adult (20-30),Women,INV001126,15:02:00,P08-L-GREEN
S002252,2026-08-16,Sunday,Crop Top,Tops,M,Black,1,599.00,0,599.00,UPI,Female,Young Adult (20-30),Women,INV001126,15:02:00,P11-M-BLACK
S002253,2026-08-16,Sunday,Floral Kurti,Ethnic Wear,S,Blue,2,1199.00,0,2398.00,UPI,Female,Young Adult (20-30),Women,INV001126,15:02:00,P08-S-BLUE
S002254,2026-08-16,Sunday,Cotton Kurti,Ethnic Wear,L,Maroon,1,999.00,0,999.00,Card,Other,Young Adult (20-30),Women,INV001127,14:58:00,P07-L-MAROON
S002255,2026-08-16,Sunday,Kids Cartoon Tee,Tops,6-7Y,Yellow,1,399.00,0,399.00,Card,Other,Young Adult (20-30),Kids,INV001127,14:58:00,P15-67Y-YELLOW
S002256,2026-08-16,Sunday,Cotton Kurti,Ethnic Wear,M,Maroon,1,999.00,0,999.00,Card,Other,Young Adult (20-30),Women,INV001127,14:58:00,P07-M-MAROON
S002257,2026-08-16,Sunday,Graphic Tee,Tops,L,Red,1,499.00,0,499.00,UPI,Other,Adult (31-45),Men,INV001128,16:20:00,P06-L-RED
S002258,2026-08-16,Sunday,Cotton Kurti,Ethnic Wear,L,Teal,1,999.00,0,999.00,UPI,Other,Adult (31-45),Women,INV001128,16:20:00,P07-L-TEAL
S002259,2026-08-16,Sunday,Straight Pants,Bottoms,XS,Beige,1,799.00,0,799.00,Card,Female,Teen (13-19),Women,INV001129,19:56:00,P09-XS-BEIGE
S002260,2026-08-16,Sunday,Kids Cartoon Tee,Tops,2-3Y,Blue,1,399.00,0,399.00,Card,Female,Teen (13-19),Kids,INV001129,19:56:00,P15-23Y-BLUE
S002261,2026-08-16,Sunday,Kids Ethnic Kurta Set,Ethnic Wear,8-9Y,Mustard,1,999.00,0,999.00,Card,Female,Teen (13-19),Kids,INV001129,19:56:00,P17-89Y-MUSTARD
S002262,2026-08-16,Sunday,Kids Ethnic Kurta Set,Ethnic Wear,8-9Y,Mustard,1,999.00,0,999.00,Card,Female,Adult (31-45),Kids,INV001130,19:07:00,P17-89Y-MUSTARD
S002263,2026-08-16,Sunday,Chino Trousers,Bottoms,36,Olive,1,1099.00,0,1099.00,UPI,Female,Senior (46+),Men,INV001131,19:04:00,P04-36-OLIVE
S002264,2026-08-16,Sunday,Polo T-Shirt,Tops,M,Grey,1,699.00,0,699.00,UPI,Female,Senior (46+),Men,INV001131,19:04:00,P02-M-GREY
S002265,2026-08-16,Sunday,Basic Crew T-Shirt,Tops,M,Olive,1,399.00,0,399.00,Cash,Male,Young Adult (20-30),Men,INV001132,15:39:00,P01-M-OLIVE
S002266,2026-08-16,Sunday,Kids Sports Shoes,Footwear,10C,Pink,1,899.00,0,899.00,Cash,Male,Young Adult (20-30),Kids,INV001132,15:39:00,P22-10C-PINK
S002267,2026-08-16,Sunday,Cotton Kurti,Ethnic Wear,XS,Teal,1,999.00,0,999.00,Cash,Male,Young Adult (20-30),Women,INV001132,15:39:00,P07-XS-TEAL
S002268,2026-08-16,Sunday,Kids Joggers,Bottoms,4-5Y,Navy,1,699.00,0,699.00,Card,Male,Adult (31-45),Kids,INV001133,21:24:00,P19-45Y-NAVY
S002269,2026-08-16,Sunday,Graphic Tee,Tops,M,White,1,499.00,0,499.00,Card,Male,Adult (31-45),Men,INV001133,21:24:00,P06-M-WHITE
S002270,2026-08-16,Sunday,Cotton Kurti,Ethnic Wear,M,Maroon,2,999.00,0,1998.00,Card,Male,Adult (31-45),Women,INV001133,21:24:00,P07-M-MAROON
S002271,2026-08-16,Sunday,Flip Flops,Footwear,9,Navy,1,399.00,0,399.00,UPI,Female,Adult (31-45),Men,INV001134,20:38:00,P23-9-NAVY
S002272,2026-08-16,Sunday,Kids Cartoon Tee,Tops,8-9Y,Blue,1,399.00,0,399.00,UPI,Female,Adult (31-45),Kids,INV001134,20:38:00,P15-89Y-BLUE
S002273,2026-08-16,Sunday,Basic Crew T-Shirt,Tops,M,White,1,399.00,0,399.00,UPI,Male,Adult (31-45),Men,INV001135,13:30:00,P01-M-WHITE
S002274,2026-08-16,Sunday,Cotton Kurti,Ethnic Wear,L,Maroon,1,999.00,0,999.00,UPI,Male,Adult (31-45),Women,INV001135,13:30:00,P07-L-MAROON
S002275,2026-08-16,Sunday,Floral Kurti,Ethnic Wear,XL,Pink,1,1199.00,0,1199.00,UPI,Female,Adult (31-45),Women,INV001136,16:32:00,P08-XL-PINK
S002276,2026-08-16,Sunday,Kids Lehenga Set,Ethnic Wear,8-9Y,Mint,1,1299.00,0,1299.00,UPI,Female,Adult (31-45),Kids,INV001136,16:32:00,P18-89Y-MINT
S002277,2026-08-16,Sunday,Formal Shirt,Tops,L,White,1,999.00,0,999.00,UPI,Female,Adult (31-45),Men,INV001136,16:32:00,P05-L-WHITE
S002278,2026-08-16,Sunday,Straight Pants,Bottoms,XS,Black,1,799.00,0,799.00,UPI,Female,Adult (31-45),Women,INV001137,16:25:00,P09-XS-BLACK
S002279,2026-08-16,Sunday,Basic Crew T-Shirt,Tops,XL,Navy,1,399.00,0,399.00,UPI,Female,Adult (31-45),Men,INV001137,16:25:00,P01-XL-NAVY
S002280,2026-08-16,Sunday,Women Flats,Footwear,5,Black,1,799.00,0,799.00,UPI,Male,Adult (31-45),Women,INV001138,14:25:00,P32-5-BLACK
S002281,2026-08-16,Sunday,Women Flats,Footwear,5,Silver,1,799.00,0,799.00,UPI,Male,Adult (31-45),Women,INV001138,14:25:00,P32-5-SILVER
S002282,2026-08-16,Sunday,Basic Crew T-Shirt,Tops,M,Navy,1,399.00,0,399.00,UPI,Male,Adult (31-45),Men,INV001138,14:25:00,P01-M-NAVY
S002283,2026-08-16,Sunday,Kids Joggers,Bottoms,4-5Y,Black,1,699.00,0,699.00,Card,Male,Adult (31-45),Kids,INV001139,14:07:00,P19-45Y-BLACK
S002284,2026-08-16,Sunday,Basic Crew T-Shirt,Tops,M,Olive,2,399.00,0,798.00,Card,Male,Adult (31-45),Men,INV001139,14:07:00,P01-M-OLIVE
S002285,2026-08-16,Sunday,Cotton Kurti,Ethnic Wear,L,Mustard,1,999.00,0,999.00,Card,Male,Adult (31-45),Women,INV001139,14:07:00,P07-L-MUSTARD
S002286,2026-08-16,Sunday,Formal Shirt,Tops,S,Blue,1,999.00,0,999.00,Cash,Male,Young Adult (20-30),Men,INV001140,12:33:00,P05-S-BLUE
S002287,2026-08-16,Sunday,Ethnic Dupatta,Accessories,OneSize,Mustard,2,599.00,0,1198.00,Cash,Male,Young Adult (20-30),Women,INV001140,12:33:00,P31-ONESIZE-MUSTARD
S002288,2026-08-16,Sunday,Formal Shirt,Tops,S,White,1,999.00,0,999.00,Cash,Male,Young Adult (20-30),Men,INV001140,12:33:00,P05-S-WHITE
S002289,2026-08-16,Sunday,Belt,Accessories,32,Brown,1,399.00,0,399.00,Cash,Female,Senior (46+),Accessories,INV001141,12:11:00,P26-32-BROWN
S002290,2026-08-16,Sunday,Graphic Tee,Tops,S,White,1,499.00,0,499.00,UPI,Female,Adult (31-45),Men,INV001142,17:13:00,P06-S-WHITE
S002291,2026-08-16,Sunday,Floral Kurti,Ethnic Wear,XS,Pink,1,1199.00,0,1199.00,Cash,Female,Young Adult (20-30),Women,INV001143,16:25:00,P08-XS-PINK
S002292,2026-08-16,Sunday,Chino Trousers,Bottoms,34,Beige,1,1099.00,0,1099.00,Card,Female,Young Adult (20-30),Men,INV001144,19:16:00,P04-34-BEIGE
S002293,2026-08-16,Sunday,Polo T-Shirt,Tops,L,Maroon,1,699.00,0,699.00,Card,Female,Young Adult (20-30),Men,INV001144,19:16:00,P02-L-MAROON
S002294,2026-08-16,Sunday,Graphic Tee,Tops,L,Red,1,499.00,0,499.00,UPI,Male,Adult (31-45),Men,INV001145,19:15:00,P06-L-RED
S002295,2026-08-16,Sunday,Formal Shirt,Tops,L,Blue,1,999.00,0,999.00,UPI,Male,Adult (31-45),Men,INV001145,19:15:00,P05-L-BLUE
S002296,2026-08-16,Sunday,Flip Flops,Footwear,7,Navy,1,399.00,0,399.00,UPI,Male,Adult (31-45),Men,INV001146,15:38:00,P23-7-NAVY
S002297,2026-08-16,Sunday,Polo T-Shirt,Tops,M,Maroon,2,699.00,0,1398.00,UPI,Male,Young Adult (20-30),Men,INV001147,16:13:00,P02-M-MAROON
S002298,2026-08-16,Sunday,Kids Denim Shorts,Bottoms,6-7Y,Black,1,599.00,0,599.00,UPI,Male,Young Adult (20-30),Kids,INV001147,16:13:00,P16-67Y-BLACK
S002299,2026-08-16,Sunday,Scarf,Accessories,OneSize,Teal,1,499.00,0,499.00,UPI,Male,Young Adult (20-30),Accessories,INV001147,16:13:00,P30-ONESIZE-TEAL
S002300,2026-08-16,Sunday,Chino Trousers,Bottoms,32,Olive,1,1099.00,0,1099.00,UPI,Male,Young Adult (20-30),Men,INV001147,16:13:00,P04-32-OLIVE
S002301,2026-08-16,Sunday,Kids Joggers,Bottoms,6-7Y,Black,1,699.00,0,699.00,Cash,Female,Young Adult (20-30),Kids,INV001148,13:39:00,P19-67Y-BLACK
S002302,2026-08-16,Sunday,Kids Sports Shoes,Footwear,12C,Blue,2,899.00,0,1798.00,Cash,Female,Young Adult (20-30),Kids,INV001148,13:39:00,P22-12C-BLUE
S002303,2026-08-16,Sunday,Polo T-Shirt,Tops,L,Grey,2,699.00,0,1398.00,Cash,Female,Young Adult (20-30),Men,INV001149,16:03:00,P02-L-GREY
S002304,2026-08-16,Sunday,Women Flats,Footwear,4,Beige,1,799.00,0,799.00,Cash,Female,Young Adult (20-30),Women,INV001149,16:03:00,P32-4-BEIGE
S002305,2026-08-16,Sunday,Basic Crew T-Shirt,Tops,XL,Navy,1,399.00,0,399.00,UPI,Male,Adult (31-45),Men,INV001150,13:12:00,P01-XL-NAVY
S002306,2026-08-16,Sunday,Belt,Accessories,34,Black,1,399.00,0,399.00,UPI,Male,Adult (31-45),Accessories,INV001150,13:12:00,P26-34-BLACK
S002307,2026-08-16,Sunday,Chino Trousers,Bottoms,32,Olive,1,1099.00,0,1099.00,Cash,Female,Young Adult (20-30),Men,INV001151,13:43:00,P04-32-OLIVE
S002308,2026-08-16,Sunday,Polo T-Shirt,Tops,XL,Maroon,1,699.00,0,699.00,Cash,Female,Young Adult (20-30),Men,INV001151,13:43:00,P02-XL-MAROON
S002309,2026-08-16,Sunday,Chino Trousers,Bottoms,36,Navy,1,1099.00,0,1099.00,UPI,Male,Young Adult (20-30),Men,INV001152,15:51:00,P04-36-NAVY
S002310,2026-08-16,Sunday,Basic Crew T-Shirt,Tops,L,Navy,1,399.00,0,399.00,Card,Male,Adult (31-45),Men,INV001153,12:59:00,P01-L-NAVY
S002311,2026-08-16,Sunday,Kids Denim Shorts,Bottoms,8-9Y,Black,1,599.00,0,599.00,Card,Male,Adult (31-45),Kids,INV001153,12:59:00,P16-89Y-BLACK
S002312,2026-08-16,Sunday,Cotton Kurti,Ethnic Wear,M,Maroon,1,999.00,0,999.00,Card,Male,Adult (31-45),Women,INV001153,12:59:00,P07-M-MAROON
S002313,2026-08-16,Sunday,Hair Accessories Set,Accessories,OneSize,Multicolor,1,199.00,0,199.00,Cash,Male,Adult (31-45),Accessories,INV001154,13:22:00,P28-ONESIZE-MULTICOL
S002314,2026-08-16,Sunday,Belt,Accessories,36,Brown,1,399.00,0,399.00,UPI,Female,Young Adult (20-30),Accessories,INV001155,14:30:00,P26-36-BROWN
S002315,2026-08-16,Sunday,Kids Cartoon Tee,Tops,6-7Y,Blue,1,399.00,0,399.00,UPI,Female,Young Adult (20-30),Kids,INV001155,14:30:00,P15-67Y-BLUE
S002316,2026-08-16,Sunday,Sandals,Footwear,5,Tan,1,999.00,0,999.00,UPI,Female,Young Adult (20-30),Women,INV001155,14:30:00,P21-5-TAN
S002317,2026-08-16,Sunday,Basic Crew T-Shirt,Tops,XL,Navy,1,399.00,0,399.00,UPI,Female,Young Adult (20-30),Men,INV001156,16:05:00,P01-XL-NAVY
S002318,2026-08-16,Sunday,Kids Ethnic Kurta Set,Ethnic Wear,6-7Y,Green,1,999.00,0,999.00,UPI,Other,Adult (31-45),Kids,INV001157,13:13:00,P17-67Y-GREEN
S002319,2026-08-16,Sunday,Floral Kurti,Ethnic Wear,M,Pink,1,1199.00,0,1199.00,UPI,Female,Young Adult (20-30),Women,INV001158,11:00:00,P08-M-PINK
S002320,2026-08-16,Sunday,Palazzo Kurta Set,Ethnic Wear,L,Maroon,1,1399.00,0,1399.00,UPI,Female,Young Adult (20-30),Women,INV001158,11:00:00,P14-L-MAROON
S002321,2026-08-16,Sunday,Crop Top,Tops,M,Black,1,599.00,0,599.00,UPI,Male,Teen (13-19),Women,INV001159,21:23:00,P11-M-BLACK
S002322,2026-08-16,Sunday,Formal Shirt,Tops,XL,Grey,1,999.00,0,999.00,UPI,Female,Young Adult (20-30),Men,INV001160,20:24:00,P05-XL-GREY
S002323,2026-08-16,Sunday,Flip Flops,Footwear,10,Navy,1,399.00,0,399.00,UPI,Female,Young Adult (20-30),Men,INV001160,20:24:00,P23-10-NAVY
S002324,2026-08-16,Sunday,Sneakers,Footwear,10,White,1,1499.00,0,1499.00,Cash,Male,Adult (31-45),Men,INV001161,14:03:00,P20-10-WHITE
S002325,2026-08-16,Sunday,Formal Shirt,Tops,L,White,1,999.00,0,999.00,UPI,Female,Adult (31-45),Men,INV001162,16:10:00,P05-L-WHITE
S002326,2026-08-16,Sunday,Denim Jeggings,Bottoms,M,Indigo,2,999.00,0,1998.00,UPI,Female,Adult (31-45),Women,INV001162,16:10:00,P10-M-INDIGO
S002327,2026-08-16,Sunday,Formal Shirt,Tops,M,White,1,999.00,0,999.00,Cash,Female,Young Adult (20-30),Men,INV001163,20:44:00,P05-M-WHITE
S002328,2026-08-16,Sunday,Graphic Tee,Tops,S,Black,1,499.00,0,499.00,UPI,Female,Young Adult (20-30),Men,INV001164,12:02:00,P06-S-BLACK
S002329,2026-08-16,Sunday,Printed Top,Tops,M,White,1,699.00,0,699.00,UPI,Female,Young Adult (20-30),Women,INV001164,12:02:00,P12-M-WHITE
S002330,2026-08-16,Sunday,Basic Crew T-Shirt,Tops,M,Navy,1,399.00,0,399.00,UPI,Female,Young Adult (20-30),Men,INV001164,12:02:00,P01-M-NAVY
S002331,2026-08-16,Sunday,Basic Crew T-Shirt,Tops,M,Black,1,399.00,0,399.00,UPI,Female,Young Adult (20-30),Men,INV001164,12:02:00,P01-M-BLACK
S002332,2026-08-16,Sunday,Printed Top,Tops,XS,White,1,699.00,0,699.00,Card,Male,Adult (31-45),Women,INV001165,17:10:00,P12-XS-WHITE
S002333,2026-08-16,Sunday,Basic Crew T-Shirt,Tops,L,Olive,1,399.00,0,399.00,Card,Male,Adult (31-45),Men,INV001165,17:10:00,P01-L-OLIVE
S002334,2026-08-16,Sunday,Formal Shirt,Tops,L,Grey,1,999.00,0,999.00,UPI,Male,Adult (31-45),Men,INV001166,13:22:00,P05-L-GREY
S002335,2026-08-16,Sunday,Polo T-Shirt,Tops,L,Navy,1,699.00,0,699.00,Card,Male,Senior (46+),Men,INV001167,20:56:00,P02-L-NAVY
S002336,2026-08-16,Sunday,Polo T-Shirt,Tops,S,Grey,1,699.00,0,699.00,Card,Male,Senior (46+),Men,INV001167,20:56:00,P02-S-GREY
S002337,2026-08-16,Sunday,Polo T-Shirt,Tops,L,Grey,1,699.00,0,699.00,Cash,Female,Adult (31-45),Men,INV001168,12:42:00,P02-L-GREY
S002338,2026-08-16,Sunday,Sneakers,Footwear,10,Grey,2,1499.00,0,2998.00,UPI,Male,Young Adult (20-30),Men,INV001169,17:36:00,P20-10-GREY
S002339,2026-08-16,Sunday,Belt,Accessories,38,Brown,1,399.00,0,399.00,UPI,Male,Young Adult (20-30),Accessories,INV001169,17:36:00,P26-38-BROWN
S002340,2026-08-16,Sunday,Cotton Kurti,Ethnic Wear,XL,Maroon,1,999.00,0,999.00,Cash,Female,Adult (31-45),Women,INV001170,12:12:00,P07-XL-MAROON
S002341,2026-08-16,Sunday,Crop Top,Tops,M,White,1,599.00,0,599.00,Cash,Female,Adult (31-45),Women,INV001170,12:12:00,P11-M-WHITE
S002342,2026-08-16,Sunday,Slim Fit Jeans,Bottoms,34,Black,1,1299.00,0,1299.00,Card,Male,Senior (46+),Men,INV001171,12:23:00,P03-34-BLACK
S002343,2026-08-16,Sunday,Basic Crew T-Shirt,Tops,L,Black,1,399.00,0,399.00,Card,Male,Young Adult (20-30),Men,INV001172,18:31:00,P01-L-BLACK
S002344,2026-08-16,Sunday,Cotton Kurti,Ethnic Wear,M,Maroon,1,999.00,0,999.00,Card,Female,Teen (13-19),Women,INV001173,17:21:00,P07-M-MAROON
S002345,2026-08-16,Sunday,Printed Top,Tops,S,Red,1,699.00,0,699.00,Card,Female,Teen (13-19),Women,INV001173,17:21:00,P12-S-RED
S002346,2026-08-16,Sunday,Slim Fit Jeans,Bottoms,30,Navy,1,1299.00,0,1299.00,Card,Female,Teen (13-19),Men,INV001173,17:21:00,P03-30-NAVY
S002347,2026-08-16,Sunday,Graphic Tee,Tops,M,Black,1,499.00,0,499.00,Card,Female,Teen (13-19),Men,INV001173,17:21:00,P06-M-BLACK
S002348,2026-08-16,Sunday,Slim Fit Jeans,Bottoms,32,Navy,1,1299.00,0,1299.00,Card,Male,Adult (31-45),Men,INV001174,13:02:00,P03-32-NAVY
S002349,2026-08-16,Sunday,Formal Shirt,Tops,M,Blue,1,999.00,0,999.00,Cash,Male,Senior (46+),Men,INV001175,16:39:00,P05-M-BLUE
S002350,2026-08-16,Sunday,Graphic Tee,Tops,M,Red,1,499.00,0,499.00,Cash,Male,Senior (46+),Men,INV001175,16:39:00,P06-M-RED
S002351,2026-08-16,Sunday,Denim Jeggings,Bottoms,L,Black,1,999.00,0,999.00,Cash,Female,Young Adult (20-30),Women,INV001176,17:54:00,P10-L-BLACK
S002352,2026-08-16,Sunday,Formal Shirt,Tops,M,Blue,1,999.00,0,999.00,Card,Female,Young Adult (20-30),Men,INV001177,20:59:00,P05-M-BLUE
S002353,2026-08-16,Sunday,Crop Top,Tops,XS,Black,1,599.00,0,599.00,Card,Female,Young Adult (20-30),Women,INV001177,20:59:00,P11-XS-BLACK
S002354,2026-08-16,Sunday,Cotton Kurti,Ethnic Wear,L,Maroon,1,999.00,0,999.00,Card,Female,Young Adult (20-30),Women,INV001177,20:59:00,P07-L-MAROON
S002355,2026-08-16,Sunday,Palazzo Kurta Set,Ethnic Wear,S,Maroon,3,1399.00,0,4197.00,Card,Female,Young Adult (20-30),Women,INV001177,20:59:00,P14-S-MAROON
S002356,2026-08-16,Sunday,Straight Pants,Bottoms,M,Black,1,799.00,0,799.00,Cash,Male,Young Adult (20-30),Women,INV001178,20:28:00,P09-M-BLACK
S002357,2026-08-16,Sunday,Formal Shirt,Tops,M,White,1,999.00,0,999.00,Cash,Male,Young Adult (20-30),Men,INV001178,20:28:00,P05-M-WHITE
S002358,2026-08-16,Sunday,Straight Pants,Bottoms,L,Black,1,799.00,0,799.00,Cash,Female,Young Adult (20-30),Women,INV001179,18:49:00,P09-L-BLACK
S002359,2026-08-16,Sunday,Belt,Accessories,36,Black,1,399.00,0,399.00,Cash,Female,Young Adult (20-30),Accessories,INV001179,18:49:00,P26-36-BLACK
S002360,2026-08-16,Sunday,Sneakers,Footwear,7,White,1,1499.00,0,1499.00,UPI,Male,Young Adult (20-30),Men,INV001180,21:29:00,P20-7-WHITE
S002361,2026-08-16,Sunday,Slim Fit Jeans,Bottoms,34,Navy,1,1299.00,0,1299.00,UPI,Male,Young Adult (20-30),Men,INV001180,21:29:00,P03-34-NAVY
S002362,2026-08-16,Sunday,Printed Top,Tops,XS,White,1,699.00,0,699.00,UPI,Male,Young Adult (20-30),Women,INV001181,13:19:00,P12-XS-WHITE
S002363,2026-08-16,Sunday,Basic Crew T-Shirt,Tops,XL,Navy,1,399.00,0,399.00,UPI,Male,Young Adult (20-30),Men,INV001181,13:19:00,P01-XL-NAVY
S002364,2026-08-16,Sunday,Chino Trousers,Bottoms,36,Olive,1,1099.00,0,1099.00,UPI,Male,Young Adult (20-30),Men,INV001181,13:19:00,P04-36-OLIVE
S002365,2026-08-16,Sunday,Polo T-Shirt,Tops,S,Navy,1,699.00,0,699.00,UPI,Male,Teen (13-19),Men,INV001182,20:21:00,P02-S-NAVY
S002366,2026-08-16,Sunday,Sneakers,Footwear,8,Black,1,1499.00,0,1499.00,UPI,Male,Teen (13-19),Men,INV001182,20:21:00,P20-8-BLACK
S002367,2026-08-16,Sunday,Straight Pants,Bottoms,L,Beige,1,799.00,0,799.00,UPI,Female,Senior (46+),Women,INV001183,16:08:00,P09-L-BEIGE
S002368,2026-08-16,Sunday,Belt,Accessories,32,Black,1,399.00,0,399.00,UPI,Female,Senior (46+),Accessories,INV001183,16:08:00,P26-32-BLACK
S002369,2026-08-16,Sunday,Graphic Tee,Tops,XL,White,1,499.00,0,499.00,UPI,Female,Senior (46+),Men,INV001183,16:08:00,P06-XL-WHITE
S002370,2026-08-16,Sunday,Basic Crew T-Shirt,Tops,L,White,2,399.00,0,798.00,UPI,Female,Senior (46+),Men,INV001184,11:11:00,P01-L-WHITE
S002371,2026-08-16,Sunday,Sandals,Footwear,7,Gold,1,999.00,0,999.00,UPI,Female,Young Adult (20-30),Women,INV001185,20:16:00,P21-7-GOLD
S002372,2026-08-16,Sunday,Denim Jeggings,Bottoms,L,Black,1,999.00,0,999.00,UPI,Female,Senior (46+),Women,INV001186,15:39:00,P10-L-BLACK
S002373,2026-08-16,Sunday,Sandals,Footwear,4,Gold,1,999.00,0,999.00,UPI,Female,Senior (46+),Women,INV001186,15:39:00,P21-4-GOLD
S002374,2026-08-16,Sunday,Belt,Accessories,34,Brown,1,399.00,0,399.00,Cash,Male,Teen (13-19),Accessories,INV001187,20:46:00,P26-34-BROWN
S002375,2026-08-16,Sunday,Graphic Tee,Tops,L,Red,1,499.00,0,499.00,Cash,Male,Teen (13-19),Men,INV001187,20:46:00,P06-L-RED
S002376,2026-08-16,Sunday,Slim Fit Jeans,Bottoms,30,Light Blue,1,1299.00,0,1299.00,Cash,Male,Teen (13-19),Men,INV001187,20:46:00,P03-30-LIGHTBLU
S002377,2026-08-16,Sunday,Kids Denim Shorts,Bottoms,6-7Y,Black,1,599.00,0,599.00,UPI,Female,Adult (31-45),Kids,INV001188,16:58:00,P16-67Y-BLACK
S002378,2026-08-16,Sunday,Cotton Kurti,Ethnic Wear,S,Maroon,1,999.00,0,999.00,UPI,Female,Young Adult (20-30),Women,INV001189,14:31:00,P07-S-MAROON
S002379,2026-08-17,Monday,Cotton Kurti,Ethnic Wear,L,Teal,1,999.00,0,999.00,Card,Female,Young Adult (20-30),Women,INV001190,14:35:00,P07-L-TEAL
S002380,2026-08-17,Monday,Straight Pants,Bottoms,L,Beige,1,799.00,0,799.00,Card,Female,Adult (31-45),Women,INV001191,11:55:00,P09-L-BEIGE
S002381,2026-08-17,Monday,Straight Pants,Bottoms,XL,Beige,1,799.00,0,799.00,Card,Female,Adult (31-45),Women,INV001191,11:55:00,P09-XL-BEIGE
S002382,2026-08-17,Monday,Women Flats,Footwear,5,Black,1,799.00,0,799.00,Card,Female,Young Adult (20-30),Women,INV001192,19:23:00,P32-5-BLACK
S002383,2026-08-17,Monday,Straight Pants,Bottoms,XS,Navy,1,799.00,0,799.00,UPI,Female,Teen (13-19),Women,INV001193,18:35:00,P09-XS-NAVY
S002384,2026-08-17,Monday,Straight Pants,Bottoms,M,Navy,1,799.00,0,799.00,Cash,Female,Senior (46+),Women,INV001194,14:15:00,P09-M-NAVY
S002385,2026-08-17,Monday,Crop Top,Tops,S,White,1,599.00,0,599.00,Card,Female,Adult (31-45),Women,INV001195,19:14:00,P11-S-WHITE
S002386,2026-08-17,Monday,Slim Fit Jeans,Bottoms,30,Black,1,1299.00,0,1299.00,Cash,Male,Senior (46+),Men,INV001196,21:24:00,P03-30-BLACK
S002387,2026-08-17,Monday,Formal Shirt,Tops,L,Grey,2,999.00,0,1998.00,Cash,Male,Senior (46+),Men,INV001196,21:24:00,P05-L-GREY
S002388,2026-08-17,Monday,Belt,Accessories,36,Brown,1,399.00,0,399.00,Cash,Male,Young Adult (20-30),Accessories,INV001197,17:18:00,P26-36-BROWN
S002389,2026-08-17,Monday,Sneakers,Footwear,10,Grey,1,1499.00,0,1499.00,Cash,Male,Young Adult (20-30),Men,INV001197,17:18:00,P20-10-GREY
S002390,2026-08-17,Monday,Flip Flops,Footwear,10,Black,1,399.00,0,399.00,Cash,Male,Young Adult (20-30),Men,INV001197,17:18:00,P23-10-BLACK
S002391,2026-08-17,Monday,Crop Top,Tops,M,White,1,599.00,0,599.00,Cash,Male,Young Adult (20-30),Women,INV001197,17:18:00,P11-M-WHITE
S002392,2026-08-17,Monday,Slim Fit Jeans,Bottoms,36,Black,1,1299.00,0,1299.00,Card,Male,Young Adult (20-30),Men,INV001198,21:19:00,P03-36-BLACK
S002393,2026-08-17,Monday,Belt,Accessories,38,Brown,2,399.00,0,798.00,UPI,Female,Teen (13-19),Accessories,INV001199,16:48:00,P26-38-BROWN
S002394,2026-08-17,Monday,Cotton Kurti,Ethnic Wear,M,Maroon,1,999.00,0,999.00,UPI,Female,Teen (13-19),Women,INV001199,16:48:00,P07-M-MAROON
S002395,2026-08-17,Monday,Graphic Tee,Tops,L,Red,2,499.00,0,998.00,UPI,Male,Teen (13-19),Men,INV001200,18:34:00,P06-L-RED
S002396,2026-08-17,Monday,Straight Pants,Bottoms,L,Navy,1,799.00,0,799.00,UPI,Male,Young Adult (20-30),Women,INV001201,18:54:00,P09-L-NAVY
S002397,2026-08-17,Monday,Basic Crew T-Shirt,Tops,L,Black,1,399.00,0,399.00,UPI,Male,Young Adult (20-30),Men,INV001201,18:54:00,P01-L-BLACK
S002398,2026-08-17,Monday,Printed Top,Tops,S,White,1,699.00,0,699.00,UPI,Male,Young Adult (20-30),Women,INV001201,18:54:00,P12-S-WHITE
S002399,2026-08-17,Monday,Women Flats,Footwear,8,Silver,1,799.00,0,799.00,UPI,Other,Adult (31-45),Women,INV001202,16:15:00,P32-8-SILVER
S002400,2026-08-17,Monday,Floral Kurti,Ethnic Wear,M,Pink,2,1199.00,0,2398.00,Card,Female,Young Adult (20-30),Women,INV001203,20:21:00,P08-M-PINK
S002401,2026-08-17,Monday,Printed Top,Tops,XS,Red,1,699.00,0,699.00,Card,Female,Young Adult (20-30),Women,INV001203,20:21:00,P12-XS-RED
S002402,2026-08-17,Monday,Graphic Tee,Tops,XL,Red,1,499.00,0,499.00,Cash,Female,Adult (31-45),Men,INV001204,21:28:00,P06-XL-RED
S002403,2026-08-17,Monday,Basic Crew T-Shirt,Tops,L,Black,1,399.00,0,399.00,Cash,Female,Adult (31-45),Men,INV001204,21:28:00,P01-L-BLACK
S002404,2026-08-17,Monday,Hair Accessories Set,Accessories,OneSize,Pink,1,199.00,0,199.00,Cash,Female,Adult (31-45),Accessories,INV001204,21:28:00,P28-ONESIZE-PINK
S002405,2026-08-17,Monday,Crop Top,Tops,L,Black,1,599.00,0,599.00,Card,Female,Senior (46+),Women,INV001205,13:42:00,P11-L-BLACK
S002406,2026-08-17,Monday,Floral Kurti,Ethnic Wear,XL,Green,1,1199.00,0,1199.00,Card,Female,Senior (46+),Women,INV001205,13:42:00,P08-XL-GREEN
S002407,2026-08-17,Monday,Palazzo Kurta Set,Ethnic Wear,M,Maroon,1,1399.00,0,1399.00,Card,Female,Senior (46+),Women,INV001205,13:42:00,P14-M-MAROON
S002408,2026-08-17,Monday,Basic Crew T-Shirt,Tops,XL,Black,1,399.00,0,399.00,Card,Female,Senior (46+),Men,INV001205,13:42:00,P01-XL-BLACK
S002409,2026-08-17,Monday,Flip Flops,Footwear,9,Navy,1,399.00,0,399.00,Card,Male,Young Adult (20-30),Men,INV001206,20:58:00,P23-9-NAVY
S002410,2026-08-17,Monday,Flip Flops,Footwear,10,Black,1,399.00,0,399.00,Card,Male,Young Adult (20-30),Men,INV001206,20:58:00,P23-10-BLACK
S002411,2026-08-17,Monday,Straight Pants,Bottoms,M,Black,1,799.00,0,799.00,Card,Male,Young Adult (20-30),Women,INV001206,20:58:00,P09-M-BLACK
S002412,2026-08-17,Monday,Cap,Accessories,OneSize,Beige,1,299.00,0,299.00,UPI,Female,Adult (31-45),Accessories,INV001207,12:17:00,P29-ONESIZE-BEIGE
S002413,2026-08-17,Monday,Kids Denim Shorts,Bottoms,6-7Y,Blue,1,599.00,0,599.00,Card,Male,Adult (31-45),Kids,INV001208,10:57:00,P16-67Y-BLUE
S002414,2026-08-17,Monday,Graphic Tee,Tops,XL,White,1,499.00,0,499.00,Card,Male,Adult (31-45),Men,INV001208,10:57:00,P06-XL-WHITE
S002415,2026-08-17,Monday,Sneakers,Footwear,7,White,2,1499.00,0,2998.00,Cash,Male,Young Adult (20-30),Men,INV001209,18:54:00,P20-7-WHITE
S002416,2026-08-17,Monday,Sneakers,Footwear,7,Grey,1,1499.00,0,1499.00,Cash,Male,Young Adult (20-30),Men,INV001209,18:54:00,P20-7-GREY
S002417,2026-08-17,Monday,Kids Cartoon Tee,Tops,4-5Y,Blue,1,399.00,0,399.00,Card,Male,Adult (31-45),Kids,INV001210,16:30:00,P15-45Y-BLUE
S002418,2026-08-17,Monday,Basic Crew T-Shirt,Tops,L,Black,1,399.00,0,399.00,Card,Male,Adult (31-45),Men,INV001210,16:30:00,P01-L-BLACK
S002419,2026-08-17,Monday,Women Flats,Footwear,7,Silver,1,799.00,0,799.00,Card,Female,Young Adult (20-30),Women,INV001211,13:40:00,P32-7-SILVER
S002420,2026-08-17,Monday,Sandals,Footwear,5,Black,1,999.00,0,999.00,Card,Female,Young Adult (20-30),Women,INV001211,13:40:00,P21-5-BLACK
S002421,2026-08-17,Monday,Polo T-Shirt,Tops,L,Navy,1,699.00,0,699.00,Card,Female,Young Adult (20-30),Men,INV001211,13:40:00,P02-L-NAVY
S002422,2026-08-17,Monday,Graphic Tee,Tops,XL,Red,1,499.00,0,499.00,UPI,Male,Adult (31-45),Men,INV001212,21:24:00,P06-XL-RED
S002423,2026-08-17,Monday,Polo T-Shirt,Tops,L,Maroon,1,699.00,0,699.00,UPI,Male,Adult (31-45),Men,INV001212,21:24:00,P02-L-MAROON
S002424,2026-08-17,Monday,Basic Crew T-Shirt,Tops,S,White,1,399.00,0,399.00,UPI,Female,Senior (46+),Men,INV001213,20:24:00,P01-S-WHITE
S002425,2026-08-17,Monday,Denim Jeggings,Bottoms,L,Indigo,1,999.00,0,999.00,UPI,Male,Teen (13-19),Women,INV001214,19:59:00,P10-L-INDIGO
S002426,2026-08-17,Monday,Sneakers,Footwear,9,Black,1,1499.00,0,1499.00,UPI,Male,Teen (13-19),Men,INV001214,19:59:00,P20-9-BLACK
S002427,2026-08-17,Monday,Polo T-Shirt,Tops,XL,Navy,1,699.00,0,699.00,UPI,Male,Teen (13-19),Men,INV001214,19:59:00,P02-XL-NAVY
S002428,2026-08-17,Monday,Slim Fit Jeans,Bottoms,30,Navy,1,1299.00,0,1299.00,UPI,Male,Teen (13-19),Men,INV001214,19:59:00,P03-30-NAVY
S002429,2026-08-17,Monday,Graphic Tee,Tops,L,Red,1,499.00,0,499.00,UPI,Male,Teen (13-19),Men,INV001214,19:59:00,P06-L-RED
S002430,2026-08-17,Monday,Graphic Tee,Tops,L,White,1,499.00,0,499.00,UPI,Male,Adult (31-45),Men,INV001215,19:20:00,P06-L-WHITE
S002431,2026-08-17,Monday,Basic Crew T-Shirt,Tops,L,Navy,1,399.00,0,399.00,UPI,Male,Adult (31-45),Men,INV001215,19:20:00,P01-L-NAVY
S002432,2026-08-17,Monday,Floral Kurti,Ethnic Wear,S,Pink,1,1199.00,0,1199.00,UPI,Male,Adult (31-45),Women,INV001215,19:20:00,P08-S-PINK
S002433,2026-08-17,Monday,Formal Shirt,Tops,M,Blue,1,999.00,0,999.00,UPI,Male,Adult (31-45),Men,INV001215,19:20:00,P05-M-BLUE
S002434,2026-08-17,Monday,Cotton Kurti,Ethnic Wear,L,Maroon,1,999.00,0,999.00,UPI,Female,Young Adult (20-30),Women,INV001216,20:26:00,P07-L-MAROON
S002435,2026-08-17,Monday,Cotton Kurti,Ethnic Wear,L,Mustard,1,999.00,0,999.00,UPI,Female,Young Adult (20-30),Women,INV001216,20:26:00,P07-L-MUSTARD
S002436,2026-08-17,Monday,Floral Kurti,Ethnic Wear,XL,Pink,1,1199.00,0,1199.00,UPI,Female,Young Adult (20-30),Women,INV001216,20:26:00,P08-XL-PINK
S002437,2026-08-17,Monday,Straight Pants,Bottoms,L,Navy,1,799.00,0,799.00,Cash,Female,Adult (31-45),Women,INV001217,20:40:00,P09-L-NAVY
S002438,2026-08-17,Monday,Denim Jeggings,Bottoms,XS,Black,1,999.00,0,999.00,Cash,Female,Adult (31-45),Women,INV001217,20:40:00,P10-XS-BLACK
S002439,2026-08-17,Monday,Sneakers,Footwear,9,Grey,1,1499.00,0,1499.00,UPI,Male,Young Adult (20-30),Men,INV001218,17:29:00,P20-9-GREY
S002440,2026-08-17,Monday,Kids Joggers,Bottoms,8-9Y,Navy,1,699.00,0,699.00,UPI,Male,Young Adult (20-30),Kids,INV001219,12:57:00,P19-89Y-NAVY
S002441,2026-08-17,Monday,Denim Jeggings,Bottoms,L,Black,1,999.00,0,999.00,UPI,Male,Young Adult (20-30),Women,INV001219,12:57:00,P10-L-BLACK
S002442,2026-08-17,Monday,Palazzo Kurta Set,Ethnic Wear,XL,Maroon,1,1399.00,0,1399.00,UPI,Male,Young Adult (20-30),Women,INV001220,18:57:00,P14-XL-MAROON
S002443,2026-08-17,Monday,Handbag,Accessories,OneSize,Maroon,1,999.00,0,999.00,UPI,Male,Young Adult (20-30),Accessories,INV001220,18:57:00,P24-ONESIZE-MAROON
S002444,2026-08-17,Monday,Flip Flops,Footwear,9,Black,1,399.00,0,399.00,UPI,Male,Young Adult (20-30),Men,INV001221,20:36:00,P23-9-BLACK
S002445,2026-08-17,Monday,Sandals,Footwear,8,Tan,1,999.00,0,999.00,Cash,Female,Adult (31-45),Women,INV001222,21:13:00,P21-8-TAN
S002446,2026-08-17,Monday,Slim Fit Jeans,Bottoms,36,Navy,1,1299.00,0,1299.00,Cash,Female,Adult (31-45),Men,INV001222,21:13:00,P03-36-NAVY
S002447,2026-08-17,Monday,Kids Joggers,Bottoms,4-5Y,Navy,1,699.00,0,699.00,Cash,Female,Adult (31-45),Kids,INV001222,21:13:00,P19-45Y-NAVY
S002448,2026-08-17,Monday,Basic Crew T-Shirt,Tops,L,Navy,1,399.00,0,399.00,Cash,Female,Adult (31-45),Men,INV001222,21:13:00,P01-L-NAVY
S002449,2026-08-17,Monday,Kids Ethnic Kurta Set,Ethnic Wear,4-5Y,Mustard,1,999.00,0,999.00,UPI,Female,Senior (46+),Kids,INV001223,18:24:00,P17-45Y-MUSTARD
S002450,2026-08-17,Monday,Kids Cartoon Tee,Tops,2-3Y,Yellow,1,399.00,0,399.00,Card,Female,Young Adult (20-30),Kids,INV001224,20:11:00,P15-23Y-YELLOW
S002451,2026-08-17,Monday,Basic Crew T-Shirt,Tops,S,White,1,399.00,0,399.00,Card,Female,Young Adult (20-30),Men,INV001224,20:11:00,P01-S-WHITE
S002452,2026-08-17,Monday,Straight Pants,Bottoms,L,Beige,1,799.00,0,799.00,Card,Female,Adult (31-45),Women,INV001225,14:43:00,P09-L-BEIGE
S002453,2026-08-17,Monday,Crop Top,Tops,L,Black,1,599.00,0,599.00,Cash,Female,Young Adult (20-30),Women,INV001226,14:15:00,P11-L-BLACK
S002454,2026-08-17,Monday,Polo T-Shirt,Tops,L,Grey,1,699.00,0,699.00,Cash,Female,Young Adult (20-30),Men,INV001226,14:15:00,P02-L-GREY
S002455,2026-08-17,Monday,Floral Kurti,Ethnic Wear,L,Green,1,1199.00,0,1199.00,Cash,Female,Young Adult (20-30),Women,INV001226,14:15:00,P08-L-GREEN
S002456,2026-08-17,Monday,Crop Top,Tops,XS,Black,2,599.00,0,1198.00,Card,Female,Adult (31-45),Women,INV001227,17:23:00,P11-XS-BLACK
S002457,2026-08-17,Monday,Kids Joggers,Bottoms,4-5Y,Black,1,699.00,0,699.00,Card,Female,Adult (31-45),Kids,INV001227,17:23:00,P19-45Y-BLACK
S002458,2026-08-17,Monday,Chino Trousers,Bottoms,36,Olive,1,1099.00,0,1099.00,UPI,Male,Adult (31-45),Men,INV001228,19:30:00,P04-36-OLIVE
S002459,2026-08-17,Monday,Floral Kurti,Ethnic Wear,XL,Blue,1,1199.00,0,1199.00,UPI,Male,Adult (31-45),Women,INV001228,19:30:00,P08-XL-BLUE
S002460,2026-08-17,Monday,Denim Jeggings,Bottoms,S,Indigo,1,999.00,0,999.00,UPI,Male,Adult (31-45),Women,INV001228,19:30:00,P10-S-INDIGO
S002461,2026-08-17,Monday,Kids Ethnic Kurta Set,Ethnic Wear,4-5Y,Mustard,1,999.00,0,999.00,UPI,Female,Adult (31-45),Kids,INV001229,13:16:00,P17-45Y-MUSTARD
S002462,2026-08-17,Monday,Palazzo Kurta Set,Ethnic Wear,M,Mustard,1,1399.00,0,1399.00,UPI,Female,Adult (31-45),Women,INV001229,13:16:00,P14-M-MUSTARD
S002463,2026-08-17,Monday,Cotton Kurti,Ethnic Wear,M,Maroon,1,999.00,0,999.00,UPI,Female,Adult (31-45),Women,INV001229,13:16:00,P07-M-MAROON
S002464,2026-08-17,Monday,Flip Flops,Footwear,7,Navy,1,399.00,0,399.00,UPI,Male,Adult (31-45),Men,INV001230,18:07:00,P23-7-NAVY
S002465,2026-08-17,Monday,Floral Kurti,Ethnic Wear,S,Pink,1,1199.00,0,1199.00,UPI,Male,Adult (31-45),Women,INV001230,18:07:00,P08-S-PINK
S002466,2026-08-17,Monday,Cotton Kurti,Ethnic Wear,L,Maroon,2,999.00,0,1998.00,UPI,Female,Senior (46+),Women,INV001231,14:19:00,P07-L-MAROON
S002467,2026-08-17,Monday,Formal Shirt,Tops,M,Grey,1,999.00,0,999.00,UPI,Female,Senior (46+),Men,INV001231,14:19:00,P05-M-GREY
S002468,2026-08-17,Monday,Straight Pants,Bottoms,S,Beige,1,799.00,0,799.00,UPI,Female,Senior (46+),Women,INV001231,14:19:00,P09-S-BEIGE
S002469,2026-08-17,Monday,Kids Cartoon Tee,Tops,2-3Y,Yellow,1,399.00,0,399.00,UPI,Male,Teen (13-19),Kids,INV001232,20:26:00,P15-23Y-YELLOW
S002470,2026-08-17,Monday,Basic Crew T-Shirt,Tops,S,White,1,399.00,0,399.00,UPI,Male,Teen (13-19),Men,INV001232,20:26:00,P01-S-WHITE
S002471,2026-08-17,Monday,Basic Crew T-Shirt,Tops,XL,Navy,1,399.00,0,399.00,Card,Male,Senior (46+),Men,INV001233,19:49:00,P01-XL-NAVY
S002472,2026-08-17,Monday,Women Flats,Footwear,7,Beige,1,799.00,0,799.00,Card,Male,Teen (13-19),Women,INV001234,10:31:00,P32-7-BEIGE
S002473,2026-08-17,Monday,Slim Fit Jeans,Bottoms,34,Navy,1,1299.00,0,1299.00,Card,Male,Teen (13-19),Men,INV001234,10:31:00,P03-34-NAVY
S002474,2026-08-17,Monday,Basic Crew T-Shirt,Tops,M,White,2,399.00,0,798.00,Card,Female,Teen (13-19),Men,INV001235,18:56:00,P01-M-WHITE
S002475,2026-08-17,Monday,Sneakers,Footwear,10,Black,1,1499.00,0,1499.00,Card,Female,Teen (13-19),Men,INV001235,18:56:00,P20-10-BLACK
S002476,2026-08-17,Monday,Graphic Tee,Tops,XL,White,1,499.00,0,499.00,UPI,Male,Adult (31-45),Men,INV001236,21:28:00,P06-XL-WHITE
S002477,2026-08-18,Tuesday,Graphic Tee,Tops,S,White,1,499.00,10,449.10,Cash,Male,Young Adult (20-30),Men,INV001237,20:47:00,P06-S-WHITE
S002478,2026-08-18,Tuesday,Wallet,Accessories,OneSize,Black,1,499.00,0,499.00,Cash,Male,Young Adult (20-30),Accessories,INV001237,20:47:00,P27-ONESIZE-BLACK
S002479,2026-08-18,Tuesday,Kids Sports Shoes,Footwear,11C,Pink,1,899.00,0,899.00,Cash,Male,Young Adult (20-30),Kids,INV001238,17:10:00,P22-11C-PINK
S002480,2026-08-18,Tuesday,Crop Top,Tops,L,Lavender,1,599.00,10,539.10,Cash,Male,Young Adult (20-30),Women,INV001238,17:10:00,P11-L-LAVENDER
S002481,2026-08-18,Tuesday,Kids Cartoon Tee,Tops,4-5Y,Yellow,1,399.00,10,359.10,Cash,Male,Young Adult (20-30),Kids,INV001238,17:10:00,P15-45Y-YELLOW
S002482,2026-08-18,Tuesday,Formal Shirt,Tops,S,Grey,1,999.00,10,899.10,Cash,Female,Young Adult (20-30),Men,INV001239,19:37:00,P05-S-GREY
S002483,2026-08-18,Tuesday,Sneakers,Footwear,7,White,2,1499.00,0,2998.00,Cash,Female,Young Adult (20-30),Men,INV001239,19:37:00,P20-7-WHITE
S002484,2026-08-18,Tuesday,Basic Crew T-Shirt,Tops,S,Black,1,399.00,10,359.10,Cash,Female,Young Adult (20-30),Men,INV001239,19:37:00,P01-S-BLACK
S002485,2026-08-18,Tuesday,Women Flats,Footwear,4,Black,1,799.00,0,799.00,Cash,Female,Young Adult (20-30),Women,INV001239,19:37:00,P32-4-BLACK
S002486,2026-08-18,Tuesday,Kids Sports Shoes,Footwear,11C,Black,1,899.00,0,899.00,UPI,Other,Young Adult (20-30),Kids,INV001240,19:51:00,P22-11C-BLACK
S002487,2026-08-18,Tuesday,Polo T-Shirt,Tops,M,Grey,1,699.00,10,629.10,UPI,Male,Young Adult (20-30),Men,INV001241,21:28:00,P02-M-GREY
S002488,2026-08-18,Tuesday,Floral Kurti,Ethnic Wear,L,Blue,1,1199.00,0,1199.00,UPI,Male,Young Adult (20-30),Women,INV001241,21:28:00,P08-L-BLUE
S002489,2026-08-18,Tuesday,Denim Jeggings,Bottoms,M,Black,1,999.00,0,999.00,UPI,Other,Young Adult (20-30),Women,INV001242,19:05:00,P10-M-BLACK
S002490,2026-08-18,Tuesday,Kids Ethnic Kurta Set,Ethnic Wear,6-7Y,Mustard,1,999.00,0,999.00,UPI,Other,Young Adult (20-30),Kids,INV001242,19:05:00,P17-67Y-MUSTARD
S002491,2026-08-18,Tuesday,Basic Crew T-Shirt,Tops,M,Navy,1,399.00,10,359.10,Cash,Male,Adult (31-45),Men,INV001243,19:45:00,P01-M-NAVY
S002492,2026-08-18,Tuesday,Printed Top,Tops,M,White,1,699.00,10,629.10,UPI,Male,Young Adult (20-30),Women,INV001244,18:00:00,P12-M-WHITE
S002493,2026-08-18,Tuesday,Crop Top,Tops,S,White,1,599.00,10,539.10,UPI,Male,Young Adult (20-30),Women,INV001244,18:00:00,P11-S-WHITE
S002494,2026-08-18,Tuesday,Slim Fit Jeans,Bottoms,30,Navy,1,1299.00,0,1299.00,UPI,Male,Young Adult (20-30),Men,INV001244,18:00:00,P03-30-NAVY
S002495,2026-08-18,Tuesday,Cotton Kurti,Ethnic Wear,L,Mustard,1,999.00,0,999.00,Cash,Male,Young Adult (20-30),Women,INV001245,13:00:00,P07-L-MUSTARD
S002496,2026-08-18,Tuesday,Basic Crew T-Shirt,Tops,L,Olive,1,399.00,10,359.10,Cash,Male,Young Adult (20-30),Men,INV001245,13:00:00,P01-L-OLIVE
S002497,2026-08-18,Tuesday,Kids Cartoon Tee,Tops,6-7Y,Blue,2,399.00,10,718.20,UPI,Male,Adult (31-45),Kids,INV001246,21:11:00,P15-67Y-BLUE
S002498,2026-08-18,Tuesday,Cotton Kurti,Ethnic Wear,XL,Teal,1,999.00,0,999.00,UPI,Male,Adult (31-45),Women,INV001246,21:11:00,P07-XL-TEAL
S002499,2026-08-18,Tuesday,Palazzo Kurta Set,Ethnic Wear,XS,Teal,1,1399.00,0,1399.00,UPI,Male,Adult (31-45),Women,INV001246,21:11:00,P14-XS-TEAL
S002500,2026-08-18,Tuesday,Cotton Kurti,Ethnic Wear,L,Teal,1,999.00,0,999.00,UPI,Female,Adult (31-45),Women,INV001247,13:54:00,P07-L-TEAL
S002501,2026-08-18,Tuesday,Cotton Kurti,Ethnic Wear,L,Mustard,1,999.00,0,999.00,UPI,Female,Adult (31-45),Women,INV001247,13:54:00,P07-L-MUSTARD
S002502,2026-08-18,Tuesday,Kids Ethnic Kurta Set,Ethnic Wear,2-3Y,Green,1,999.00,0,999.00,UPI,Female,Adult (31-45),Kids,INV001247,13:54:00,P17-23Y-GREEN
S002503,2026-08-18,Tuesday,Crop Top,Tops,XS,Lavender,1,599.00,10,539.10,UPI,Female,Adult (31-45),Women,INV001248,17:16:00,P11-XS-LAVENDER
S002504,2026-08-18,Tuesday,Kids Joggers,Bottoms,6-7Y,Grey,1,699.00,0,699.00,UPI,Female,Adult (31-45),Kids,INV001248,17:16:00,P19-67Y-GREY
S002505,2026-08-18,Tuesday,Kids Lehenga Set,Ethnic Wear,8-9Y,Mint,2,1299.00,0,2598.00,UPI,Female,Adult (31-45),Kids,INV001249,15:42:00,P18-89Y-MINT
S002506,2026-08-18,Tuesday,Sneakers,Footwear,7,Black,1,1499.00,0,1499.00,UPI,Female,Adult (31-45),Men,INV001249,15:42:00,P20-7-BLACK
S002507,2026-08-18,Tuesday,Graphic Tee,Tops,XL,White,1,499.00,10,449.10,Cash,Male,Adult (31-45),Men,INV001250,16:35:00,P06-XL-WHITE
S002508,2026-08-18,Tuesday,Chino Trousers,Bottoms,30,Navy,1,1099.00,0,1099.00,Cash,Male,Adult (31-45),Men,INV001250,16:35:00,P04-30-NAVY
S002509,2026-08-18,Tuesday,Kids Ethnic Kurta Set,Ethnic Wear,4-5Y,Mustard,1,999.00,0,999.00,Cash,Male,Adult (31-45),Kids,INV001250,16:35:00,P17-45Y-MUSTARD
S002510,2026-08-18,Tuesday,Crop Top,Tops,S,Black,1,599.00,10,539.10,Cash,Female,Young Adult (20-30),Women,INV001251,19:28:00,P11-S-BLACK
S002511,2026-08-18,Tuesday,Basic Crew T-Shirt,Tops,XL,White,1,399.00,10,359.10,Cash,Female,Young Adult (20-30),Men,INV001251,19:28:00,P01-XL-WHITE
S002512,2026-08-18,Tuesday,Flip Flops,Footwear,10,Black,1,399.00,0,399.00,Cash,Female,Young Adult (20-30),Men,INV001251,19:28:00,P23-10-BLACK
S002513,2026-08-18,Tuesday,Kids Joggers,Bottoms,8-9Y,Black,1,699.00,0,699.00,UPI,Female,Teen (13-19),Kids,INV001252,18:46:00,P19-89Y-BLACK
S002514,2026-08-18,Tuesday,Kids Sports Shoes,Footwear,13C,Black,1,899.00,0,899.00,UPI,Male,Adult (31-45),Kids,INV001253,20:18:00,P22-13C-BLACK
S002515,2026-08-18,Tuesday,Basic Crew T-Shirt,Tops,L,Olive,1,399.00,10,359.10,UPI,Male,Adult (31-45),Men,INV001253,20:18:00,P01-L-OLIVE
S002516,2026-08-18,Tuesday,Formal Shirt,Tops,XL,Blue,2,999.00,10,1798.20,UPI,Female,Young Adult (20-30),Men,INV001254,17:36:00,P05-XL-BLUE
S002517,2026-08-18,Tuesday,Basic Crew T-Shirt,Tops,L,White,1,399.00,10,359.10,UPI,Female,Young Adult (20-30),Men,INV001254,17:36:00,P01-L-WHITE
S002518,2026-08-18,Tuesday,Slim Fit Jeans,Bottoms,34,Light Blue,2,1299.00,0,2598.00,Cash,Male,Senior (46+),Men,INV001255,19:25:00,P03-34-LIGHTBLU
S002519,2026-08-18,Tuesday,Formal Shirt,Tops,S,Grey,1,999.00,10,899.10,Cash,Male,Senior (46+),Men,INV001255,19:25:00,P05-S-GREY
S002520,2026-08-18,Tuesday,Graphic Tee,Tops,M,White,1,499.00,10,449.10,UPI,Female,Young Adult (20-30),Men,INV001256,17:56:00,P06-M-WHITE
S002521,2026-08-18,Tuesday,Kids Joggers,Bottoms,6-7Y,Navy,1,699.00,0,699.00,UPI,Male,Young Adult (20-30),Kids,INV001257,11:02:00,P19-67Y-NAVY
S002522,2026-08-18,Tuesday,Basic Crew T-Shirt,Tops,M,White,1,399.00,10,359.10,UPI,Male,Young Adult (20-30),Men,INV001257,11:02:00,P01-M-WHITE
S002523,2026-08-18,Tuesday,Graphic Tee,Tops,L,Black,2,499.00,10,898.20,Card,Male,Senior (46+),Men,INV001258,19:58:00,P06-L-BLACK
S002524,2026-08-18,Tuesday,Printed Top,Tops,L,White,1,699.00,10,629.10,Card,Male,Senior (46+),Women,INV001258,19:58:00,P12-L-WHITE
S002525,2026-08-18,Tuesday,Polo T-Shirt,Tops,S,Maroon,1,699.00,10,629.10,UPI,Male,Young Adult (20-30),Men,INV001259,19:51:00,P02-S-MAROON
S002526,2026-08-18,Tuesday,Ethnic Dupatta,Accessories,OneSize,Green,1,599.00,0,599.00,Card,Female,Adult (31-45),Women,INV001260,19:55:00,P31-ONESIZE-GREEN
S002527,2026-08-18,Tuesday,Chino Trousers,Bottoms,34,Olive,1,1099.00,0,1099.00,Card,Female,Adult (31-45),Men,INV001260,19:55:00,P04-34-OLIVE
S002528,2026-08-18,Tuesday,Hair Accessories Set,Accessories,OneSize,Multicolor,2,199.00,0,398.00,UPI,Male,Senior (46+),Accessories,INV001261,10:45:00,P28-ONESIZE-MULTICOL
S002529,2026-08-18,Tuesday,Crop Top,Tops,S,White,1,599.00,10,539.10,UPI,Male,Senior (46+),Women,INV001261,10:45:00,P11-S-WHITE
S002530,2026-08-18,Tuesday,Cotton Kurti,Ethnic Wear,L,Mustard,1,999.00,0,999.00,UPI,Male,Young Adult (20-30),Women,INV001262,18:40:00,P07-L-MUSTARD
S002531,2026-08-18,Tuesday,Sneakers,Footwear,9,White,1,1499.00,0,1499.00,UPI,Male,Young Adult (20-30),Men,INV001262,18:40:00,P20-9-WHITE
S002532,2026-08-18,Tuesday,Kids Joggers,Bottoms,4-5Y,Black,1,699.00,0,699.00,Card,Female,Teen (13-19),Kids,INV001263,15:22:00,P19-45Y-BLACK
S002533,2026-08-18,Tuesday,Sneakers,Footwear,8,Black,1,1499.00,0,1499.00,UPI,Male,Adult (31-45),Men,INV001264,20:07:00,P20-8-BLACK
S002534,2026-08-18,Tuesday,Basic Crew T-Shirt,Tops,L,White,1,399.00,10,359.10,UPI,Male,Adult (31-45),Men,INV001264,20:07:00,P01-L-WHITE
S002535,2026-08-18,Tuesday,Basic Crew T-Shirt,Tops,M,Olive,1,399.00,10,359.10,Cash,Female,Senior (46+),Men,INV001265,14:01:00,P01-M-OLIVE
S002536,2026-08-18,Tuesday,Graphic Tee,Tops,L,Black,2,499.00,10,898.20,Cash,Female,Senior (46+),Men,INV001265,14:01:00,P06-L-BLACK
S002537,2026-08-18,Tuesday,Polo T-Shirt,Tops,M,Grey,1,699.00,10,629.10,Cash,Female,Adult (31-45),Men,INV001266,21:17:00,P02-M-GREY
S002538,2026-08-18,Tuesday,Palazzo Kurta Set,Ethnic Wear,S,Mustard,1,1399.00,0,1399.00,Cash,Female,Young Adult (20-30),Women,INV001267,19:43:00,P14-S-MUSTARD
S002539,2026-08-18,Tuesday,Kids Denim Shorts,Bottoms,4-5Y,Blue,1,599.00,0,599.00,Card,Male,Young Adult (20-30),Kids,INV001268,19:21:00,P16-45Y-BLUE
S002540,2026-08-18,Tuesday,Printed Top,Tops,M,Red,1,699.00,10,629.10,Card,Male,Young Adult (20-30),Women,INV001268,19:21:00,P12-M-RED
S002541,2026-08-18,Tuesday,Kids Lehenga Set,Ethnic Wear,6-7Y,Pink,1,1299.00,0,1299.00,UPI,Female,Adult (31-45),Kids,INV001269,14:47:00,P18-67Y-PINK
S002542,2026-08-18,Tuesday,Formal Shirt,Tops,L,Grey,1,999.00,10,899.10,UPI,Female,Adult (31-45),Men,INV001269,14:47:00,P05-L-GREY
S002543,2026-08-18,Tuesday,Cotton Kurti,Ethnic Wear,XS,Mustard,1,999.00,0,999.00,UPI,Male,Teen (13-19),Women,INV001270,19:12:00,P07-XS-MUSTARD
S002544,2026-08-18,Tuesday,Basic Crew T-Shirt,Tops,S,Black,1,399.00,10,359.10,UPI,Male,Teen (13-19),Men,INV001270,19:12:00,P01-S-BLACK
S002545,2026-08-18,Tuesday,Women Flats,Footwear,5,Black,1,799.00,0,799.00,Cash,Male,Senior (46+),Women,INV001271,19:46:00,P32-5-BLACK
S002546,2026-08-18,Tuesday,Graphic Tee,Tops,XL,White,1,499.00,10,449.10,Cash,Male,Senior (46+),Men,INV001271,19:46:00,P06-XL-WHITE
S002547,2026-08-18,Tuesday,Printed Top,Tops,L,Blue,1,699.00,10,629.10,Cash,Male,Senior (46+),Women,INV001271,19:46:00,P12-L-BLUE
S002548,2026-08-18,Tuesday,Formal Shirt,Tops,L,Grey,1,999.00,10,899.10,Card,Male,Young Adult (20-30),Men,INV001272,11:09:00,P05-L-GREY
S002549,2026-08-18,Tuesday,Handbag,Accessories,OneSize,Black,1,999.00,0,999.00,Card,Male,Senior (46+),Accessories,INV001273,13:00:00,P24-ONESIZE-BLACK
S002550,2026-08-18,Tuesday,Kids Cartoon Tee,Tops,6-7Y,Red,1,399.00,10,359.10,Card,Male,Senior (46+),Kids,INV001273,13:00:00,P15-67Y-RED
S002551,2026-08-18,Tuesday,Printed Top,Tops,XS,Blue,1,699.00,10,629.10,UPI,Male,Teen (13-19),Women,INV001274,20:38:00,P12-XS-BLUE
S002552,2026-08-18,Tuesday,Belt,Accessories,34,Black,1,399.00,0,399.00,Card,Female,Teen (13-19),Accessories,INV001275,20:39:00,P26-34-BLACK
S002553,2026-08-18,Tuesday,Floral Kurti,Ethnic Wear,XL,Blue,1,1199.00,0,1199.00,Card,Female,Teen (13-19),Women,INV001275,20:39:00,P08-XL-BLUE
S002554,2026-08-18,Tuesday,Sandals,Footwear,8,Black,1,999.00,0,999.00,Card,Female,Teen (13-19),Women,INV001275,20:39:00,P21-8-BLACK
S002555,2026-08-18,Tuesday,Slim Fit Jeans,Bottoms,34,Black,1,1299.00,0,1299.00,Card,Female,Young Adult (20-30),Men,INV001276,16:50:00,P03-34-BLACK
S002556,2026-08-18,Tuesday,Straight Pants,Bottoms,L,Black,1,799.00,0,799.00,Card,Male,Young Adult (20-30),Women,INV001277,10:53:00,P09-L-BLACK
S002557,2026-08-18,Tuesday,Palazzo Kurta Set,Ethnic Wear,S,Mustard,2,1399.00,0,2798.00,Card,Male,Young Adult (20-30),Women,INV001277,10:53:00,P14-S-MUSTARD
S002558,2026-08-18,Tuesday,Formal Shirt,Tops,M,Blue,1,999.00,10,899.10,Card,Male,Young Adult (20-30),Men,INV001277,10:53:00,P05-M-BLUE
S002559,2026-08-18,Tuesday,Cotton Kurti,Ethnic Wear,S,Mustard,1,999.00,0,999.00,UPI,Female,Young Adult (20-30),Women,INV001278,16:05:00,P07-S-MUSTARD
S002560,2026-08-18,Tuesday,Basic Crew T-Shirt,Tops,L,White,1,399.00,10,359.10,Cash,Male,Young Adult (20-30),Men,INV001279,17:03:00,P01-L-WHITE
S002561,2026-08-18,Tuesday,Cotton Kurti,Ethnic Wear,L,Mustard,1,999.00,0,999.00,Card,Female,Teen (13-19),Women,INV001280,20:20:00,P07-L-MUSTARD
S002562,2026-08-18,Tuesday,Cotton Kurti,Ethnic Wear,L,Maroon,1,999.00,0,999.00,UPI,Female,Senior (46+),Women,INV001281,20:34:00,P07-L-MAROON
S002563,2026-08-18,Tuesday,Kids Cartoon Tee,Tops,8-9Y,Yellow,2,399.00,10,718.20,UPI,Female,Senior (46+),Kids,INV001281,20:34:00,P15-89Y-YELLOW
S002564,2026-08-18,Tuesday,Crop Top,Tops,S,Black,1,599.00,10,539.10,UPI,Female,Teen (13-19),Women,INV001282,10:59:00,P11-S-BLACK
S002565,2026-08-18,Tuesday,Graphic Tee,Tops,L,Red,1,499.00,10,449.10,Card,Female,Young Adult (20-30),Men,INV001283,16:37:00,P06-L-RED
S002566,2026-08-18,Tuesday,Printed Top,Tops,XL,Blue,1,699.00,10,629.10,Card,Female,Young Adult (20-30),Women,INV001283,16:37:00,P12-XL-BLUE
S002567,2026-08-18,Tuesday,Floral Kurti,Ethnic Wear,M,Pink,1,1199.00,0,1199.00,Card,Female,Young Adult (20-30),Women,INV001283,16:37:00,P08-M-PINK
S002568,2026-08-18,Tuesday,Cotton Kurti,Ethnic Wear,XL,Maroon,1,999.00,0,999.00,Card,Female,Young Adult (20-30),Women,INV001283,16:37:00,P07-XL-MAROON
S002569,2026-08-18,Tuesday,Slim Fit Jeans,Bottoms,32,Light Blue,1,1299.00,0,1299.00,Card,Female,Young Adult (20-30),Men,INV001283,16:37:00,P03-32-LIGHTBLU
S002570,2026-08-18,Tuesday,Basic Crew T-Shirt,Tops,L,Olive,1,399.00,10,359.10,Cash,Male,Adult (31-45),Men,INV001284,20:04:00,P01-L-OLIVE
S002571,2026-08-18,Tuesday,Chino Trousers,Bottoms,30,Olive,1,1099.00,0,1099.00,Cash,Male,Adult (31-45),Men,INV001284,20:04:00,P04-30-OLIVE
S002572,2026-08-18,Tuesday,Belt,Accessories,36,Black,1,399.00,0,399.00,Cash,Male,Adult (31-45),Accessories,INV001284,20:04:00,P26-36-BLACK
S002573,2026-08-18,Tuesday,Graphic Tee,Tops,XL,Red,1,499.00,10,449.10,UPI,Female,Young Adult (20-30),Men,INV001285,13:32:00,P06-XL-RED
S002574,2026-08-18,Tuesday,Slim Fit Jeans,Bottoms,32,Black,1,1299.00,0,1299.00,Cash,Male,Adult (31-45),Men,INV001286,19:46:00,P03-32-BLACK
S002575,2026-08-18,Tuesday,Crop Top,Tops,M,Lavender,1,599.00,10,539.10,UPI,Other,Young Adult (20-30),Women,INV001287,18:08:00,P11-M-LAVENDER
S002576,2026-08-18,Tuesday,Kids Joggers,Bottoms,4-5Y,Grey,1,699.00,0,699.00,UPI,Other,Young Adult (20-30),Kids,INV001287,18:08:00,P19-45Y-GREY
S002577,2026-08-18,Tuesday,Palazzo Kurta Set,Ethnic Wear,M,Mustard,2,1399.00,0,2798.00,UPI,Other,Young Adult (20-30),Women,INV001287,18:08:00,P14-M-MUSTARD
S002578,2026-08-18,Tuesday,Basic Crew T-Shirt,Tops,XL,Navy,1,399.00,10,359.10,UPI,Other,Young Adult (20-30),Men,INV001287,18:08:00,P01-XL-NAVY
S002579,2026-08-18,Tuesday,Kids Ethnic Kurta Set,Ethnic Wear,6-7Y,Mustard,3,999.00,0,2997.00,UPI,Male,Teen (13-19),Kids,INV001288,13:44:00,P17-67Y-MUSTARD
S002580,2026-08-18,Tuesday,Handbag,Accessories,OneSize,Maroon,1,999.00,0,999.00,UPI,Male,Teen (13-19),Accessories,INV001288,13:44:00,P24-ONESIZE-MAROON
S002581,2026-08-18,Tuesday,Denim Jeggings,Bottoms,L,Indigo,1,999.00,0,999.00,UPI,Male,Teen (13-19),Women,INV001288,13:44:00,P10-L-INDIGO
S002582,2026-08-18,Tuesday,Denim Jeggings,Bottoms,XL,Black,1,999.00,0,999.00,Cash,Female,Young Adult (20-30),Women,INV001289,20:20:00,P10-XL-BLACK
S002583,2026-08-18,Tuesday,Palazzo Kurta Set,Ethnic Wear,M,Maroon,1,1399.00,0,1399.00,Cash,Female,Young Adult (20-30),Women,INV001289,20:20:00,P14-M-MAROON
S002584,2026-08-18,Tuesday,Polo T-Shirt,Tops,L,Maroon,1,699.00,10,629.10,Cash,Female,Young Adult (20-30),Men,INV001289,20:20:00,P02-L-MAROON
S002585,2026-08-18,Tuesday,Kids Cartoon Tee,Tops,8-9Y,Blue,2,399.00,10,718.20,UPI,Male,Young Adult (20-30),Kids,INV001290,14:57:00,P15-89Y-BLUE
S002586,2026-08-18,Tuesday,Basic Crew T-Shirt,Tops,S,White,3,399.00,10,1077.30,UPI,Male,Adult (31-45),Men,INV001291,18:47:00,P01-S-WHITE
S002587,2026-08-18,Tuesday,Slim Fit Jeans,Bottoms,30,Black,1,1299.00,0,1299.00,UPI,Male,Adult (31-45),Men,INV001291,18:47:00,P03-30-BLACK
S002588,2026-08-19,Wednesday,Kids Cartoon Tee,Tops,4-5Y,Red,1,399.00,0,399.00,Card,Female,Young Adult (20-30),Kids,INV001292,19:33:00,P15-45Y-RED
S002589,2026-08-19,Wednesday,Denim Jeggings,Bottoms,M,Black,1,999.00,0,999.00,Card,Female,Young Adult (20-30),Women,INV001292,19:33:00,P10-M-BLACK
S002590,2026-08-19,Wednesday,Kids Denim Shorts,Bottoms,6-7Y,Black,1,599.00,0,599.00,Card,Female,Young Adult (20-30),Kids,INV001292,19:33:00,P16-67Y-BLACK
S002591,2026-08-19,Wednesday,Straight Pants,Bottoms,XS,Beige,1,799.00,0,799.00,UPI,Female,Adult (31-45),Women,INV001293,12:05:00,P09-XS-BEIGE
S002592,2026-08-19,Wednesday,Cotton Kurti,Ethnic Wear,XL,Maroon,1,999.00,0,999.00,UPI,Female,Adult (31-45),Women,INV001293,12:05:00,P07-XL-MAROON
S002593,2026-08-19,Wednesday,Flip Flops,Footwear,7,Grey,1,399.00,0,399.00,UPI,Female,Adult (31-45),Men,INV001294,20:14:00,P23-7-GREY
S002594,2026-08-19,Wednesday,Kids Sports Shoes,Footwear,1Y,Black,1,899.00,0,899.00,UPI,Female,Adult (31-45),Kids,INV001294,20:14:00,P22-1Y-BLACK
S002595,2026-08-19,Wednesday,Polo T-Shirt,Tops,L,Navy,1,699.00,0,699.00,UPI,Female,Adult (31-45),Men,INV001294,20:14:00,P02-L-NAVY
S002596,2026-08-19,Wednesday,Slim Fit Jeans,Bottoms,30,Black,1,1299.00,0,1299.00,UPI,Female,Adult (31-45),Men,INV001294,20:14:00,P03-30-BLACK
S002597,2026-08-19,Wednesday,Cotton Kurti,Ethnic Wear,L,Maroon,2,999.00,0,1998.00,UPI,Female,Adult (31-45),Women,INV001294,20:14:00,P07-L-MAROON
S002598,2026-08-19,Wednesday,Floral Kurti,Ethnic Wear,S,Pink,1,1199.00,0,1199.00,UPI,Male,Adult (31-45),Women,INV001295,19:45:00,P08-S-PINK
S002599,2026-08-19,Wednesday,Flip Flops,Footwear,9,Grey,1,399.00,0,399.00,UPI,Male,Adult (31-45),Men,INV001296,15:59:00,P23-9-GREY
S002600,2026-08-19,Wednesday,Straight Pants,Bottoms,S,Navy,1,799.00,0,799.00,UPI,Male,Adult (31-45),Women,INV001296,15:59:00,P09-S-NAVY
S002601,2026-08-19,Wednesday,Basic Crew T-Shirt,Tops,XL,Black,2,399.00,0,798.00,UPI,Male,Adult (31-45),Men,INV001297,19:44:00,P01-XL-BLACK
S002602,2026-08-19,Wednesday,Printed Top,Tops,L,White,1,699.00,0,699.00,UPI,Male,Adult (31-45),Women,INV001297,19:44:00,P12-L-WHITE
S002603,2026-08-19,Wednesday,Denim Jeggings,Bottoms,S,Black,1,999.00,0,999.00,UPI,Male,Adult (31-45),Women,INV001297,19:44:00,P10-S-BLACK
S002604,2026-08-19,Wednesday,Cotton Kurti,Ethnic Wear,XL,Maroon,1,999.00,0,999.00,UPI,Male,Teen (13-19),Women,INV001298,13:07:00,P07-XL-MAROON
S002605,2026-08-19,Wednesday,Palazzo Kurta Set,Ethnic Wear,S,Maroon,1,1399.00,0,1399.00,UPI,Male,Teen (13-19),Women,INV001298,13:07:00,P14-S-MAROON
S002606,2026-08-19,Wednesday,Flip Flops,Footwear,7,Black,1,399.00,0,399.00,UPI,Male,Teen (13-19),Men,INV001298,13:07:00,P23-7-BLACK
S002607,2026-08-19,Wednesday,Cotton Kurti,Ethnic Wear,M,Maroon,1,999.00,0,999.00,Card,Male,Young Adult (20-30),Women,INV001299,15:39:00,P07-M-MAROON
S002608,2026-08-19,Wednesday,Kids Lehenga Set,Ethnic Wear,4-5Y,Peach,1,1299.00,0,1299.00,Card,Male,Young Adult (20-30),Kids,INV001299,15:39:00,P18-45Y-PEACH
S002609,2026-08-19,Wednesday,Formal Shirt,Tops,M,White,2,999.00,0,1998.00,Cash,Female,Young Adult (20-30),Men,INV001300,17:27:00,P05-M-WHITE
S002610,2026-08-19,Wednesday,Slim Fit Jeans,Bottoms,32,Light Blue,1,1299.00,0,1299.00,Cash,Female,Young Adult (20-30),Men,INV001300,17:27:00,P03-32-LIGHTBLU
S002611,2026-08-19,Wednesday,Denim Jeggings,Bottoms,M,Black,1,999.00,0,999.00,Cash,Female,Young Adult (20-30),Women,INV001300,17:27:00,P10-M-BLACK
S002612,2026-08-19,Wednesday,Kids Ethnic Kurta Set,Ethnic Wear,6-7Y,Green,1,999.00,0,999.00,UPI,Female,Teen (13-19),Kids,INV001301,17:13:00,P17-67Y-GREEN
S002613,2026-08-19,Wednesday,Cotton Kurti,Ethnic Wear,M,Maroon,1,999.00,0,999.00,UPI,Female,Teen (13-19),Women,INV001301,17:13:00,P07-M-MAROON
S002614,2026-08-19,Wednesday,Denim Jeggings,Bottoms,M,Black,1,999.00,0,999.00,UPI,Female,Teen (13-19),Women,INV001301,17:13:00,P10-M-BLACK
S002615,2026-08-19,Wednesday,Denim Jeggings,Bottoms,L,Black,1,999.00,0,999.00,UPI,Female,Young Adult (20-30),Women,INV001302,16:57:00,P10-L-BLACK
S002616,2026-08-19,Wednesday,Basic Crew T-Shirt,Tops,S,White,1,399.00,0,399.00,UPI,Female,Young Adult (20-30),Men,INV001302,16:57:00,P01-S-WHITE
S002617,2026-08-19,Wednesday,Cap,Accessories,OneSize,Black,1,299.00,0,299.00,UPI,Female,Young Adult (20-30),Accessories,INV001302,16:57:00,P29-ONESIZE-BLACK
S002618,2026-08-19,Wednesday,Women Flats,Footwear,5,Black,1,799.00,0,799.00,Card,Male,Young Adult (20-30),Women,INV001303,16:16:00,P32-5-BLACK
S002619,2026-08-19,Wednesday,Basic Crew T-Shirt,Tops,S,Black,2,399.00,0,798.00,Card,Male,Young Adult (20-30),Men,INV001303,16:16:00,P01-S-BLACK
S002620,2026-08-19,Wednesday,Printed Top,Tops,L,Red,1,699.00,0,699.00,Card,Male,Young Adult (20-30),Women,INV001303,16:16:00,P12-L-RED
S002621,2026-08-19,Wednesday,Polo T-Shirt,Tops,XL,Grey,1,699.00,0,699.00,Card,Female,Teen (13-19),Men,INV001304,19:10:00,P02-XL-GREY
S002622,2026-08-19,Wednesday,Straight Pants,Bottoms,L,Black,1,799.00,0,799.00,Card,Female,Teen (13-19),Women,INV001304,19:10:00,P09-L-BLACK
S002623,2026-08-19,Wednesday,Graphic Tee,Tops,XL,Black,1,499.00,0,499.00,Card,Female,Young Adult (20-30),Men,INV001305,14:08:00,P06-XL-BLACK
S002624,2026-08-19,Wednesday,Floral Kurti,Ethnic Wear,L,Green,1,1199.00,0,1199.00,Card,Female,Young Adult (20-30),Women,INV001305,14:08:00,P08-L-GREEN
S002625,2026-08-19,Wednesday,Graphic Tee,Tops,S,Red,1,499.00,0,499.00,UPI,Male,Teen (13-19),Men,INV001306,18:39:00,P06-S-RED
S002626,2026-08-19,Wednesday,Formal Shirt,Tops,XL,Grey,1,999.00,0,999.00,UPI,Male,Senior (46+),Men,INV001307,19:19:00,P05-XL-GREY
S002627,2026-08-19,Wednesday,Slim Fit Jeans,Bottoms,32,Navy,1,1299.00,0,1299.00,UPI,Male,Senior (46+),Men,INV001307,19:19:00,P03-32-NAVY
S002628,2026-08-19,Wednesday,Basic Crew T-Shirt,Tops,M,White,1,399.00,0,399.00,UPI,Male,Senior (46+),Men,INV001307,19:19:00,P01-M-WHITE
S002629,2026-08-19,Wednesday,Cap,Accessories,OneSize,Beige,1,299.00,0,299.00,UPI,Male,Teen (13-19),Accessories,INV001308,15:38:00,P29-ONESIZE-BEIGE
S002630,2026-08-19,Wednesday,Graphic Tee,Tops,L,Red,1,499.00,0,499.00,Card,Other,Teen (13-19),Men,INV001309,16:18:00,P06-L-RED
S002631,2026-08-19,Wednesday,Crop Top,Tops,M,Lavender,1,599.00,0,599.00,Card,Male,Young Adult (20-30),Women,INV001310,19:48:00,P11-M-LAVENDER
S002632,2026-08-19,Wednesday,Straight Pants,Bottoms,XL,Navy,1,799.00,0,799.00,Card,Male,Young Adult (20-30),Women,INV001310,19:48:00,P09-XL-NAVY
S002633,2026-08-19,Wednesday,Cotton Kurti,Ethnic Wear,S,Maroon,1,999.00,0,999.00,Card,Female,Adult (31-45),Women,INV001311,20:40:00,P07-S-MAROON
S002634,2026-08-19,Wednesday,Floral Kurti,Ethnic Wear,XL,Blue,1,1199.00,0,1199.00,Card,Female,Adult (31-45),Women,INV001311,20:40:00,P08-XL-BLUE
S002635,2026-08-19,Wednesday,Cotton Kurti,Ethnic Wear,M,Teal,1,999.00,0,999.00,Card,Female,Adult (31-45),Women,INV001311,20:40:00,P07-M-TEAL
S002636,2026-08-19,Wednesday,Kids Joggers,Bottoms,4-5Y,Grey,1,699.00,0,699.00,UPI,Female,Young Adult (20-30),Kids,INV001312,10:40:00,P19-45Y-GREY
S002637,2026-08-19,Wednesday,Slim Fit Jeans,Bottoms,34,Black,1,1299.00,0,1299.00,UPI,Male,Adult (31-45),Men,INV001313,17:53:00,P03-34-BLACK
S002638,2026-08-19,Wednesday,Hair Accessories Set,Accessories,OneSize,Black,1,199.00,0,199.00,UPI,Male,Adult (31-45),Accessories,INV001313,17:53:00,P28-ONESIZE-BLACK
S002639,2026-08-19,Wednesday,Kids Cartoon Tee,Tops,8-9Y,Yellow,1,399.00,0,399.00,Cash,Male,Young Adult (20-30),Kids,INV001314,13:59:00,P15-89Y-YELLOW
S002640,2026-08-19,Wednesday,Printed Top,Tops,XS,Blue,1,699.00,0,699.00,Card,Female,Young Adult (20-30),Women,INV001315,16:44:00,P12-XS-BLUE
S002641,2026-08-19,Wednesday,Chino Trousers,Bottoms,30,Beige,1,1099.00,0,1099.00,Card,Female,Young Adult (20-30),Men,INV001315,16:44:00,P04-30-BEIGE
S002642,2026-08-19,Wednesday,Formal Shirt,Tops,XL,White,1,999.00,0,999.00,UPI,Female,Teen (13-19),Men,INV001316,10:50:00,P05-XL-WHITE
S002643,2026-08-19,Wednesday,Polo T-Shirt,Tops,XL,Grey,1,699.00,0,699.00,UPI,Male,Young Adult (20-30),Men,INV001317,15:36:00,P02-XL-GREY
S002644,2026-08-19,Wednesday,Palazzo Kurta Set,Ethnic Wear,XL,Mustard,1,1399.00,0,1399.00,UPI,Male,Young Adult (20-30),Women,INV001317,15:36:00,P14-XL-MUSTARD
S002645,2026-08-19,Wednesday,Basic Crew T-Shirt,Tops,L,Olive,1,399.00,0,399.00,UPI,Male,Adult (31-45),Men,INV001318,11:28:00,P01-L-OLIVE
S002646,2026-08-19,Wednesday,Crop Top,Tops,S,Black,1,599.00,0,599.00,UPI,Male,Adult (31-45),Women,INV001318,11:28:00,P11-S-BLACK
S002647,2026-08-19,Wednesday,Graphic Tee,Tops,L,Red,1,499.00,0,499.00,UPI,Male,Adult (31-45),Men,INV001318,11:28:00,P06-L-RED
S002648,2026-08-19,Wednesday,Graphic Tee,Tops,M,Black,1,499.00,0,499.00,UPI,Male,Adult (31-45),Men,INV001318,11:28:00,P06-M-BLACK
S002649,2026-08-19,Wednesday,Kids Ethnic Kurta Set,Ethnic Wear,6-7Y,Green,1,999.00,0,999.00,UPI,Male,Adult (31-45),Kids,INV001319,19:16:00,P17-67Y-GREEN
S002650,2026-08-19,Wednesday,Chino Trousers,Bottoms,34,Beige,1,1099.00,0,1099.00,Card,Male,Young Adult (20-30),Men,INV001320,20:18:00,P04-34-BEIGE
S002651,2026-08-19,Wednesday,Basic Crew T-Shirt,Tops,M,Navy,1,399.00,0,399.00,Card,Male,Young Adult (20-30),Men,INV001320,20:18:00,P01-M-NAVY
S002652,2026-08-19,Wednesday,Crop Top,Tops,L,Black,2,599.00,0,1198.00,Card,Male,Young Adult (20-30),Women,INV001321,12:28:00,P11-L-BLACK
S002653,2026-08-19,Wednesday,Basic Crew T-Shirt,Tops,L,Black,1,399.00,0,399.00,UPI,Male,Adult (31-45),Men,INV001322,20:45:00,P01-L-BLACK
S002654,2026-08-19,Wednesday,Printed Top,Tops,M,Blue,1,699.00,0,699.00,UPI,Male,Adult (31-45),Women,INV001322,20:45:00,P12-M-BLUE
S002655,2026-08-19,Wednesday,Sandals,Footwear,4,Gold,1,999.00,0,999.00,UPI,Female,Young Adult (20-30),Women,INV001323,19:52:00,P21-4-GOLD
S002656,2026-08-19,Wednesday,Kids Ethnic Kurta Set,Ethnic Wear,6-7Y,Green,2,999.00,0,1998.00,UPI,Female,Young Adult (20-30),Kids,INV001323,19:52:00,P17-67Y-GREEN
S002657,2026-08-19,Wednesday,Cotton Kurti,Ethnic Wear,M,Maroon,1,999.00,0,999.00,UPI,Female,Young Adult (20-30),Women,INV001323,19:52:00,P07-M-MAROON
S002658,2026-08-19,Wednesday,Floral Kurti,Ethnic Wear,M,Blue,1,1199.00,0,1199.00,Card,Female,Young Adult (20-30),Women,INV001324,19:25:00,P08-M-BLUE
S002659,2026-08-19,Wednesday,Formal Shirt,Tops,L,Blue,1,999.00,0,999.00,UPI,Male,Teen (13-19),Men,INV001325,21:21:00,P05-L-BLUE
S002660,2026-08-19,Wednesday,Cotton Kurti,Ethnic Wear,XL,Teal,1,999.00,0,999.00,UPI,Male,Teen (13-19),Women,INV001325,21:21:00,P07-XL-TEAL
S002661,2026-08-19,Wednesday,Polo T-Shirt,Tops,M,Navy,1,699.00,0,699.00,UPI,Male,Teen (13-19),Men,INV001325,21:21:00,P02-M-NAVY
S002662,2026-08-19,Wednesday,Graphic Tee,Tops,L,White,1,499.00,0,499.00,UPI,Other,Adult (31-45),Men,INV001326,19:20:00,P06-L-WHITE
S002663,2026-08-19,Wednesday,Kids Denim Shorts,Bottoms,8-9Y,Black,1,599.00,0,599.00,Card,Male,Teen (13-19),Kids,INV001327,19:26:00,P16-89Y-BLACK
S002664,2026-08-19,Wednesday,Basic Crew T-Shirt,Tops,M,Navy,1,399.00,0,399.00,UPI,Male,Adult (31-45),Men,INV001328,18:02:00,P01-M-NAVY
S002665,2026-08-19,Wednesday,Basic Crew T-Shirt,Tops,M,White,1,399.00,0,399.00,UPI,Male,Senior (46+),Men,INV001329,20:43:00,P01-M-WHITE
S002666,2026-08-19,Wednesday,Sneakers,Footwear,7,Black,2,1499.00,0,2998.00,UPI,Male,Senior (46+),Men,INV001329,20:43:00,P20-7-BLACK
S002667,2026-08-19,Wednesday,Kids Cartoon Tee,Tops,2-3Y,Yellow,1,399.00,0,399.00,Cash,Male,Adult (31-45),Kids,INV001330,20:35:00,P15-23Y-YELLOW
S002668,2026-08-19,Wednesday,Kids Lehenga Set,Ethnic Wear,6-7Y,Peach,1,1299.00,0,1299.00,UPI,Female,Adult (31-45),Kids,INV001331,11:44:00,P18-67Y-PEACH
S002669,2026-08-19,Wednesday,Straight Pants,Bottoms,XS,Black,1,799.00,0,799.00,UPI,Female,Young Adult (20-30),Women,INV001332,11:41:00,P09-XS-BLACK
S002670,2026-08-19,Wednesday,Cotton Kurti,Ethnic Wear,S,Maroon,1,999.00,0,999.00,UPI,Female,Young Adult (20-30),Women,INV001332,11:41:00,P07-S-MAROON
S002671,2026-08-19,Wednesday,Polo T-Shirt,Tops,XL,Grey,1,699.00,0,699.00,UPI,Male,Adult (31-45),Men,INV001333,20:09:00,P02-XL-GREY
S002672,2026-08-19,Wednesday,Basic Crew T-Shirt,Tops,XL,White,1,399.00,0,399.00,UPI,Male,Adult (31-45),Men,INV001333,20:09:00,P01-XL-WHITE
S002673,2026-08-19,Wednesday,Palazzo Kurta Set,Ethnic Wear,L,Mustard,2,1399.00,0,2798.00,Card,Female,Young Adult (20-30),Women,INV001334,11:40:00,P14-L-MUSTARD
S002674,2026-08-19,Wednesday,Basic Crew T-Shirt,Tops,L,Black,1,399.00,0,399.00,Card,Female,Young Adult (20-30),Men,INV001335,21:22:00,P01-L-BLACK
S002675,2026-08-19,Wednesday,Flip Flops,Footwear,7,Navy,1,399.00,0,399.00,Card,Female,Young Adult (20-30),Men,INV001335,21:22:00,P23-7-NAVY
S002676,2026-08-19,Wednesday,Formal Shirt,Tops,L,White,1,999.00,0,999.00,Card,Female,Young Adult (20-30),Men,INV001335,21:22:00,P05-L-WHITE
S002677,2026-08-19,Wednesday,Graphic Tee,Tops,M,Black,1,499.00,0,499.00,Card,Female,Young Adult (20-30),Men,INV001335,21:22:00,P06-M-BLACK
S002678,2026-08-19,Wednesday,Denim Jeggings,Bottoms,L,Black,1,999.00,0,999.00,Card,Female,Young Adult (20-30),Women,INV001336,16:17:00,P10-L-BLACK
S002679,2026-08-19,Wednesday,Sneakers,Footwear,7,Grey,1,1499.00,0,1499.00,Card,Female,Adult (31-45),Men,INV001337,18:40:00,P20-7-GREY
S002680,2026-08-19,Wednesday,Denim Jeggings,Bottoms,M,Indigo,1,999.00,0,999.00,Card,Female,Adult (31-45),Women,INV001337,18:40:00,P10-M-INDIGO
S002681,2026-08-19,Wednesday,Women Flats,Footwear,7,Beige,1,799.00,0,799.00,UPI,Female,Young Adult (20-30),Women,INV001338,19:09:00,P32-7-BEIGE
S002682,2026-08-19,Wednesday,Denim Jeggings,Bottoms,L,Black,1,999.00,0,999.00,UPI,Female,Young Adult (20-30),Women,INV001338,19:09:00,P10-L-BLACK
S002683,2026-08-19,Wednesday,Handbag,Accessories,OneSize,Maroon,1,999.00,0,999.00,UPI,Female,Adult (31-45),Accessories,INV001339,20:46:00,P24-ONESIZE-MAROON
S002684,2026-08-19,Wednesday,Basic Crew T-Shirt,Tops,M,Navy,1,399.00,0,399.00,UPI,Male,Senior (46+),Men,INV001340,21:25:00,P01-M-NAVY
S002685,2026-08-19,Wednesday,Kids Cartoon Tee,Tops,8-9Y,Blue,2,399.00,0,798.00,UPI,Male,Senior (46+),Kids,INV001340,21:25:00,P15-89Y-BLUE
S002686,2026-08-19,Wednesday,Crop Top,Tops,S,Lavender,1,599.00,0,599.00,Card,Male,Teen (13-19),Women,INV001341,12:28:00,P11-S-LAVENDER
S002687,2026-08-19,Wednesday,Graphic Tee,Tops,XL,Black,1,499.00,0,499.00,Card,Male,Teen (13-19),Men,INV001341,12:28:00,P06-XL-BLACK
S002688,2026-08-19,Wednesday,Graphic Tee,Tops,M,Red,1,499.00,0,499.00,Card,Male,Teen (13-19),Men,INV001341,12:28:00,P06-M-RED
S002689,2026-08-19,Wednesday,Polo T-Shirt,Tops,L,Navy,1,699.00,0,699.00,Cash,Female,Teen (13-19),Men,INV001342,21:27:00,P02-L-NAVY
S002690,2026-08-19,Wednesday,Chino Trousers,Bottoms,36,Navy,1,1099.00,0,1099.00,UPI,Male,Adult (31-45),Men,INV001343,13:55:00,P04-36-NAVY
S002691,2026-08-19,Wednesday,Cotton Kurti,Ethnic Wear,M,Maroon,1,999.00,0,999.00,Cash,Female,Young Adult (20-30),Women,INV001344,12:22:00,P07-M-MAROON
S002692,2026-08-19,Wednesday,Floral Kurti,Ethnic Wear,L,Blue,1,1199.00,0,1199.00,Cash,Female,Young Adult (20-30),Women,INV001344,12:22:00,P08-L-BLUE
S002693,2026-08-19,Wednesday,Basic Crew T-Shirt,Tops,M,Olive,1,399.00,0,399.00,Cash,Female,Young Adult (20-30),Men,INV001344,12:22:00,P01-M-OLIVE
S002694,2026-08-19,Wednesday,Kids Cartoon Tee,Tops,2-3Y,Yellow,1,399.00,0,399.00,Cash,Female,Young Adult (20-30),Kids,INV001344,12:22:00,P15-23Y-YELLOW
S002695,2026-08-19,Wednesday,Straight Pants,Bottoms,M,Beige,1,799.00,0,799.00,UPI,Female,Adult (31-45),Women,INV001345,19:07:00,P09-M-BEIGE
S002696,2026-08-19,Wednesday,Basic Crew T-Shirt,Tops,L,Black,1,399.00,0,399.00,UPI,Male,Young Adult (20-30),Men,INV001346,16:21:00,P01-L-BLACK
S002697,2026-08-19,Wednesday,Hair Accessories Set,Accessories,OneSize,Multicolor,1,199.00,0,199.00,UPI,Female,Young Adult (20-30),Accessories,INV001347,19:28:00,P28-ONESIZE-MULTICOL
S002698,2026-08-19,Wednesday,Handbag,Accessories,OneSize,Tan,1,999.00,0,999.00,UPI,Female,Young Adult (20-30),Accessories,INV001347,19:28:00,P24-ONESIZE-TAN
S002699,2026-08-20,Thursday,Kids Cartoon Tee,Tops,4-5Y,Red,1,399.00,0,399.00,UPI,Other,Adult (31-45),Kids,INV001348,14:44:00,P15-45Y-RED
S002700,2026-08-20,Thursday,Cotton Kurti,Ethnic Wear,XL,Teal,1,999.00,0,999.00,UPI,Other,Adult (31-45),Women,INV001348,14:44:00,P07-XL-TEAL
S002701,2026-08-20,Thursday,Basic Crew T-Shirt,Tops,M,White,1,399.00,0,399.00,UPI,Male,Adult (31-45),Men,INV001349,16:40:00,P01-M-WHITE
S002702,2026-08-20,Thursday,Formal Shirt,Tops,L,White,1,999.00,0,999.00,UPI,Male,Adult (31-45),Men,INV001349,16:40:00,P05-L-WHITE
S002703,2026-08-20,Thursday,Straight Pants,Bottoms,M,Navy,1,799.00,0,799.00,Card,Female,Teen (13-19),Women,INV001350,17:45:00,P09-M-NAVY
S002704,2026-08-20,Thursday,Palazzo Kurta Set,Ethnic Wear,L,Maroon,1,1399.00,0,1399.00,Card,Female,Teen (13-19),Women,INV001350,17:45:00,P14-L-MAROON
S002705,2026-08-20,Thursday,Cotton Kurti,Ethnic Wear,M,Teal,1,999.00,0,999.00,Card,Female,Teen (13-19),Women,INV001350,17:45:00,P07-M-TEAL
S002706,2026-08-20,Thursday,Graphic Tee,Tops,M,Red,1,499.00,0,499.00,Cash,Female,Adult (31-45),Men,INV001351,21:25:00,P06-M-RED
S002707,2026-08-20,Thursday,Anarkali Kurta Set,Ethnic Wear,L,Wine,2,1799.00,30,2518.60,UPI,Male,Young Adult (20-30),Women,INV001352,20:21:00,P13-L-WINE
S002708,2026-08-20,Thursday,Kids Lehenga Set,Ethnic Wear,2-3Y,Mint,1,1299.00,0,1299.00,UPI,Male,Young Adult (20-30),Kids,INV001352,20:21:00,P18-23Y-MINT
S002709,2026-08-20,Thursday,Basic Crew T-Shirt,Tops,M,Navy,1,399.00,0,399.00,Cash,Female,Adult (31-45),Men,INV001353,12:48:00,P01-M-NAVY
S002710,2026-08-20,Thursday,Cotton Kurti,Ethnic Wear,M,Teal,3,999.00,0,2997.00,Cash,Female,Adult (31-45),Women,INV001353,12:48:00,P07-M-TEAL
S002711,2026-08-20,Thursday,Formal Shirt,Tops,L,White,1,999.00,0,999.00,UPI,Female,Young Adult (20-30),Men,INV001354,20:23:00,P05-L-WHITE
S002712,2026-08-20,Thursday,Belt,Accessories,36,Black,1,399.00,0,399.00,UPI,Female,Young Adult (20-30),Accessories,INV001355,19:04:00,P26-36-BLACK
S002713,2026-08-20,Thursday,Printed Top,Tops,M,White,1,699.00,0,699.00,Card,Male,Young Adult (20-30),Women,INV001356,15:23:00,P12-M-WHITE
S002714,2026-08-20,Thursday,Kids Cartoon Tee,Tops,4-5Y,Blue,1,399.00,0,399.00,Card,Male,Young Adult (20-30),Kids,INV001356,15:23:00,P15-45Y-BLUE
S002715,2026-08-20,Thursday,Basic Crew T-Shirt,Tops,L,Black,1,399.00,0,399.00,Card,Male,Young Adult (20-30),Men,INV001356,15:23:00,P01-L-BLACK
S002716,2026-08-20,Thursday,Denim Jeggings,Bottoms,L,Indigo,1,999.00,0,999.00,UPI,Female,Young Adult (20-30),Women,INV001357,14:59:00,P10-L-INDIGO
S002717,2026-08-20,Thursday,Floral Kurti,Ethnic Wear,L,Blue,1,1199.00,0,1199.00,UPI,Female,Young Adult (20-30),Women,INV001357,14:59:00,P08-L-BLUE
S002718,2026-08-20,Thursday,Kids Sports Shoes,Footwear,11C,Blue,1,899.00,0,899.00,UPI,Male,Young Adult (20-30),Kids,INV001358,19:40:00,P22-11C-BLUE
S002719,2026-08-20,Thursday,Formal Shirt,Tops,S,White,1,999.00,0,999.00,UPI,Male,Young Adult (20-30),Men,INV001358,19:40:00,P05-S-WHITE
S002720,2026-08-20,Thursday,Cotton Kurti,Ethnic Wear,M,Maroon,1,999.00,0,999.00,UPI,Female,Teen (13-19),Women,INV001359,12:52:00,P07-M-MAROON
S002721,2026-08-20,Thursday,Flip Flops,Footwear,8,Navy,1,399.00,0,399.00,Cash,Male,Young Adult (20-30),Men,INV001360,19:42:00,P23-8-NAVY
S002722,2026-08-20,Thursday,Formal Shirt,Tops,L,Grey,2,999.00,0,1998.00,Cash,Male,Young Adult (20-30),Men,INV001360,19:42:00,P05-L-GREY
S002723,2026-08-20,Thursday,Chino Trousers,Bottoms,30,Beige,1,1099.00,0,1099.00,Cash,Male,Young Adult (20-30),Men,INV001360,19:42:00,P04-30-BEIGE
S002724,2026-08-20,Thursday,Kids Lehenga Set,Ethnic Wear,8-9Y,Pink,2,1299.00,0,2598.00,Card,Female,Adult (31-45),Kids,INV001361,13:30:00,P18-89Y-PINK
S002725,2026-08-20,Thursday,Polo T-Shirt,Tops,S,Navy,1,699.00,0,699.00,Card,Female,Adult (31-45),Men,INV001361,13:30:00,P02-S-NAVY
S002726,2026-08-20,Thursday,Kids Denim Shorts,Bottoms,8-9Y,Blue,1,599.00,0,599.00,Card,Male,Adult (31-45),Kids,INV001362,21:11:00,P16-89Y-BLUE
S002727,2026-08-20,Thursday,Chino Trousers,Bottoms,36,Beige,1,1099.00,0,1099.00,UPI,Male,Senior (46+),Men,INV001363,11:27:00,P04-36-BEIGE
S002728,2026-08-20,Thursday,Palazzo Kurta Set,Ethnic Wear,XS,Teal,1,1399.00,0,1399.00,UPI,Female,Adult (31-45),Women,INV001364,11:00:00,P14-XS-TEAL
S002729,2026-08-20,Thursday,Kids Ethnic Kurta Set,Ethnic Wear,4-5Y,Green,2,999.00,0,1998.00,UPI,Female,Adult (31-45),Kids,INV001364,11:00:00,P17-45Y-GREEN
S002730,2026-08-20,Thursday,Cotton Kurti,Ethnic Wear,L,Maroon,1,999.00,0,999.00,UPI,Female,Adult (31-45),Women,INV001365,14:45:00,P07-L-MAROON
S002731,2026-08-20,Thursday,Palazzo Kurta Set,Ethnic Wear,L,Mustard,1,1399.00,0,1399.00,UPI,Female,Adult (31-45),Women,INV001365,14:45:00,P14-L-MUSTARD
S002732,2026-08-20,Thursday,Graphic Tee,Tops,S,Red,1,499.00,0,499.00,UPI,Male,Young Adult (20-30),Men,INV001366,20:03:00,P06-S-RED
S002733,2026-08-20,Thursday,Basic Crew T-Shirt,Tops,L,Black,1,399.00,0,399.00,UPI,Male,Young Adult (20-30),Men,INV001366,20:03:00,P01-L-BLACK
S002734,2026-08-20,Thursday,Flip Flops,Footwear,8,Black,1,399.00,0,399.00,UPI,Male,Young Adult (20-30),Men,INV001366,20:03:00,P23-8-BLACK
S002735,2026-08-20,Thursday,Polo T-Shirt,Tops,L,Grey,1,699.00,0,699.00,Cash,Male,Teen (13-19),Men,INV001367,19:00:00,P02-L-GREY
S002736,2026-08-20,Thursday,Cotton Kurti,Ethnic Wear,L,Maroon,1,999.00,0,999.00,Cash,Male,Teen (13-19),Women,INV001367,19:00:00,P07-L-MAROON
S002737,2026-08-20,Thursday,Basic Crew T-Shirt,Tops,S,Navy,1,399.00,0,399.00,Cash,Male,Teen (13-19),Men,INV001367,19:00:00,P01-S-NAVY
S002738,2026-08-20,Thursday,Basic Crew T-Shirt,Tops,M,White,1,399.00,0,399.00,UPI,Male,Teen (13-19),Men,INV001368,17:03:00,P01-M-WHITE
S002739,2026-08-20,Thursday,Basic Crew T-Shirt,Tops,M,Black,3,399.00,0,1197.00,UPI,Male,Teen (13-19),Men,INV001368,17:03:00,P01-M-BLACK
S002740,2026-08-20,Thursday,Chino Trousers,Bottoms,36,Olive,1,1099.00,0,1099.00,UPI,Male,Teen (13-19),Men,INV001368,17:03:00,P04-36-OLIVE
S002741,2026-08-20,Thursday,Sneakers,Footwear,8,Black,1,1499.00,0,1499.00,UPI,Male,Adult (31-45),Men,INV001369,16:29:00,P20-8-BLACK
S002742,2026-08-20,Thursday,Basic Crew T-Shirt,Tops,M,Olive,1,399.00,0,399.00,UPI,Male,Adult (31-45),Men,INV001369,16:29:00,P01-M-OLIVE
S002743,2026-08-20,Thursday,Kids Joggers,Bottoms,8-9Y,Black,1,699.00,0,699.00,UPI,Male,Teen (13-19),Kids,INV001370,20:24:00,P19-89Y-BLACK
S002744,2026-08-20,Thursday,Kids Joggers,Bottoms,2-3Y,Black,1,699.00,0,699.00,Cash,Female,Young Adult (20-30),Kids,INV001371,13:26:00,P19-23Y-BLACK
S002745,2026-08-20,Thursday,Denim Jeggings,Bottoms,M,Black,1,999.00,0,999.00,Cash,Female,Young Adult (20-30),Women,INV001371,13:26:00,P10-M-BLACK
S002746,2026-08-20,Thursday,Crop Top,Tops,S,Black,1,599.00,0,599.00,UPI,Female,Adult (31-45),Women,INV001372,12:06:00,P11-S-BLACK
S002747,2026-08-20,Thursday,Kids Cartoon Tee,Tops,6-7Y,Yellow,1,399.00,0,399.00,UPI,Female,Adult (31-45),Kids,INV001372,12:06:00,P15-67Y-YELLOW
S002748,2026-08-20,Thursday,Flip Flops,Footwear,7,Black,1,399.00,0,399.00,UPI,Female,Adult (31-45),Men,INV001372,12:06:00,P23-7-BLACK
S002749,2026-08-20,Thursday,Belt,Accessories,36,Brown,1,399.00,0,399.00,UPI,Female,Adult (31-45),Accessories,INV001372,12:06:00,P26-36-BROWN
S002750,2026-08-20,Thursday,Kids Ethnic Kurta Set,Ethnic Wear,4-5Y,Mustard,1,999.00,0,999.00,UPI,Male,Teen (13-19),Kids,INV001373,12:48:00,P17-45Y-MUSTARD
S002751,2026-08-20,Thursday,Basic Crew T-Shirt,Tops,M,Olive,1,399.00,0,399.00,UPI,Male,Adult (31-45),Men,INV001374,20:10:00,P01-M-OLIVE
S002752,2026-08-20,Thursday,Flip Flops,Footwear,10,Black,1,399.00,0,399.00,Card,Female,Young Adult (20-30),Men,INV001375,15:53:00,P23-10-BLACK
S002753,2026-08-20,Thursday,Kids Denim Shorts,Bottoms,4-5Y,Black,1,599.00,0,599.00,Card,Female,Young Adult (20-30),Kids,INV001375,15:53:00,P16-45Y-BLACK
S002754,2026-08-20,Thursday,Cotton Kurti,Ethnic Wear,L,Teal,1,999.00,0,999.00,Card,Male,Adult (31-45),Women,INV001376,14:35:00,P07-L-TEAL
S002755,2026-08-20,Thursday,Basic Crew T-Shirt,Tops,S,Navy,1,399.00,0,399.00,Card,Male,Adult (31-45),Men,INV001376,14:35:00,P01-S-NAVY
S002756,2026-08-20,Thursday,Flip Flops,Footwear,10,Navy,1,399.00,0,399.00,Card,Male,Adult (31-45),Men,INV001376,14:35:00,P23-10-NAVY
S002757,2026-08-20,Thursday,Kids Sports Shoes,Footwear,11C,Pink,1,899.00,0,899.00,UPI,Female,Teen (13-19),Kids,INV001377,21:06:00,P22-11C-PINK
S002758,2026-08-20,Thursday,Palazzo Kurta Set,Ethnic Wear,XL,Teal,2,1399.00,0,2798.00,UPI,Female,Teen (13-19),Women,INV001377,21:06:00,P14-XL-TEAL
S002759,2026-08-20,Thursday,Cap,Accessories,OneSize,Black,2,299.00,0,598.00,UPI,Female,Teen (13-19),Accessories,INV001377,21:06:00,P29-ONESIZE-BLACK
S002760,2026-08-20,Thursday,Wallet,Accessories,OneSize,Black,2,499.00,0,998.00,UPI,Male,Young Adult (20-30),Accessories,INV001378,17:03:00,P27-ONESIZE-BLACK
S002761,2026-08-20,Thursday,Printed Top,Tops,M,Blue,1,699.00,0,699.00,Cash,Male,Teen (13-19),Women,INV001379,11:50:00,P12-M-BLUE
S002762,2026-08-20,Thursday,Graphic Tee,Tops,M,White,1,499.00,0,499.00,UPI,Male,Young Adult (20-30),Men,INV001380,18:49:00,P06-M-WHITE
S002763,2026-08-20,Thursday,Graphic Tee,Tops,L,Black,1,499.00,0,499.00,UPI,Male,Teen (13-19),Men,INV001381,18:14:00,P06-L-BLACK
S002764,2026-08-20,Thursday,Slim Fit Jeans,Bottoms,34,Light Blue,1,1299.00,0,1299.00,Card,Female,Adult (31-45),Men,INV001382,16:57:00,P03-34-LIGHTBLU
S002765,2026-08-20,Thursday,Graphic Tee,Tops,M,Black,1,499.00,0,499.00,Card,Female,Adult (31-45),Men,INV001382,16:57:00,P06-M-BLACK
S002766,2026-08-20,Thursday,Kids Cartoon Tee,Tops,6-7Y,Yellow,1,399.00,0,399.00,Card,Female,Adult (31-45),Kids,INV001382,16:57:00,P15-67Y-YELLOW
S002767,2026-08-20,Thursday,Floral Kurti,Ethnic Wear,L,Pink,1,1199.00,0,1199.00,Card,Female,Adult (31-45),Women,INV001382,16:57:00,P08-L-PINK
S002768,2026-08-20,Thursday,Graphic Tee,Tops,L,White,1,499.00,0,499.00,UPI,Female,Adult (31-45),Men,INV001383,17:23:00,P06-L-WHITE
S002769,2026-08-20,Thursday,Crop Top,Tops,M,Black,1,599.00,0,599.00,Card,Male,Adult (31-45),Women,INV001384,15:43:00,P11-M-BLACK
S002770,2026-08-20,Thursday,Kids Joggers,Bottoms,8-9Y,Black,1,699.00,0,699.00,UPI,Male,Teen (13-19),Kids,INV001385,13:11:00,P19-89Y-BLACK
S002771,2026-08-20,Thursday,Polo T-Shirt,Tops,S,Grey,1,699.00,0,699.00,UPI,Male,Teen (13-19),Men,INV001385,13:11:00,P02-S-GREY
S002772,2026-08-20,Thursday,Crop Top,Tops,M,White,1,599.00,0,599.00,UPI,Male,Teen (13-19),Women,INV001385,13:11:00,P11-M-WHITE
S002773,2026-08-20,Thursday,Crop Top,Tops,M,White,1,599.00,0,599.00,Card,Female,Adult (31-45),Women,INV001386,13:06:00,P11-M-WHITE
S002774,2026-08-20,Thursday,Graphic Tee,Tops,S,White,1,499.00,0,499.00,Card,Female,Adult (31-45),Men,INV001386,13:06:00,P06-S-WHITE
S002775,2026-08-20,Thursday,Printed Top,Tops,L,Red,1,699.00,0,699.00,Card,Female,Adult (31-45),Women,INV001386,13:06:00,P12-L-RED
S002776,2026-08-20,Thursday,Basic Crew T-Shirt,Tops,M,Navy,1,399.00,0,399.00,UPI,Male,Senior (46+),Men,INV001387,16:23:00,P01-M-NAVY
S002777,2026-08-20,Thursday,Formal Shirt,Tops,S,White,1,999.00,0,999.00,UPI,Male,Young Adult (20-30),Men,INV001388,16:19:00,P05-S-WHITE
S002778,2026-08-20,Thursday,Chino Trousers,Bottoms,32,Navy,1,1099.00,0,1099.00,UPI,Male,Young Adult (20-30),Men,INV001388,16:19:00,P04-32-NAVY
S002779,2026-08-20,Thursday,Sandals,Footwear,7,Gold,1,999.00,0,999.00,Cash,Male,Senior (46+),Women,INV001389,18:31:00,P21-7-GOLD
S002780,2026-08-20,Thursday,Kids Joggers,Bottoms,6-7Y,Black,1,699.00,0,699.00,Cash,Male,Senior (46+),Kids,INV001389,18:31:00,P19-67Y-BLACK
S002781,2026-08-20,Thursday,Floral Kurti,Ethnic Wear,L,Pink,1,1199.00,0,1199.00,UPI,Female,Adult (31-45),Women,INV001390,21:05:00,P08-L-PINK
S002782,2026-08-20,Thursday,Printed Top,Tops,M,White,1,699.00,0,699.00,UPI,Female,Adult (31-45),Women,INV001390,21:05:00,P12-M-WHITE
S002783,2026-08-20,Thursday,Sandals,Footwear,4,Black,1,999.00,0,999.00,UPI,Female,Adult (31-45),Women,INV001390,21:05:00,P21-4-BLACK
S002784,2026-08-20,Thursday,Crop Top,Tops,S,White,2,599.00,0,1198.00,UPI,Male,Young Adult (20-30),Women,INV001391,20:40:00,P11-S-WHITE
S002785,2026-08-20,Thursday,Sneakers,Footwear,8,Black,1,1499.00,0,1499.00,UPI,Male,Young Adult (20-30),Men,INV001391,20:40:00,P20-8-BLACK
S002786,2026-08-20,Thursday,Graphic Tee,Tops,M,White,1,499.00,0,499.00,UPI,Male,Young Adult (20-30),Men,INV001391,20:40:00,P06-M-WHITE
S002787,2026-08-20,Thursday,Basic Crew T-Shirt,Tops,XL,White,1,399.00,0,399.00,UPI,Male,Young Adult (20-30),Men,INV001391,20:40:00,P01-XL-WHITE
S002788,2026-08-20,Thursday,Flip Flops,Footwear,10,Black,1,399.00,0,399.00,UPI,Male,Adult (31-45),Men,INV001392,15:56:00,P23-10-BLACK
S002789,2026-08-20,Thursday,Slim Fit Jeans,Bottoms,30,Black,1,1299.00,0,1299.00,UPI,Male,Adult (31-45),Men,INV001392,15:56:00,P03-30-BLACK
S002790,2026-08-20,Thursday,Straight Pants,Bottoms,XS,Black,1,799.00,0,799.00,UPI,Male,Adult (31-45),Women,INV001393,19:07:00,P09-XS-BLACK
S002791,2026-08-20,Thursday,Kids Sports Shoes,Footwear,13C,Black,1,899.00,0,899.00,Card,Female,Young Adult (20-30),Kids,INV001394,16:33:00,P22-13C-BLACK
S002792,2026-08-20,Thursday,Kids Sports Shoes,Footwear,10C,Pink,2,899.00,0,1798.00,Card,Female,Young Adult (20-30),Kids,INV001394,16:33:00,P22-10C-PINK
S002793,2026-08-20,Thursday,Formal Shirt,Tops,XL,White,1,999.00,0,999.00,UPI,Female,Young Adult (20-30),Men,INV001395,16:12:00,P05-XL-WHITE
S002794,2026-08-20,Thursday,Basic Crew T-Shirt,Tops,M,Black,1,399.00,0,399.00,UPI,Female,Young Adult (20-30),Men,INV001395,16:12:00,P01-M-BLACK
S002795,2026-08-20,Thursday,Basic Crew T-Shirt,Tops,S,Navy,1,399.00,0,399.00,Cash,Male,Young Adult (20-30),Men,INV001396,14:32:00,P01-S-NAVY
S002796,2026-08-20,Thursday,Flip Flops,Footwear,9,Grey,1,399.00,0,399.00,Cash,Male,Young Adult (20-30),Men,INV001396,14:32:00,P23-9-GREY
S002797,2026-08-20,Thursday,Basic Crew T-Shirt,Tops,L,Black,1,399.00,0,399.00,Cash,Female,Young Adult (20-30),Men,INV001397,19:44:00,P01-L-BLACK
S002798,2026-08-20,Thursday,Basic Crew T-Shirt,Tops,S,Navy,1,399.00,0,399.00,UPI,Female,Young Adult (20-30),Men,INV001398,19:30:00,P01-S-NAVY
S002799,2026-08-20,Thursday,Basic Crew T-Shirt,Tops,S,Olive,1,399.00,0,399.00,UPI,Male,Senior (46+),Men,INV001399,12:06:00,P01-S-OLIVE
S002800,2026-08-20,Thursday,Printed Top,Tops,L,White,1,699.00,0,699.00,UPI,Male,Senior (46+),Women,INV001400,11:15:00,P12-L-WHITE
S002801,2026-08-20,Thursday,Printed Top,Tops,XL,White,1,699.00,0,699.00,UPI,Male,Senior (46+),Women,INV001401,18:23:00,P12-XL-WHITE
S002802,2026-08-20,Thursday,Palazzo Kurta Set,Ethnic Wear,M,Teal,2,1399.00,0,2798.00,UPI,Male,Senior (46+),Women,INV001401,18:23:00,P14-M-TEAL
S002803,2026-08-20,Thursday,Straight Pants,Bottoms,M,Black,1,799.00,0,799.00,UPI,Male,Adult (31-45),Women,INV001402,17:42:00,P09-M-BLACK
S002804,2026-08-20,Thursday,Graphic Tee,Tops,M,Black,1,499.00,0,499.00,Card,Male,Teen (13-19),Men,INV001403,19:16:00,P06-M-BLACK
S002805,2026-08-20,Thursday,Polo T-Shirt,Tops,M,Grey,1,699.00,0,699.00,Card,Male,Teen (13-19),Men,INV001403,19:16:00,P02-M-GREY
S002806,2026-08-20,Thursday,Flip Flops,Footwear,10,Navy,1,399.00,0,399.00,Card,Male,Teen (13-19),Men,INV001404,17:56:00,P23-10-NAVY
S002807,2026-08-20,Thursday,Graphic Tee,Tops,L,Black,1,499.00,0,499.00,UPI,Male,Young Adult (20-30),Men,INV001405,12:11:00,P06-L-BLACK
S002808,2026-08-21,Friday,Kids Joggers,Bottoms,6-7Y,Navy,1,699.00,0,699.00,UPI,Male,Adult (31-45),Kids,INV001406,21:13:00,P19-67Y-NAVY
S002809,2026-08-21,Friday,Flip Flops,Footwear,7,Black,1,399.00,0,399.00,UPI,Male,Adult (31-45),Men,INV001406,21:13:00,P23-7-BLACK
S002810,2026-08-21,Friday,Women Flats,Footwear,4,Silver,1,799.00,0,799.00,UPI,Female,Adult (31-45),Women,INV001407,11:17:00,P32-4-SILVER
S002811,2026-08-21,Friday,Slim Fit Jeans,Bottoms,34,Black,1,1299.00,0,1299.00,UPI,Female,Adult (31-45),Men,INV001407,11:17:00,P03-34-BLACK
S002812,2026-08-21,Friday,Floral Kurti,Ethnic Wear,XL,Pink,3,1199.00,0,3597.00,UPI,Female,Adult (31-45),Women,INV001407,11:17:00,P08-XL-PINK
S002813,2026-08-21,Friday,Floral Kurti,Ethnic Wear,M,Pink,1,1199.00,0,1199.00,UPI,Male,Adult (31-45),Women,INV001408,12:28:00,P08-M-PINK
S002814,2026-08-21,Friday,Handbag,Accessories,OneSize,Black,1,999.00,0,999.00,UPI,Female,Young Adult (20-30),Accessories,INV001409,19:33:00,P24-ONESIZE-BLACK
S002815,2026-08-21,Friday,Formal Shirt,Tops,XL,White,1,999.00,0,999.00,UPI,Female,Young Adult (20-30),Men,INV001410,20:04:00,P05-XL-WHITE
S002816,2026-08-21,Friday,Women Flats,Footwear,5,Silver,1,799.00,0,799.00,UPI,Female,Young Adult (20-30),Women,INV001410,20:04:00,P32-5-SILVER
S002817,2026-08-21,Friday,Straight Pants,Bottoms,XS,Navy,1,799.00,0,799.00,UPI,Female,Teen (13-19),Women,INV001411,17:19:00,P09-XS-NAVY
S002818,2026-08-21,Friday,Basic Crew T-Shirt,Tops,M,Navy,1,399.00,0,399.00,UPI,Female,Teen (13-19),Men,INV001411,17:19:00,P01-M-NAVY
S002819,2026-08-21,Friday,Sandals,Footwear,8,Tan,1,999.00,0,999.00,UPI,Female,Young Adult (20-30),Women,INV001412,15:34:00,P21-8-TAN
S002820,2026-08-21,Friday,Kids Ethnic Kurta Set,Ethnic Wear,4-5Y,Mustard,1,999.00,0,999.00,UPI,Female,Young Adult (20-30),Kids,INV001412,15:34:00,P17-45Y-MUSTARD
S002821,2026-08-21,Friday,Sandals,Footwear,4,Gold,1,999.00,0,999.00,Card,Male,Young Adult (20-30),Women,INV001413,19:04:00,P21-4-GOLD
S002822,2026-08-21,Friday,Wallet,Accessories,OneSize,Brown,2,499.00,0,998.00,Card,Male,Young Adult (20-30),Accessories,INV001413,19:04:00,P27-ONESIZE-BROWN
S002823,2026-08-21,Friday,Crop Top,Tops,XS,White,1,599.00,0,599.00,UPI,Female,Young Adult (20-30),Women,INV001414,20:31:00,P11-XS-WHITE
S002824,2026-08-21,Friday,Graphic Tee,Tops,L,White,2,499.00,0,998.00,UPI,Female,Senior (46+),Men,INV001415,18:28:00,P06-L-WHITE
S002825,2026-08-21,Friday,Graphic Tee,Tops,S,Black,2,499.00,0,998.00,Card,Male,Young Adult (20-30),Men,INV001416,19:52:00,P06-S-BLACK
S002826,2026-08-21,Friday,Kids Sports Shoes,Footwear,12C,Blue,1,899.00,0,899.00,Card,Male,Young Adult (20-30),Kids,INV001416,19:52:00,P22-12C-BLUE
S002827,2026-08-21,Friday,Graphic Tee,Tops,M,White,2,499.00,0,998.00,UPI,Male,Adult (31-45),Men,INV001417,10:30:00,P06-M-WHITE
S002828,2026-08-21,Friday,Denim Jeggings,Bottoms,XL,Indigo,1,999.00,0,999.00,UPI,Male,Adult (31-45),Women,INV001417,10:30:00,P10-XL-INDIGO
S002829,2026-08-21,Friday,Cotton Kurti,Ethnic Wear,L,Maroon,1,999.00,0,999.00,UPI,Male,Adult (31-45),Women,INV001417,10:30:00,P07-L-MAROON
S002830,2026-08-21,Friday,Kids Cartoon Tee,Tops,2-3Y,Yellow,1,399.00,0,399.00,UPI,Male,Adult (31-45),Kids,INV001417,10:30:00,P15-23Y-YELLOW
S002831,2026-08-21,Friday,Flip Flops,Footwear,7,Navy,1,399.00,0,399.00,UPI,Male,Adult (31-45),Men,INV001417,10:30:00,P23-7-NAVY
S002832,2026-08-21,Friday,Basic Crew T-Shirt,Tops,M,Black,1,399.00,0,399.00,Card,Male,Young Adult (20-30),Men,INV001418,15:21:00,P01-M-BLACK
S002833,2026-08-21,Friday,Formal Shirt,Tops,L,Grey,1,999.00,0,999.00,UPI,Male,Young Adult (20-30),Men,INV001419,13:05:00,P05-L-GREY
S002834,2026-08-21,Friday,Slim Fit Jeans,Bottoms,36,Light Blue,1,1299.00,0,1299.00,UPI,Male,Young Adult (20-30),Men,INV001419,13:05:00,P03-36-LIGHTBLU
S002835,2026-08-21,Friday,Floral Kurti,Ethnic Wear,M,Green,1,1199.00,0,1199.00,UPI,Male,Young Adult (20-30),Women,INV001420,18:58:00,P08-M-GREEN
S002836,2026-08-21,Friday,Crop Top,Tops,L,Lavender,1,599.00,0,599.00,UPI,Female,Young Adult (20-30),Women,INV001421,16:21:00,P11-L-LAVENDER
S002837,2026-08-21,Friday,Kids Lehenga Set,Ethnic Wear,4-5Y,Mint,1,1299.00,0,1299.00,UPI,Female,Young Adult (20-30),Kids,INV001421,16:21:00,P18-45Y-MINT
S002838,2026-08-21,Friday,Kids Joggers,Bottoms,6-7Y,Grey,1,699.00,0,699.00,UPI,Male,Young Adult (20-30),Kids,INV001422,12:32:00,P19-67Y-GREY
S002839,2026-08-21,Friday,Chino Trousers,Bottoms,34,Navy,1,1099.00,0,1099.00,Card,Male,Adult (31-45),Men,INV001423,21:17:00,P04-34-NAVY
S002840,2026-08-21,Friday,Basic Crew T-Shirt,Tops,L,White,1,399.00,0,399.00,UPI,Male,Senior (46+),Men,INV001424,12:36:00,P01-L-WHITE
S002841,2026-08-21,Friday,Basic Crew T-Shirt,Tops,L,Navy,1,399.00,0,399.00,UPI,Male,Senior (46+),Men,INV001424,12:36:00,P01-L-NAVY
S002842,2026-08-21,Friday,Basic Crew T-Shirt,Tops,L,Black,1,399.00,0,399.00,UPI,Male,Senior (46+),Men,INV001424,12:36:00,P01-L-BLACK
S002843,2026-08-21,Friday,Slim Fit Jeans,Bottoms,32,Black,1,1299.00,0,1299.00,UPI,Male,Senior (46+),Men,INV001424,12:36:00,P03-32-BLACK
S002844,2026-08-21,Friday,Basic Crew T-Shirt,Tops,M,Navy,1,399.00,0,399.00,Cash,Male,Adult (31-45),Men,INV001425,16:26:00,P01-M-NAVY
S002845,2026-08-21,Friday,Basic Crew T-Shirt,Tops,M,White,1,399.00,0,399.00,UPI,Other,Young Adult (20-30),Men,INV001426,18:11:00,P01-M-WHITE
S002846,2026-08-21,Friday,Cotton Kurti,Ethnic Wear,L,Maroon,1,999.00,0,999.00,UPI,Other,Young Adult (20-30),Women,INV001426,18:11:00,P07-L-MAROON
S002847,2026-08-21,Friday,Printed Top,Tops,L,White,1,699.00,0,699.00,UPI,Female,Young Adult (20-30),Women,INV001427,19:51:00,P12-L-WHITE
S002848,2026-08-21,Friday,Cotton Kurti,Ethnic Wear,M,Maroon,1,999.00,0,999.00,UPI,Female,Young Adult (20-30),Women,INV001427,19:51:00,P07-M-MAROON
S002849,2026-08-21,Friday,Kids Joggers,Bottoms,6-7Y,Grey,2,699.00,0,1398.00,UPI,Female,Young Adult (20-30),Kids,INV001427,19:51:00,P19-67Y-GREY
S002850,2026-08-21,Friday,Palazzo Kurta Set,Ethnic Wear,M,Teal,1,1399.00,0,1399.00,UPI,Female,Young Adult (20-30),Women,INV001427,19:51:00,P14-M-TEAL
S002851,2026-08-21,Friday,Crop Top,Tops,S,Lavender,2,599.00,0,1198.00,UPI,Male,Teen (13-19),Women,INV001428,19:06:00,P11-S-LAVENDER
S002852,2026-08-21,Friday,Printed Top,Tops,XS,Blue,1,699.00,0,699.00,UPI,Male,Teen (13-19),Women,INV001428,19:06:00,P12-XS-BLUE
S002853,2026-08-21,Friday,Formal Shirt,Tops,XL,Grey,1,999.00,0,999.00,Card,Female,Young Adult (20-30),Men,INV001429,18:44:00,P05-XL-GREY
S002854,2026-08-21,Friday,Crop Top,Tops,M,Black,1,599.00,0,599.00,Card,Female,Young Adult (20-30),Women,INV001429,18:44:00,P11-M-BLACK
S002855,2026-08-21,Friday,Straight Pants,Bottoms,L,Black,1,799.00,0,799.00,UPI,Female,Teen (13-19),Women,INV001430,12:26:00,P09-L-BLACK
S002856,2026-08-21,Friday,Floral Kurti,Ethnic Wear,M,Blue,1,1199.00,0,1199.00,UPI,Female,Teen (13-19),Women,INV001430,12:26:00,P08-M-BLUE
S002857,2026-08-21,Friday,Sandals,Footwear,6,Black,1,999.00,0,999.00,UPI,Female,Teen (13-19),Women,INV001430,12:26:00,P21-6-BLACK
S002858,2026-08-21,Friday,Kids Lehenga Set,Ethnic Wear,6-7Y,Peach,1,1299.00,0,1299.00,UPI,Male,Young Adult (20-30),Kids,INV001431,20:12:00,P18-67Y-PEACH
S002859,2026-08-21,Friday,Basic Crew T-Shirt,Tops,M,Black,1,399.00,0,399.00,UPI,Male,Young Adult (20-30),Men,INV001431,20:12:00,P01-M-BLACK
S002860,2026-08-21,Friday,Women Flats,Footwear,5,Silver,1,799.00,0,799.00,UPI,Male,Young Adult (20-30),Women,INV001432,19:48:00,P32-5-SILVER
S002861,2026-08-21,Friday,Kids Ethnic Kurta Set,Ethnic Wear,2-3Y,Mustard,1,999.00,0,999.00,UPI,Female,Adult (31-45),Kids,INV001433,19:48:00,P17-23Y-MUSTARD
S002862,2026-08-21,Friday,Floral Kurti,Ethnic Wear,L,Blue,1,1199.00,0,1199.00,UPI,Female,Adult (31-45),Women,INV001433,19:48:00,P08-L-BLUE
S002863,2026-08-21,Friday,Cotton Kurti,Ethnic Wear,S,Teal,1,999.00,0,999.00,Card,Female,Adult (31-45),Women,INV001434,16:42:00,P07-S-TEAL
S002864,2026-08-21,Friday,Flip Flops,Footwear,9,Black,1,399.00,0,399.00,Card,Female,Adult (31-45),Men,INV001434,16:42:00,P23-9-BLACK
S002865,2026-08-21,Friday,Sandals,Footwear,6,Black,1,999.00,0,999.00,UPI,Female,Adult (31-45),Women,INV001435,20:01:00,P21-6-BLACK
S002866,2026-08-21,Friday,Printed Top,Tops,S,Blue,1,699.00,0,699.00,UPI,Female,Adult (31-45),Women,INV001435,20:01:00,P12-S-BLUE
S002867,2026-08-21,Friday,Basic Crew T-Shirt,Tops,M,Black,2,399.00,0,798.00,UPI,Male,Young Adult (20-30),Men,INV001436,20:17:00,P01-M-BLACK
S002868,2026-08-21,Friday,Women Flats,Footwear,4,Silver,1,799.00,0,799.00,UPI,Female,Young Adult (20-30),Women,INV001437,17:24:00,P32-4-SILVER
S002869,2026-08-21,Friday,Kids Sports Shoes,Footwear,11C,Pink,1,899.00,0,899.00,UPI,Female,Young Adult (20-30),Kids,INV001437,17:24:00,P22-11C-PINK
S002870,2026-08-21,Friday,Kids Ethnic Kurta Set,Ethnic Wear,8-9Y,Green,1,999.00,0,999.00,Card,Male,Young Adult (20-30),Kids,INV001438,17:02:00,P17-89Y-GREEN
S002871,2026-08-21,Friday,Flip Flops,Footwear,7,Navy,1,399.00,0,399.00,Card,Male,Young Adult (20-30),Men,INV001438,17:02:00,P23-7-NAVY
S002872,2026-08-21,Friday,Basic Crew T-Shirt,Tops,L,Navy,1,399.00,0,399.00,Card,Male,Young Adult (20-30),Men,INV001438,17:02:00,P01-L-NAVY
S002873,2026-08-21,Friday,Sandals,Footwear,8,Black,1,999.00,0,999.00,UPI,Female,Young Adult (20-30),Women,INV001439,16:29:00,P21-8-BLACK
S002874,2026-08-21,Friday,Sneakers,Footwear,10,Grey,1,1499.00,0,1499.00,Cash,Male,Adult (31-45),Men,INV001440,13:57:00,P20-10-GREY
S002875,2026-08-21,Friday,Sandals,Footwear,4,Black,1,999.00,0,999.00,Card,Male,Teen (13-19),Women,INV001441,20:34:00,P21-4-BLACK
S002876,2026-08-21,Friday,Graphic Tee,Tops,L,Black,1,499.00,0,499.00,Card,Male,Teen (13-19),Men,INV001441,20:34:00,P06-L-BLACK
S002877,2026-08-21,Friday,Chino Trousers,Bottoms,30,Beige,1,1099.00,0,1099.00,Card,Male,Young Adult (20-30),Men,INV001442,16:14:00,P04-30-BEIGE
S002878,2026-08-21,Friday,Printed Top,Tops,M,White,1,699.00,0,699.00,Card,Male,Young Adult (20-30),Women,INV001442,16:14:00,P12-M-WHITE
S002879,2026-08-21,Friday,Women Flats,Footwear,4,Silver,1,799.00,0,799.00,Cash,Female,Teen (13-19),Women,INV001443,19:23:00,P32-4-SILVER
S002880,2026-08-21,Friday,Basic Crew T-Shirt,Tops,XL,Black,1,399.00,0,399.00,Cash,Female,Teen (13-19),Men,INV001443,19:23:00,P01-XL-BLACK
S002881,2026-08-21,Friday,Basic Crew T-Shirt,Tops,M,Black,1,399.00,0,399.00,Cash,Female,Teen (13-19),Men,INV001443,19:23:00,P01-M-BLACK
S002882,2026-08-21,Friday,Wallet,Accessories,OneSize,Black,1,499.00,0,499.00,Cash,Female,Teen (13-19),Accessories,INV001443,19:23:00,P27-ONESIZE-BLACK
S002883,2026-08-21,Friday,Kids Lehenga Set,Ethnic Wear,8-9Y,Peach,1,1299.00,0,1299.00,UPI,Male,Adult (31-45),Kids,INV001444,18:37:00,P18-89Y-PEACH
S002884,2026-08-21,Friday,Basic Crew T-Shirt,Tops,M,Navy,1,399.00,0,399.00,UPI,Female,Adult (31-45),Men,INV001445,12:21:00,P01-M-NAVY
S002885,2026-08-21,Friday,Floral Kurti,Ethnic Wear,L,Pink,1,1199.00,0,1199.00,UPI,Female,Adult (31-45),Women,INV001445,12:21:00,P08-L-PINK
S002886,2026-08-21,Friday,Basic Crew T-Shirt,Tops,M,Navy,1,399.00,0,399.00,Card,Male,Teen (13-19),Men,INV001446,15:07:00,P01-M-NAVY
S002887,2026-08-21,Friday,Printed Top,Tops,L,Red,1,699.00,0,699.00,Cash,Female,Young Adult (20-30),Women,INV001447,21:30:00,P12-L-RED
S002888,2026-08-21,Friday,Crop Top,Tops,L,Lavender,1,599.00,0,599.00,Cash,Female,Young Adult (20-30),Women,INV001447,21:30:00,P11-L-LAVENDER
S002889,2026-08-21,Friday,Anarkali Kurta Set,Ethnic Wear,XL,Navy,1,1799.00,0,1799.00,UPI,Male,Young Adult (20-30),Women,INV001448,21:11:00,P13-XL-NAVY
S002890,2026-08-21,Friday,Chino Trousers,Bottoms,32,Olive,1,1099.00,0,1099.00,UPI,Male,Teen (13-19),Men,INV001449,14:21:00,P04-32-OLIVE
S002891,2026-08-21,Friday,Sneakers,Footwear,10,Grey,1,1499.00,0,1499.00,UPI,Male,Teen (13-19),Men,INV001449,14:21:00,P20-10-GREY
S002892,2026-08-21,Friday,Belt,Accessories,34,Black,1,399.00,0,399.00,UPI,Male,Teen (13-19),Accessories,INV001449,14:21:00,P26-34-BLACK
S002893,2026-08-21,Friday,Formal Shirt,Tops,M,Grey,1,999.00,0,999.00,UPI,Female,Adult (31-45),Men,INV001450,12:11:00,P05-M-GREY
S002894,2026-08-21,Friday,Women Flats,Footwear,6,Black,1,799.00,0,799.00,UPI,Female,Young Adult (20-30),Women,INV001451,13:39:00,P32-6-BLACK
S002895,2026-08-21,Friday,Printed Top,Tops,L,White,1,699.00,0,699.00,UPI,Female,Young Adult (20-30),Women,INV001451,13:39:00,P12-L-WHITE
S002896,2026-08-21,Friday,Denim Jeggings,Bottoms,L,Black,1,999.00,0,999.00,Cash,Male,Adult (31-45),Women,INV001452,15:28:00,P10-L-BLACK
S002897,2026-08-21,Friday,Basic Crew T-Shirt,Tops,M,White,1,399.00,0,399.00,UPI,Male,Senior (46+),Men,INV001453,12:45:00,P01-M-WHITE
S002898,2026-08-21,Friday,Chino Trousers,Bottoms,34,Beige,1,1099.00,0,1099.00,UPI,Male,Senior (46+),Men,INV001453,12:45:00,P04-34-BEIGE
S002899,2026-08-21,Friday,Denim Jeggings,Bottoms,L,Black,1,999.00,0,999.00,UPI,Female,Adult (31-45),Women,INV001454,19:00:00,P10-L-BLACK
S002900,2026-08-21,Friday,Sneakers,Footwear,10,Black,1,1499.00,0,1499.00,UPI,Male,Young Adult (20-30),Men,INV001455,10:51:00,P20-10-BLACK
S002901,2026-08-21,Friday,Basic Crew T-Shirt,Tops,XL,Navy,1,399.00,0,399.00,Card,Male,Adult (31-45),Men,INV001456,17:11:00,P01-XL-NAVY
S002902,2026-08-21,Friday,Printed Top,Tops,L,Red,1,699.00,0,699.00,Cash,Female,Teen (13-19),Women,INV001457,19:47:00,P12-L-RED
S002903,2026-08-21,Friday,Kids Joggers,Bottoms,6-7Y,Navy,1,699.00,0,699.00,Cash,Female,Teen (13-19),Kids,INV001457,19:47:00,P19-67Y-NAVY
S002904,2026-08-21,Friday,Cotton Kurti,Ethnic Wear,S,Maroon,1,999.00,0,999.00,Cash,Female,Teen (13-19),Women,INV001457,19:47:00,P07-S-MAROON
S002905,2026-08-21,Friday,Kids Denim Shorts,Bottoms,6-7Y,Blue,1,599.00,0,599.00,Cash,Female,Teen (13-19),Kids,INV001457,19:47:00,P16-67Y-BLUE
S002906,2026-08-21,Friday,Kids Denim Shorts,Bottoms,2-3Y,Blue,1,599.00,0,599.00,Cash,Female,Teen (13-19),Kids,INV001457,19:47:00,P16-23Y-BLUE
S002907,2026-08-21,Friday,Basic Crew T-Shirt,Tops,M,White,1,399.00,0,399.00,UPI,Male,Young Adult (20-30),Men,INV001458,16:40:00,P01-M-WHITE
S002908,2026-08-21,Friday,Flip Flops,Footwear,9,Grey,1,399.00,0,399.00,UPI,Male,Young Adult (20-30),Men,INV001458,16:40:00,P23-9-GREY
S002909,2026-08-21,Friday,Printed Top,Tops,XL,White,1,699.00,0,699.00,UPI,Female,Young Adult (20-30),Women,INV001459,15:51:00,P12-XL-WHITE
S002910,2026-08-21,Friday,Sandals,Footwear,6,Tan,1,999.00,0,999.00,UPI,Female,Young Adult (20-30),Women,INV001459,15:51:00,P21-6-TAN
S002911,2026-08-21,Friday,Straight Pants,Bottoms,L,Black,1,799.00,0,799.00,UPI,Female,Adult (31-45),Women,INV001460,20:14:00,P09-L-BLACK
S002912,2026-08-21,Friday,Kids Joggers,Bottoms,6-7Y,Navy,1,699.00,0,699.00,UPI,Female,Adult (31-45),Kids,INV001460,20:14:00,P19-67Y-NAVY
S002913,2026-08-21,Friday,Sneakers,Footwear,8,White,1,1499.00,0,1499.00,UPI,Female,Adult (31-45),Men,INV001460,20:14:00,P20-8-WHITE
S002914,2026-08-21,Friday,Sandals,Footwear,7,Black,1,999.00,0,999.00,UPI,Male,Teen (13-19),Women,INV001461,19:26:00,P21-7-BLACK
S002915,2026-08-21,Friday,Floral Kurti,Ethnic Wear,L,Green,1,1199.00,0,1199.00,UPI,Male,Teen (13-19),Women,INV001461,19:26:00,P08-L-GREEN
S002916,2026-08-21,Friday,Polo T-Shirt,Tops,M,Navy,1,699.00,0,699.00,Cash,Other,Adult (31-45),Men,INV001462,21:00:00,P02-M-NAVY
S002917,2026-08-21,Friday,Denim Jeggings,Bottoms,L,Black,2,999.00,0,1998.00,Cash,Other,Adult (31-45),Women,INV001462,21:00:00,P10-L-BLACK
S002918,2026-08-21,Friday,Floral Kurti,Ethnic Wear,S,Green,1,1199.00,0,1199.00,Cash,Other,Adult (31-45),Women,INV001462,21:00:00,P08-S-GREEN
S002919,2026-08-21,Friday,Denim Jeggings,Bottoms,L,Black,1,999.00,0,999.00,Cash,Female,Adult (31-45),Women,INV001463,14:49:00,P10-L-BLACK
S002920,2026-08-21,Friday,Basic Crew T-Shirt,Tops,S,Navy,1,399.00,0,399.00,Cash,Female,Adult (31-45),Men,INV001463,14:49:00,P01-S-NAVY
S002921,2026-08-21,Friday,Chino Trousers,Bottoms,30,Navy,1,1099.00,0,1099.00,UPI,Female,Teen (13-19),Men,INV001464,19:11:00,P04-30-NAVY
S002922,2026-08-21,Friday,Sandals,Footwear,4,Black,1,999.00,0,999.00,UPI,Female,Teen (13-19),Women,INV001464,19:11:00,P21-4-BLACK
S002923,2026-08-21,Friday,Cotton Kurti,Ethnic Wear,XL,Mustard,2,999.00,0,1998.00,UPI,Female,Teen (13-19),Women,INV001464,19:11:00,P07-XL-MUSTARD
S002924,2026-08-21,Friday,Straight Pants,Bottoms,M,Beige,1,799.00,0,799.00,Card,Male,Young Adult (20-30),Women,INV001465,18:53:00,P09-M-BEIGE
S002925,2026-08-21,Friday,Palazzo Kurta Set,Ethnic Wear,XL,Maroon,1,1399.00,0,1399.00,UPI,Female,Young Adult (20-30),Women,INV001466,18:37:00,P14-XL-MAROON
S002926,2026-08-21,Friday,Kids Cartoon Tee,Tops,6-7Y,Blue,1,399.00,0,399.00,Card,Female,Young Adult (20-30),Kids,INV001467,19:55:00,P15-67Y-BLUE
S002927,2026-08-21,Friday,Crop Top,Tops,L,Lavender,1,599.00,0,599.00,Cash,Female,Young Adult (20-30),Women,INV001468,17:41:00,P11-L-LAVENDER
S002928,2026-08-21,Friday,Polo T-Shirt,Tops,L,Maroon,1,699.00,0,699.00,Cash,Female,Young Adult (20-30),Men,INV001468,17:41:00,P02-L-MAROON
S002929,2026-08-21,Friday,Kids Lehenga Set,Ethnic Wear,2-3Y,Mint,1,1299.00,0,1299.00,UPI,Male,Young Adult (20-30),Kids,INV001469,20:10:00,P18-23Y-MINT
S002930,2026-08-21,Friday,Basic Crew T-Shirt,Tops,XL,Olive,1,399.00,0,399.00,UPI,Male,Young Adult (20-30),Men,INV001469,20:10:00,P01-XL-OLIVE
S002931,2026-08-21,Friday,Basic Crew T-Shirt,Tops,S,Navy,2,399.00,0,798.00,UPI,Male,Adult (31-45),Men,INV001470,16:43:00,P01-S-NAVY
S002932,2026-08-21,Friday,Basic Crew T-Shirt,Tops,M,Navy,1,399.00,0,399.00,UPI,Male,Adult (31-45),Men,INV001470,16:43:00,P01-M-NAVY
S002933,2026-08-21,Friday,Basic Crew T-Shirt,Tops,L,White,1,399.00,0,399.00,UPI,Male,Senior (46+),Men,INV001471,16:36:00,P01-L-WHITE
S002934,2026-08-21,Friday,Floral Kurti,Ethnic Wear,M,Pink,1,1199.00,0,1199.00,UPI,Female,Senior (46+),Women,INV001472,18:19:00,P08-M-PINK
S002935,2026-08-21,Friday,Formal Shirt,Tops,XL,White,1,999.00,0,999.00,UPI,Male,Adult (31-45),Men,INV001473,11:54:00,P05-XL-WHITE
S002936,2026-08-21,Friday,Straight Pants,Bottoms,M,Black,1,799.00,0,799.00,Card,Female,Young Adult (20-30),Women,INV001474,20:22:00,P09-M-BLACK
S002937,2026-08-21,Friday,Ethnic Dupatta,Accessories,OneSize,Red,1,599.00,0,599.00,Card,Female,Young Adult (20-30),Women,INV001474,20:22:00,P31-ONESIZE-RED
S002938,2026-08-21,Friday,Cotton Kurti,Ethnic Wear,L,Mustard,1,999.00,0,999.00,UPI,Female,Teen (13-19),Women,INV001475,20:50:00,P07-L-MUSTARD
S002939,2026-08-21,Friday,Crop Top,Tops,M,White,2,599.00,0,1198.00,UPI,Female,Teen (13-19),Women,INV001475,20:50:00,P11-M-WHITE
S002940,2026-08-21,Friday,Denim Jeggings,Bottoms,M,Black,1,999.00,0,999.00,UPI,Female,Young Adult (20-30),Women,INV001476,16:34:00,P10-M-BLACK
S002941,2026-08-21,Friday,Kids Cartoon Tee,Tops,6-7Y,Yellow,1,399.00,0,399.00,UPI,Female,Young Adult (20-30),Kids,INV001476,16:34:00,P15-67Y-YELLOW
S002942,2026-08-21,Friday,Crop Top,Tops,M,White,1,599.00,0,599.00,Card,Female,Young Adult (20-30),Women,INV001477,19:14:00,P11-M-WHITE
S002943,2026-08-21,Friday,Kids Ethnic Kurta Set,Ethnic Wear,4-5Y,Maroon,1,999.00,0,999.00,Cash,Male,Young Adult (20-30),Kids,INV001478,20:46:00,P17-45Y-MAROON
S002944,2026-08-21,Friday,Sandals,Footwear,5,Tan,1,999.00,0,999.00,UPI,Female,Adult (31-45),Women,INV001479,16:39:00,P21-5-TAN
S002945,2026-08-21,Friday,Women Flats,Footwear,4,Black,1,799.00,0,799.00,UPI,Female,Young Adult (20-30),Women,INV001480,17:45:00,P32-4-BLACK
S002946,2026-08-21,Friday,Cap,Accessories,OneSize,Navy,1,299.00,0,299.00,UPI,Female,Young Adult (20-30),Accessories,INV001480,17:45:00,P29-ONESIZE-NAVY
S002947,2026-08-22,Saturday,Sandals,Footwear,7,Black,1,999.00,0,999.00,Card,Female,Young Adult (20-30),Women,INV001481,17:36:00,P21-7-BLACK
S002948,2026-08-22,Saturday,Kids Joggers,Bottoms,8-9Y,Navy,2,699.00,0,1398.00,UPI,Male,Adult (31-45),Kids,INV001482,20:18:00,P19-89Y-NAVY
S002949,2026-08-22,Saturday,Kids Joggers,Bottoms,4-5Y,Black,2,699.00,0,1398.00,Card,Female,Adult (31-45),Kids,INV001483,16:15:00,P19-45Y-BLACK
S002950,2026-08-22,Saturday,Basic Crew T-Shirt,Tops,XL,Olive,1,399.00,0,399.00,UPI,Female,Young Adult (20-30),Men,INV001484,17:12:00,P01-XL-OLIVE
S002951,2026-08-22,Saturday,Basic Crew T-Shirt,Tops,S,Black,1,399.00,0,399.00,UPI,Female,Young Adult (20-30),Men,INV001484,17:12:00,P01-S-BLACK
S002952,2026-08-22,Saturday,Belt,Accessories,38,Brown,1,399.00,0,399.00,UPI,Female,Young Adult (20-30),Accessories,INV001484,17:12:00,P26-38-BROWN
S002953,2026-08-22,Saturday,Chino Trousers,Bottoms,36,Beige,1,1099.00,0,1099.00,Card,Female,Teen (13-19),Men,INV001485,19:28:00,P04-36-BEIGE
S002954,2026-08-22,Saturday,Graphic Tee,Tops,L,Black,1,499.00,0,499.00,Card,Female,Teen (13-19),Men,INV001485,19:28:00,P06-L-BLACK
S002955,2026-08-22,Saturday,Floral Kurti,Ethnic Wear,M,Blue,1,1199.00,0,1199.00,Card,Female,Teen (13-19),Women,INV001485,19:28:00,P08-M-BLUE
S002956,2026-08-22,Saturday,Sandals,Footwear,6,Black,1,999.00,0,999.00,Card,Female,Teen (13-19),Women,INV001485,19:28:00,P21-6-BLACK
S002957,2026-08-22,Saturday,Kids Cartoon Tee,Tops,4-5Y,Red,1,399.00,0,399.00,Card,Female,Adult (31-45),Kids,INV001486,14:22:00,P15-45Y-RED
S002958,2026-08-22,Saturday,Printed Top,Tops,XL,White,1,699.00,0,699.00,UPI,Male,Adult (31-45),Women,INV001487,13:59:00,P12-XL-WHITE
S002959,2026-08-22,Saturday,Denim Jeggings,Bottoms,S,Black,1,999.00,0,999.00,UPI,Male,Adult (31-45),Women,INV001487,13:59:00,P10-S-BLACK
S002960,2026-08-22,Saturday,Polo T-Shirt,Tops,L,Maroon,1,699.00,0,699.00,UPI,Male,Adult (31-45),Men,INV001488,14:33:00,P02-L-MAROON
S002961,2026-08-22,Saturday,Basic Crew T-Shirt,Tops,XL,White,2,399.00,0,798.00,UPI,Male,Adult (31-45),Men,INV001488,14:33:00,P01-XL-WHITE
S002962,2026-08-22,Saturday,Kids Joggers,Bottoms,8-9Y,Navy,2,699.00,0,1398.00,UPI,Male,Adult (31-45),Kids,INV001488,14:33:00,P19-89Y-NAVY
S002963,2026-08-22,Saturday,Kids Joggers,Bottoms,8-9Y,Navy,1,699.00,0,699.00,Cash,Male,Young Adult (20-30),Kids,INV001489,11:40:00,P19-89Y-NAVY
S002964,2026-08-22,Saturday,Basic Crew T-Shirt,Tops,M,White,1,399.00,0,399.00,Card,Male,Young Adult (20-30),Men,INV001490,19:49:00,P01-M-WHITE
S002965,2026-08-22,Saturday,Slim Fit Jeans,Bottoms,30,Black,1,1299.00,0,1299.00,Card,Male,Young Adult (20-30),Men,INV001490,19:49:00,P03-30-BLACK
S002966,2026-08-22,Saturday,Cotton Kurti,Ethnic Wear,XL,Teal,1,999.00,0,999.00,Card,Male,Young Adult (20-30),Women,INV001490,19:49:00,P07-XL-TEAL
S002967,2026-08-22,Saturday,Basic Crew T-Shirt,Tops,M,Black,1,399.00,0,399.00,UPI,Female,Teen (13-19),Men,INV001491,11:30:00,P01-M-BLACK
S002968,2026-08-22,Saturday,Sandals,Footwear,5,Gold,1,999.00,0,999.00,UPI,Female,Teen (13-19),Women,INV001491,11:30:00,P21-5-GOLD
S002969,2026-08-22,Saturday,Straight Pants,Bottoms,L,Black,1,799.00,0,799.00,UPI,Female,Teen (13-19),Women,INV001491,11:30:00,P09-L-BLACK
S002970,2026-08-22,Saturday,Graphic Tee,Tops,M,Red,3,499.00,0,1497.00,UPI,Female,Teen (13-19),Men,INV001491,11:30:00,P06-M-RED
S002971,2026-08-22,Saturday,Straight Pants,Bottoms,XS,Beige,1,799.00,0,799.00,UPI,Female,Senior (46+),Women,INV001492,16:57:00,P09-XS-BEIGE
S002972,2026-08-22,Saturday,Flip Flops,Footwear,10,Grey,3,399.00,0,1197.00,Card,Male,Teen (13-19),Men,INV001493,18:43:00,P23-10-GREY
S002973,2026-08-22,Saturday,Crop Top,Tops,S,Lavender,1,599.00,0,599.00,UPI,Female,Adult (31-45),Women,INV001494,12:13:00,P11-S-LAVENDER
S002974,2026-08-22,Saturday,Straight Pants,Bottoms,XS,Navy,1,799.00,0,799.00,UPI,Male,Young Adult (20-30),Women,INV001495,19:55:00,P09-XS-NAVY
S002975,2026-08-22,Saturday,Formal Shirt,Tops,XL,Blue,1,999.00,0,999.00,UPI,Male,Young Adult (20-30),Men,INV001495,19:55:00,P05-XL-BLUE
S002976,2026-08-22,Saturday,Cap,Accessories,OneSize,Navy,1,299.00,0,299.00,UPI,Male,Teen (13-19),Accessories,INV001496,19:20:00,P29-ONESIZE-NAVY
S002977,2026-08-22,Saturday,Flip Flops,Footwear,9,Black,1,399.00,0,399.00,UPI,Male,Teen (13-19),Men,INV001496,19:20:00,P23-9-BLACK
S002978,2026-08-22,Saturday,Straight Pants,Bottoms,M,Beige,1,799.00,0,799.00,UPI,Male,Senior (46+),Women,INV001497,21:15:00,P09-M-BEIGE
S002979,2026-08-22,Saturday,Kids Sports Shoes,Footwear,1Y,Pink,1,899.00,30,629.30,UPI,Male,Senior (46+),Kids,INV001497,21:15:00,P22-1Y-PINK
S002980,2026-08-22,Saturday,Kids Denim Shorts,Bottoms,6-7Y,Black,2,599.00,0,1198.00,UPI,Other,Adult (31-45),Kids,INV001498,17:50:00,P16-67Y-BLACK
S002981,2026-08-22,Saturday,Graphic Tee,Tops,S,Black,1,499.00,0,499.00,UPI,Other,Adult (31-45),Men,INV001498,17:50:00,P06-S-BLACK
S002982,2026-08-22,Saturday,Kids Lehenga Set,Ethnic Wear,6-7Y,Mint,1,1299.00,0,1299.00,UPI,Other,Adult (31-45),Kids,INV001498,17:50:00,P18-67Y-MINT
S002983,2026-08-22,Saturday,Women Flats,Footwear,7,Black,1,799.00,0,799.00,UPI,Other,Adult (31-45),Women,INV001498,17:50:00,P32-7-BLACK
S002984,2026-08-22,Saturday,Graphic Tee,Tops,M,White,1,499.00,0,499.00,UPI,Male,Senior (46+),Men,INV001499,15:00:00,P06-M-WHITE
S002985,2026-08-22,Saturday,Graphic Tee,Tops,M,Black,1,499.00,0,499.00,UPI,Female,Adult (31-45),Men,INV001500,15:59:00,P06-M-BLACK
S002986,2026-08-22,Saturday,Kids Sports Shoes,Footwear,13C,Pink,2,899.00,30,1258.60,UPI,Female,Adult (31-45),Kids,INV001500,15:59:00,P22-13C-PINK
S002987,2026-08-22,Saturday,Basic Crew T-Shirt,Tops,M,Olive,1,399.00,0,399.00,UPI,Female,Adult (31-45),Men,INV001500,15:59:00,P01-M-OLIVE
S002988,2026-08-22,Saturday,Polo T-Shirt,Tops,S,Grey,1,699.00,0,699.00,UPI,Female,Adult (31-45),Men,INV001500,15:59:00,P02-S-GREY
S002989,2026-08-22,Saturday,Straight Pants,Bottoms,L,Navy,1,799.00,0,799.00,Cash,Male,Young Adult (20-30),Women,INV001501,17:03:00,P09-L-NAVY
S002990,2026-08-22,Saturday,Crop Top,Tops,M,Black,2,599.00,0,1198.00,Cash,Male,Young Adult (20-30),Women,INV001501,17:03:00,P11-M-BLACK
S002991,2026-08-22,Saturday,Denim Jeggings,Bottoms,XL,Black,1,999.00,0,999.00,UPI,Male,Adult (31-45),Women,INV001502,20:18:00,P10-XL-BLACK
S002992,2026-08-22,Saturday,Printed Top,Tops,M,Red,1,699.00,0,699.00,UPI,Male,Adult (31-45),Women,INV001502,20:18:00,P12-M-RED
S002993,2026-08-22,Saturday,Basic Crew T-Shirt,Tops,L,Black,1,399.00,0,399.00,UPI,Male,Adult (31-45),Men,INV001502,20:18:00,P01-L-BLACK
S002994,2026-08-22,Saturday,Basic Crew T-Shirt,Tops,XL,White,1,399.00,0,399.00,UPI,Male,Adult (31-45),Men,INV001502,20:18:00,P01-XL-WHITE
S002995,2026-08-22,Saturday,Slim Fit Jeans,Bottoms,34,Black,1,1299.00,0,1299.00,UPI,Male,Adult (31-45),Men,INV001502,20:18:00,P03-34-BLACK
S002996,2026-08-22,Saturday,Cotton Kurti,Ethnic Wear,S,Teal,1,999.00,0,999.00,UPI,Female,Teen (13-19),Women,INV001503,21:01:00,P07-S-TEAL
S002997,2026-08-22,Saturday,Graphic Tee,Tops,L,Black,2,499.00,0,998.00,UPI,Female,Teen (13-19),Men,INV001503,21:01:00,P06-L-BLACK
S002998,2026-08-22,Saturday,Women Flats,Footwear,6,Black,1,799.00,0,799.00,Cash,Female,Young Adult (20-30),Women,INV001504,19:29:00,P32-6-BLACK
S002999,2026-08-22,Saturday,Basic Crew T-Shirt,Tops,M,Black,1,399.00,0,399.00,Cash,Female,Young Adult (20-30),Men,INV001504,19:29:00,P01-M-BLACK
S003000,2026-08-22,Saturday,Chino Trousers,Bottoms,34,Beige,1,1099.00,0,1099.00,UPI,Male,Young Adult (20-30),Men,INV001505,12:06:00,P04-34-BEIGE
S003001,2026-08-22,Saturday,Denim Jeggings,Bottoms,M,Black,1,999.00,0,999.00,UPI,Male,Young Adult (20-30),Women,INV001505,12:06:00,P10-M-BLACK
S003002,2026-08-22,Saturday,Sandals,Footwear,4,Black,1,999.00,0,999.00,UPI,Male,Young Adult (20-30),Women,INV001505,12:06:00,P21-4-BLACK
S003003,2026-08-22,Saturday,Crop Top,Tops,L,Black,1,599.00,0,599.00,UPI,Male,Adult (31-45),Women,INV001506,14:00:00,P11-L-BLACK
S003004,2026-08-22,Saturday,Crop Top,Tops,S,White,1,599.00,0,599.00,UPI,Female,Young Adult (20-30),Women,INV001507,18:04:00,P11-S-WHITE
S003005,2026-08-22,Saturday,Crop Top,Tops,XS,Lavender,1,599.00,0,599.00,UPI,Female,Young Adult (20-30),Women,INV001507,18:04:00,P11-XS-LAVENDER
S003006,2026-08-22,Saturday,Cotton Kurti,Ethnic Wear,M,Maroon,1,999.00,0,999.00,UPI,Female,Young Adult (20-30),Women,INV001507,18:04:00,P07-M-MAROON
S003007,2026-08-22,Saturday,Sandals,Footwear,7,Tan,1,999.00,0,999.00,UPI,Male,Adult (31-45),Women,INV001508,19:16:00,P21-7-TAN
S003008,2026-08-22,Saturday,Kids Joggers,Bottoms,4-5Y,Black,1,699.00,0,699.00,UPI,Male,Adult (31-45),Kids,INV001508,19:16:00,P19-45Y-BLACK
S003009,2026-08-22,Saturday,Polo T-Shirt,Tops,M,Grey,1,699.00,0,699.00,UPI,Male,Adult (31-45),Men,INV001508,19:16:00,P02-M-GREY
S003010,2026-08-22,Saturday,Belt,Accessories,32,Brown,1,399.00,0,399.00,UPI,Male,Young Adult (20-30),Accessories,INV001509,17:31:00,P26-32-BROWN
S003011,2026-08-22,Saturday,Basic Crew T-Shirt,Tops,L,Navy,1,399.00,0,399.00,UPI,Male,Young Adult (20-30),Men,INV001509,17:31:00,P01-L-NAVY
S003012,2026-08-22,Saturday,Straight Pants,Bottoms,L,Beige,1,799.00,0,799.00,Card,Female,Adult (31-45),Women,INV001510,20:38:00,P09-L-BEIGE
S003013,2026-08-22,Saturday,Kids Sports Shoes,Footwear,1Y,Black,1,899.00,30,629.30,UPI,Male,Young Adult (20-30),Kids,INV001511,16:28:00,P22-1Y-BLACK
S003014,2026-08-22,Saturday,Graphic Tee,Tops,L,White,1,499.00,0,499.00,UPI,Male,Young Adult (20-30),Men,INV001511,16:28:00,P06-L-WHITE
S003015,2026-08-22,Saturday,Denim Jeggings,Bottoms,S,Indigo,1,999.00,0,999.00,UPI,Male,Young Adult (20-30),Women,INV001511,16:28:00,P10-S-INDIGO
S003016,2026-08-22,Saturday,Kids Ethnic Kurta Set,Ethnic Wear,2-3Y,Maroon,1,999.00,0,999.00,Card,Male,Teen (13-19),Kids,INV001512,21:09:00,P17-23Y-MAROON
S003017,2026-08-22,Saturday,Graphic Tee,Tops,XL,Red,1,499.00,0,499.00,Card,Male,Teen (13-19),Men,INV001512,21:09:00,P06-XL-RED
S003018,2026-08-22,Saturday,Crop Top,Tops,L,Black,1,599.00,0,599.00,Card,Male,Teen (13-19),Women,INV001512,21:09:00,P11-L-BLACK
S003019,2026-08-22,Saturday,Women Flats,Footwear,8,Silver,1,799.00,0,799.00,Card,Male,Teen (13-19),Women,INV001512,21:09:00,P32-8-SILVER
S003020,2026-08-22,Saturday,Chino Trousers,Bottoms,30,Olive,1,1099.00,0,1099.00,UPI,Male,Senior (46+),Men,INV001513,21:07:00,P04-30-OLIVE
S003021,2026-08-22,Saturday,Polo T-Shirt,Tops,L,Grey,1,699.00,0,699.00,Cash,Female,Young Adult (20-30),Men,INV001514,18:31:00,P02-L-GREY
S003022,2026-08-22,Saturday,Denim Jeggings,Bottoms,L,Black,1,999.00,0,999.00,Cash,Female,Young Adult (20-30),Women,INV001514,18:31:00,P10-L-BLACK
S003023,2026-08-22,Saturday,Printed Top,Tops,XL,White,1,699.00,0,699.00,Card,Female,Young Adult (20-30),Women,INV001515,20:01:00,P12-XL-WHITE
S003024,2026-08-22,Saturday,Basic Crew T-Shirt,Tops,M,White,1,399.00,0,399.00,UPI,Male,Young Adult (20-30),Men,INV001516,14:13:00,P01-M-WHITE
S003025,2026-08-22,Saturday,Graphic Tee,Tops,L,Red,1,499.00,0,499.00,UPI,Male,Young Adult (20-30),Men,INV001516,14:13:00,P06-L-RED
S003026,2026-08-22,Saturday,Cotton Kurti,Ethnic Wear,L,Teal,2,999.00,0,1998.00,UPI,Male,Young Adult (20-30),Women,INV001517,19:41:00,P07-L-TEAL
S003027,2026-08-22,Saturday,Chino Trousers,Bottoms,30,Navy,1,1099.00,0,1099.00,UPI,Male,Young Adult (20-30),Men,INV001517,19:41:00,P04-30-NAVY
S003028,2026-08-22,Saturday,Kids Sports Shoes,Footwear,12C,Pink,1,899.00,30,629.30,UPI,Female,Young Adult (20-30),Kids,INV001518,19:37:00,P22-12C-PINK
S003029,2026-08-22,Saturday,Anarkali Kurta Set,Ethnic Wear,S,Emerald,1,1799.00,0,1799.00,UPI,Female,Young Adult (20-30),Women,INV001518,19:37:00,P13-S-EMERALD
S003030,2026-08-22,Saturday,Polo T-Shirt,Tops,S,Maroon,1,699.00,0,699.00,UPI,Female,Young Adult (20-30),Men,INV001519,20:01:00,P02-S-MAROON
S003031,2026-08-22,Saturday,Women Flats,Footwear,6,Beige,1,799.00,0,799.00,UPI,Female,Adult (31-45),Women,INV001520,11:58:00,P32-6-BEIGE
S003032,2026-08-22,Saturday,Polo T-Shirt,Tops,L,Maroon,1,699.00,0,699.00,UPI,Male,Young Adult (20-30),Men,INV001521,19:06:00,P02-L-MAROON
S003033,2026-08-22,Saturday,Basic Crew T-Shirt,Tops,S,Navy,1,399.00,0,399.00,UPI,Male,Young Adult (20-30),Men,INV001521,19:06:00,P01-S-NAVY
S003034,2026-08-22,Saturday,Formal Shirt,Tops,L,Grey,1,999.00,0,999.00,Cash,Male,Adult (31-45),Men,INV001522,15:00:00,P05-L-GREY
S003035,2026-08-22,Saturday,Women Flats,Footwear,4,Beige,1,799.00,0,799.00,Cash,Male,Adult (31-45),Women,INV001522,15:00:00,P32-4-BEIGE
S003036,2026-08-22,Saturday,Graphic Tee,Tops,L,Black,1,499.00,0,499.00,UPI,Male,Young Adult (20-30),Men,INV001523,15:44:00,P06-L-BLACK
S003037,2026-08-22,Saturday,Polo T-Shirt,Tops,L,Grey,2,699.00,0,1398.00,UPI,Male,Teen (13-19),Men,INV001524,13:13:00,P02-L-GREY
S003038,2026-08-22,Saturday,Floral Kurti,Ethnic Wear,L,Green,1,1199.00,0,1199.00,UPI,Male,Adult (31-45),Women,INV001525,15:42:00,P08-L-GREEN
S003039,2026-08-22,Saturday,Kids Sports Shoes,Footwear,13C,Blue,1,899.00,30,629.30,UPI,Male,Adult (31-45),Kids,INV001525,15:42:00,P22-13C-BLUE
S003040,2026-08-22,Saturday,Crop Top,Tops,S,Lavender,1,599.00,0,599.00,Card,Female,Adult (31-45),Women,INV001526,17:19:00,P11-S-LAVENDER
S003041,2026-08-22,Saturday,Basic Crew T-Shirt,Tops,S,White,1,399.00,0,399.00,Card,Female,Young Adult (20-30),Men,INV001527,15:58:00,P01-S-WHITE
S003042,2026-08-22,Saturday,Basic Crew T-Shirt,Tops,M,White,1,399.00,0,399.00,Card,Female,Young Adult (20-30),Men,INV001527,15:58:00,P01-M-WHITE
S003043,2026-08-22,Saturday,Basic Crew T-Shirt,Tops,M,Black,1,399.00,0,399.00,Card,Female,Young Adult (20-30),Men,INV001527,15:58:00,P01-M-BLACK
S003044,2026-08-22,Saturday,Printed Top,Tops,M,White,1,699.00,0,699.00,Card,Female,Teen (13-19),Women,INV001528,19:01:00,P12-M-WHITE
S003045,2026-08-22,Saturday,Polo T-Shirt,Tops,L,Grey,2,699.00,0,1398.00,UPI,Male,Young Adult (20-30),Men,INV001529,18:22:00,P02-L-GREY
S003046,2026-08-22,Saturday,Basic Crew T-Shirt,Tops,L,White,3,399.00,0,1197.00,UPI,Male,Young Adult (20-30),Men,INV001529,18:22:00,P01-L-WHITE
S003047,2026-08-22,Saturday,Anarkali Kurta Set,Ethnic Wear,S,Wine,1,1799.00,0,1799.00,UPI,Male,Young Adult (20-30),Women,INV001529,18:22:00,P13-S-WINE
S003048,2026-08-22,Saturday,Printed Top,Tops,L,White,1,699.00,0,699.00,UPI,Male,Young Adult (20-30),Women,INV001530,19:13:00,P12-L-WHITE
S003049,2026-08-22,Saturday,Formal Shirt,Tops,L,Grey,1,999.00,0,999.00,UPI,Male,Young Adult (20-30),Men,INV001531,19:57:00,P05-L-GREY
S003050,2026-08-22,Saturday,Palazzo Kurta Set,Ethnic Wear,M,Maroon,1,1399.00,0,1399.00,Card,Female,Young Adult (20-30),Women,INV001532,15:30:00,P14-M-MAROON
S003051,2026-08-22,Saturday,Kids Ethnic Kurta Set,Ethnic Wear,6-7Y,Green,2,999.00,0,1998.00,Card,Female,Young Adult (20-30),Kids,INV001532,15:30:00,P17-67Y-GREEN
S003052,2026-08-22,Saturday,Kids Cartoon Tee,Tops,6-7Y,Yellow,1,399.00,0,399.00,UPI,Male,Young Adult (20-30),Kids,INV001533,20:47:00,P15-67Y-YELLOW
S003053,2026-08-22,Saturday,Basic Crew T-Shirt,Tops,M,Olive,1,399.00,0,399.00,UPI,Other,Teen (13-19),Men,INV001534,16:10:00,P01-M-OLIVE
S003054,2026-08-22,Saturday,Crop Top,Tops,L,Lavender,1,599.00,0,599.00,Card,Male,Adult (31-45),Women,INV001535,20:08:00,P11-L-LAVENDER
S003055,2026-08-22,Saturday,Basic Crew T-Shirt,Tops,L,Olive,1,399.00,0,399.00,Card,Male,Adult (31-45),Men,INV001535,20:08:00,P01-L-OLIVE
S003056,2026-08-22,Saturday,Kids Cartoon Tee,Tops,8-9Y,Yellow,1,399.00,0,399.00,Cash,Female,Young Adult (20-30),Kids,INV001536,12:46:00,P15-89Y-YELLOW
S003057,2026-08-22,Saturday,Basic Crew T-Shirt,Tops,M,White,1,399.00,0,399.00,UPI,Female,Young Adult (20-30),Men,INV001537,20:50:00,P01-M-WHITE
S003058,2026-08-22,Saturday,Floral Kurti,Ethnic Wear,L,Green,1,1199.00,0,1199.00,UPI,Female,Young Adult (20-30),Women,INV001537,20:50:00,P08-L-GREEN
S003059,2026-08-22,Saturday,Graphic Tee,Tops,XL,Black,1,499.00,0,499.00,Card,Male,Senior (46+),Men,INV001538,11:01:00,P06-XL-BLACK
S003060,2026-08-22,Saturday,Printed Top,Tops,L,Blue,1,699.00,0,699.00,Cash,Female,Adult (31-45),Women,INV001539,19:52:00,P12-L-BLUE
S003061,2026-08-22,Saturday,Cotton Kurti,Ethnic Wear,S,Teal,1,999.00,0,999.00,Cash,Female,Adult (31-45),Women,INV001539,19:52:00,P07-S-TEAL
S003062,2026-08-22,Saturday,Printed Top,Tops,M,Blue,1,699.00,0,699.00,UPI,Male,Teen (13-19),Women,INV001540,16:59:00,P12-M-BLUE
S003063,2026-08-22,Saturday,Formal Shirt,Tops,M,White,1,999.00,0,999.00,UPI,Male,Teen (13-19),Men,INV001540,16:59:00,P05-M-WHITE
S003064,2026-08-22,Saturday,Kids Joggers,Bottoms,6-7Y,Black,1,699.00,0,699.00,Card,Male,Senior (46+),Kids,INV001541,20:08:00,P19-67Y-BLACK
S003065,2026-08-22,Saturday,Formal Shirt,Tops,L,White,1,999.00,0,999.00,Card,Male,Senior (46+),Men,INV001541,20:08:00,P05-L-WHITE
S003066,2026-08-22,Saturday,Hair Accessories Set,Accessories,OneSize,Pink,1,199.00,0,199.00,Card,Male,Senior (46+),Accessories,INV001541,20:08:00,P28-ONESIZE-PINK
S003067,2026-08-22,Saturday,Kids Denim Shorts,Bottoms,4-5Y,Blue,1,599.00,0,599.00,Card,Male,Senior (46+),Kids,INV001541,20:08:00,P16-45Y-BLUE
S003068,2026-08-22,Saturday,Belt,Accessories,36,Black,1,399.00,0,399.00,UPI,Female,Adult (31-45),Accessories,INV001542,21:22:00,P26-36-BLACK
S003069,2026-08-22,Saturday,Kids Denim Shorts,Bottoms,6-7Y,Black,1,599.00,0,599.00,UPI,Female,Adult (31-45),Kids,INV001543,17:03:00,P16-67Y-BLACK
S003070,2026-08-22,Saturday,Cotton Kurti,Ethnic Wear,L,Teal,1,999.00,0,999.00,UPI,Female,Young Adult (20-30),Women,INV001544,18:52:00,P07-L-TEAL
S003071,2026-08-22,Saturday,Sling Bag,Accessories,OneSize,Beige,1,699.00,0,699.00,UPI,Female,Young Adult (20-30),Accessories,INV001544,18:52:00,P25-ONESIZE-BEIGE
S003072,2026-08-22,Saturday,Kids Sports Shoes,Footwear,12C,Blue,1,899.00,30,629.30,UPI,Female,Young Adult (20-30),Kids,INV001545,12:08:00,P22-12C-BLUE
S003073,2026-08-22,Saturday,Women Flats,Footwear,5,Beige,2,799.00,0,1598.00,UPI,Female,Young Adult (20-30),Women,INV001545,12:08:00,P32-5-BEIGE
S003074,2026-08-22,Saturday,Women Flats,Footwear,5,Silver,1,799.00,0,799.00,UPI,Female,Young Adult (20-30),Women,INV001545,12:08:00,P32-5-SILVER
S003075,2026-08-22,Saturday,Kids Ethnic Kurta Set,Ethnic Wear,8-9Y,Maroon,1,999.00,0,999.00,UPI,Female,Young Adult (20-30),Kids,INV001545,12:08:00,P17-89Y-MAROON
S003076,2026-08-22,Saturday,Crop Top,Tops,L,Black,1,599.00,0,599.00,Cash,Female,Adult (31-45),Women,INV001546,16:21:00,P11-L-BLACK
S003077,2026-08-22,Saturday,Flip Flops,Footwear,8,Navy,1,399.00,0,399.00,Cash,Female,Adult (31-45),Men,INV001546,16:21:00,P23-8-NAVY
S003078,2026-08-22,Saturday,Formal Shirt,Tops,M,White,1,999.00,0,999.00,Cash,Female,Adult (31-45),Men,INV001546,16:21:00,P05-M-WHITE
S003079,2026-08-22,Saturday,Printed Top,Tops,M,Red,1,699.00,0,699.00,Card,Female,Teen (13-19),Women,INV001547,18:26:00,P12-M-RED
S003080,2026-08-22,Saturday,Kids Denim Shorts,Bottoms,8-9Y,Black,1,599.00,0,599.00,Card,Female,Teen (13-19),Kids,INV001547,18:26:00,P16-89Y-BLACK
S003081,2026-08-22,Saturday,Polo T-Shirt,Tops,L,Grey,1,699.00,0,699.00,UPI,Female,Young Adult (20-30),Men,INV001548,21:11:00,P02-L-GREY
S003082,2026-08-22,Saturday,Floral Kurti,Ethnic Wear,XS,Green,1,1199.00,0,1199.00,UPI,Female,Young Adult (20-30),Women,INV001548,21:11:00,P08-XS-GREEN
S003083,2026-08-22,Saturday,Crop Top,Tops,L,Lavender,1,599.00,0,599.00,UPI,Female,Young Adult (20-30),Women,INV001548,21:11:00,P11-L-LAVENDER
S003084,2026-08-22,Saturday,Basic Crew T-Shirt,Tops,L,Black,1,399.00,0,399.00,UPI,Male,Senior (46+),Men,INV001549,21:08:00,P01-L-BLACK
S003085,2026-08-22,Saturday,Straight Pants,Bottoms,M,Beige,1,799.00,0,799.00,UPI,Male,Senior (46+),Women,INV001549,21:08:00,P09-M-BEIGE
S003086,2026-08-22,Saturday,Women Flats,Footwear,6,Silver,1,799.00,0,799.00,UPI,Female,Young Adult (20-30),Women,INV001550,17:37:00,P32-6-SILVER
S003087,2026-08-22,Saturday,Flip Flops,Footwear,9,Grey,1,399.00,0,399.00,UPI,Female,Young Adult (20-30),Men,INV001551,15:24:00,P23-9-GREY
S003088,2026-08-22,Saturday,Slim Fit Jeans,Bottoms,30,Light Blue,1,1299.00,0,1299.00,UPI,Female,Young Adult (20-30),Men,INV001551,15:24:00,P03-30-LIGHTBLU
S003089,2026-08-22,Saturday,Basic Crew T-Shirt,Tops,M,Olive,1,399.00,0,399.00,Card,Male,Young Adult (20-30),Men,INV001552,18:49:00,P01-M-OLIVE
S003090,2026-08-22,Saturday,Printed Top,Tops,XL,White,1,699.00,0,699.00,Card,Male,Young Adult (20-30),Women,INV001552,18:49:00,P12-XL-WHITE
S003091,2026-08-22,Saturday,Printed Top,Tops,M,Red,2,699.00,0,1398.00,Card,Male,Young Adult (20-30),Women,INV001552,18:49:00,P12-M-RED
S003092,2026-08-22,Saturday,Sling Bag,Accessories,OneSize,Black,1,699.00,0,699.00,UPI,Male,Adult (31-45),Accessories,INV001553,15:52:00,P25-ONESIZE-BLACK
S003093,2026-08-22,Saturday,Kids Sports Shoes,Footwear,12C,Pink,1,899.00,30,629.30,UPI,Male,Adult (31-45),Kids,INV001553,15:52:00,P22-12C-PINK
S003094,2026-08-22,Saturday,Sandals,Footwear,4,Black,1,999.00,0,999.00,Card,Male,Young Adult (20-30),Women,INV001554,21:24:00,P21-4-BLACK
S003095,2026-08-22,Saturday,Kids Cartoon Tee,Tops,6-7Y,Blue,1,399.00,0,399.00,Card,Male,Young Adult (20-30),Kids,INV001554,21:24:00,P15-67Y-BLUE
S003096,2026-08-22,Saturday,Kids Joggers,Bottoms,8-9Y,Grey,1,699.00,0,699.00,Cash,Male,Adult (31-45),Kids,INV001555,13:29:00,P19-89Y-GREY
S003097,2026-08-22,Saturday,Formal Shirt,Tops,L,Blue,1,999.00,0,999.00,Cash,Male,Adult (31-45),Men,INV001555,13:29:00,P05-L-BLUE
S003098,2026-08-22,Saturday,Sandals,Footwear,6,Black,1,999.00,0,999.00,UPI,Female,Young Adult (20-30),Women,INV001556,15:49:00,P21-6-BLACK
S003099,2026-08-22,Saturday,Cotton Kurti,Ethnic Wear,S,Maroon,1,999.00,0,999.00,Card,Male,Young Adult (20-30),Women,INV001557,21:13:00,P07-S-MAROON
S003100,2026-08-22,Saturday,Sneakers,Footwear,10,White,1,1499.00,0,1499.00,Card,Male,Young Adult (20-30),Men,INV001557,21:13:00,P20-10-WHITE
S003101,2026-08-22,Saturday,Cotton Kurti,Ethnic Wear,L,Teal,2,999.00,0,1998.00,Card,Female,Teen (13-19),Women,INV001558,21:19:00,P07-L-TEAL
S003102,2026-08-22,Saturday,Sneakers,Footwear,9,Black,1,1499.00,0,1499.00,Card,Female,Teen (13-19),Men,INV001558,21:19:00,P20-9-BLACK
S003103,2026-08-22,Saturday,Straight Pants,Bottoms,M,Navy,1,799.00,0,799.00,Card,Female,Teen (13-19),Women,INV001558,21:19:00,P09-M-NAVY
S003104,2026-08-22,Saturday,Basic Crew T-Shirt,Tops,M,Black,1,399.00,0,399.00,Card,Male,Young Adult (20-30),Men,INV001559,20:35:00,P01-M-BLACK
S003105,2026-08-22,Saturday,Basic Crew T-Shirt,Tops,M,White,2,399.00,0,798.00,Card,Male,Young Adult (20-30),Men,INV001559,20:35:00,P01-M-WHITE
S003106,2026-08-22,Saturday,Formal Shirt,Tops,XL,Grey,1,999.00,0,999.00,UPI,Male,Senior (46+),Men,INV001560,18:07:00,P05-XL-GREY
S003107,2026-08-22,Saturday,Denim Jeggings,Bottoms,M,Black,1,999.00,0,999.00,Cash,Female,Adult (31-45),Women,INV001561,17:33:00,P10-M-BLACK
S003108,2026-08-22,Saturday,Kids Denim Shorts,Bottoms,6-7Y,Black,2,599.00,0,1198.00,Cash,Female,Adult (31-45),Kids,INV001561,17:33:00,P16-67Y-BLACK
S003109,2026-08-22,Saturday,Straight Pants,Bottoms,M,Beige,1,799.00,0,799.00,Cash,Female,Adult (31-45),Women,INV001561,17:33:00,P09-M-BEIGE
S003110,2026-08-22,Saturday,Anarkali Kurta Set,Ethnic Wear,XL,Navy,1,1799.00,0,1799.00,Card,Male,Adult (31-45),Women,INV001562,17:01:00,P13-XL-NAVY
S003111,2026-08-22,Saturday,Palazzo Kurta Set,Ethnic Wear,XL,Teal,1,1399.00,0,1399.00,Cash,Male,Adult (31-45),Women,INV001563,13:37:00,P14-XL-TEAL
S003112,2026-08-22,Saturday,Flip Flops,Footwear,9,Grey,1,399.00,0,399.00,Cash,Male,Adult (31-45),Men,INV001563,13:37:00,P23-9-GREY
S003113,2026-08-22,Saturday,Belt,Accessories,32,Brown,1,399.00,0,399.00,UPI,Other,Teen (13-19),Accessories,INV001564,10:57:00,P26-32-BROWN
S003114,2026-08-23,Sunday,Cotton Kurti,Ethnic Wear,L,Mustard,1,999.00,0,999.00,Card,Female,Senior (46+),Women,INV001565,18:28:00,P07-L-MUSTARD
S003115,2026-08-23,Sunday,Basic Crew T-Shirt,Tops,S,Olive,1,399.00,0,399.00,UPI,Female,Young Adult (20-30),Men,INV001566,12:46:00,P01-S-OLIVE
S003116,2026-08-23,Sunday,Sneakers,Footwear,7,Grey,1,1499.00,0,1499.00,UPI,Female,Young Adult (20-30),Men,INV001566,12:46:00,P20-7-GREY
S003117,2026-08-23,Sunday,Sneakers,Footwear,7,White,1,1499.00,0,1499.00,UPI,Female,Young Adult (20-30),Men,INV001567,16:17:00,P20-7-WHITE
S003118,2026-08-23,Sunday,Ethnic Dupatta,Accessories,OneSize,Green,2,599.00,0,1198.00,UPI,Female,Young Adult (20-30),Women,INV001567,16:17:00,P31-ONESIZE-GREEN
S003119,2026-08-23,Sunday,Kids Joggers,Bottoms,8-9Y,Grey,1,699.00,0,699.00,Card,Female,Adult (31-45),Kids,INV001568,15:53:00,P19-89Y-GREY
S003120,2026-08-23,Sunday,Basic Crew T-Shirt,Tops,M,Olive,1,399.00,0,399.00,Card,Female,Adult (31-45),Men,INV001568,15:53:00,P01-M-OLIVE
S003121,2026-08-23,Sunday,Printed Top,Tops,L,White,1,699.00,0,699.00,Card,Male,Teen (13-19),Women,INV001569,17:25:00,P12-L-WHITE
S003122,2026-08-23,Sunday,Straight Pants,Bottoms,XL,Navy,1,799.00,0,799.00,Cash,Female,Young Adult (20-30),Women,INV001570,20:28:00,P09-XL-NAVY
S003123,2026-08-23,Sunday,Crop Top,Tops,XS,Lavender,2,599.00,0,1198.00,Cash,Female,Young Adult (20-30),Women,INV001570,20:28:00,P11-XS-LAVENDER
S003124,2026-08-23,Sunday,Kids Sports Shoes,Footwear,13C,Pink,1,899.00,30,629.30,Card,Female,Young Adult (20-30),Kids,INV001571,14:21:00,P22-13C-PINK
S003125,2026-08-23,Sunday,Sandals,Footwear,8,Black,1,999.00,0,999.00,Card,Female,Young Adult (20-30),Women,INV001571,14:21:00,P21-8-BLACK
S003126,2026-08-23,Sunday,Slim Fit Jeans,Bottoms,32,Light Blue,1,1299.00,0,1299.00,UPI,Male,Young Adult (20-30),Men,INV001572,10:56:00,P03-32-LIGHTBLU
S003127,2026-08-23,Sunday,Basic Crew T-Shirt,Tops,L,Navy,1,399.00,0,399.00,UPI,Female,Young Adult (20-30),Men,INV001573,17:55:00,P01-L-NAVY
S003128,2026-08-23,Sunday,Kids Joggers,Bottoms,8-9Y,Black,1,699.00,0,699.00,UPI,Female,Young Adult (20-30),Kids,INV001573,17:55:00,P19-89Y-BLACK
S003129,2026-08-23,Sunday,Kids Cartoon Tee,Tops,8-9Y,Yellow,2,399.00,0,798.00,Card,Female,Young Adult (20-30),Kids,INV001574,14:23:00,P15-89Y-YELLOW
S003130,2026-08-23,Sunday,Polo T-Shirt,Tops,XL,Maroon,1,699.00,0,699.00,Cash,Male,Teen (13-19),Men,INV001575,11:54:00,P02-XL-MAROON
S003131,2026-08-23,Sunday,Kids Sports Shoes,Footwear,13C,Blue,1,899.00,30,629.30,UPI,Female,Young Adult (20-30),Kids,INV001576,17:12:00,P22-13C-BLUE
S003132,2026-08-23,Sunday,Kids Ethnic Kurta Set,Ethnic Wear,4-5Y,Green,2,999.00,0,1998.00,UPI,Female,Young Adult (20-30),Kids,INV001576,17:12:00,P17-45Y-GREEN
S003133,2026-08-23,Sunday,Kids Sports Shoes,Footwear,12C,Black,1,899.00,30,629.30,UPI,Female,Young Adult (20-30),Kids,INV001576,17:12:00,P22-12C-BLACK
S003134,2026-08-23,Sunday,Printed Top,Tops,S,White,1,699.00,0,699.00,UPI,Female,Young Adult (20-30),Women,INV001576,17:12:00,P12-S-WHITE
S003135,2026-08-23,Sunday,Kids Denim Shorts,Bottoms,4-5Y,Black,1,599.00,0,599.00,UPI,Male,Adult (31-45),Kids,INV001577,11:21:00,P16-45Y-BLACK
S003136,2026-08-23,Sunday,Graphic Tee,Tops,M,Red,1,499.00,0,499.00,UPI,Male,Adult (31-45),Men,INV001577,11:21:00,P06-M-RED
S003137,2026-08-23,Sunday,Graphic Tee,Tops,M,White,1,499.00,0,499.00,UPI,Male,Young Adult (20-30),Men,INV001578,17:12:00,P06-M-WHITE
S003138,2026-08-23,Sunday,Graphic Tee,Tops,M,Red,1,499.00,0,499.00,UPI,Male,Young Adult (20-30),Men,INV001578,17:12:00,P06-M-RED
S003139,2026-08-23,Sunday,Women Flats,Footwear,7,Silver,1,799.00,0,799.00,UPI,Male,Teen (13-19),Women,INV001579,16:49:00,P32-7-SILVER
S003140,2026-08-23,Sunday,Cotton Kurti,Ethnic Wear,M,Maroon,1,999.00,0,999.00,UPI,Male,Teen (13-19),Women,INV001579,16:49:00,P07-M-MAROON
S003141,2026-08-23,Sunday,Sneakers,Footwear,8,Black,1,1499.00,0,1499.00,UPI,Male,Teen (13-19),Men,INV001579,16:49:00,P20-8-BLACK
S003142,2026-08-23,Sunday,Graphic Tee,Tops,XL,Red,1,499.00,0,499.00,UPI,Female,Adult (31-45),Men,INV001580,14:51:00,P06-XL-RED
S003143,2026-08-23,Sunday,Kids Cartoon Tee,Tops,6-7Y,Yellow,1,399.00,0,399.00,UPI,Female,Adult (31-45),Kids,INV001580,14:51:00,P15-67Y-YELLOW
S003144,2026-08-23,Sunday,Cotton Kurti,Ethnic Wear,S,Mustard,1,999.00,0,999.00,UPI,Female,Adult (31-45),Women,INV001580,14:51:00,P07-S-MUSTARD
S003145,2026-08-23,Sunday,Basic Crew T-Shirt,Tops,S,White,1,399.00,0,399.00,UPI,Male,Young Adult (20-30),Men,INV001581,20:19:00,P01-S-WHITE
S003146,2026-08-23,Sunday,Sneakers,Footwear,8,White,1,1499.00,0,1499.00,UPI,Male,Young Adult (20-30),Men,INV001581,20:19:00,P20-8-WHITE
S003147,2026-08-23,Sunday,Printed Top,Tops,L,Blue,1,699.00,0,699.00,Card,Male,Adult (31-45),Women,INV001582,15:51:00,P12-L-BLUE
S003148,2026-08-23,Sunday,Formal Shirt,Tops,L,Grey,1,999.00,0,999.00,Card,Male,Adult (31-45),Men,INV001583,19:00:00,P05-L-GREY
S003149,2026-08-23,Sunday,Floral Kurti,Ethnic Wear,L,Pink,1,1199.00,0,1199.00,Card,Male,Adult (31-45),Women,INV001583,19:00:00,P08-L-PINK
S003150,2026-08-23,Sunday,Belt,Accessories,38,Brown,2,399.00,0,798.00,Card,Male,Adult (31-45),Accessories,INV001583,19:00:00,P26-38-BROWN
S003151,2026-08-23,Sunday,Sneakers,Footwear,8,Grey,2,1499.00,0,2998.00,UPI,Female,Adult (31-45),Men,INV001584,13:25:00,P20-8-GREY
S003152,2026-08-23,Sunday,Anarkali Kurta Set,Ethnic Wear,M,Wine,1,1799.00,0,1799.00,UPI,Female,Adult (31-45),Women,INV001584,13:25:00,P13-M-WINE
S003153,2026-08-23,Sunday,Basic Crew T-Shirt,Tops,M,Navy,1,399.00,0,399.00,UPI,Female,Young Adult (20-30),Men,INV001585,20:49:00,P01-M-NAVY
S003154,2026-08-23,Sunday,Kids Sports Shoes,Footwear,12C,Black,1,899.00,30,629.30,UPI,Female,Adult (31-45),Kids,INV001586,20:37:00,P22-12C-BLACK
S003155,2026-08-23,Sunday,Chino Trousers,Bottoms,30,Beige,1,1099.00,0,1099.00,UPI,Female,Adult (31-45),Men,INV001586,20:37:00,P04-30-BEIGE
S003156,2026-08-23,Sunday,Crop Top,Tops,L,Black,1,599.00,0,599.00,UPI,Female,Teen (13-19),Women,INV001587,13:41:00,P11-L-BLACK
S003157,2026-08-23,Sunday,Graphic Tee,Tops,L,White,1,499.00,0,499.00,UPI,Female,Teen (13-19),Men,INV001587,13:41:00,P06-L-WHITE
S003158,2026-08-23,Sunday,Graphic Tee,Tops,L,Red,1,499.00,0,499.00,UPI,Female,Teen (13-19),Men,INV001587,13:41:00,P06-L-RED
S003159,2026-08-23,Sunday,Printed Top,Tops,S,Blue,1,699.00,0,699.00,UPI,Male,Adult (31-45),Women,INV001588,16:57:00,P12-S-BLUE
S003160,2026-08-23,Sunday,Kids Lehenga Set,Ethnic Wear,8-9Y,Mint,1,1299.00,0,1299.00,UPI,Female,Adult (31-45),Kids,INV001589,16:33:00,P18-89Y-MINT
S003161,2026-08-23,Sunday,Palazzo Kurta Set,Ethnic Wear,L,Maroon,1,1399.00,0,1399.00,UPI,Female,Adult (31-45),Women,INV001589,16:33:00,P14-L-MAROON
S003162,2026-08-23,Sunday,Denim Jeggings,Bottoms,M,Black,1,999.00,0,999.00,Card,Male,Young Adult (20-30),Women,INV001590,19:11:00,P10-M-BLACK
S003163,2026-08-23,Sunday,Basic Crew T-Shirt,Tops,S,White,1,399.00,0,399.00,Card,Male,Young Adult (20-30),Men,INV001590,19:11:00,P01-S-WHITE
S003164,2026-08-23,Sunday,Printed Top,Tops,M,Red,1,699.00,0,699.00,Cash,Female,Young Adult (20-30),Women,INV001591,14:28:00,P12-M-RED
S003165,2026-08-23,Sunday,Sneakers,Footwear,8,Black,1,1499.00,0,1499.00,Cash,Female,Young Adult (20-30),Men,INV001591,14:28:00,P20-8-BLACK
S003166,2026-08-23,Sunday,Slim Fit Jeans,Bottoms,32,Black,1,1299.00,0,1299.00,UPI,Male,Young Adult (20-30),Men,INV001592,19:48:00,P03-32-BLACK
S003167,2026-08-23,Sunday,Printed Top,Tops,L,White,1,699.00,0,699.00,UPI,Female,Adult (31-45),Women,INV001593,21:14:00,P12-L-WHITE
S003168,2026-08-23,Sunday,Denim Jeggings,Bottoms,M,Black,2,999.00,0,1998.00,UPI,Female,Adult (31-45),Women,INV001593,21:14:00,P10-M-BLACK
S003169,2026-08-23,Sunday,Cotton Kurti,Ethnic Wear,XS,Teal,2,999.00,0,1998.00,Cash,Female,Young Adult (20-30),Women,INV001594,14:50:00,P07-XS-TEAL
S003170,2026-08-23,Sunday,Sandals,Footwear,8,Tan,1,999.00,0,999.00,Cash,Female,Young Adult (20-30),Women,INV001594,14:50:00,P21-8-TAN
S003171,2026-08-23,Sunday,Kids Sports Shoes,Footwear,11C,Black,1,899.00,30,629.30,Cash,Female,Young Adult (20-30),Kids,INV001594,14:50:00,P22-11C-BLACK
S003172,2026-08-23,Sunday,Kids Cartoon Tee,Tops,4-5Y,Yellow,1,399.00,0,399.00,UPI,Male,Adult (31-45),Kids,INV001595,18:57:00,P15-45Y-YELLOW
S003173,2026-08-23,Sunday,Chino Trousers,Bottoms,30,Navy,1,1099.00,0,1099.00,UPI,Male,Adult (31-45),Men,INV001595,18:57:00,P04-30-NAVY
S003174,2026-08-23,Sunday,Cotton Kurti,Ethnic Wear,XS,Maroon,1,999.00,0,999.00,Cash,Male,Young Adult (20-30),Women,INV001596,17:52:00,P07-XS-MAROON
S003175,2026-08-23,Sunday,Chino Trousers,Bottoms,32,Olive,1,1099.00,0,1099.00,Cash,Male,Young Adult (20-30),Men,INV001596,17:52:00,P04-32-OLIVE
S003176,2026-08-23,Sunday,Kids Joggers,Bottoms,8-9Y,Navy,1,699.00,0,699.00,Card,Male,Adult (31-45),Kids,INV001597,19:43:00,P19-89Y-NAVY
S003177,2026-08-23,Sunday,Graphic Tee,Tops,M,Black,1,499.00,0,499.00,Card,Female,Adult (31-45),Men,INV001598,15:47:00,P06-M-BLACK
S003178,2026-08-23,Sunday,Cotton Kurti,Ethnic Wear,M,Teal,1,999.00,0,999.00,UPI,Male,Young Adult (20-30),Women,INV001599,17:18:00,P07-M-TEAL
S003179,2026-08-23,Sunday,Kids Sports Shoes,Footwear,12C,Black,1,899.00,30,629.30,Cash,Female,Teen (13-19),Kids,INV001600,18:35:00,P22-12C-BLACK
S003180,2026-08-23,Sunday,Kids Cartoon Tee,Tops,6-7Y,Red,1,399.00,0,399.00,Cash,Female,Teen (13-19),Kids,INV001600,18:35:00,P15-67Y-RED
S003181,2026-08-23,Sunday,Kids Joggers,Bottoms,8-9Y,Navy,1,699.00,0,699.00,Cash,Female,Teen (13-19),Kids,INV001600,18:35:00,P19-89Y-NAVY
S003182,2026-08-23,Sunday,Formal Shirt,Tops,M,Grey,1,999.00,0,999.00,Cash,Female,Teen (13-19),Men,INV001600,18:35:00,P05-M-GREY
S003183,2026-08-23,Sunday,Basic Crew T-Shirt,Tops,S,Navy,1,399.00,0,399.00,Card,Male,Adult (31-45),Men,INV001601,12:05:00,P01-S-NAVY
S003184,2026-08-23,Sunday,Denim Jeggings,Bottoms,L,Indigo,1,999.00,0,999.00,Cash,Female,Young Adult (20-30),Women,INV001602,10:40:00,P10-L-INDIGO
S003185,2026-08-23,Sunday,Formal Shirt,Tops,L,White,1,999.00,0,999.00,UPI,Male,Adult (31-45),Men,INV001603,14:11:00,P05-L-WHITE
S003186,2026-08-23,Sunday,Slim Fit Jeans,Bottoms,34,Black,1,1299.00,0,1299.00,UPI,Male,Adult (31-45),Men,INV001603,14:11:00,P03-34-BLACK
S003187,2026-08-23,Sunday,Wallet,Accessories,OneSize,Brown,1,499.00,0,499.00,UPI,Male,Adult (31-45),Accessories,INV001603,14:11:00,P27-ONESIZE-BROWN
S003188,2026-08-23,Sunday,Denim Jeggings,Bottoms,XS,Black,2,999.00,0,1998.00,UPI,Female,Teen (13-19),Women,INV001604,12:20:00,P10-XS-BLACK
S003189,2026-08-23,Sunday,Crop Top,Tops,L,Black,2,599.00,0,1198.00,UPI,Female,Teen (13-19),Women,INV001604,12:20:00,P11-L-BLACK
S003190,2026-08-23,Sunday,Printed Top,Tops,L,White,1,699.00,0,699.00,UPI,Female,Young Adult (20-30),Women,INV001605,12:06:00,P12-L-WHITE
S003191,2026-08-23,Sunday,Printed Top,Tops,M,Blue,1,699.00,0,699.00,UPI,Female,Young Adult (20-30),Women,INV001605,12:06:00,P12-M-BLUE
S003192,2026-08-23,Sunday,Denim Jeggings,Bottoms,M,Black,1,999.00,0,999.00,Cash,Female,Teen (13-19),Women,INV001606,19:48:00,P10-M-BLACK
S003193,2026-08-23,Sunday,Kids Joggers,Bottoms,4-5Y,Navy,1,699.00,0,699.00,Cash,Female,Teen (13-19),Kids,INV001606,19:48:00,P19-45Y-NAVY
S003194,2026-08-23,Sunday,Basic Crew T-Shirt,Tops,S,Navy,2,399.00,0,798.00,UPI,Male,Young Adult (20-30),Men,INV001607,10:57:00,P01-S-NAVY
S003195,2026-08-23,Sunday,Straight Pants,Bottoms,L,Navy,1,799.00,0,799.00,UPI,Male,Senior (46+),Women,INV001608,17:53:00,P09-L-NAVY
S003196,2026-08-23,Sunday,Sandals,Footwear,4,Black,1,999.00,0,999.00,Card,Male,Young Adult (20-30),Women,INV001609,17:41:00,P21-4-BLACK
S003197,2026-08-23,Sunday,Straight Pants,Bottoms,XS,Beige,1,799.00,0,799.00,Card,Male,Young Adult (20-30),Women,INV001609,17:41:00,P09-XS-BEIGE
S003198,2026-08-23,Sunday,Kids Joggers,Bottoms,4-5Y,Navy,1,699.00,0,699.00,Card,Male,Young Adult (20-30),Kids,INV001609,17:41:00,P19-45Y-NAVY
S003199,2026-08-23,Sunday,Kids Cartoon Tee,Tops,6-7Y,Blue,1,399.00,0,399.00,Card,Male,Adult (31-45),Kids,INV001610,13:07:00,P15-67Y-BLUE
S003200,2026-08-23,Sunday,Printed Top,Tops,L,Red,1,699.00,0,699.00,Card,Male,Adult (31-45),Women,INV001610,13:07:00,P12-L-RED
S003201,2026-08-23,Sunday,Ethnic Dupatta,Accessories,OneSize,Mustard,1,599.00,0,599.00,UPI,Male,Adult (31-45),Women,INV001611,16:50:00,P31-ONESIZE-MUSTARD
S003202,2026-08-23,Sunday,Kids Lehenga Set,Ethnic Wear,8-9Y,Peach,1,1299.00,0,1299.00,Card,Male,Teen (13-19),Kids,INV001612,13:03:00,P18-89Y-PEACH
S003203,2026-08-23,Sunday,Belt,Accessories,36,Black,1,399.00,0,399.00,Cash,Male,Adult (31-45),Accessories,INV001613,20:31:00,P26-36-BLACK
S003204,2026-08-23,Sunday,Kids Sports Shoes,Footwear,10C,Blue,1,899.00,30,629.30,Cash,Male,Adult (31-45),Kids,INV001613,20:31:00,P22-10C-BLUE
S003205,2026-08-23,Sunday,Crop Top,Tops,L,Lavender,1,599.00,0,599.00,Cash,Female,Young Adult (20-30),Women,INV001614,19:02:00,P11-L-LAVENDER
S003206,2026-08-23,Sunday,Belt,Accessories,34,Black,1,399.00,0,399.00,Cash,Female,Young Adult (20-30),Accessories,INV001614,19:02:00,P26-34-BLACK
S003207,2026-08-23,Sunday,Women Flats,Footwear,5,Silver,1,799.00,0,799.00,UPI,Male,Adult (31-45),Women,INV001615,15:26:00,P32-5-SILVER
S003208,2026-08-23,Sunday,Ethnic Dupatta,Accessories,OneSize,Green,1,599.00,0,599.00,UPI,Male,Adult (31-45),Women,INV001615,15:26:00,P31-ONESIZE-GREEN
S003209,2026-08-23,Sunday,Formal Shirt,Tops,XL,Grey,1,999.00,0,999.00,Card,Male,Teen (13-19),Men,INV001616,18:34:00,P05-XL-GREY
S003210,2026-08-23,Sunday,Graphic Tee,Tops,M,White,1,499.00,0,499.00,Card,Male,Teen (13-19),Men,INV001616,18:34:00,P06-M-WHITE
S003211,2026-08-23,Sunday,Cotton Kurti,Ethnic Wear,XL,Maroon,1,999.00,0,999.00,UPI,Female,Young Adult (20-30),Women,INV001617,21:28:00,P07-XL-MAROON
S003212,2026-08-23,Sunday,Kids Lehenga Set,Ethnic Wear,8-9Y,Mint,1,1299.00,0,1299.00,Cash,Male,Adult (31-45),Kids,INV001618,15:23:00,P18-89Y-MINT
S003213,2026-08-23,Sunday,Formal Shirt,Tops,XL,Blue,1,999.00,0,999.00,Cash,Male,Adult (31-45),Men,INV001618,15:23:00,P05-XL-BLUE
S003214,2026-08-23,Sunday,Kids Sports Shoes,Footwear,13C,Black,1,899.00,30,629.30,Cash,Male,Adult (31-45),Kids,INV001618,15:23:00,P22-13C-BLACK
S003215,2026-08-23,Sunday,Kids Sports Shoes,Footwear,1Y,Blue,1,899.00,30,629.30,UPI,Male,Adult (31-45),Kids,INV001619,11:36:00,P22-1Y-BLUE
S003216,2026-08-23,Sunday,Straight Pants,Bottoms,M,Beige,1,799.00,0,799.00,UPI,Female,Young Adult (20-30),Women,INV001620,14:49:00,P09-M-BEIGE
S003217,2026-08-23,Sunday,Scarf,Accessories,OneSize,Maroon,1,499.00,30,349.30,Card,Male,Young Adult (20-30),Accessories,INV001621,17:30:00,P30-ONESIZE-MAROON
S003218,2026-08-23,Sunday,Kids Denim Shorts,Bottoms,2-3Y,Black,2,599.00,0,1198.00,Card,Male,Young Adult (20-30),Kids,INV001621,17:30:00,P16-23Y-BLACK
S003219,2026-08-23,Sunday,Kids Ethnic Kurta Set,Ethnic Wear,6-7Y,Mustard,2,999.00,0,1998.00,Card,Male,Young Adult (20-30),Kids,INV001621,17:30:00,P17-67Y-MUSTARD
S003220,2026-08-23,Sunday,Palazzo Kurta Set,Ethnic Wear,M,Mustard,1,1399.00,0,1399.00,Card,Male,Young Adult (20-30),Women,INV001621,17:30:00,P14-M-MUSTARD
S003221,2026-08-23,Sunday,Chino Trousers,Bottoms,34,Navy,1,1099.00,0,1099.00,UPI,Female,Young Adult (20-30),Men,INV001622,14:20:00,P04-34-NAVY
S003222,2026-08-23,Sunday,Printed Top,Tops,S,Blue,1,699.00,0,699.00,UPI,Female,Young Adult (20-30),Women,INV001622,14:20:00,P12-S-BLUE
S003223,2026-08-23,Sunday,Handbag,Accessories,OneSize,Maroon,1,999.00,0,999.00,UPI,Female,Young Adult (20-30),Accessories,INV001622,14:20:00,P24-ONESIZE-MAROON
S003224,2026-08-23,Sunday,Basic Crew T-Shirt,Tops,XL,Black,1,399.00,0,399.00,Card,Male,Adult (31-45),Men,INV001623,13:19:00,P01-XL-BLACK
S003225,2026-08-23,Sunday,Crop Top,Tops,L,Lavender,1,599.00,0,599.00,Card,Male,Adult (31-45),Women,INV001623,13:19:00,P11-L-LAVENDER
S003226,2026-08-23,Sunday,Slim Fit Jeans,Bottoms,30,Navy,1,1299.00,0,1299.00,Cash,Male,Adult (31-45),Men,INV001624,20:48:00,P03-30-NAVY
S003227,2026-08-23,Sunday,Printed Top,Tops,L,White,1,699.00,0,699.00,Cash,Male,Adult (31-45),Women,INV001624,20:48:00,P12-L-WHITE
S003228,2026-08-23,Sunday,Cotton Kurti,Ethnic Wear,M,Maroon,1,999.00,0,999.00,Card,Female,Young Adult (20-30),Women,INV001625,13:52:00,P07-M-MAROON
S003229,2026-08-23,Sunday,Sandals,Footwear,8,Tan,1,999.00,0,999.00,Card,Female,Young Adult (20-30),Women,INV001625,13:52:00,P21-8-TAN
S003230,2026-08-23,Sunday,Formal Shirt,Tops,L,Blue,1,999.00,0,999.00,UPI,Female,Young Adult (20-30),Men,INV001626,13:04:00,P05-L-BLUE
S003231,2026-08-23,Sunday,Flip Flops,Footwear,7,Grey,2,399.00,0,798.00,UPI,Female,Young Adult (20-30),Men,INV001626,13:04:00,P23-7-GREY
S003232,2026-08-23,Sunday,Graphic Tee,Tops,XL,Red,1,499.00,0,499.00,UPI,Female,Teen (13-19),Men,INV001627,11:04:00,P06-XL-RED
S003233,2026-08-23,Sunday,Chino Trousers,Bottoms,30,Navy,1,1099.00,0,1099.00,UPI,Female,Teen (13-19),Men,INV001627,11:04:00,P04-30-NAVY
S003234,2026-08-23,Sunday,Sneakers,Footwear,8,Grey,1,1499.00,0,1499.00,UPI,Female,Teen (13-19),Men,INV001627,11:04:00,P20-8-GREY
S003235,2026-08-23,Sunday,Slim Fit Jeans,Bottoms,30,Light Blue,1,1299.00,0,1299.00,Card,Other,Young Adult (20-30),Men,INV001628,19:32:00,P03-30-LIGHTBLU
S003236,2026-08-23,Sunday,Basic Crew T-Shirt,Tops,XL,Black,1,399.00,0,399.00,Card,Other,Young Adult (20-30),Men,INV001628,19:32:00,P01-XL-BLACK
S003237,2026-08-23,Sunday,Formal Shirt,Tops,L,Grey,1,999.00,0,999.00,Card,Other,Young Adult (20-30),Men,INV001628,19:32:00,P05-L-GREY
S003238,2026-08-23,Sunday,Kids Lehenga Set,Ethnic Wear,2-3Y,Peach,1,1299.00,0,1299.00,Cash,Female,Young Adult (20-30),Kids,INV001629,14:47:00,P18-23Y-PEACH
S003239,2026-08-23,Sunday,Belt,Accessories,38,Black,1,399.00,0,399.00,UPI,Female,Teen (13-19),Accessories,INV001630,17:11:00,P26-38-BLACK
S003240,2026-08-23,Sunday,Graphic Tee,Tops,S,White,1,499.00,0,499.00,UPI,Female,Teen (13-19),Men,INV001630,17:11:00,P06-S-WHITE
S003241,2026-08-23,Sunday,Women Flats,Footwear,5,Black,1,799.00,0,799.00,Cash,Male,Adult (31-45),Women,INV001631,10:44:00,P32-5-BLACK
S003242,2026-08-23,Sunday,Polo T-Shirt,Tops,S,Grey,1,699.00,0,699.00,Cash,Male,Adult (31-45),Men,INV001631,10:44:00,P02-S-GREY
S003243,2026-08-23,Sunday,Kids Joggers,Bottoms,8-9Y,Black,1,699.00,0,699.00,Card,Female,Young Adult (20-30),Kids,INV001632,17:38:00,P19-89Y-BLACK
S003244,2026-08-23,Sunday,Cotton Kurti,Ethnic Wear,L,Mustard,1,999.00,0,999.00,UPI,Female,Young Adult (20-30),Women,INV001633,14:35:00,P07-L-MUSTARD
S003245,2026-08-23,Sunday,Printed Top,Tops,M,Blue,1,699.00,0,699.00,UPI,Female,Young Adult (20-30),Women,INV001633,14:35:00,P12-M-BLUE
S003246,2026-08-23,Sunday,Straight Pants,Bottoms,L,Beige,1,799.00,0,799.00,UPI,Female,Adult (31-45),Women,INV001634,15:47:00,P09-L-BEIGE
S003247,2026-08-23,Sunday,Slim Fit Jeans,Bottoms,34,Black,1,1299.00,0,1299.00,Cash,Female,Young Adult (20-30),Men,INV001635,12:35:00,P03-34-BLACK
S003248,2026-08-23,Sunday,Printed Top,Tops,M,White,1,699.00,0,699.00,Card,Male,Young Adult (20-30),Women,INV001636,10:49:00,P12-M-WHITE
S003249,2026-08-23,Sunday,Polo T-Shirt,Tops,L,Maroon,1,699.00,0,699.00,Card,Male,Young Adult (20-30),Men,INV001636,10:49:00,P02-L-MAROON
S003250,2026-08-23,Sunday,Printed Top,Tops,XS,Red,1,699.00,0,699.00,UPI,Female,Adult (31-45),Women,INV001637,20:12:00,P12-XS-RED
S003251,2026-08-23,Sunday,Women Flats,Footwear,5,Black,1,799.00,0,799.00,UPI,Female,Adult (31-45),Women,INV001637,20:12:00,P32-5-BLACK
S003252,2026-08-23,Sunday,Cotton Kurti,Ethnic Wear,L,Teal,1,999.00,0,999.00,UPI,Male,Young Adult (20-30),Women,INV001638,14:12:00,P07-L-TEAL
S003253,2026-08-23,Sunday,Graphic Tee,Tops,L,Black,1,499.00,0,499.00,UPI,Male,Young Adult (20-30),Men,INV001638,14:12:00,P06-L-BLACK
S003254,2026-08-23,Sunday,Slim Fit Jeans,Bottoms,30,Black,2,1299.00,0,2598.00,UPI,Male,Young Adult (20-30),Men,INV001638,14:12:00,P03-30-BLACK
S003255,2026-08-23,Sunday,Slim Fit Jeans,Bottoms,32,Navy,1,1299.00,0,1299.00,Card,Male,Adult (31-45),Men,INV001639,20:35:00,P03-32-NAVY
S003256,2026-08-23,Sunday,Palazzo Kurta Set,Ethnic Wear,M,Mustard,1,1399.00,0,1399.00,UPI,Female,Young Adult (20-30),Women,INV001640,21:05:00,P14-M-MUSTARD
S003257,2026-08-23,Sunday,Cotton Kurti,Ethnic Wear,XS,Mustard,1,999.00,0,999.00,UPI,Female,Young Adult (20-30),Women,INV001640,21:05:00,P07-XS-MUSTARD
S003258,2026-08-23,Sunday,Crop Top,Tops,L,Lavender,1,599.00,0,599.00,Cash,Male,Teen (13-19),Women,INV001641,11:15:00,P11-L-LAVENDER
S003259,2026-08-23,Sunday,Straight Pants,Bottoms,XL,Beige,1,799.00,0,799.00,Cash,Male,Teen (13-19),Women,INV001641,11:15:00,P09-XL-BEIGE
S003260,2026-08-23,Sunday,Polo T-Shirt,Tops,XL,Grey,1,699.00,0,699.00,UPI,Male,Adult (31-45),Men,INV001642,11:17:00,P02-XL-GREY
S003261,2026-08-23,Sunday,Cotton Kurti,Ethnic Wear,XS,Maroon,1,999.00,0,999.00,UPI,Male,Adult (31-45),Women,INV001642,11:17:00,P07-XS-MAROON
S003262,2026-08-23,Sunday,Kids Lehenga Set,Ethnic Wear,2-3Y,Pink,1,1299.00,0,1299.00,UPI,Male,Adult (31-45),Kids,INV001642,11:17:00,P18-23Y-PINK
S003263,2026-08-23,Sunday,Basic Crew T-Shirt,Tops,L,Navy,1,399.00,0,399.00,UPI,Male,Young Adult (20-30),Men,INV001643,20:36:00,P01-L-NAVY
S003264,2026-08-23,Sunday,Women Flats,Footwear,6,Black,1,799.00,0,799.00,UPI,Male,Young Adult (20-30),Women,INV001643,20:36:00,P32-6-BLACK
S003265,2026-08-23,Sunday,Slim Fit Jeans,Bottoms,32,Black,2,1299.00,0,2598.00,Cash,Male,Teen (13-19),Men,INV001644,17:44:00,P03-32-BLACK
S003266,2026-08-23,Sunday,Straight Pants,Bottoms,M,Navy,1,799.00,0,799.00,Cash,Male,Teen (13-19),Women,INV001644,17:44:00,P09-M-NAVY
S003267,2026-08-23,Sunday,Belt,Accessories,36,Black,1,399.00,0,399.00,UPI,Male,Adult (31-45),Accessories,INV001645,21:25:00,P26-36-BLACK
S003268,2026-08-23,Sunday,Crop Top,Tops,S,Black,2,599.00,0,1198.00,UPI,Male,Adult (31-45),Women,INV001645,21:25:00,P11-S-BLACK
S003269,2026-08-23,Sunday,Denim Jeggings,Bottoms,L,Black,1,999.00,0,999.00,UPI,Female,Adult (31-45),Women,INV001646,20:56:00,P10-L-BLACK
S003270,2026-08-23,Sunday,Crop Top,Tops,L,Black,2,599.00,0,1198.00,UPI,Female,Adult (31-45),Women,INV001646,20:56:00,P11-L-BLACK
S003271,2026-08-23,Sunday,Women Flats,Footwear,7,Beige,1,799.00,0,799.00,UPI,Male,Adult (31-45),Women,INV001647,13:09:00,P32-7-BEIGE
S003272,2026-08-23,Sunday,Graphic Tee,Tops,L,White,1,499.00,0,499.00,Card,Male,Adult (31-45),Men,INV001648,17:34:00,P06-L-WHITE
S003273,2026-08-23,Sunday,Straight Pants,Bottoms,S,Navy,1,799.00,0,799.00,Card,Male,Adult (31-45),Women,INV001648,17:34:00,P09-S-NAVY
S003274,2026-08-23,Sunday,Kids Denim Shorts,Bottoms,4-5Y,Black,1,599.00,0,599.00,Card,Male,Adult (31-45),Kids,INV001648,17:34:00,P16-45Y-BLACK
S003275,2026-08-23,Sunday,Formal Shirt,Tops,L,Blue,1,999.00,0,999.00,Card,Female,Young Adult (20-30),Men,INV001649,20:07:00,P05-L-BLUE
S003276,2026-08-23,Sunday,Crop Top,Tops,M,Black,1,599.00,0,599.00,Card,Male,Young Adult (20-30),Women,INV001650,15:06:00,P11-M-BLACK
S003277,2026-08-23,Sunday,Formal Shirt,Tops,M,Blue,1,999.00,0,999.00,Card,Male,Young Adult (20-30),Men,INV001650,15:06:00,P05-M-BLUE
S003278,2026-08-23,Sunday,Women Flats,Footwear,4,Beige,1,799.00,0,799.00,UPI,Male,Senior (46+),Women,INV001651,18:33:00,P32-4-BEIGE
S003279,2026-08-23,Sunday,Sneakers,Footwear,9,Black,1,1499.00,0,1499.00,UPI,Male,Senior (46+),Men,INV001651,18:33:00,P20-9-BLACK
S003280,2026-08-23,Sunday,Straight Pants,Bottoms,S,Black,1,799.00,0,799.00,Cash,Male,Adult (31-45),Women,INV001652,20:30:00,P09-S-BLACK
S003281,2026-08-23,Sunday,Printed Top,Tops,XL,White,1,699.00,0,699.00,Card,Female,Young Adult (20-30),Women,INV001653,11:30:00,P12-XL-WHITE
S003282,2026-08-23,Sunday,Printed Top,Tops,XL,Blue,1,699.00,0,699.00,UPI,Female,Young Adult (20-30),Women,INV001654,19:50:00,P12-XL-BLUE
S003283,2026-08-23,Sunday,Kids Sports Shoes,Footwear,1Y,Black,2,899.00,30,1258.60,UPI,Female,Young Adult (20-30),Kids,INV001654,19:50:00,P22-1Y-BLACK
S003284,2026-08-23,Sunday,Basic Crew T-Shirt,Tops,M,White,1,399.00,0,399.00,UPI,Female,Young Adult (20-30),Men,INV001655,11:52:00,P01-M-WHITE
S003285,2026-08-23,Sunday,Crop Top,Tops,L,Black,1,599.00,0,599.00,UPI,Female,Young Adult (20-30),Women,INV001655,11:52:00,P11-L-BLACK
S003286,2026-08-23,Sunday,Basic Crew T-Shirt,Tops,L,Olive,1,399.00,0,399.00,UPI,Female,Young Adult (20-30),Men,INV001655,11:52:00,P01-L-OLIVE
S003287,2026-08-23,Sunday,Basic Crew T-Shirt,Tops,S,Olive,1,399.00,0,399.00,Card,Male,Young Adult (20-30),Men,INV001656,20:28:00,P01-S-OLIVE
S003288,2026-08-23,Sunday,Floral Kurti,Ethnic Wear,S,Blue,1,1199.00,0,1199.00,Cash,Male,Adult (31-45),Women,INV001657,16:22:00,P08-S-BLUE
S003289,2026-08-23,Sunday,Crop Top,Tops,S,White,1,599.00,0,599.00,UPI,Male,Young Adult (20-30),Women,INV001658,17:44:00,P11-S-WHITE
S003290,2026-08-23,Sunday,Sandals,Footwear,6,Tan,1,999.00,0,999.00,UPI,Male,Young Adult (20-30),Women,INV001658,17:44:00,P21-6-TAN
S003291,2026-08-23,Sunday,Flip Flops,Footwear,8,Navy,2,399.00,0,798.00,UPI,Male,Young Adult (20-30),Men,INV001658,17:44:00,P23-8-NAVY
S003292,2026-08-23,Sunday,Straight Pants,Bottoms,XS,Navy,1,799.00,0,799.00,UPI,Female,Young Adult (20-30),Women,INV001659,16:47:00,P09-XS-NAVY
S003293,2026-08-23,Sunday,Cotton Kurti,Ethnic Wear,M,Teal,1,999.00,0,999.00,UPI,Female,Young Adult (20-30),Women,INV001659,16:47:00,P07-M-TEAL
S003294,2026-08-23,Sunday,Denim Jeggings,Bottoms,L,Indigo,1,999.00,0,999.00,UPI,Female,Young Adult (20-30),Women,INV001659,16:47:00,P10-L-INDIGO
S003295,2026-08-23,Sunday,Graphic Tee,Tops,XL,White,1,499.00,0,499.00,UPI,Other,Teen (13-19),Men,INV001660,16:41:00,P06-XL-WHITE
S003296,2026-08-23,Sunday,Formal Shirt,Tops,L,Blue,1,999.00,0,999.00,UPI,Other,Teen (13-19),Men,INV001660,16:41:00,P05-L-BLUE
S003297,2026-08-23,Sunday,Kids Denim Shorts,Bottoms,6-7Y,Black,1,599.00,0,599.00,Card,Male,Teen (13-19),Kids,INV001661,13:49:00,P16-67Y-BLACK
S003298,2026-08-23,Sunday,Chino Trousers,Bottoms,34,Navy,1,1099.00,0,1099.00,Card,Male,Teen (13-19),Men,INV001661,13:49:00,P04-34-NAVY
S003299,2026-08-23,Sunday,Polo T-Shirt,Tops,L,Navy,1,699.00,0,699.00,UPI,Male,Adult (31-45),Men,INV001662,19:48:00,P02-L-NAVY
S003300,2026-08-23,Sunday,Kids Denim Shorts,Bottoms,8-9Y,Blue,1,599.00,0,599.00,UPI,Male,Adult (31-45),Kids,INV001662,19:48:00,P16-89Y-BLUE
S003301,2026-08-23,Sunday,Kids Cartoon Tee,Tops,2-3Y,Blue,1,399.00,0,399.00,UPI,Male,Adult (31-45),Kids,INV001662,19:48:00,P15-23Y-BLUE
S003302,2026-08-23,Sunday,Polo T-Shirt,Tops,L,Maroon,1,699.00,0,699.00,UPI,Male,Adult (31-45),Men,INV001662,19:48:00,P02-L-MAROON
S003303,2026-08-23,Sunday,Graphic Tee,Tops,L,Black,1,499.00,0,499.00,UPI,Male,Teen (13-19),Men,INV001663,14:49:00,P06-L-BLACK
S003304,2026-08-23,Sunday,Sandals,Footwear,4,Gold,1,999.00,0,999.00,UPI,Male,Young Adult (20-30),Women,INV001664,16:55:00,P21-4-GOLD
S003305,2026-08-23,Sunday,Kids Lehenga Set,Ethnic Wear,4-5Y,Mint,2,1299.00,0,2598.00,UPI,Male,Young Adult (20-30),Kids,INV001665,13:40:00,P18-45Y-MINT
S003306,2026-08-23,Sunday,Flip Flops,Footwear,10,Navy,1,399.00,0,399.00,UPI,Male,Young Adult (20-30),Men,INV001665,13:40:00,P23-10-NAVY
S003307,2026-08-23,Sunday,Basic Crew T-Shirt,Tops,L,Black,1,399.00,0,399.00,Cash,Male,Adult (31-45),Men,INV001666,18:01:00,P01-L-BLACK
S003308,2026-08-23,Sunday,Chino Trousers,Bottoms,34,Olive,1,1099.00,0,1099.00,Cash,Male,Adult (31-45),Men,INV001666,18:01:00,P04-34-OLIVE
S003309,2026-08-23,Sunday,Flip Flops,Footwear,8,Black,1,399.00,0,399.00,UPI,Male,Adult (31-45),Men,INV001667,19:57:00,P23-8-BLACK
S003310,2026-08-23,Sunday,Kids Lehenga Set,Ethnic Wear,2-3Y,Mint,1,1299.00,0,1299.00,UPI,Male,Adult (31-45),Kids,INV001667,19:57:00,P18-23Y-MINT
S003311,2026-08-23,Sunday,Graphic Tee,Tops,XL,Red,1,499.00,0,499.00,UPI,Female,Adult (31-45),Men,INV001668,12:08:00,P06-XL-RED
S003312,2026-08-23,Sunday,Basic Crew T-Shirt,Tops,S,Olive,1,399.00,0,399.00,Cash,Male,Adult (31-45),Men,INV001669,17:03:00,P01-S-OLIVE
S003313,2026-08-23,Sunday,Polo T-Shirt,Tops,L,Maroon,1,699.00,0,699.00,Cash,Male,Adult (31-45),Men,INV001669,17:03:00,P02-L-MAROON
S003314,2026-08-23,Sunday,Cotton Kurti,Ethnic Wear,S,Mustard,1,999.00,0,999.00,UPI,Female,Young Adult (20-30),Women,INV001670,12:26:00,P07-S-MUSTARD
S003315,2026-08-23,Sunday,Palazzo Kurta Set,Ethnic Wear,S,Maroon,2,1399.00,0,2798.00,Card,Female,Adult (31-45),Women,INV001671,15:36:00,P14-S-MAROON
S003316,2026-08-23,Sunday,Cotton Kurti,Ethnic Wear,S,Mustard,1,999.00,0,999.00,Card,Male,Senior (46+),Women,INV001672,16:43:00,P07-S-MUSTARD
S003317,2026-08-23,Sunday,Graphic Tee,Tops,M,Black,2,499.00,0,998.00,Cash,Male,Teen (13-19),Men,INV001673,19:39:00,P06-M-BLACK
S003318,2026-08-23,Sunday,Denim Jeggings,Bottoms,M,Indigo,1,999.00,0,999.00,UPI,Male,Adult (31-45),Women,INV001674,14:08:00,P10-M-INDIGO
S003319,2026-08-23,Sunday,Flip Flops,Footwear,9,Navy,1,399.00,0,399.00,UPI,Male,Adult (31-45),Men,INV001674,14:08:00,P23-9-NAVY
S003320,2026-08-23,Sunday,Kids Cartoon Tee,Tops,6-7Y,Yellow,1,399.00,0,399.00,Card,Male,Young Adult (20-30),Kids,INV001675,16:36:00,P15-67Y-YELLOW
S003321,2026-08-23,Sunday,Chino Trousers,Bottoms,32,Olive,1,1099.00,0,1099.00,Card,Male,Young Adult (20-30),Men,INV001675,16:36:00,P04-32-OLIVE
S003322,2026-08-23,Sunday,Printed Top,Tops,S,White,1,699.00,0,699.00,Card,Female,Adult (31-45),Women,INV001676,18:17:00,P12-S-WHITE
S003323,2026-08-23,Sunday,Belt,Accessories,34,Black,1,399.00,0,399.00,UPI,Male,Young Adult (20-30),Accessories,INV001677,20:20:00,P26-34-BLACK
S003324,2026-08-23,Sunday,Chino Trousers,Bottoms,34,Beige,1,1099.00,0,1099.00,Card,Male,Adult (31-45),Men,INV001678,14:22:00,P04-34-BEIGE
S003325,2026-08-23,Sunday,Flip Flops,Footwear,8,Navy,1,399.00,0,399.00,Card,Male,Adult (31-45),Men,INV001678,14:22:00,P23-8-NAVY
S003326,2026-08-23,Sunday,Belt,Accessories,34,Brown,1,399.00,0,399.00,Card,Female,Adult (31-45),Accessories,INV001679,16:56:00,P26-34-BROWN
S003327,2026-08-23,Sunday,Kids Joggers,Bottoms,4-5Y,Black,1,699.00,0,699.00,UPI,Male,Young Adult (20-30),Kids,INV001680,15:22:00,P19-45Y-BLACK
S003328,2026-08-23,Sunday,Straight Pants,Bottoms,S,Black,1,799.00,0,799.00,UPI,Male,Young Adult (20-30),Women,INV001680,15:22:00,P09-S-BLACK
S003329,2026-08-23,Sunday,Basic Crew T-Shirt,Tops,L,White,1,399.00,0,399.00,Card,Male,Adult (31-45),Men,INV001681,20:12:00,P01-L-WHITE
S003330,2026-08-23,Sunday,Kids Lehenga Set,Ethnic Wear,6-7Y,Peach,1,1299.00,0,1299.00,Card,Male,Adult (31-45),Kids,INV001681,20:12:00,P18-67Y-PEACH
S003331,2026-08-24,Monday,Hair Accessories Set,Accessories,OneSize,Pink,1,199.00,0,199.00,UPI,Male,Senior (46+),Accessories,INV001682,14:39:00,P28-ONESIZE-PINK
S003332,2026-08-24,Monday,Graphic Tee,Tops,M,Red,1,499.00,0,499.00,UPI,Male,Senior (46+),Men,INV001682,14:39:00,P06-M-RED
S003333,2026-08-24,Monday,Graphic Tee,Tops,L,White,1,499.00,0,499.00,UPI,Male,Senior (46+),Men,INV001682,14:39:00,P06-L-WHITE
S003334,2026-08-24,Monday,Handbag,Accessories,OneSize,Black,1,999.00,0,999.00,Cash,Male,Adult (31-45),Accessories,INV001683,19:37:00,P24-ONESIZE-BLACK
S003335,2026-08-24,Monday,Printed Top,Tops,L,White,1,699.00,0,699.00,Cash,Male,Adult (31-45),Women,INV001683,19:37:00,P12-L-WHITE
S003336,2026-08-24,Monday,Belt,Accessories,34,Black,1,399.00,0,399.00,Cash,Male,Adult (31-45),Accessories,INV001684,18:14:00,P26-34-BLACK
S003337,2026-08-24,Monday,Kids Cartoon Tee,Tops,4-5Y,Blue,1,399.00,0,399.00,Cash,Male,Adult (31-45),Kids,INV001684,18:14:00,P15-45Y-BLUE
S003338,2026-08-24,Monday,Kids Joggers,Bottoms,6-7Y,Navy,1,699.00,0,699.00,Cash,Male,Adult (31-45),Kids,INV001684,18:14:00,P19-67Y-NAVY
S003339,2026-08-24,Monday,Cap,Accessories,OneSize,Black,1,299.00,0,299.00,UPI,Female,Adult (31-45),Accessories,INV001685,20:30:00,P29-ONESIZE-BLACK
S003340,2026-08-24,Monday,Straight Pants,Bottoms,L,Navy,1,799.00,0,799.00,UPI,Female,Adult (31-45),Women,INV001685,20:30:00,P09-L-NAVY
S003341,2026-08-24,Monday,Sandals,Footwear,7,Black,1,999.00,0,999.00,Card,Female,Adult (31-45),Women,INV001686,17:37:00,P21-7-BLACK
S003342,2026-08-24,Monday,Cotton Kurti,Ethnic Wear,L,Maroon,1,999.00,0,999.00,Card,Female,Adult (31-45),Women,INV001686,17:37:00,P07-L-MAROON
S003343,2026-08-24,Monday,Polo T-Shirt,Tops,M,Maroon,1,699.00,0,699.00,Card,Female,Adult (31-45),Men,INV001686,17:37:00,P02-M-MAROON
S003344,2026-08-24,Monday,Polo T-Shirt,Tops,L,Maroon,1,699.00,0,699.00,Card,Male,Young Adult (20-30),Men,INV001687,19:14:00,P02-L-MAROON
S003345,2026-08-24,Monday,Sandals,Footwear,5,Tan,1,999.00,0,999.00,Card,Male,Young Adult (20-30),Women,INV001687,19:14:00,P21-5-TAN
S003346,2026-08-24,Monday,Basic Crew T-Shirt,Tops,XL,Navy,1,399.00,0,399.00,Card,Male,Young Adult (20-30),Men,INV001687,19:14:00,P01-XL-NAVY
S003347,2026-08-24,Monday,Crop Top,Tops,M,Lavender,1,599.00,0,599.00,UPI,Female,Teen (13-19),Women,INV001688,15:37:00,P11-M-LAVENDER
S003348,2026-08-24,Monday,Printed Top,Tops,M,Blue,1,699.00,0,699.00,UPI,Female,Teen (13-19),Women,INV001688,15:37:00,P12-M-BLUE
S003349,2026-08-24,Monday,Formal Shirt,Tops,L,Grey,1,999.00,0,999.00,Cash,Female,Senior (46+),Men,INV001689,12:41:00,P05-L-GREY
S003350,2026-08-24,Monday,Polo T-Shirt,Tops,L,Maroon,1,699.00,0,699.00,Cash,Female,Senior (46+),Men,INV001689,12:41:00,P02-L-MAROON
S003351,2026-08-24,Monday,Denim Jeggings,Bottoms,XS,Black,1,999.00,0,999.00,Cash,Female,Senior (46+),Women,INV001689,12:41:00,P10-XS-BLACK
S003352,2026-08-24,Monday,Flip Flops,Footwear,8,Grey,1,399.00,0,399.00,UPI,Male,Adult (31-45),Men,INV001690,18:09:00,P23-8-GREY
S003353,2026-08-24,Monday,Formal Shirt,Tops,XL,Blue,1,999.00,0,999.00,UPI,Male,Adult (31-45),Men,INV001690,18:09:00,P05-XL-BLUE
S003354,2026-08-24,Monday,Flip Flops,Footwear,7,Black,1,399.00,0,399.00,UPI,Male,Adult (31-45),Men,INV001690,18:09:00,P23-7-BLACK
S003355,2026-08-24,Monday,Graphic Tee,Tops,L,Red,1,499.00,0,499.00,UPI,Male,Teen (13-19),Men,INV001691,19:59:00,P06-L-RED
S003356,2026-08-24,Monday,Women Flats,Footwear,8,Beige,1,799.00,0,799.00,Card,Female,Teen (13-19),Women,INV001692,13:05:00,P32-8-BEIGE
S003357,2026-08-24,Monday,Crop Top,Tops,M,Lavender,2,599.00,0,1198.00,Card,Female,Teen (13-19),Women,INV001692,13:05:00,P11-M-LAVENDER
S003358,2026-08-24,Monday,Graphic Tee,Tops,M,Red,1,499.00,0,499.00,Card,Female,Teen (13-19),Men,INV001692,13:05:00,P06-M-RED
S003359,2026-08-24,Monday,Flip Flops,Footwear,7,Grey,1,399.00,0,399.00,Card,Female,Teen (13-19),Men,INV001692,13:05:00,P23-7-GREY
S003360,2026-08-24,Monday,Belt,Accessories,34,Brown,1,399.00,0,399.00,Card,Female,Teen (13-19),Accessories,INV001692,13:05:00,P26-34-BROWN
S003361,2026-08-24,Monday,Cotton Kurti,Ethnic Wear,XL,Mustard,1,999.00,0,999.00,UPI,Female,Adult (31-45),Women,INV001693,13:50:00,P07-XL-MUSTARD
S003362,2026-08-24,Monday,Straight Pants,Bottoms,M,Black,1,799.00,0,799.00,UPI,Female,Adult (31-45),Women,INV001693,13:50:00,P09-M-BLACK
S003363,2026-08-24,Monday,Floral Kurti,Ethnic Wear,S,Blue,1,1199.00,0,1199.00,UPI,Female,Adult (31-45),Women,INV001693,13:50:00,P08-S-BLUE
S003364,2026-08-24,Monday,Crop Top,Tops,S,White,1,599.00,0,599.00,UPI,Male,Young Adult (20-30),Women,INV001694,20:45:00,P11-S-WHITE
S003365,2026-08-24,Monday,Women Flats,Footwear,7,Beige,1,799.00,0,799.00,UPI,Male,Young Adult (20-30),Women,INV001694,20:45:00,P32-7-BEIGE
S003366,2026-08-24,Monday,Chino Trousers,Bottoms,34,Olive,1,1099.00,0,1099.00,UPI,Male,Young Adult (20-30),Men,INV001694,20:45:00,P04-34-OLIVE
S003367,2026-08-24,Monday,Printed Top,Tops,M,Red,1,699.00,0,699.00,UPI,Male,Adult (31-45),Women,INV001695,19:38:00,P12-M-RED
S003368,2026-08-24,Monday,Printed Top,Tops,L,Blue,2,699.00,0,1398.00,UPI,Male,Adult (31-45),Women,INV001695,19:38:00,P12-L-BLUE
S003369,2026-08-24,Monday,Kids Cartoon Tee,Tops,8-9Y,Yellow,1,399.00,0,399.00,UPI,Male,Adult (31-45),Kids,INV001695,19:38:00,P15-89Y-YELLOW
S003370,2026-08-24,Monday,Slim Fit Jeans,Bottoms,30,Light Blue,1,1299.00,0,1299.00,Card,Female,Adult (31-45),Men,INV001696,14:54:00,P03-30-LIGHTBLU
S003371,2026-08-24,Monday,Belt,Accessories,36,Brown,1,399.00,0,399.00,Card,Female,Adult (31-45),Accessories,INV001696,14:54:00,P26-36-BROWN
S003372,2026-08-24,Monday,Crop Top,Tops,L,Black,1,599.00,0,599.00,Card,Female,Adult (31-45),Women,INV001696,14:54:00,P11-L-BLACK
S003373,2026-08-24,Monday,Flip Flops,Footwear,7,Grey,1,399.00,0,399.00,UPI,Female,Adult (31-45),Men,INV001697,11:42:00,P23-7-GREY
S003374,2026-08-24,Monday,Slim Fit Jeans,Bottoms,32,Navy,1,1299.00,0,1299.00,UPI,Female,Adult (31-45),Men,INV001697,11:42:00,P03-32-NAVY
S003375,2026-08-24,Monday,Polo T-Shirt,Tops,M,Grey,1,699.00,0,699.00,UPI,Female,Adult (31-45),Men,INV001697,11:42:00,P02-M-GREY
S003376,2026-08-24,Monday,Kids Denim Shorts,Bottoms,2-3Y,Blue,1,599.00,0,599.00,Cash,Male,Adult (31-45),Kids,INV001698,11:01:00,P16-23Y-BLUE
S003377,2026-08-24,Monday,Basic Crew T-Shirt,Tops,L,Black,1,399.00,0,399.00,Cash,Male,Adult (31-45),Men,INV001698,11:01:00,P01-L-BLACK
S003378,2026-08-24,Monday,Hair Accessories Set,Accessories,OneSize,Black,1,199.00,0,199.00,Cash,Male,Adult (31-45),Accessories,INV001698,11:01:00,P28-ONESIZE-BLACK
S003379,2026-08-24,Monday,Sandals,Footwear,5,Black,1,999.00,0,999.00,Card,Female,Senior (46+),Women,INV001699,13:51:00,P21-5-BLACK
S003380,2026-08-24,Monday,Cotton Kurti,Ethnic Wear,L,Teal,1,999.00,0,999.00,Card,Female,Senior (46+),Women,INV001699,13:51:00,P07-L-TEAL
S003381,2026-08-24,Monday,Polo T-Shirt,Tops,XL,Grey,1,699.00,0,699.00,UPI,Female,Young Adult (20-30),Men,INV001700,17:48:00,P02-XL-GREY
S003382,2026-08-24,Monday,Straight Pants,Bottoms,M,Black,1,799.00,0,799.00,UPI,Female,Young Adult (20-30),Women,INV001700,17:48:00,P09-M-BLACK
S003383,2026-08-24,Monday,Crop Top,Tops,M,Black,1,599.00,0,599.00,Cash,Female,Senior (46+),Women,INV001701,18:38:00,P11-M-BLACK
S003384,2026-08-24,Monday,Palazzo Kurta Set,Ethnic Wear,XL,Maroon,1,1399.00,0,1399.00,Cash,Male,Young Adult (20-30),Women,INV001702,15:54:00,P14-XL-MAROON
S003385,2026-08-24,Monday,Palazzo Kurta Set,Ethnic Wear,S,Teal,1,1399.00,0,1399.00,Card,Female,Teen (13-19),Women,INV001703,19:32:00,P14-S-TEAL
S003386,2026-08-24,Monday,Cotton Kurti,Ethnic Wear,M,Mustard,1,999.00,0,999.00,Card,Female,Teen (13-19),Women,INV001703,19:32:00,P07-M-MUSTARD
S003387,2026-08-24,Monday,Sneakers,Footwear,10,Grey,1,1499.00,0,1499.00,UPI,Female,Adult (31-45),Men,INV001704,20:46:00,P20-10-GREY
S003388,2026-08-24,Monday,Chino Trousers,Bottoms,32,Navy,1,1099.00,0,1099.00,UPI,Female,Adult (31-45),Men,INV001704,20:46:00,P04-32-NAVY
S003389,2026-08-24,Monday,Belt,Accessories,32,Black,1,399.00,0,399.00,UPI,Male,Young Adult (20-30),Accessories,INV001705,20:02:00,P26-32-BLACK
S003390,2026-08-24,Monday,Cotton Kurti,Ethnic Wear,S,Mustard,1,999.00,0,999.00,UPI,Male,Young Adult (20-30),Women,INV001705,20:02:00,P07-S-MUSTARD
S003391,2026-08-24,Monday,Cotton Kurti,Ethnic Wear,M,Mustard,1,999.00,0,999.00,Card,Female,Adult (31-45),Women,INV001706,17:13:00,P07-M-MUSTARD
S003392,2026-08-24,Monday,Denim Jeggings,Bottoms,L,Indigo,1,999.00,0,999.00,Card,Female,Adult (31-45),Women,INV001706,17:13:00,P10-L-INDIGO
S003393,2026-08-24,Monday,Printed Top,Tops,XS,Red,1,699.00,0,699.00,UPI,Female,Teen (13-19),Women,INV001707,15:22:00,P12-XS-RED
S003394,2026-08-24,Monday,Sneakers,Footwear,10,Black,1,1499.00,0,1499.00,UPI,Female,Teen (13-19),Men,INV001707,15:22:00,P20-10-BLACK
S003395,2026-08-24,Monday,Denim Jeggings,Bottoms,S,Indigo,1,999.00,0,999.00,UPI,Female,Teen (13-19),Women,INV001708,14:28:00,P10-S-INDIGO
S003396,2026-08-24,Monday,Sandals,Footwear,4,Black,1,999.00,0,999.00,UPI,Female,Teen (13-19),Women,INV001708,14:28:00,P21-4-BLACK
S003397,2026-08-24,Monday,Printed Top,Tops,M,Blue,1,699.00,0,699.00,UPI,Female,Teen (13-19),Women,INV001708,14:28:00,P12-M-BLUE
S003398,2026-08-24,Monday,Cotton Kurti,Ethnic Wear,L,Teal,1,999.00,0,999.00,UPI,Female,Adult (31-45),Women,INV001709,14:34:00,P07-L-TEAL
S003399,2026-08-24,Monday,Kids Sports Shoes,Footwear,10C,Blue,1,899.00,0,899.00,UPI,Male,Young Adult (20-30),Kids,INV001710,15:21:00,P22-10C-BLUE
S003400,2026-08-24,Monday,Printed Top,Tops,L,Red,1,699.00,0,699.00,UPI,Male,Young Adult (20-30),Women,INV001710,15:21:00,P12-L-RED
S003401,2026-08-24,Monday,Graphic Tee,Tops,M,Red,1,499.00,0,499.00,UPI,Female,Young Adult (20-30),Men,INV001711,11:36:00,P06-M-RED
S003402,2026-08-24,Monday,Wallet,Accessories,OneSize,Brown,1,499.00,0,499.00,UPI,Female,Young Adult (20-30),Accessories,INV001712,13:28:00,P27-ONESIZE-BROWN
S003403,2026-08-24,Monday,Graphic Tee,Tops,M,White,1,499.00,0,499.00,UPI,Female,Young Adult (20-30),Men,INV001712,13:28:00,P06-M-WHITE
S003404,2026-08-24,Monday,Polo T-Shirt,Tops,XL,Grey,1,699.00,0,699.00,UPI,Female,Young Adult (20-30),Men,INV001712,13:28:00,P02-XL-GREY
S003405,2026-08-24,Monday,Kids Cartoon Tee,Tops,6-7Y,Blue,1,399.00,0,399.00,UPI,Male,Senior (46+),Kids,INV001713,20:49:00,P15-67Y-BLUE
S003406,2026-08-24,Monday,Basic Crew T-Shirt,Tops,L,White,1,399.00,0,399.00,UPI,Male,Adult (31-45),Men,INV001714,14:34:00,P01-L-WHITE
S003407,2026-08-24,Monday,Basic Crew T-Shirt,Tops,XL,Black,1,399.00,0,399.00,UPI,Male,Adult (31-45),Men,INV001714,14:34:00,P01-XL-BLACK
S003408,2026-08-24,Monday,Kids Denim Shorts,Bottoms,6-7Y,Black,1,599.00,0,599.00,UPI,Female,Young Adult (20-30),Kids,INV001715,14:19:00,P16-67Y-BLACK
S003409,2026-08-24,Monday,Polo T-Shirt,Tops,XL,Navy,2,699.00,0,1398.00,UPI,Female,Young Adult (20-30),Men,INV001715,14:19:00,P02-XL-NAVY
S003410,2026-08-24,Monday,Cotton Kurti,Ethnic Wear,L,Teal,1,999.00,0,999.00,UPI,Female,Teen (13-19),Women,INV001716,18:59:00,P07-L-TEAL
S003411,2026-08-24,Monday,Graphic Tee,Tops,L,Red,1,499.00,0,499.00,UPI,Female,Teen (13-19),Men,INV001716,18:59:00,P06-L-RED
S003412,2026-08-24,Monday,Sneakers,Footwear,8,Grey,2,1499.00,0,2998.00,Card,Female,Young Adult (20-30),Men,INV001717,12:13:00,P20-8-GREY
S003413,2026-08-24,Monday,Crop Top,Tops,M,Black,1,599.00,0,599.00,Card,Female,Young Adult (20-30),Women,INV001718,18:22:00,P11-M-BLACK
S003414,2026-08-24,Monday,Straight Pants,Bottoms,S,Navy,1,799.00,0,799.00,Cash,Male,Adult (31-45),Women,INV001719,14:53:00,P09-S-NAVY
S003415,2026-08-24,Monday,Sandals,Footwear,6,Tan,2,999.00,0,1998.00,UPI,Male,Senior (46+),Women,INV001720,18:43:00,P21-6-TAN
S003416,2026-08-24,Monday,Floral Kurti,Ethnic Wear,S,Pink,1,1199.00,0,1199.00,UPI,Male,Senior (46+),Women,INV001720,18:43:00,P08-S-PINK
S003417,2026-08-24,Monday,Sneakers,Footwear,9,White,1,1499.00,0,1499.00,UPI,Female,Young Adult (20-30),Men,INV001721,11:35:00,P20-9-WHITE
S003418,2026-08-24,Monday,Basic Crew T-Shirt,Tops,M,Black,2,399.00,0,798.00,UPI,Female,Young Adult (20-30),Men,INV001721,11:35:00,P01-M-BLACK
S003419,2026-08-24,Monday,Polo T-Shirt,Tops,XL,Maroon,1,699.00,0,699.00,UPI,Female,Young Adult (20-30),Men,INV001721,11:35:00,P02-XL-MAROON
S003420,2026-08-24,Monday,Sandals,Footwear,7,Tan,1,999.00,0,999.00,UPI,Female,Adult (31-45),Women,INV001722,20:13:00,P21-7-TAN
S003421,2026-08-24,Monday,Printed Top,Tops,L,Blue,1,699.00,0,699.00,UPI,Female,Adult (31-45),Women,INV001722,20:13:00,P12-L-BLUE
S003422,2026-08-24,Monday,Kids Joggers,Bottoms,2-3Y,Navy,1,699.00,0,699.00,UPI,Female,Adult (31-45),Kids,INV001722,20:13:00,P19-23Y-NAVY
S003423,2026-08-24,Monday,Formal Shirt,Tops,XL,Grey,1,999.00,0,999.00,Card,Male,Adult (31-45),Men,INV001723,17:55:00,P05-XL-GREY
S003424,2026-08-24,Monday,Basic Crew T-Shirt,Tops,L,Navy,1,399.00,0,399.00,Card,Male,Adult (31-45),Men,INV001723,17:55:00,P01-L-NAVY
S003425,2026-08-24,Monday,Kids Denim Shorts,Bottoms,2-3Y,Blue,1,599.00,0,599.00,UPI,Male,Adult (31-45),Kids,INV001724,21:07:00,P16-23Y-BLUE
S003426,2026-08-24,Monday,Basic Crew T-Shirt,Tops,L,Black,1,399.00,0,399.00,UPI,Male,Adult (31-45),Men,INV001724,21:07:00,P01-L-BLACK
S003427,2026-08-24,Monday,Kids Sports Shoes,Footwear,10C,Pink,1,899.00,0,899.00,UPI,Female,Teen (13-19),Kids,INV001725,14:55:00,P22-10C-PINK
S003428,2026-08-24,Monday,Crop Top,Tops,L,Lavender,1,599.00,0,599.00,UPI,Female,Teen (13-19),Women,INV001725,14:55:00,P11-L-LAVENDER
S003429,2026-08-24,Monday,Sneakers,Footwear,10,Black,1,1499.00,0,1499.00,UPI,Female,Teen (13-19),Men,INV001725,14:55:00,P20-10-BLACK
S003430,2026-08-24,Monday,Cotton Kurti,Ethnic Wear,S,Mustard,1,999.00,0,999.00,UPI,Female,Teen (13-19),Women,INV001725,14:55:00,P07-S-MUSTARD
S003431,2026-08-24,Monday,Sneakers,Footwear,8,Black,1,1499.00,0,1499.00,UPI,Male,Young Adult (20-30),Men,INV001726,20:34:00,P20-8-BLACK
S003432,2026-08-24,Monday,Formal Shirt,Tops,M,Blue,1,999.00,0,999.00,UPI,Male,Young Adult (20-30),Men,INV001726,20:34:00,P05-M-BLUE
S003433,2026-08-24,Monday,Crop Top,Tops,L,Lavender,1,599.00,0,599.00,UPI,Male,Young Adult (20-30),Women,INV001726,20:34:00,P11-L-LAVENDER
S003434,2026-08-24,Monday,Chino Trousers,Bottoms,32,Beige,1,1099.00,0,1099.00,UPI,Male,Senior (46+),Men,INV001727,14:59:00,P04-32-BEIGE
S003435,2026-08-24,Monday,Kids Sports Shoes,Footwear,11C,Black,1,899.00,0,899.00,UPI,Male,Senior (46+),Kids,INV001727,14:59:00,P22-11C-BLACK
S003436,2026-08-24,Monday,Kids Sports Shoes,Footwear,13C,Blue,1,899.00,0,899.00,UPI,Male,Senior (46+),Kids,INV001727,14:59:00,P22-13C-BLUE
S003437,2026-08-24,Monday,Flip Flops,Footwear,9,Navy,1,399.00,0,399.00,UPI,Male,Adult (31-45),Men,INV001728,19:08:00,P23-9-NAVY
S003438,2026-08-24,Monday,Crop Top,Tops,L,Black,1,599.00,0,599.00,UPI,Male,Adult (31-45),Women,INV001728,19:08:00,P11-L-BLACK
S003439,2026-08-24,Monday,Formal Shirt,Tops,XL,Blue,1,999.00,0,999.00,UPI,Male,Adult (31-45),Men,INV001728,19:08:00,P05-XL-BLUE
S003440,2026-08-24,Monday,Formal Shirt,Tops,XL,White,3,999.00,0,2997.00,UPI,Male,Adult (31-45),Men,INV001728,19:08:00,P05-XL-WHITE
S003441,2026-08-24,Monday,Kids Joggers,Bottoms,8-9Y,Grey,1,699.00,0,699.00,Card,Male,Young Adult (20-30),Kids,INV001729,17:02:00,P19-89Y-GREY
S003442,2026-08-24,Monday,Basic Crew T-Shirt,Tops,L,Black,1,399.00,0,399.00,Card,Male,Young Adult (20-30),Men,INV001729,17:02:00,P01-L-BLACK
S003443,2026-08-24,Monday,Cotton Kurti,Ethnic Wear,XL,Maroon,1,999.00,0,999.00,Card,Male,Young Adult (20-30),Women,INV001730,19:32:00,P07-XL-MAROON
S003444,2026-08-24,Monday,Cotton Kurti,Ethnic Wear,M,Mustard,1,999.00,0,999.00,Card,Male,Young Adult (20-30),Women,INV001730,19:32:00,P07-M-MUSTARD
S003445,2026-08-24,Monday,Crop Top,Tops,M,Black,1,599.00,0,599.00,Card,Male,Young Adult (20-30),Women,INV001730,19:32:00,P11-M-BLACK
S003446,2026-08-24,Monday,Basic Crew T-Shirt,Tops,L,Navy,2,399.00,0,798.00,Card,Male,Teen (13-19),Men,INV001731,21:02:00,P01-L-NAVY
S003447,2026-08-24,Monday,Women Flats,Footwear,8,Beige,1,799.00,0,799.00,Card,Male,Teen (13-19),Women,INV001731,21:02:00,P32-8-BEIGE
S003448,2026-08-24,Monday,Crop Top,Tops,S,White,1,599.00,0,599.00,UPI,Male,Young Adult (20-30),Women,INV001732,19:27:00,P11-S-WHITE
S003449,2026-08-24,Monday,Cotton Kurti,Ethnic Wear,L,Teal,1,999.00,0,999.00,UPI,Female,Adult (31-45),Women,INV001733,18:57:00,P07-L-TEAL
S003450,2026-08-24,Monday,Cap,Accessories,OneSize,Navy,1,299.00,0,299.00,Card,Male,Young Adult (20-30),Accessories,INV001734,15:12:00,P29-ONESIZE-NAVY
S003451,2026-08-24,Monday,Handbag,Accessories,OneSize,Black,1,999.00,0,999.00,Card,Male,Young Adult (20-30),Accessories,INV001734,15:12:00,P24-ONESIZE-BLACK
S003452,2026-08-24,Monday,Slim Fit Jeans,Bottoms,34,Navy,2,1299.00,0,2598.00,UPI,Male,Young Adult (20-30),Men,INV001735,19:50:00,P03-34-NAVY
S003453,2026-08-24,Monday,Palazzo Kurta Set,Ethnic Wear,S,Teal,1,1399.00,0,1399.00,UPI,Female,Adult (31-45),Women,INV001736,20:26:00,P14-S-TEAL
S003454,2026-08-24,Monday,Slim Fit Jeans,Bottoms,34,Light Blue,1,1299.00,0,1299.00,Card,Male,Teen (13-19),Men,INV001737,12:06:00,P03-34-LIGHTBLU
S003455,2026-08-24,Monday,Polo T-Shirt,Tops,M,Navy,1,699.00,0,699.00,Card,Male,Teen (13-19),Men,INV001737,12:06:00,P02-M-NAVY
S003456,2026-08-24,Monday,Chino Trousers,Bottoms,32,Olive,1,1099.00,0,1099.00,Card,Male,Teen (13-19),Men,INV001737,12:06:00,P04-32-OLIVE
S003457,2026-08-24,Monday,Printed Top,Tops,L,Blue,1,699.00,0,699.00,Card,Male,Teen (13-19),Women,INV001737,12:06:00,P12-L-BLUE
S003458,2026-08-24,Monday,Basic Crew T-Shirt,Tops,S,Black,1,399.00,0,399.00,Card,Male,Young Adult (20-30),Men,INV001738,19:04:00,P01-S-BLACK
S003459,2026-08-24,Monday,Slim Fit Jeans,Bottoms,32,Navy,1,1299.00,0,1299.00,Card,Male,Young Adult (20-30),Men,INV001738,19:04:00,P03-32-NAVY
S003460,2026-08-24,Monday,Printed Top,Tops,M,Blue,1,699.00,0,699.00,UPI,Male,Young Adult (20-30),Women,INV001739,21:00:00,P12-M-BLUE
S003461,2026-08-24,Monday,Basic Crew T-Shirt,Tops,M,Navy,1,399.00,0,399.00,UPI,Male,Young Adult (20-30),Men,INV001739,21:00:00,P01-M-NAVY
S003462,2026-08-24,Monday,Slim Fit Jeans,Bottoms,30,Navy,1,1299.00,0,1299.00,UPI,Male,Young Adult (20-30),Men,INV001739,21:00:00,P03-30-NAVY
S003463,2026-08-24,Monday,Kids Lehenga Set,Ethnic Wear,4-5Y,Mint,1,1299.00,0,1299.00,UPI,Male,Young Adult (20-30),Kids,INV001739,21:00:00,P18-45Y-MINT
S003464,2026-08-24,Monday,Sandals,Footwear,4,Gold,1,999.00,0,999.00,UPI,Male,Young Adult (20-30),Women,INV001739,21:00:00,P21-4-GOLD
S003465,2026-08-24,Monday,Cotton Kurti,Ethnic Wear,L,Mustard,1,999.00,0,999.00,UPI,Female,Adult (31-45),Women,INV001740,20:49:00,P07-L-MUSTARD
S003466,2026-08-24,Monday,Cap,Accessories,OneSize,Beige,1,299.00,0,299.00,UPI,Female,Adult (31-45),Accessories,INV001740,20:49:00,P29-ONESIZE-BEIGE
S003467,2026-08-24,Monday,Chino Trousers,Bottoms,36,Beige,1,1099.00,0,1099.00,UPI,Male,Adult (31-45),Men,INV001741,12:47:00,P04-36-BEIGE
S003468,2026-08-24,Monday,Kids Sports Shoes,Footwear,1Y,Blue,1,899.00,0,899.00,UPI,Male,Adult (31-45),Kids,INV001742,16:32:00,P22-1Y-BLUE
S003469,2026-08-24,Monday,Kids Ethnic Kurta Set,Ethnic Wear,4-5Y,Mustard,1,999.00,0,999.00,UPI,Male,Adult (31-45),Kids,INV001742,16:32:00,P17-45Y-MUSTARD
S003470,2026-08-24,Monday,Basic Crew T-Shirt,Tops,S,White,1,399.00,0,399.00,UPI,Male,Teen (13-19),Men,INV001743,17:04:00,P01-S-WHITE
S003471,2026-08-24,Monday,Kids Denim Shorts,Bottoms,6-7Y,Black,1,599.00,0,599.00,UPI,Male,Teen (13-19),Kids,INV001743,17:04:00,P16-67Y-BLACK
S003472,2026-08-24,Monday,Palazzo Kurta Set,Ethnic Wear,M,Teal,1,1399.00,0,1399.00,UPI,Male,Teen (13-19),Women,INV001743,17:04:00,P14-M-TEAL
S003473,2026-08-24,Monday,Graphic Tee,Tops,XL,Red,1,499.00,0,499.00,UPI,Male,Teen (13-19),Men,INV001743,17:04:00,P06-XL-RED
S003474,2026-08-24,Monday,Crop Top,Tops,M,Lavender,1,599.00,0,599.00,Cash,Female,Young Adult (20-30),Women,INV001744,15:44:00,P11-M-LAVENDER
S003475,2026-08-24,Monday,Basic Crew T-Shirt,Tops,L,Navy,1,399.00,0,399.00,Cash,Female,Young Adult (20-30),Men,INV001744,15:44:00,P01-L-NAVY
S003476,2026-08-25,Tuesday,Cotton Kurti,Ethnic Wear,XL,Mustard,2,999.00,0,1998.00,UPI,Female,Young Adult (20-30),Women,INV001745,12:52:00,P07-XL-MUSTARD
S003477,2026-08-25,Tuesday,Cotton Kurti,Ethnic Wear,L,Teal,1,999.00,0,999.00,UPI,Female,Young Adult (20-30),Women,INV001745,12:52:00,P07-L-TEAL
S003478,2026-08-25,Tuesday,Printed Top,Tops,XL,Red,1,699.00,10,629.10,UPI,Female,Young Adult (20-30),Women,INV001745,12:52:00,P12-XL-RED
S003479,2026-08-25,Tuesday,Graphic Tee,Tops,L,Red,1,499.00,10,449.10,Card,Female,Young Adult (20-30),Men,INV001746,20:12:00,P06-L-RED
S003480,2026-08-25,Tuesday,Kids Cartoon Tee,Tops,2-3Y,Red,1,399.00,10,359.10,Cash,Female,Young Adult (20-30),Kids,INV001747,21:19:00,P15-23Y-RED
S003481,2026-08-25,Tuesday,Flip Flops,Footwear,10,Grey,1,399.00,0,399.00,Card,Male,Adult (31-45),Men,INV001748,21:02:00,P23-10-GREY
S003482,2026-08-25,Tuesday,Basic Crew T-Shirt,Tops,M,Black,1,399.00,10,359.10,Card,Male,Adult (31-45),Men,INV001748,21:02:00,P01-M-BLACK
S003483,2026-08-25,Tuesday,Kids Sports Shoes,Footwear,13C,Pink,1,899.00,0,899.00,UPI,Female,Senior (46+),Kids,INV001749,12:00:00,P22-13C-PINK
S003484,2026-08-25,Tuesday,Polo T-Shirt,Tops,XL,Grey,2,699.00,10,1258.20,UPI,Female,Adult (31-45),Men,INV001750,15:56:00,P02-XL-GREY
S003485,2026-08-25,Tuesday,Kids Ethnic Kurta Set,Ethnic Wear,4-5Y,Green,1,999.00,0,999.00,UPI,Female,Adult (31-45),Kids,INV001750,15:56:00,P17-45Y-GREEN
S003486,2026-08-25,Tuesday,Cotton Kurti,Ethnic Wear,M,Mustard,1,999.00,0,999.00,Card,Male,Adult (31-45),Women,INV001751,20:52:00,P07-M-MUSTARD
S003487,2026-08-25,Tuesday,Formal Shirt,Tops,S,Blue,1,999.00,10,899.10,UPI,Male,Adult (31-45),Men,INV001752,21:00:00,P05-S-BLUE
S003488,2026-08-25,Tuesday,Sandals,Footwear,8,Tan,1,999.00,0,999.00,UPI,Male,Adult (31-45),Women,INV001752,21:00:00,P21-8-TAN
S003489,2026-08-25,Tuesday,Graphic Tee,Tops,L,Black,1,499.00,10,449.10,UPI,Male,Adult (31-45),Men,INV001752,21:00:00,P06-L-BLACK
S003490,2026-08-25,Tuesday,Straight Pants,Bottoms,S,Beige,1,799.00,0,799.00,UPI,Male,Adult (31-45),Women,INV001752,21:00:00,P09-S-BEIGE
S003491,2026-08-25,Tuesday,Graphic Tee,Tops,L,White,1,499.00,10,449.10,UPI,Male,Adult (31-45),Men,INV001752,21:00:00,P06-L-WHITE
S003492,2026-08-25,Tuesday,Polo T-Shirt,Tops,L,Navy,1,699.00,10,629.10,UPI,Male,Young Adult (20-30),Men,INV001753,21:03:00,P02-L-NAVY
S003493,2026-08-25,Tuesday,Basic Crew T-Shirt,Tops,L,Black,1,399.00,10,359.10,UPI,Male,Young Adult (20-30),Men,INV001753,21:03:00,P01-L-BLACK
S003494,2026-08-25,Tuesday,Women Flats,Footwear,8,Beige,1,799.00,0,799.00,Card,Female,Senior (46+),Women,INV001754,20:08:00,P32-8-BEIGE
S003495,2026-08-25,Tuesday,Palazzo Kurta Set,Ethnic Wear,M,Teal,1,1399.00,0,1399.00,Card,Female,Senior (46+),Women,INV001754,20:08:00,P14-M-TEAL
S003496,2026-08-25,Tuesday,Basic Crew T-Shirt,Tops,L,Navy,1,399.00,10,359.10,Card,Female,Senior (46+),Men,INV001754,20:08:00,P01-L-NAVY
S003497,2026-08-25,Tuesday,Printed Top,Tops,XS,White,1,699.00,10,629.10,Cash,Female,Adult (31-45),Women,INV001755,13:55:00,P12-XS-WHITE
S003498,2026-08-25,Tuesday,Graphic Tee,Tops,S,Red,1,499.00,10,449.10,Card,Male,Senior (46+),Men,INV001756,19:56:00,P06-S-RED
S003499,2026-08-25,Tuesday,Kids Joggers,Bottoms,4-5Y,Grey,1,699.00,0,699.00,Cash,Male,Adult (31-45),Kids,INV001757,18:22:00,P19-45Y-GREY
S003500,2026-08-25,Tuesday,Straight Pants,Bottoms,M,Beige,1,799.00,0,799.00,UPI,Female,Young Adult (20-30),Women,INV001758,21:19:00,P09-M-BEIGE
S003501,2026-08-25,Tuesday,Graphic Tee,Tops,XL,Black,1,499.00,10,449.10,UPI,Female,Adult (31-45),Men,INV001759,13:30:00,P06-XL-BLACK
S003502,2026-08-25,Tuesday,Kids Denim Shorts,Bottoms,6-7Y,Black,1,599.00,0,599.00,UPI,Female,Teen (13-19),Kids,INV001760,11:34:00,P16-67Y-BLACK
S003503,2026-08-25,Tuesday,Sneakers,Footwear,7,White,1,1499.00,0,1499.00,Cash,Male,Young Adult (20-30),Men,INV001761,18:47:00,P20-7-WHITE
S003504,2026-08-25,Tuesday,Straight Pants,Bottoms,M,Black,1,799.00,0,799.00,Cash,Male,Young Adult (20-30),Women,INV001761,18:47:00,P09-M-BLACK
S003505,2026-08-25,Tuesday,Slim Fit Jeans,Bottoms,34,Navy,1,1299.00,0,1299.00,Cash,Male,Young Adult (20-30),Men,INV001761,18:47:00,P03-34-NAVY
S003506,2026-08-25,Tuesday,Crop Top,Tops,M,White,1,599.00,10,539.10,Cash,Male,Young Adult (20-30),Women,INV001761,18:47:00,P11-M-WHITE
S003507,2026-08-25,Tuesday,Sandals,Footwear,6,Tan,1,999.00,0,999.00,Card,Male,Senior (46+),Women,INV001762,15:24:00,P21-6-TAN
S003508,2026-08-25,Tuesday,Basic Crew T-Shirt,Tops,L,White,1,399.00,10,359.10,UPI,Female,Adult (31-45),Men,INV001763,14:33:00,P01-L-WHITE
S003509,2026-08-25,Tuesday,Graphic Tee,Tops,M,Black,1,499.00,10,449.10,Card,Male,Young Adult (20-30),Men,INV001764,18:40:00,P06-M-BLACK
S003510,2026-08-25,Tuesday,Cotton Kurti,Ethnic Wear,L,Teal,1,999.00,0,999.00,Card,Male,Young Adult (20-30),Women,INV001764,18:40:00,P07-L-TEAL
S003511,2026-08-25,Tuesday,Polo T-Shirt,Tops,M,Navy,1,699.00,10,629.10,Card,Female,Young Adult (20-30),Men,INV001765,20:48:00,P02-M-NAVY
S003512,2026-08-25,Tuesday,Basic Crew T-Shirt,Tops,S,Olive,1,399.00,10,359.10,Cash,Male,Young Adult (20-30),Men,INV001766,10:33:00,P01-S-OLIVE
S003513,2026-08-25,Tuesday,Kids Sports Shoes,Footwear,1Y,Blue,1,899.00,0,899.00,Cash,Male,Young Adult (20-30),Kids,INV001766,10:33:00,P22-1Y-BLUE
S003514,2026-08-25,Tuesday,Sandals,Footwear,7,Tan,1,999.00,0,999.00,Cash,Male,Young Adult (20-30),Women,INV001766,10:33:00,P21-7-TAN
S003515,2026-08-25,Tuesday,Basic Crew T-Shirt,Tops,L,Black,1,399.00,10,359.10,UPI,Male,Young Adult (20-30),Men,INV001767,19:16:00,P01-L-BLACK
S003516,2026-08-25,Tuesday,Sandals,Footwear,6,Tan,1,999.00,0,999.00,Card,Female,Adult (31-45),Women,INV001768,15:27:00,P21-6-TAN
S003517,2026-08-25,Tuesday,Floral Kurti,Ethnic Wear,M,Blue,1,1199.00,0,1199.00,Card,Female,Adult (31-45),Women,INV001768,15:27:00,P08-M-BLUE
S003518,2026-08-25,Tuesday,Basic Crew T-Shirt,Tops,S,Navy,1,399.00,10,359.10,UPI,Male,Young Adult (20-30),Men,INV001769,19:10:00,P01-S-NAVY
S003519,2026-08-25,Tuesday,Printed Top,Tops,XL,Red,1,699.00,10,629.10,UPI,Male,Young Adult (20-30),Women,INV001769,19:10:00,P12-XL-RED
S003520,2026-08-25,Tuesday,Denim Jeggings,Bottoms,M,Black,1,999.00,0,999.00,UPI,Male,Young Adult (20-30),Women,INV001770,20:00:00,P10-M-BLACK
S003521,2026-08-25,Tuesday,Polo T-Shirt,Tops,M,Navy,1,699.00,10,629.10,UPI,Male,Young Adult (20-30),Men,INV001770,20:00:00,P02-M-NAVY
S003522,2026-08-25,Tuesday,Cotton Kurti,Ethnic Wear,XS,Mustard,1,999.00,0,999.00,Cash,Male,Senior (46+),Women,INV001771,10:43:00,P07-XS-MUSTARD
S003523,2026-08-25,Tuesday,Polo T-Shirt,Tops,M,Grey,1,699.00,10,629.10,Cash,Male,Senior (46+),Men,INV001771,10:43:00,P02-M-GREY
S003524,2026-08-25,Tuesday,Women Flats,Footwear,4,Black,1,799.00,0,799.00,Cash,Male,Senior (46+),Women,INV001771,10:43:00,P32-4-BLACK
S003525,2026-08-25,Tuesday,Graphic Tee,Tops,L,Black,1,499.00,10,449.10,Cash,Male,Senior (46+),Men,INV001771,10:43:00,P06-L-BLACK
S003526,2026-08-25,Tuesday,Cotton Kurti,Ethnic Wear,S,Teal,1,999.00,0,999.00,Cash,Male,Senior (46+),Women,INV001771,10:43:00,P07-S-TEAL
S003527,2026-08-25,Tuesday,Kids Denim Shorts,Bottoms,6-7Y,Blue,1,599.00,0,599.00,UPI,Female,Young Adult (20-30),Kids,INV001772,20:43:00,P16-67Y-BLUE
S003528,2026-08-25,Tuesday,Slim Fit Jeans,Bottoms,30,Light Blue,1,1299.00,0,1299.00,Cash,Female,Adult (31-45),Men,INV001773,16:10:00,P03-30-LIGHTBLU
S003529,2026-08-25,Tuesday,Slim Fit Jeans,Bottoms,36,Navy,1,1299.00,0,1299.00,UPI,Female,Adult (31-45),Men,INV001774,12:09:00,P03-36-NAVY
S003530,2026-08-25,Tuesday,Sandals,Footwear,7,Tan,1,999.00,0,999.00,UPI,Female,Adult (31-45),Women,INV001774,12:09:00,P21-7-TAN
S003531,2026-08-25,Tuesday,Belt,Accessories,36,Brown,1,399.00,0,399.00,UPI,Female,Adult (31-45),Accessories,INV001774,12:09:00,P26-36-BROWN
S003532,2026-08-25,Tuesday,Chino Trousers,Bottoms,34,Olive,1,1099.00,0,1099.00,UPI,Female,Adult (31-45),Men,INV001775,17:38:00,P04-34-OLIVE
S003533,2026-08-25,Tuesday,Basic Crew T-Shirt,Tops,M,Navy,1,399.00,10,359.10,UPI,Female,Adult (31-45),Men,INV001775,17:38:00,P01-M-NAVY
S003534,2026-08-25,Tuesday,Crop Top,Tops,L,Black,1,599.00,10,539.10,UPI,Female,Adult (31-45),Women,INV001775,17:38:00,P11-L-BLACK
S003535,2026-08-25,Tuesday,Formal Shirt,Tops,M,Blue,1,999.00,10,899.10,UPI,Male,Young Adult (20-30),Men,INV001776,18:14:00,P05-M-BLUE
S003536,2026-08-25,Tuesday,Flip Flops,Footwear,9,Navy,1,399.00,0,399.00,UPI,Male,Young Adult (20-30),Men,INV001776,18:14:00,P23-9-NAVY
S003537,2026-08-25,Tuesday,Basic Crew T-Shirt,Tops,M,Black,1,399.00,10,359.10,UPI,Female,Adult (31-45),Men,INV001777,18:09:00,P01-M-BLACK
S003538,2026-08-25,Tuesday,Belt,Accessories,32,Brown,1,399.00,0,399.00,UPI,Female,Adult (31-45),Accessories,INV001777,18:09:00,P26-32-BROWN
S003539,2026-08-25,Tuesday,Sneakers,Footwear,9,Grey,2,1499.00,0,2998.00,UPI,Female,Adult (31-45),Men,INV001777,18:09:00,P20-9-GREY
S003540,2026-08-25,Tuesday,Basic Crew T-Shirt,Tops,M,Navy,1,399.00,10,359.10,UPI,Male,Senior (46+),Men,INV001778,21:03:00,P01-M-NAVY
S003541,2026-08-25,Tuesday,Sneakers,Footwear,7,White,1,1499.00,0,1499.00,UPI,Male,Senior (46+),Men,INV001778,21:03:00,P20-7-WHITE
S003542,2026-08-25,Tuesday,Cotton Kurti,Ethnic Wear,L,Maroon,1,999.00,0,999.00,UPI,Male,Senior (46+),Women,INV001778,21:03:00,P07-L-MAROON
S003543,2026-08-25,Tuesday,Polo T-Shirt,Tops,S,Navy,1,699.00,10,629.10,UPI,Female,Adult (31-45),Men,INV001779,19:04:00,P02-S-NAVY
S003544,2026-08-25,Tuesday,Cotton Kurti,Ethnic Wear,M,Maroon,1,999.00,0,999.00,UPI,Male,Young Adult (20-30),Women,INV001780,19:20:00,P07-M-MAROON
S003545,2026-08-25,Tuesday,Slim Fit Jeans,Bottoms,30,Navy,1,1299.00,0,1299.00,UPI,Male,Young Adult (20-30),Men,INV001780,19:20:00,P03-30-NAVY
S003546,2026-08-25,Tuesday,Basic Crew T-Shirt,Tops,M,White,1,399.00,10,359.10,UPI,Male,Young Adult (20-30),Men,INV001781,18:41:00,P01-M-WHITE
S003547,2026-08-25,Tuesday,Kids Denim Shorts,Bottoms,6-7Y,Black,1,599.00,0,599.00,UPI,Male,Young Adult (20-30),Kids,INV001781,18:41:00,P16-67Y-BLACK
S003548,2026-08-25,Tuesday,Sneakers,Footwear,7,Black,1,1499.00,0,1499.00,UPI,Male,Teen (13-19),Men,INV001782,18:49:00,P20-7-BLACK
S003549,2026-08-25,Tuesday,Straight Pants,Bottoms,M,Beige,1,799.00,0,799.00,UPI,Male,Teen (13-19),Women,INV001782,18:49:00,P09-M-BEIGE
S003550,2026-08-25,Tuesday,Basic Crew T-Shirt,Tops,M,Black,1,399.00,10,359.10,UPI,Male,Young Adult (20-30),Men,INV001783,20:56:00,P01-M-BLACK
S003551,2026-08-25,Tuesday,Straight Pants,Bottoms,L,Black,1,799.00,0,799.00,UPI,Male,Young Adult (20-30),Women,INV001783,20:56:00,P09-L-BLACK
S003552,2026-08-25,Tuesday,Straight Pants,Bottoms,M,Beige,1,799.00,0,799.00,UPI,Male,Young Adult (20-30),Women,INV001783,20:56:00,P09-M-BEIGE
S003553,2026-08-25,Tuesday,Palazzo Kurta Set,Ethnic Wear,L,Mustard,1,1399.00,0,1399.00,UPI,Female,Adult (31-45),Women,INV001784,18:37:00,P14-L-MUSTARD
S003554,2026-08-25,Tuesday,Basic Crew T-Shirt,Tops,XL,White,1,399.00,10,359.10,Card,Female,Young Adult (20-30),Men,INV001785,20:50:00,P01-XL-WHITE
S003555,2026-08-25,Tuesday,Sandals,Footwear,7,Tan,2,999.00,0,1998.00,Card,Female,Senior (46+),Women,INV001786,15:25:00,P21-7-TAN
S003556,2026-08-25,Tuesday,Straight Pants,Bottoms,XS,Black,1,799.00,0,799.00,Card,Female,Senior (46+),Women,INV001786,15:25:00,P09-XS-BLACK
S003557,2026-08-25,Tuesday,Women Flats,Footwear,4,Black,1,799.00,0,799.00,Card,Female,Senior (46+),Women,INV001786,15:25:00,P32-4-BLACK
S003558,2026-08-25,Tuesday,Crop Top,Tops,M,Black,1,599.00,10,539.10,UPI,Female,Adult (31-45),Women,INV001787,21:14:00,P11-M-BLACK
S003559,2026-08-25,Tuesday,Ethnic Dupatta,Accessories,OneSize,Green,1,599.00,0,599.00,UPI,Female,Adult (31-45),Women,INV001787,21:14:00,P31-ONESIZE-GREEN
S003560,2026-08-25,Tuesday,Denim Jeggings,Bottoms,S,Indigo,1,999.00,0,999.00,UPI,Female,Adult (31-45),Women,INV001787,21:14:00,P10-S-INDIGO
S003561,2026-08-26,Wednesday,Women Flats,Footwear,6,Beige,1,799.00,0,799.00,UPI,Female,Young Adult (20-30),Women,INV001788,12:42:00,P32-6-BEIGE
S003562,2026-08-26,Wednesday,Cotton Kurti,Ethnic Wear,S,Mustard,1,999.00,0,999.00,UPI,Female,Adult (31-45),Women,INV001789,14:20:00,P07-S-MUSTARD
S003563,2026-08-26,Wednesday,Graphic Tee,Tops,M,Red,2,499.00,0,998.00,UPI,Male,Senior (46+),Men,INV001790,21:21:00,P06-M-RED
S003564,2026-08-26,Wednesday,Sandals,Footwear,7,Black,1,999.00,0,999.00,UPI,Male,Senior (46+),Women,INV001790,21:21:00,P21-7-BLACK
S003565,2026-08-26,Wednesday,Kids Cartoon Tee,Tops,8-9Y,Yellow,1,399.00,0,399.00,UPI,Female,Adult (31-45),Kids,INV001791,19:25:00,P15-89Y-YELLOW
S003566,2026-08-26,Wednesday,Chino Trousers,Bottoms,36,Navy,1,1099.00,0,1099.00,UPI,Female,Teen (13-19),Men,INV001792,15:26:00,P04-36-NAVY
S003567,2026-08-26,Wednesday,Slim Fit Jeans,Bottoms,32,Navy,1,1299.00,0,1299.00,UPI,Male,Young Adult (20-30),Men,INV001793,13:57:00,P03-32-NAVY
S003568,2026-08-26,Wednesday,Slim Fit Jeans,Bottoms,32,Black,1,1299.00,0,1299.00,UPI,Male,Young Adult (20-30),Men,INV001793,13:57:00,P03-32-BLACK
S003569,2026-08-26,Wednesday,Sneakers,Footwear,9,Black,2,1499.00,0,2998.00,UPI,Male,Young Adult (20-30),Men,INV001793,13:57:00,P20-9-BLACK
S003570,2026-08-26,Wednesday,Sandals,Footwear,4,Gold,1,999.00,0,999.00,Cash,Male,Adult (31-45),Women,INV001794,15:10:00,P21-4-GOLD
S003571,2026-08-26,Wednesday,Printed Top,Tops,XL,Red,1,699.00,0,699.00,Cash,Male,Adult (31-45),Women,INV001794,15:10:00,P12-XL-RED
S003572,2026-08-26,Wednesday,Printed Top,Tops,S,Blue,1,699.00,0,699.00,Card,Female,Young Adult (20-30),Women,INV001795,18:07:00,P12-S-BLUE
S003573,2026-08-26,Wednesday,Sneakers,Footwear,8,White,2,1499.00,0,2998.00,UPI,Female,Adult (31-45),Men,INV001796,19:51:00,P20-8-WHITE
S003574,2026-08-26,Wednesday,Cotton Kurti,Ethnic Wear,L,Maroon,1,999.00,0,999.00,UPI,Female,Adult (31-45),Women,INV001796,19:51:00,P07-L-MAROON
S003575,2026-08-26,Wednesday,Cotton Kurti,Ethnic Wear,M,Maroon,1,999.00,0,999.00,UPI,Female,Young Adult (20-30),Women,INV001797,19:25:00,P07-M-MAROON
S003576,2026-08-26,Wednesday,Printed Top,Tops,L,Red,1,699.00,0,699.00,UPI,Female,Young Adult (20-30),Women,INV001797,19:25:00,P12-L-RED
S003577,2026-08-26,Wednesday,Straight Pants,Bottoms,XL,Black,1,799.00,0,799.00,UPI,Female,Young Adult (20-30),Women,INV001798,16:02:00,P09-XL-BLACK
S003578,2026-08-26,Wednesday,Basic Crew T-Shirt,Tops,S,Olive,1,399.00,0,399.00,Card,Female,Adult (31-45),Men,INV001799,16:39:00,P01-S-OLIVE
S003579,2026-08-26,Wednesday,Slim Fit Jeans,Bottoms,34,Navy,1,1299.00,0,1299.00,UPI,Female,Young Adult (20-30),Men,INV001800,18:14:00,P03-34-NAVY
S003580,2026-08-26,Wednesday,Kids Lehenga Set,Ethnic Wear,4-5Y,Pink,1,1299.00,0,1299.00,UPI,Other,Young Adult (20-30),Kids,INV001801,19:59:00,P18-45Y-PINK
S003581,2026-08-26,Wednesday,Cotton Kurti,Ethnic Wear,L,Mustard,1,999.00,0,999.00,UPI,Male,Young Adult (20-30),Women,INV001802,19:27:00,P07-L-MUSTARD
S003582,2026-08-26,Wednesday,Palazzo Kurta Set,Ethnic Wear,M,Maroon,2,1399.00,0,2798.00,UPI,Male,Young Adult (20-30),Women,INV001802,19:27:00,P14-M-MAROON
S003583,2026-08-26,Wednesday,Basic Crew T-Shirt,Tops,L,Olive,1,399.00,0,399.00,UPI,Male,Young Adult (20-30),Men,INV001802,19:27:00,P01-L-OLIVE
S003584,2026-08-26,Wednesday,Crop Top,Tops,L,Black,1,599.00,0,599.00,Card,Female,Teen (13-19),Women,INV001803,21:25:00,P11-L-BLACK
S003585,2026-08-26,Wednesday,Straight Pants,Bottoms,S,Navy,1,799.00,0,799.00,Card,Female,Teen (13-19),Women,INV001803,21:25:00,P09-S-NAVY
S003586,2026-08-26,Wednesday,Printed Top,Tops,M,Red,2,699.00,0,1398.00,Card,Female,Teen (13-19),Women,INV001803,21:25:00,P12-M-RED
S003587,2026-08-26,Wednesday,Graphic Tee,Tops,L,Black,1,499.00,0,499.00,UPI,Female,Adult (31-45),Men,INV001804,15:18:00,P06-L-BLACK
S003588,2026-08-26,Wednesday,Crop Top,Tops,L,Black,1,599.00,0,599.00,Card,Male,Senior (46+),Women,INV001805,14:16:00,P11-L-BLACK
S003589,2026-08-26,Wednesday,Cotton Kurti,Ethnic Wear,S,Mustard,1,999.00,0,999.00,UPI,Male,Young Adult (20-30),Women,INV001806,19:21:00,P07-S-MUSTARD
S003590,2026-08-26,Wednesday,Sneakers,Footwear,9,White,1,1499.00,0,1499.00,UPI,Male,Young Adult (20-30),Men,INV001806,19:21:00,P20-9-WHITE
S003591,2026-08-26,Wednesday,Kids Cartoon Tee,Tops,8-9Y,Blue,1,399.00,0,399.00,UPI,Female,Teen (13-19),Kids,INV001807,15:01:00,P15-89Y-BLUE
S003592,2026-08-26,Wednesday,Kids Denim Shorts,Bottoms,4-5Y,Black,1,599.00,0,599.00,UPI,Female,Young Adult (20-30),Kids,INV001808,16:48:00,P16-45Y-BLACK
S003593,2026-08-26,Wednesday,Chino Trousers,Bottoms,34,Navy,2,1099.00,0,2198.00,UPI,Female,Young Adult (20-30),Men,INV001809,17:58:00,P04-34-NAVY
S003594,2026-08-26,Wednesday,Kids Cartoon Tee,Tops,4-5Y,Yellow,1,399.00,0,399.00,UPI,Female,Young Adult (20-30),Kids,INV001809,17:58:00,P15-45Y-YELLOW
S003595,2026-08-26,Wednesday,Graphic Tee,Tops,L,White,1,499.00,0,499.00,UPI,Male,Teen (13-19),Men,INV001810,20:29:00,P06-L-WHITE
S003596,2026-08-26,Wednesday,Wallet,Accessories,OneSize,Brown,2,499.00,0,998.00,UPI,Male,Teen (13-19),Accessories,INV001810,20:29:00,P27-ONESIZE-BROWN
S003597,2026-08-26,Wednesday,Slim Fit Jeans,Bottoms,30,Light Blue,1,1299.00,0,1299.00,UPI,Male,Teen (13-19),Men,INV001810,20:29:00,P03-30-LIGHTBLU
S003598,2026-08-26,Wednesday,Crop Top,Tops,L,White,1,599.00,0,599.00,UPI,Male,Teen (13-19),Women,INV001810,20:29:00,P11-L-WHITE
S003599,2026-08-26,Wednesday,Graphic Tee,Tops,L,Red,1,499.00,0,499.00,Cash,Male,Adult (31-45),Men,INV001811,20:43:00,P06-L-RED
S003600,2026-08-26,Wednesday,Kids Cartoon Tee,Tops,8-9Y,Red,1,399.00,0,399.00,UPI,Female,Young Adult (20-30),Kids,INV001812,17:05:00,P15-89Y-RED
S003601,2026-08-26,Wednesday,Formal Shirt,Tops,L,Grey,1,999.00,0,999.00,UPI,Male,Young Adult (20-30),Men,INV001813,19:25:00,P05-L-GREY
S003602,2026-08-26,Wednesday,Formal Shirt,Tops,S,Blue,2,999.00,0,1998.00,UPI,Male,Young Adult (20-30),Men,INV001813,19:25:00,P05-S-BLUE
S003603,2026-08-26,Wednesday,Crop Top,Tops,S,Black,1,599.00,0,599.00,UPI,Female,Young Adult (20-30),Women,INV001814,17:44:00,P11-S-BLACK
S003604,2026-08-26,Wednesday,Printed Top,Tops,XL,White,1,699.00,0,699.00,UPI,Female,Young Adult (20-30),Women,INV001814,17:44:00,P12-XL-WHITE
S003605,2026-08-26,Wednesday,Slim Fit Jeans,Bottoms,34,Black,1,1299.00,0,1299.00,UPI,Female,Young Adult (20-30),Men,INV001814,17:44:00,P03-34-BLACK
S003606,2026-08-26,Wednesday,Polo T-Shirt,Tops,S,Navy,1,699.00,0,699.00,UPI,Female,Teen (13-19),Men,INV001815,19:10:00,P02-S-NAVY
S003607,2026-08-26,Wednesday,Sandals,Footwear,5,Black,1,999.00,0,999.00,UPI,Female,Teen (13-19),Women,INV001815,19:10:00,P21-5-BLACK
S003608,2026-08-26,Wednesday,Formal Shirt,Tops,M,Grey,2,999.00,0,1998.00,UPI,Female,Teen (13-19),Men,INV001815,19:10:00,P05-M-GREY
S003609,2026-08-26,Wednesday,Sandals,Footwear,7,Black,1,999.00,0,999.00,UPI,Female,Teen (13-19),Women,INV001815,19:10:00,P21-7-BLACK
S003610,2026-08-26,Wednesday,Printed Top,Tops,S,Blue,2,699.00,0,1398.00,UPI,Female,Teen (13-19),Women,INV001815,19:10:00,P12-S-BLUE
S003611,2026-08-26,Wednesday,Cotton Kurti,Ethnic Wear,L,Maroon,1,999.00,0,999.00,Card,Female,Young Adult (20-30),Women,INV001816,13:19:00,P07-L-MAROON
S003612,2026-08-26,Wednesday,Women Flats,Footwear,6,Beige,1,799.00,0,799.00,Card,Female,Young Adult (20-30),Women,INV001816,13:19:00,P32-6-BEIGE
S003613,2026-08-26,Wednesday,Graphic Tee,Tops,L,Black,1,499.00,0,499.00,Card,Female,Young Adult (20-30),Men,INV001816,13:19:00,P06-L-BLACK
S003614,2026-08-26,Wednesday,Cotton Kurti,Ethnic Wear,L,Mustard,1,999.00,0,999.00,Card,Female,Senior (46+),Women,INV001817,19:40:00,P07-L-MUSTARD
S003615,2026-08-26,Wednesday,Cotton Kurti,Ethnic Wear,S,Maroon,1,999.00,0,999.00,Card,Male,Adult (31-45),Women,INV001818,13:18:00,P07-S-MAROON
S003616,2026-08-26,Wednesday,Women Flats,Footwear,6,Silver,1,799.00,0,799.00,UPI,Male,Adult (31-45),Women,INV001819,18:37:00,P32-6-SILVER
S003617,2026-08-26,Wednesday,Polo T-Shirt,Tops,L,Grey,1,699.00,0,699.00,UPI,Male,Adult (31-45),Men,INV001819,18:37:00,P02-L-GREY
S003618,2026-08-26,Wednesday,Kids Sports Shoes,Footwear,12C,Blue,1,899.00,0,899.00,UPI,Male,Adult (31-45),Kids,INV001819,18:37:00,P22-12C-BLUE
S003619,2026-08-26,Wednesday,Kids Ethnic Kurta Set,Ethnic Wear,8-9Y,Mustard,1,999.00,0,999.00,UPI,Male,Adult (31-45),Kids,INV001819,18:37:00,P17-89Y-MUSTARD
S003620,2026-08-26,Wednesday,Basic Crew T-Shirt,Tops,L,Navy,1,399.00,0,399.00,Cash,Male,Young Adult (20-30),Men,INV001820,16:08:00,P01-L-NAVY
S003621,2026-08-26,Wednesday,Palazzo Kurta Set,Ethnic Wear,M,Mustard,2,1399.00,0,2798.00,Cash,Female,Young Adult (20-30),Women,INV001821,11:11:00,P14-M-MUSTARD
S003622,2026-08-26,Wednesday,Sandals,Footwear,7,Tan,1,999.00,0,999.00,Cash,Female,Young Adult (20-30),Women,INV001821,11:11:00,P21-7-TAN
S003623,2026-08-26,Wednesday,Flip Flops,Footwear,9,Grey,2,399.00,0,798.00,Card,Female,Young Adult (20-30),Men,INV001822,15:58:00,P23-9-GREY
S003624,2026-08-26,Wednesday,Cotton Kurti,Ethnic Wear,M,Maroon,1,999.00,0,999.00,UPI,Male,Young Adult (20-30),Women,INV001823,18:11:00,P07-M-MAROON
S003625,2026-08-26,Wednesday,Printed Top,Tops,L,Red,1,699.00,0,699.00,UPI,Male,Young Adult (20-30),Women,INV001823,18:11:00,P12-L-RED
S003626,2026-08-26,Wednesday,Floral Kurti,Ethnic Wear,L,Pink,1,1199.00,0,1199.00,Cash,Female,Adult (31-45),Women,INV001824,15:31:00,P08-L-PINK
S003627,2026-08-26,Wednesday,Cotton Kurti,Ethnic Wear,XS,Teal,1,999.00,0,999.00,Cash,Female,Adult (31-45),Women,INV001824,15:31:00,P07-XS-TEAL
S003628,2026-08-26,Wednesday,Women Flats,Footwear,6,Beige,1,799.00,0,799.00,Card,Female,Adult (31-45),Women,INV001825,19:26:00,P32-6-BEIGE
S003629,2026-08-26,Wednesday,Graphic Tee,Tops,L,White,1,499.00,0,499.00,UPI,Male,Adult (31-45),Men,INV001826,20:08:00,P06-L-WHITE
S003630,2026-08-26,Wednesday,Straight Pants,Bottoms,L,Navy,1,799.00,0,799.00,UPI,Male,Adult (31-45),Women,INV001826,20:08:00,P09-L-NAVY
S003631,2026-08-26,Wednesday,Kids Denim Shorts,Bottoms,8-9Y,Black,1,599.00,0,599.00,UPI,Female,Adult (31-45),Kids,INV001827,20:54:00,P16-89Y-BLACK
S003632,2026-08-26,Wednesday,Slim Fit Jeans,Bottoms,36,Black,1,1299.00,0,1299.00,UPI,Male,Adult (31-45),Men,INV001828,15:12:00,P03-36-BLACK
S003633,2026-08-26,Wednesday,Cotton Kurti,Ethnic Wear,XL,Maroon,1,999.00,0,999.00,UPI,Male,Adult (31-45),Women,INV001828,15:12:00,P07-XL-MAROON
S003634,2026-08-26,Wednesday,Wallet,Accessories,OneSize,Black,1,499.00,0,499.00,Card,Male,Adult (31-45),Accessories,INV001829,15:42:00,P27-ONESIZE-BLACK
S003635,2026-08-26,Wednesday,Chino Trousers,Bottoms,36,Navy,1,1099.00,0,1099.00,Card,Male,Adult (31-45),Men,INV001829,15:42:00,P04-36-NAVY
S003636,2026-08-26,Wednesday,Polo T-Shirt,Tops,XL,Grey,1,699.00,0,699.00,Card,Male,Teen (13-19),Men,INV001830,14:08:00,P02-XL-GREY
S003637,2026-08-26,Wednesday,Basic Crew T-Shirt,Tops,XL,Black,1,399.00,0,399.00,UPI,Male,Adult (31-45),Men,INV001831,13:44:00,P01-XL-BLACK
S003638,2026-08-26,Wednesday,Graphic Tee,Tops,L,White,1,499.00,0,499.00,UPI,Male,Adult (31-45),Men,INV001831,13:44:00,P06-L-WHITE
S003639,2026-08-26,Wednesday,Kids Cartoon Tee,Tops,8-9Y,Red,1,399.00,0,399.00,Cash,Female,Young Adult (20-30),Kids,INV001832,21:03:00,P15-89Y-RED
S003640,2026-08-26,Wednesday,Formal Shirt,Tops,XL,Blue,1,999.00,0,999.00,UPI,Female,Young Adult (20-30),Men,INV001833,19:57:00,P05-XL-BLUE
S003641,2026-08-26,Wednesday,Straight Pants,Bottoms,XL,Navy,1,799.00,0,799.00,UPI,Male,Young Adult (20-30),Women,INV001834,13:36:00,P09-XL-NAVY
S003642,2026-08-26,Wednesday,Sneakers,Footwear,10,White,1,1499.00,0,1499.00,UPI,Male,Young Adult (20-30),Men,INV001834,13:36:00,P20-10-WHITE
S003643,2026-08-26,Wednesday,Basic Crew T-Shirt,Tops,S,White,1,399.00,0,399.00,Cash,Female,Adult (31-45),Men,INV001835,15:59:00,P01-S-WHITE
S003644,2026-08-26,Wednesday,Kids Sports Shoes,Footwear,13C,Pink,2,899.00,0,1798.00,Card,Female,Young Adult (20-30),Kids,INV001836,21:04:00,P22-13C-PINK
S003645,2026-08-26,Wednesday,Belt,Accessories,32,Black,1,399.00,0,399.00,Cash,Female,Young Adult (20-30),Accessories,INV001837,21:06:00,P26-32-BLACK
S003646,2026-08-26,Wednesday,Basic Crew T-Shirt,Tops,XL,Olive,1,399.00,0,399.00,UPI,Male,Adult (31-45),Men,INV001838,16:43:00,P01-XL-OLIVE
S003647,2026-08-26,Wednesday,Women Flats,Footwear,6,Silver,1,799.00,0,799.00,UPI,Female,Senior (46+),Women,INV001839,21:06:00,P32-6-SILVER
S003648,2026-08-26,Wednesday,Anarkali Kurta Set,Ethnic Wear,XL,Navy,1,1799.00,50,899.50,UPI,Female,Senior (46+),Women,INV001839,21:06:00,P13-XL-NAVY
S003649,2026-08-26,Wednesday,Kids Cartoon Tee,Tops,6-7Y,Blue,1,399.00,0,399.00,UPI,Female,Young Adult (20-30),Kids,INV001840,19:55:00,P15-67Y-BLUE
S003650,2026-08-26,Wednesday,Denim Jeggings,Bottoms,S,Black,1,999.00,0,999.00,UPI,Female,Young Adult (20-30),Women,INV001840,19:55:00,P10-S-BLACK
S003651,2026-08-26,Wednesday,Cotton Kurti,Ethnic Wear,XL,Teal,1,999.00,0,999.00,UPI,Female,Young Adult (20-30),Women,INV001841,17:38:00,P07-XL-TEAL
S003652,2026-08-26,Wednesday,Crop Top,Tops,M,White,1,599.00,0,599.00,UPI,Female,Young Adult (20-30),Women,INV001841,17:38:00,P11-M-WHITE
S003653,2026-08-26,Wednesday,Kids Joggers,Bottoms,8-9Y,Grey,1,699.00,0,699.00,Cash,Male,Adult (31-45),Kids,INV001842,18:49:00,P19-89Y-GREY
S003654,2026-08-26,Wednesday,Sneakers,Footwear,10,White,1,1499.00,0,1499.00,Cash,Male,Adult (31-45),Men,INV001842,18:49:00,P20-10-WHITE
S003655,2026-08-26,Wednesday,Polo T-Shirt,Tops,M,Grey,1,699.00,0,699.00,Cash,Male,Adult (31-45),Men,INV001842,18:49:00,P02-M-GREY
S003656,2026-08-26,Wednesday,Graphic Tee,Tops,M,Red,1,499.00,0,499.00,UPI,Male,Young Adult (20-30),Men,INV001843,15:56:00,P06-M-RED
S003657,2026-08-26,Wednesday,Flip Flops,Footwear,7,Navy,1,399.00,0,399.00,Card,Male,Adult (31-45),Men,INV001844,13:59:00,P23-7-NAVY
S003658,2026-08-26,Wednesday,Basic Crew T-Shirt,Tops,XL,Navy,1,399.00,0,399.00,Card,Male,Adult (31-45),Men,INV001844,13:59:00,P01-XL-NAVY
S003659,2026-08-26,Wednesday,Basic Crew T-Shirt,Tops,M,Navy,1,399.00,0,399.00,Card,Male,Adult (31-45),Men,INV001844,13:59:00,P01-M-NAVY
S003660,2026-08-26,Wednesday,Cotton Kurti,Ethnic Wear,L,Mustard,1,999.00,0,999.00,UPI,Male,Young Adult (20-30),Women,INV001845,20:26:00,P07-L-MUSTARD
S003661,2026-08-26,Wednesday,Chino Trousers,Bottoms,36,Navy,1,1099.00,0,1099.00,UPI,Male,Young Adult (20-30),Men,INV001845,20:26:00,P04-36-NAVY
S003662,2026-08-26,Wednesday,Women Flats,Footwear,7,Black,1,799.00,0,799.00,UPI,Female,Young Adult (20-30),Women,INV001846,17:04:00,P32-7-BLACK
S003663,2026-08-26,Wednesday,Kids Ethnic Kurta Set,Ethnic Wear,6-7Y,Green,1,999.00,0,999.00,UPI,Female,Young Adult (20-30),Kids,INV001846,17:04:00,P17-67Y-GREEN
S003664,2026-08-26,Wednesday,Graphic Tee,Tops,XL,Red,1,499.00,0,499.00,UPI,Female,Young Adult (20-30),Men,INV001846,17:04:00,P06-XL-RED
S003665,2026-08-27,Thursday,Cotton Kurti,Ethnic Wear,XS,Mustard,1,999.00,0,999.00,UPI,Female,Adult (31-45),Women,INV001847,16:02:00,P07-XS-MUSTARD
S003666,2026-08-27,Thursday,Printed Top,Tops,M,White,1,699.00,0,699.00,Card,Male,Adult (31-45),Women,INV001848,12:42:00,P12-M-WHITE
S003667,2026-08-27,Thursday,Basic Crew T-Shirt,Tops,L,Olive,1,399.00,0,399.00,Card,Male,Young Adult (20-30),Men,INV001849,16:30:00,P01-L-OLIVE
S003668,2026-08-27,Thursday,Crop Top,Tops,M,White,1,599.00,0,599.00,Card,Male,Young Adult (20-30),Women,INV001849,16:30:00,P11-M-WHITE
S003669,2026-08-27,Thursday,Women Flats,Footwear,6,Black,2,799.00,0,1598.00,UPI,Male,Teen (13-19),Women,INV001850,19:13:00,P32-6-BLACK
S003670,2026-08-27,Thursday,Kids Lehenga Set,Ethnic Wear,6-7Y,Pink,1,1299.00,20,1039.20,UPI,Female,Adult (31-45),Kids,INV001851,16:57:00,P18-67Y-PINK
S003671,2026-08-27,Thursday,Women Flats,Footwear,5,Beige,1,799.00,0,799.00,UPI,Female,Adult (31-45),Women,INV001851,16:57:00,P32-5-BEIGE
S003672,2026-08-27,Thursday,Basic Crew T-Shirt,Tops,M,White,2,399.00,0,798.00,UPI,Male,Adult (31-45),Men,INV001852,19:24:00,P01-M-WHITE
S003673,2026-08-27,Thursday,Cotton Kurti,Ethnic Wear,S,Mustard,1,999.00,0,999.00,UPI,Male,Adult (31-45),Women,INV001852,19:24:00,P07-S-MUSTARD
S003674,2026-08-27,Thursday,Sneakers,Footwear,9,Grey,1,1499.00,0,1499.00,UPI,Male,Adult (31-45),Men,INV001852,19:24:00,P20-9-GREY
S003675,2026-08-27,Thursday,Denim Jeggings,Bottoms,M,Black,2,999.00,0,1998.00,UPI,Male,Young Adult (20-30),Women,INV001853,20:33:00,P10-M-BLACK
S003676,2026-08-27,Thursday,Kids Cartoon Tee,Tops,8-9Y,Blue,1,399.00,0,399.00,UPI,Male,Young Adult (20-30),Kids,INV001853,20:33:00,P15-89Y-BLUE
S003677,2026-08-27,Thursday,Cotton Kurti,Ethnic Wear,M,Mustard,1,999.00,0,999.00,UPI,Male,Young Adult (20-30),Women,INV001853,20:33:00,P07-M-MUSTARD
S003678,2026-08-27,Thursday,Sneakers,Footwear,9,Grey,1,1499.00,0,1499.00,UPI,Male,Teen (13-19),Men,INV001854,19:03:00,P20-9-GREY
S003679,2026-08-27,Thursday,Ethnic Dupatta,Accessories,OneSize,Mustard,1,599.00,0,599.00,UPI,Male,Senior (46+),Women,INV001855,20:48:00,P31-ONESIZE-MUSTARD
S003680,2026-08-27,Thursday,Cotton Kurti,Ethnic Wear,XL,Teal,1,999.00,0,999.00,UPI,Male,Senior (46+),Women,INV001855,20:48:00,P07-XL-TEAL
S003681,2026-08-27,Thursday,Basic Crew T-Shirt,Tops,XL,Black,1,399.00,0,399.00,Card,Male,Young Adult (20-30),Men,INV001856,19:30:00,P01-XL-BLACK
S003682,2026-08-27,Thursday,Graphic Tee,Tops,L,White,1,499.00,0,499.00,Card,Male,Young Adult (20-30),Men,INV001856,19:30:00,P06-L-WHITE
S003683,2026-08-27,Thursday,Sneakers,Footwear,7,White,1,1499.00,0,1499.00,Card,Male,Adult (31-45),Men,INV001857,14:08:00,P20-7-WHITE
S003684,2026-08-27,Thursday,Basic Crew T-Shirt,Tops,XL,Olive,1,399.00,0,399.00,UPI,Male,Teen (13-19),Men,INV001858,15:46:00,P01-XL-OLIVE
S003685,2026-08-27,Thursday,Kids Cartoon Tee,Tops,6-7Y,Yellow,1,399.00,0,399.00,Cash,Male,Young Adult (20-30),Kids,INV001859,15:02:00,P15-67Y-YELLOW
S003686,2026-08-27,Thursday,Basic Crew T-Shirt,Tops,M,Black,1,399.00,0,399.00,Cash,Male,Young Adult (20-30),Men,INV001859,15:02:00,P01-M-BLACK
S003687,2026-08-27,Thursday,Kids Sports Shoes,Footwear,11C,Blue,1,899.00,0,899.00,Card,Female,Young Adult (20-30),Kids,INV001860,16:04:00,P22-11C-BLUE
S003688,2026-08-27,Thursday,Formal Shirt,Tops,M,Grey,1,999.00,0,999.00,Card,Female,Young Adult (20-30),Men,INV001860,16:04:00,P05-M-GREY
S003689,2026-08-27,Thursday,Sandals,Footwear,5,Tan,1,999.00,0,999.00,Card,Female,Young Adult (20-30),Women,INV001860,16:04:00,P21-5-TAN
S003690,2026-08-27,Thursday,Basic Crew T-Shirt,Tops,M,Olive,1,399.00,0,399.00,Card,Female,Young Adult (20-30),Men,INV001860,16:04:00,P01-M-OLIVE
S003691,2026-08-27,Thursday,Graphic Tee,Tops,XL,Black,1,499.00,0,499.00,Card,Male,Adult (31-45),Men,INV001861,13:51:00,P06-XL-BLACK
S003692,2026-08-27,Thursday,Formal Shirt,Tops,S,White,1,999.00,0,999.00,Card,Male,Adult (31-45),Men,INV001861,13:51:00,P05-S-WHITE
S003693,2026-08-27,Thursday,Floral Kurti,Ethnic Wear,M,Pink,1,1199.00,0,1199.00,UPI,Female,Adult (31-45),Women,INV001862,15:28:00,P08-M-PINK
S003694,2026-08-27,Thursday,Kids Denim Shorts,Bottoms,4-5Y,Blue,1,599.00,0,599.00,UPI,Female,Adult (31-45),Kids,INV001862,15:28:00,P16-45Y-BLUE
S003695,2026-08-27,Thursday,Kids Ethnic Kurta Set,Ethnic Wear,4-5Y,Mustard,2,999.00,0,1998.00,Card,Male,Adult (31-45),Kids,INV001863,20:12:00,P17-45Y-MUSTARD
S003696,2026-08-27,Thursday,Flip Flops,Footwear,10,Navy,1,399.00,0,399.00,Card,Male,Adult (31-45),Men,INV001863,20:12:00,P23-10-NAVY
S003697,2026-08-27,Thursday,Denim Jeggings,Bottoms,L,Black,1,999.00,0,999.00,Card,Male,Adult (31-45),Women,INV001863,20:12:00,P10-L-BLACK
S003698,2026-08-27,Thursday,Basic Crew T-Shirt,Tops,L,Black,1,399.00,0,399.00,UPI,Male,Senior (46+),Men,INV001864,21:04:00,P01-L-BLACK
S003699,2026-08-27,Thursday,Chino Trousers,Bottoms,34,Beige,1,1099.00,0,1099.00,Cash,Male,Young Adult (20-30),Men,INV001865,19:27:00,P04-34-BEIGE
S003700,2026-08-27,Thursday,Kids Denim Shorts,Bottoms,6-7Y,Black,1,599.00,0,599.00,Cash,Male,Young Adult (20-30),Kids,INV001865,19:27:00,P16-67Y-BLACK
S003701,2026-08-27,Thursday,Kids Lehenga Set,Ethnic Wear,2-3Y,Peach,2,1299.00,20,2078.40,Cash,Female,Adult (31-45),Kids,INV001866,21:15:00,P18-23Y-PEACH
S003702,2026-08-27,Thursday,Sandals,Footwear,6,Tan,1,999.00,0,999.00,Cash,Female,Adult (31-45),Women,INV001866,21:15:00,P21-6-TAN
S003703,2026-08-27,Thursday,Kids Cartoon Tee,Tops,8-9Y,Blue,1,399.00,0,399.00,Card,Male,Young Adult (20-30),Kids,INV001867,21:13:00,P15-89Y-BLUE
S003704,2026-08-27,Thursday,Formal Shirt,Tops,L,Grey,1,999.00,0,999.00,Card,Female,Teen (13-19),Men,INV001868,18:59:00,P05-L-GREY
S003705,2026-08-27,Thursday,Crop Top,Tops,M,Lavender,1,599.00,0,599.00,Card,Female,Teen (13-19),Women,INV001868,18:59:00,P11-M-LAVENDER
S003706,2026-08-27,Thursday,Formal Shirt,Tops,L,Blue,1,999.00,0,999.00,UPI,Female,Young Adult (20-30),Men,INV001869,19:36:00,P05-L-BLUE
S003707,2026-08-27,Thursday,Cotton Kurti,Ethnic Wear,M,Mustard,1,999.00,0,999.00,UPI,Female,Young Adult (20-30),Women,INV001869,19:36:00,P07-M-MUSTARD
S003708,2026-08-27,Thursday,Formal Shirt,Tops,XL,Blue,1,999.00,0,999.00,UPI,Male,Adult (31-45),Men,INV001870,15:35:00,P05-XL-BLUE
S003709,2026-08-27,Thursday,Kids Lehenga Set,Ethnic Wear,2-3Y,Pink,1,1299.00,20,1039.20,UPI,Male,Adult (31-45),Kids,INV001870,15:35:00,P18-23Y-PINK
S003710,2026-08-27,Thursday,Kids Cartoon Tee,Tops,2-3Y,Red,1,399.00,0,399.00,UPI,Female,Young Adult (20-30),Kids,INV001871,16:43:00,P15-23Y-RED
S003711,2026-08-27,Thursday,Slim Fit Jeans,Bottoms,32,Black,1,1299.00,0,1299.00,Card,Male,Young Adult (20-30),Men,INV001872,20:58:00,P03-32-BLACK
S003712,2026-08-27,Thursday,Graphic Tee,Tops,S,White,1,499.00,0,499.00,Card,Male,Young Adult (20-30),Men,INV001872,20:58:00,P06-S-WHITE
S003713,2026-08-27,Thursday,Basic Crew T-Shirt,Tops,S,Navy,1,399.00,0,399.00,UPI,Female,Adult (31-45),Men,INV001873,16:22:00,P01-S-NAVY
S003714,2026-08-27,Thursday,Chino Trousers,Bottoms,32,Navy,1,1099.00,0,1099.00,UPI,Female,Adult (31-45),Men,INV001873,16:22:00,P04-32-NAVY
S003715,2026-08-27,Thursday,Kids Joggers,Bottoms,4-5Y,Grey,1,699.00,0,699.00,Cash,Female,Adult (31-45),Kids,INV001874,14:24:00,P19-45Y-GREY
S003716,2026-08-27,Thursday,Formal Shirt,Tops,L,White,1,999.00,0,999.00,UPI,Male,Adult (31-45),Men,INV001875,14:45:00,P05-L-WHITE
S003717,2026-08-27,Thursday,Cotton Kurti,Ethnic Wear,M,Mustard,1,999.00,0,999.00,UPI,Male,Young Adult (20-30),Women,INV001876,19:54:00,P07-M-MUSTARD
S003718,2026-08-27,Thursday,Straight Pants,Bottoms,S,Navy,1,799.00,0,799.00,UPI,Male,Young Adult (20-30),Women,INV001876,19:54:00,P09-S-NAVY
S003719,2026-08-27,Thursday,Flip Flops,Footwear,7,Grey,1,399.00,0,399.00,UPI,Male,Young Adult (20-30),Men,INV001876,19:54:00,P23-7-GREY
S003720,2026-08-27,Thursday,Crop Top,Tops,L,Black,1,599.00,0,599.00,UPI,Female,Adult (31-45),Women,INV001877,20:03:00,P11-L-BLACK
S003721,2026-08-27,Thursday,Basic Crew T-Shirt,Tops,L,Navy,1,399.00,0,399.00,Card,Male,Young Adult (20-30),Men,INV001878,18:51:00,P01-L-NAVY
S003722,2026-08-27,Thursday,Flip Flops,Footwear,7,Navy,1,399.00,0,399.00,Cash,Male,Young Adult (20-30),Men,INV001879,12:53:00,P23-7-NAVY
S003723,2026-08-27,Thursday,Sneakers,Footwear,7,Black,1,1499.00,0,1499.00,Cash,Male,Young Adult (20-30),Men,INV001879,12:53:00,P20-7-BLACK
S003724,2026-08-27,Thursday,Floral Kurti,Ethnic Wear,L,Blue,1,1199.00,0,1199.00,UPI,Female,Adult (31-45),Women,INV001880,21:16:00,P08-L-BLUE
S003725,2026-08-27,Thursday,Formal Shirt,Tops,M,White,1,999.00,0,999.00,UPI,Female,Adult (31-45),Men,INV001880,21:16:00,P05-M-WHITE
S003726,2026-08-27,Thursday,Basic Crew T-Shirt,Tops,M,Black,1,399.00,0,399.00,UPI,Female,Teen (13-19),Men,INV001881,16:28:00,P01-M-BLACK
S003727,2026-08-27,Thursday,Kids Sports Shoes,Footwear,11C,Black,1,899.00,0,899.00,UPI,Female,Teen (13-19),Kids,INV001881,16:28:00,P22-11C-BLACK
S003728,2026-08-27,Thursday,Polo T-Shirt,Tops,XL,Navy,1,699.00,0,699.00,UPI,Female,Teen (13-19),Men,INV001881,16:28:00,P02-XL-NAVY
S003729,2026-08-27,Thursday,Basic Crew T-Shirt,Tops,XL,Black,1,399.00,0,399.00,UPI,Female,Adult (31-45),Men,INV001882,17:29:00,P01-XL-BLACK
S003730,2026-08-27,Thursday,Kids Sports Shoes,Footwear,12C,Pink,2,899.00,0,1798.00,UPI,Female,Adult (31-45),Kids,INV001882,17:29:00,P22-12C-PINK
S003731,2026-08-27,Thursday,Polo T-Shirt,Tops,M,Maroon,1,699.00,0,699.00,Card,Male,Young Adult (20-30),Men,INV001883,16:42:00,P02-M-MAROON
S003732,2026-08-27,Thursday,Basic Crew T-Shirt,Tops,L,Olive,1,399.00,0,399.00,Card,Male,Young Adult (20-30),Men,INV001883,16:42:00,P01-L-OLIVE
S003733,2026-08-27,Thursday,Polo T-Shirt,Tops,M,Maroon,1,699.00,0,699.00,UPI,Male,Adult (31-45),Men,INV001884,18:38:00,P02-M-MAROON
S003734,2026-08-27,Thursday,Graphic Tee,Tops,L,Red,1,499.00,0,499.00,UPI,Male,Adult (31-45),Men,INV001884,18:38:00,P06-L-RED
S003735,2026-08-27,Thursday,Basic Crew T-Shirt,Tops,XL,Olive,1,399.00,0,399.00,UPI,Female,Young Adult (20-30),Men,INV001885,10:32:00,P01-XL-OLIVE
S003736,2026-08-27,Thursday,Printed Top,Tops,XS,White,1,699.00,0,699.00,Cash,Female,Young Adult (20-30),Women,INV001886,14:13:00,P12-XS-WHITE
S003737,2026-08-27,Thursday,Formal Shirt,Tops,M,Grey,1,999.00,0,999.00,Cash,Female,Young Adult (20-30),Men,INV001886,14:13:00,P05-M-GREY
S003738,2026-08-27,Thursday,Crop Top,Tops,S,Lavender,2,599.00,0,1198.00,Cash,Female,Young Adult (20-30),Women,INV001886,14:13:00,P11-S-LAVENDER
S003739,2026-08-27,Thursday,Slim Fit Jeans,Bottoms,32,Black,1,1299.00,0,1299.00,Cash,Female,Young Adult (20-30),Men,INV001886,14:13:00,P03-32-BLACK
S003740,2026-08-27,Thursday,Crop Top,Tops,S,Black,1,599.00,0,599.00,UPI,Male,Senior (46+),Women,INV001887,15:55:00,P11-S-BLACK
S003741,2026-08-27,Thursday,Kids Joggers,Bottoms,4-5Y,Navy,1,699.00,0,699.00,UPI,Male,Senior (46+),Kids,INV001887,15:55:00,P19-45Y-NAVY
S003742,2026-08-27,Thursday,Basic Crew T-Shirt,Tops,L,Navy,1,399.00,0,399.00,UPI,Male,Adult (31-45),Men,INV001888,14:59:00,P01-L-NAVY
S003743,2026-08-27,Thursday,Cotton Kurti,Ethnic Wear,L,Mustard,1,999.00,0,999.00,UPI,Male,Adult (31-45),Women,INV001888,14:59:00,P07-L-MUSTARD
S003744,2026-08-27,Thursday,Slim Fit Jeans,Bottoms,34,Black,1,1299.00,0,1299.00,UPI,Male,Adult (31-45),Men,INV001889,19:27:00,P03-34-BLACK
S003745,2026-08-27,Thursday,Basic Crew T-Shirt,Tops,S,Black,1,399.00,0,399.00,UPI,Male,Adult (31-45),Men,INV001889,19:27:00,P01-S-BLACK
S003746,2026-08-27,Thursday,Polo T-Shirt,Tops,L,Maroon,1,699.00,0,699.00,UPI,Male,Adult (31-45),Men,INV001889,19:27:00,P02-L-MAROON
S003747,2026-08-27,Thursday,Basic Crew T-Shirt,Tops,S,Navy,2,399.00,0,798.00,UPI,Male,Adult (31-45),Men,INV001889,19:27:00,P01-S-NAVY
S003748,2026-08-27,Thursday,Basic Crew T-Shirt,Tops,XL,Black,1,399.00,0,399.00,UPI,Male,Adult (31-45),Men,INV001890,14:33:00,P01-XL-BLACK
S003749,2026-08-27,Thursday,Sneakers,Footwear,10,Black,2,1499.00,0,2998.00,UPI,Male,Adult (31-45),Men,INV001890,14:33:00,P20-10-BLACK
S003750,2026-08-27,Thursday,Chino Trousers,Bottoms,30,Navy,1,1099.00,0,1099.00,UPI,Male,Adult (31-45),Men,INV001890,14:33:00,P04-30-NAVY
S003751,2026-08-27,Thursday,Flip Flops,Footwear,9,Grey,1,399.00,0,399.00,Card,Other,Adult (31-45),Men,INV001891,17:33:00,P23-9-GREY
S003752,2026-08-27,Thursday,Floral Kurti,Ethnic Wear,L,Green,1,1199.00,0,1199.00,Card,Other,Adult (31-45),Women,INV001891,17:33:00,P08-L-GREEN
S003753,2026-08-27,Thursday,Sandals,Footwear,6,Black,1,999.00,0,999.00,Cash,Female,Young Adult (20-30),Women,INV001892,16:52:00,P21-6-BLACK
S003754,2026-08-27,Thursday,Kids Ethnic Kurta Set,Ethnic Wear,8-9Y,Mustard,1,999.00,0,999.00,UPI,Male,Young Adult (20-30),Kids,INV001893,19:51:00,P17-89Y-MUSTARD
S003755,2026-08-27,Thursday,Kids Joggers,Bottoms,4-5Y,Black,2,699.00,0,1398.00,UPI,Male,Young Adult (20-30),Kids,INV001893,19:51:00,P19-45Y-BLACK
S003756,2026-08-27,Thursday,Cotton Kurti,Ethnic Wear,M,Maroon,1,999.00,0,999.00,Card,Male,Young Adult (20-30),Women,INV001894,12:35:00,P07-M-MAROON
S003757,2026-08-27,Thursday,Kids Sports Shoes,Footwear,1Y,Blue,1,899.00,0,899.00,UPI,Male,Young Adult (20-30),Kids,INV001895,16:17:00,P22-1Y-BLUE
S003758,2026-08-27,Thursday,Sneakers,Footwear,10,Grey,1,1499.00,0,1499.00,UPI,Male,Young Adult (20-30),Men,INV001895,16:17:00,P20-10-GREY
S003759,2026-08-27,Thursday,Kids Joggers,Bottoms,4-5Y,Black,1,699.00,0,699.00,UPI,Male,Young Adult (20-30),Kids,INV001895,16:17:00,P19-45Y-BLACK
S003760,2026-08-27,Thursday,Chino Trousers,Bottoms,32,Navy,1,1099.00,0,1099.00,Card,Male,Adult (31-45),Men,INV001896,16:04:00,P04-32-NAVY
S003761,2026-08-27,Thursday,Cotton Kurti,Ethnic Wear,XS,Maroon,1,999.00,0,999.00,Card,Male,Young Adult (20-30),Women,INV001897,15:17:00,P07-XS-MAROON
S003762,2026-08-27,Thursday,Chino Trousers,Bottoms,34,Olive,1,1099.00,0,1099.00,Card,Male,Young Adult (20-30),Men,INV001897,15:17:00,P04-34-OLIVE
S003763,2026-08-27,Thursday,Slim Fit Jeans,Bottoms,32,Light Blue,1,1299.00,0,1299.00,UPI,Female,Young Adult (20-30),Men,INV001898,19:44:00,P03-32-LIGHTBLU
S003764,2026-08-27,Thursday,Sandals,Footwear,6,Black,1,999.00,0,999.00,UPI,Female,Young Adult (20-30),Women,INV001898,19:44:00,P21-6-BLACK
S003765,2026-08-27,Thursday,Kids Joggers,Bottoms,8-9Y,Navy,1,699.00,0,699.00,UPI,Male,Adult (31-45),Kids,INV001899,19:30:00,P19-89Y-NAVY
S003766,2026-08-27,Thursday,Sandals,Footwear,6,Tan,1,999.00,0,999.00,Card,Female,Adult (31-45),Women,INV001900,19:45:00,P21-6-TAN
S003767,2026-08-27,Thursday,Kids Sports Shoes,Footwear,12C,Black,1,899.00,0,899.00,Card,Female,Adult (31-45),Kids,INV001900,19:45:00,P22-12C-BLACK
S003768,2026-08-27,Thursday,Cotton Kurti,Ethnic Wear,XL,Mustard,1,999.00,0,999.00,Card,Female,Adult (31-45),Women,INV001900,19:45:00,P07-XL-MUSTARD
S003769,2026-08-27,Thursday,Kids Sports Shoes,Footwear,10C,Black,1,899.00,0,899.00,Card,Male,Young Adult (20-30),Kids,INV001901,16:54:00,P22-10C-BLACK
S003770,2026-08-27,Thursday,Basic Crew T-Shirt,Tops,M,Black,1,399.00,0,399.00,Cash,Male,Young Adult (20-30),Men,INV001902,21:24:00,P01-M-BLACK
S003771,2026-08-27,Thursday,Polo T-Shirt,Tops,M,Grey,1,699.00,0,699.00,UPI,Male,Young Adult (20-30),Men,INV001903,16:44:00,P02-M-GREY
S003772,2026-08-27,Thursday,Straight Pants,Bottoms,XS,Beige,1,799.00,0,799.00,UPI,Male,Young Adult (20-30),Women,INV001903,16:44:00,P09-XS-BEIGE
S003773,2026-08-27,Thursday,Slim Fit Jeans,Bottoms,34,Light Blue,1,1299.00,0,1299.00,UPI,Male,Young Adult (20-30),Men,INV001903,16:44:00,P03-34-LIGHTBLU
S003774,2026-08-28,Friday,Kids Denim Shorts,Bottoms,4-5Y,Black,1,599.00,0,599.00,UPI,Female,Adult (31-45),Kids,INV001904,17:01:00,P16-45Y-BLACK
S003775,2026-08-28,Friday,Kids Joggers,Bottoms,6-7Y,Black,1,699.00,0,699.00,UPI,Female,Adult (31-45),Kids,INV001905,11:23:00,P19-67Y-BLACK
S003776,2026-08-28,Friday,Polo T-Shirt,Tops,L,Navy,1,699.00,0,699.00,UPI,Female,Adult (31-45),Men,INV001905,11:23:00,P02-L-NAVY
S003777,2026-08-28,Friday,Formal Shirt,Tops,S,Blue,1,999.00,0,999.00,UPI,Male,Teen (13-19),Men,INV001906,21:12:00,P05-S-BLUE
S003778,2026-08-28,Friday,Cotton Kurti,Ethnic Wear,L,Maroon,1,999.00,0,999.00,UPI,Male,Teen (13-19),Women,INV001906,21:12:00,P07-L-MAROON
S003779,2026-08-28,Friday,Crop Top,Tops,S,Lavender,1,599.00,0,599.00,UPI,Male,Teen (13-19),Women,INV001906,21:12:00,P11-S-LAVENDER
S003780,2026-08-28,Friday,Kids Ethnic Kurta Set,Ethnic Wear,2-3Y,Green,2,999.00,0,1998.00,UPI,Male,Adult (31-45),Kids,INV001907,10:47:00,P17-23Y-GREEN
S003781,2026-08-28,Friday,Chino Trousers,Bottoms,34,Navy,1,1099.00,0,1099.00,UPI,Male,Adult (31-45),Men,INV001907,10:47:00,P04-34-NAVY
S003782,2026-08-28,Friday,Formal Shirt,Tops,XL,White,1,999.00,0,999.00,UPI,Male,Young Adult (20-30),Men,INV001908,16:00:00,P05-XL-WHITE
S003783,2026-08-28,Friday,Cotton Kurti,Ethnic Wear,XS,Mustard,1,999.00,0,999.00,UPI,Male,Young Adult (20-30),Women,INV001908,16:00:00,P07-XS-MUSTARD
S003784,2026-08-28,Friday,Chino Trousers,Bottoms,36,Beige,1,1099.00,0,1099.00,UPI,Female,Young Adult (20-30),Men,INV001909,16:53:00,P04-36-BEIGE
S003785,2026-08-28,Friday,Hair Accessories Set,Accessories,OneSize,Pink,1,199.00,0,199.00,UPI,Female,Young Adult (20-30),Accessories,INV001909,16:53:00,P28-ONESIZE-PINK
S003786,2026-08-28,Friday,Chino Trousers,Bottoms,34,Olive,1,1099.00,0,1099.00,UPI,Male,Teen (13-19),Men,INV001910,18:02:00,P04-34-OLIVE
S003787,2026-08-28,Friday,Basic Crew T-Shirt,Tops,M,Navy,1,399.00,0,399.00,Cash,Male,Senior (46+),Men,INV001911,16:59:00,P01-M-NAVY
S003788,2026-08-28,Friday,Denim Jeggings,Bottoms,XS,Indigo,1,999.00,0,999.00,Cash,Male,Senior (46+),Women,INV001911,16:59:00,P10-XS-INDIGO
S003789,2026-08-28,Friday,Sneakers,Footwear,8,Black,3,1499.00,0,4497.00,Cash,Male,Senior (46+),Men,INV001911,16:59:00,P20-8-BLACK
S003790,2026-08-28,Friday,Graphic Tee,Tops,S,Red,1,499.00,0,499.00,Cash,Male,Senior (46+),Men,INV001911,16:59:00,P06-S-RED
S003791,2026-08-28,Friday,Formal Shirt,Tops,M,Grey,1,999.00,0,999.00,Card,Male,Teen (13-19),Men,INV001912,18:12:00,P05-M-GREY
S003792,2026-08-28,Friday,Palazzo Kurta Set,Ethnic Wear,S,Teal,1,1399.00,20,1119.20,Card,Male,Teen (13-19),Women,INV001912,18:12:00,P14-S-TEAL
S003793,2026-08-28,Friday,Slim Fit Jeans,Bottoms,34,Navy,1,1299.00,0,1299.00,Card,Male,Teen (13-19),Men,INV001912,18:12:00,P03-34-NAVY
S003794,2026-08-28,Friday,Graphic Tee,Tops,M,White,1,499.00,0,499.00,Card,Male,Teen (13-19),Men,INV001912,18:12:00,P06-M-WHITE
S003795,2026-08-28,Friday,Cotton Kurti,Ethnic Wear,XL,Teal,1,999.00,0,999.00,Cash,Male,Adult (31-45),Women,INV001913,19:36:00,P07-XL-TEAL
S003796,2026-08-28,Friday,Belt,Accessories,36,Brown,1,399.00,0,399.00,UPI,Male,Young Adult (20-30),Accessories,INV001914,21:21:00,P26-36-BROWN
S003797,2026-08-28,Friday,Polo T-Shirt,Tops,L,Navy,1,699.00,0,699.00,UPI,Male,Young Adult (20-30),Men,INV001914,21:21:00,P02-L-NAVY
S003798,2026-08-28,Friday,Slim Fit Jeans,Bottoms,32,Navy,1,1299.00,0,1299.00,UPI,Male,Young Adult (20-30),Men,INV001914,21:21:00,P03-32-NAVY
S003799,2026-08-28,Friday,Cotton Kurti,Ethnic Wear,L,Mustard,1,999.00,0,999.00,UPI,Male,Young Adult (20-30),Women,INV001915,12:58:00,P07-L-MUSTARD
S003800,2026-08-28,Friday,Kids Ethnic Kurta Set,Ethnic Wear,4-5Y,Green,1,999.00,0,999.00,UPI,Male,Adult (31-45),Kids,INV001916,12:02:00,P17-45Y-GREEN
S003801,2026-08-28,Friday,Basic Crew T-Shirt,Tops,M,Olive,1,399.00,0,399.00,UPI,Male,Adult (31-45),Men,INV001916,12:02:00,P01-M-OLIVE
S003802,2026-08-28,Friday,Kids Denim Shorts,Bottoms,8-9Y,Black,1,599.00,0,599.00,UPI,Male,Adult (31-45),Kids,INV001917,21:17:00,P16-89Y-BLACK
S003803,2026-08-28,Friday,Printed Top,Tops,L,White,2,699.00,0,1398.00,UPI,Male,Adult (31-45),Women,INV001917,21:17:00,P12-L-WHITE
S003804,2026-08-28,Friday,Basic Crew T-Shirt,Tops,L,Navy,1,399.00,0,399.00,UPI,Male,Adult (31-45),Men,INV001917,21:17:00,P01-L-NAVY
S003805,2026-08-28,Friday,Formal Shirt,Tops,L,White,2,999.00,0,1998.00,UPI,Male,Adult (31-45),Men,INV001917,21:17:00,P05-L-WHITE
S003806,2026-08-28,Friday,Polo T-Shirt,Tops,L,Navy,1,699.00,0,699.00,UPI,Male,Adult (31-45),Men,INV001917,21:17:00,P02-L-NAVY
S003807,2026-08-28,Friday,Flip Flops,Footwear,7,Grey,1,399.00,0,399.00,UPI,Male,Adult (31-45),Men,INV001918,20:45:00,P23-7-GREY
S003808,2026-08-28,Friday,Hair Accessories Set,Accessories,OneSize,Pink,1,199.00,0,199.00,UPI,Female,Young Adult (20-30),Accessories,INV001919,13:38:00,P28-ONESIZE-PINK
S003809,2026-08-28,Friday,Kids Joggers,Bottoms,2-3Y,Navy,1,699.00,0,699.00,UPI,Female,Young Adult (20-30),Kids,INV001919,13:38:00,P19-23Y-NAVY
S003810,2026-08-28,Friday,Slim Fit Jeans,Bottoms,32,Navy,1,1299.00,0,1299.00,UPI,Male,Adult (31-45),Men,INV001920,18:31:00,P03-32-NAVY
S003811,2026-08-28,Friday,Flip Flops,Footwear,7,Black,2,399.00,0,798.00,UPI,Male,Adult (31-45),Men,INV001920,18:31:00,P23-7-BLACK
S003812,2026-08-28,Friday,Graphic Tee,Tops,L,Black,1,499.00,0,499.00,UPI,Male,Adult (31-45),Men,INV001920,18:31:00,P06-L-BLACK
S003813,2026-08-28,Friday,Formal Shirt,Tops,M,White,1,999.00,0,999.00,UPI,Male,Adult (31-45),Men,INV001920,18:31:00,P05-M-WHITE
S003814,2026-08-28,Friday,Cap,Accessories,OneSize,Beige,1,299.00,0,299.00,UPI,Female,Adult (31-45),Accessories,INV001921,17:50:00,P29-ONESIZE-BEIGE
S003815,2026-08-28,Friday,Straight Pants,Bottoms,S,Black,1,799.00,0,799.00,UPI,Female,Adult (31-45),Women,INV001921,17:50:00,P09-S-BLACK
S003816,2026-08-28,Friday,Kids Cartoon Tee,Tops,4-5Y,Blue,1,399.00,0,399.00,UPI,Female,Adult (31-45),Kids,INV001921,17:50:00,P15-45Y-BLUE
S003817,2026-08-28,Friday,Denim Jeggings,Bottoms,M,Indigo,2,999.00,0,1998.00,UPI,Male,Young Adult (20-30),Women,INV001922,16:32:00,P10-M-INDIGO
S003818,2026-08-28,Friday,Sandals,Footwear,4,Black,1,999.00,0,999.00,UPI,Male,Young Adult (20-30),Women,INV001922,16:32:00,P21-4-BLACK
S003819,2026-08-28,Friday,Formal Shirt,Tops,XL,Blue,1,999.00,0,999.00,Card,Female,Senior (46+),Men,INV001923,13:53:00,P05-XL-BLUE
S003820,2026-08-28,Friday,Crop Top,Tops,M,White,1,599.00,0,599.00,Card,Female,Senior (46+),Women,INV001923,13:53:00,P11-M-WHITE
S003821,2026-08-28,Friday,Basic Crew T-Shirt,Tops,L,Olive,1,399.00,0,399.00,Card,Female,Senior (46+),Men,INV001923,13:53:00,P01-L-OLIVE
S003822,2026-08-28,Friday,Floral Kurti,Ethnic Wear,M,Blue,1,1199.00,0,1199.00,UPI,Female,Senior (46+),Women,INV001924,19:13:00,P08-M-BLUE
S003823,2026-08-28,Friday,Basic Crew T-Shirt,Tops,L,White,1,399.00,0,399.00,UPI,Female,Young Adult (20-30),Men,INV001925,17:11:00,P01-L-WHITE
S003824,2026-08-28,Friday,Crop Top,Tops,S,Lavender,1,599.00,0,599.00,UPI,Female,Young Adult (20-30),Women,INV001925,17:11:00,P11-S-LAVENDER
S003825,2026-08-28,Friday,Graphic Tee,Tops,L,White,1,499.00,0,499.00,UPI,Female,Adult (31-45),Men,INV001926,11:14:00,P06-L-WHITE
S003826,2026-08-28,Friday,Women Flats,Footwear,4,Beige,1,799.00,0,799.00,UPI,Female,Adult (31-45),Women,INV001926,11:14:00,P32-4-BEIGE
S003827,2026-08-28,Friday,Cotton Kurti,Ethnic Wear,XL,Maroon,1,999.00,0,999.00,UPI,Female,Teen (13-19),Women,INV001927,21:00:00,P07-XL-MAROON
S003828,2026-08-28,Friday,Kids Joggers,Bottoms,6-7Y,Navy,1,699.00,0,699.00,UPI,Female,Teen (13-19),Kids,INV001927,21:00:00,P19-67Y-NAVY
S003829,2026-08-28,Friday,Crop Top,Tops,L,White,1,599.00,0,599.00,UPI,Female,Young Adult (20-30),Women,INV001928,19:43:00,P11-L-WHITE
S003830,2026-08-28,Friday,Sneakers,Footwear,7,Grey,2,1499.00,0,2998.00,UPI,Female,Young Adult (20-30),Men,INV001928,19:43:00,P20-7-GREY
S003831,2026-08-28,Friday,Chino Trousers,Bottoms,36,Beige,1,1099.00,0,1099.00,UPI,Female,Adult (31-45),Men,INV001929,18:02:00,P04-36-BEIGE
S003832,2026-08-28,Friday,Formal Shirt,Tops,XL,White,1,999.00,0,999.00,UPI,Female,Adult (31-45),Men,INV001930,19:50:00,P05-XL-WHITE
S003833,2026-08-28,Friday,Cotton Kurti,Ethnic Wear,L,Maroon,1,999.00,0,999.00,UPI,Male,Teen (13-19),Women,INV001931,20:09:00,P07-L-MAROON
S003834,2026-08-28,Friday,Chino Trousers,Bottoms,34,Beige,1,1099.00,0,1099.00,UPI,Male,Teen (13-19),Men,INV001931,20:09:00,P04-34-BEIGE
S003835,2026-08-28,Friday,Women Flats,Footwear,7,Black,1,799.00,0,799.00,Card,Female,Teen (13-19),Women,INV001932,15:06:00,P32-7-BLACK
S003836,2026-08-28,Friday,Hair Accessories Set,Accessories,OneSize,Pink,1,199.00,0,199.00,Card,Female,Teen (13-19),Accessories,INV001932,15:06:00,P28-ONESIZE-PINK
S003837,2026-08-28,Friday,Polo T-Shirt,Tops,S,Navy,1,699.00,0,699.00,Card,Female,Teen (13-19),Men,INV001932,15:06:00,P02-S-NAVY
S003838,2026-08-28,Friday,Slim Fit Jeans,Bottoms,34,Light Blue,2,1299.00,0,2598.00,Card,Female,Teen (13-19),Men,INV001932,15:06:00,P03-34-LIGHTBLU
S003839,2026-08-28,Friday,Graphic Tee,Tops,M,Black,2,499.00,0,998.00,UPI,Female,Young Adult (20-30),Men,INV001933,21:15:00,P06-M-BLACK
S003840,2026-08-28,Friday,Floral Kurti,Ethnic Wear,L,Green,1,1199.00,0,1199.00,Cash,Female,Adult (31-45),Women,INV001934,17:00:00,P08-L-GREEN
S003841,2026-08-28,Friday,Crop Top,Tops,M,Lavender,2,599.00,0,1198.00,Cash,Female,Adult (31-45),Women,INV001934,17:00:00,P11-M-LAVENDER
S003842,2026-08-28,Friday,Kids Ethnic Kurta Set,Ethnic Wear,4-5Y,Mustard,1,999.00,0,999.00,UPI,Female,Young Adult (20-30),Kids,INV001935,13:37:00,P17-45Y-MUSTARD
S003843,2026-08-28,Friday,Crop Top,Tops,XS,Black,2,599.00,0,1198.00,UPI,Male,Senior (46+),Women,INV001936,17:50:00,P11-XS-BLACK
S003844,2026-08-28,Friday,Graphic Tee,Tops,L,Black,1,499.00,0,499.00,UPI,Female,Teen (13-19),Men,INV001937,15:23:00,P06-L-BLACK
S003845,2026-08-28,Friday,Crop Top,Tops,M,White,1,599.00,0,599.00,UPI,Male,Young Adult (20-30),Women,INV001938,19:31:00,P11-M-WHITE
S003846,2026-08-28,Friday,Floral Kurti,Ethnic Wear,S,Pink,1,1199.00,0,1199.00,UPI,Male,Young Adult (20-30),Women,INV001938,19:31:00,P08-S-PINK
S003847,2026-08-28,Friday,Palazzo Kurta Set,Ethnic Wear,S,Teal,1,1399.00,20,1119.20,Cash,Female,Adult (31-45),Women,INV001939,16:35:00,P14-S-TEAL
S003848,2026-08-28,Friday,Women Flats,Footwear,7,Black,1,799.00,0,799.00,Cash,Female,Adult (31-45),Women,INV001939,16:35:00,P32-7-BLACK
S003849,2026-08-28,Friday,Crop Top,Tops,S,White,1,599.00,0,599.00,Cash,Female,Adult (31-45),Women,INV001939,16:35:00,P11-S-WHITE
S003850,2026-08-28,Friday,Palazzo Kurta Set,Ethnic Wear,M,Mustard,1,1399.00,20,1119.20,Cash,Female,Adult (31-45),Women,INV001939,16:35:00,P14-M-MUSTARD
S003851,2026-08-28,Friday,Sneakers,Footwear,7,White,2,1499.00,0,2998.00,Cash,Female,Adult (31-45),Men,INV001939,16:35:00,P20-7-WHITE
S003852,2026-08-28,Friday,Printed Top,Tops,XS,White,1,699.00,0,699.00,UPI,Male,Adult (31-45),Women,INV001940,20:04:00,P12-XS-WHITE
S003853,2026-08-28,Friday,Printed Top,Tops,L,White,2,699.00,0,1398.00,UPI,Male,Adult (31-45),Women,INV001940,20:04:00,P12-L-WHITE
S003854,2026-08-28,Friday,Kids Joggers,Bottoms,4-5Y,Black,2,699.00,0,1398.00,UPI,Male,Young Adult (20-30),Kids,INV001941,19:54:00,P19-45Y-BLACK
S003855,2026-08-28,Friday,Sneakers,Footwear,8,Grey,1,1499.00,0,1499.00,UPI,Female,Young Adult (20-30),Men,INV001942,21:08:00,P20-8-GREY
S003856,2026-08-28,Friday,Sling Bag,Accessories,OneSize,Pink,1,699.00,0,699.00,UPI,Female,Young Adult (20-30),Accessories,INV001942,21:08:00,P25-ONESIZE-PINK
S003857,2026-08-28,Friday,Crop Top,Tops,XS,Lavender,1,599.00,0,599.00,UPI,Female,Young Adult (20-30),Women,INV001942,21:08:00,P11-XS-LAVENDER
S003858,2026-08-28,Friday,Printed Top,Tops,M,White,1,699.00,0,699.00,UPI,Female,Young Adult (20-30),Women,INV001942,21:08:00,P12-M-WHITE
S003859,2026-08-28,Friday,Basic Crew T-Shirt,Tops,S,Olive,1,399.00,0,399.00,Card,Female,Senior (46+),Men,INV001943,20:08:00,P01-S-OLIVE
S003860,2026-08-28,Friday,Straight Pants,Bottoms,L,Black,1,799.00,0,799.00,Card,Female,Senior (46+),Women,INV001943,20:08:00,P09-L-BLACK
S003861,2026-08-28,Friday,Sneakers,Footwear,7,White,1,1499.00,0,1499.00,UPI,Male,Young Adult (20-30),Men,INV001944,18:57:00,P20-7-WHITE
S003862,2026-08-28,Friday,Sneakers,Footwear,9,Grey,1,1499.00,0,1499.00,Cash,Female,Young Adult (20-30),Men,INV001945,10:37:00,P20-9-GREY
S003863,2026-08-28,Friday,Kids Lehenga Set,Ethnic Wear,8-9Y,Peach,1,1299.00,20,1039.20,Cash,Female,Young Adult (20-30),Kids,INV001945,10:37:00,P18-89Y-PEACH
S003864,2026-08-28,Friday,Women Flats,Footwear,6,Silver,1,799.00,0,799.00,Cash,Female,Young Adult (20-30),Women,INV001945,10:37:00,P32-6-SILVER
S003865,2026-08-28,Friday,Basic Crew T-Shirt,Tops,M,Olive,1,399.00,0,399.00,UPI,Male,Adult (31-45),Men,INV001946,19:10:00,P01-M-OLIVE
S003866,2026-08-28,Friday,Denim Jeggings,Bottoms,L,Black,1,999.00,0,999.00,UPI,Male,Adult (31-45),Women,INV001946,19:10:00,P10-L-BLACK
S003867,2026-08-28,Friday,Ethnic Dupatta,Accessories,OneSize,Red,3,599.00,0,1797.00,UPI,Female,Young Adult (20-30),Women,INV001947,17:48:00,P31-ONESIZE-RED
S003868,2026-08-28,Friday,Handbag,Accessories,OneSize,Tan,1,999.00,0,999.00,UPI,Female,Young Adult (20-30),Accessories,INV001947,17:48:00,P24-ONESIZE-TAN
S003869,2026-08-28,Friday,Printed Top,Tops,S,White,1,699.00,0,699.00,Card,Female,Young Adult (20-30),Women,INV001948,19:21:00,P12-S-WHITE
S003870,2026-08-28,Friday,Cotton Kurti,Ethnic Wear,S,Maroon,1,999.00,0,999.00,Cash,Female,Senior (46+),Women,INV001949,18:37:00,P07-S-MAROON
S003871,2026-08-28,Friday,Cotton Kurti,Ethnic Wear,XS,Maroon,1,999.00,0,999.00,Cash,Female,Senior (46+),Women,INV001949,18:37:00,P07-XS-MAROON
S003872,2026-08-28,Friday,Sneakers,Footwear,9,Grey,1,1499.00,0,1499.00,Cash,Female,Senior (46+),Men,INV001949,18:37:00,P20-9-GREY
S003873,2026-08-28,Friday,Kids Denim Shorts,Bottoms,6-7Y,Black,1,599.00,0,599.00,Card,Male,Teen (13-19),Kids,INV001950,19:44:00,P16-67Y-BLACK
S003874,2026-08-28,Friday,Women Flats,Footwear,8,Beige,1,799.00,0,799.00,Card,Male,Teen (13-19),Women,INV001950,19:44:00,P32-8-BEIGE
S003875,2026-08-28,Friday,Basic Crew T-Shirt,Tops,M,Black,1,399.00,0,399.00,UPI,Male,Adult (31-45),Men,INV001951,18:14:00,P01-M-BLACK
S003876,2026-08-28,Friday,Graphic Tee,Tops,M,Red,1,499.00,0,499.00,Cash,Female,Young Adult (20-30),Men,INV001952,13:50:00,P06-M-RED
S003877,2026-08-28,Friday,Handbag,Accessories,OneSize,Black,1,999.00,0,999.00,Cash,Female,Young Adult (20-30),Accessories,INV001952,13:50:00,P24-ONESIZE-BLACK
S003878,2026-08-28,Friday,Denim Jeggings,Bottoms,M,Indigo,1,999.00,0,999.00,Cash,Female,Young Adult (20-30),Women,INV001952,13:50:00,P10-M-INDIGO
S003879,2026-08-28,Friday,Slim Fit Jeans,Bottoms,34,Light Blue,1,1299.00,0,1299.00,UPI,Female,Adult (31-45),Men,INV001953,18:53:00,P03-34-LIGHTBLU
S003880,2026-08-28,Friday,Ethnic Dupatta,Accessories,OneSize,Red,1,599.00,0,599.00,UPI,Female,Adult (31-45),Women,INV001953,18:53:00,P31-ONESIZE-RED
S003881,2026-08-28,Friday,Sandals,Footwear,8,Gold,2,999.00,0,1998.00,Card,Male,Adult (31-45),Women,INV001954,18:53:00,P21-8-GOLD
S003882,2026-08-28,Friday,Handbag,Accessories,OneSize,Tan,1,999.00,0,999.00,UPI,Female,Young Adult (20-30),Accessories,INV001955,19:38:00,P24-ONESIZE-TAN
S003883,2026-08-28,Friday,Kids Cartoon Tee,Tops,6-7Y,Yellow,1,399.00,0,399.00,UPI,Female,Young Adult (20-30),Kids,INV001955,19:38:00,P15-67Y-YELLOW
S003884,2026-08-28,Friday,Kids Cartoon Tee,Tops,4-5Y,Yellow,1,399.00,0,399.00,UPI,Female,Young Adult (20-30),Kids,INV001956,18:13:00,P15-45Y-YELLOW
S003885,2026-08-28,Friday,Cotton Kurti,Ethnic Wear,L,Maroon,1,999.00,0,999.00,UPI,Female,Young Adult (20-30),Women,INV001956,18:13:00,P07-L-MAROON
S003886,2026-08-28,Friday,Graphic Tee,Tops,S,Red,1,499.00,0,499.00,UPI,Female,Young Adult (20-30),Men,INV001956,18:13:00,P06-S-RED
S003887,2026-08-28,Friday,Sneakers,Footwear,7,Black,1,1499.00,0,1499.00,Cash,Male,Adult (31-45),Men,INV001957,19:58:00,P20-7-BLACK
S003888,2026-08-28,Friday,Basic Crew T-Shirt,Tops,L,White,1,399.00,0,399.00,Cash,Male,Adult (31-45),Men,INV001957,19:58:00,P01-L-WHITE
S003889,2026-08-28,Friday,Belt,Accessories,36,Brown,1,399.00,0,399.00,Card,Female,Adult (31-45),Accessories,INV001958,16:44:00,P26-36-BROWN
S003890,2026-08-28,Friday,Printed Top,Tops,S,Red,1,699.00,0,699.00,Card,Female,Adult (31-45),Women,INV001958,16:44:00,P12-S-RED
S003891,2026-08-28,Friday,Palazzo Kurta Set,Ethnic Wear,S,Mustard,1,1399.00,20,1119.20,UPI,Female,Young Adult (20-30),Women,INV001959,18:43:00,P14-S-MUSTARD
S003892,2026-08-28,Friday,Printed Top,Tops,M,White,1,699.00,0,699.00,UPI,Female,Young Adult (20-30),Women,INV001959,18:43:00,P12-M-WHITE
S003893,2026-08-28,Friday,Palazzo Kurta Set,Ethnic Wear,XL,Teal,1,1399.00,20,1119.20,UPI,Female,Adult (31-45),Women,INV001960,20:44:00,P14-XL-TEAL
S003894,2026-08-28,Friday,Printed Top,Tops,M,Red,1,699.00,0,699.00,UPI,Female,Teen (13-19),Women,INV001961,16:04:00,P12-M-RED
S003895,2026-08-28,Friday,Floral Kurti,Ethnic Wear,L,Pink,1,1199.00,0,1199.00,UPI,Female,Teen (13-19),Women,INV001961,16:04:00,P08-L-PINK
S003896,2026-08-28,Friday,Chino Trousers,Bottoms,36,Beige,1,1099.00,0,1099.00,UPI,Female,Adult (31-45),Men,INV001962,13:35:00,P04-36-BEIGE
S003897,2026-08-28,Friday,Printed Top,Tops,L,White,1,699.00,0,699.00,UPI,Female,Adult (31-45),Women,INV001962,13:35:00,P12-L-WHITE
S003898,2026-08-28,Friday,Women Flats,Footwear,7,Beige,1,799.00,0,799.00,UPI,Female,Adult (31-45),Women,INV001962,13:35:00,P32-7-BEIGE
S003899,2026-08-28,Friday,Flip Flops,Footwear,10,Grey,1,399.00,0,399.00,UPI,Female,Young Adult (20-30),Men,INV001963,18:00:00,P23-10-GREY
S003900,2026-08-28,Friday,Basic Crew T-Shirt,Tops,L,White,1,399.00,0,399.00,UPI,Female,Young Adult (20-30),Men,INV001963,18:00:00,P01-L-WHITE
S003901,2026-08-28,Friday,Floral Kurti,Ethnic Wear,S,Pink,1,1199.00,0,1199.00,UPI,Female,Young Adult (20-30),Women,INV001963,18:00:00,P08-S-PINK
S003902,2026-08-28,Friday,Cap,Accessories,OneSize,Black,1,299.00,0,299.00,Card,Male,Adult (31-45),Accessories,INV001964,14:28:00,P29-ONESIZE-BLACK
S003903,2026-08-28,Friday,Scarf,Accessories,OneSize,Floral,1,499.00,30,349.30,Card,Male,Adult (31-45),Accessories,INV001964,14:28:00,P30-ONESIZE-FLORAL
S003904,2026-08-28,Friday,Basic Crew T-Shirt,Tops,M,White,2,399.00,0,798.00,Card,Male,Adult (31-45),Men,INV001964,14:28:00,P01-M-WHITE
S003905,2026-08-28,Friday,Basic Crew T-Shirt,Tops,L,Black,1,399.00,0,399.00,Card,Female,Young Adult (20-30),Men,INV001965,16:09:00,P01-L-BLACK
S003906,2026-08-28,Friday,Women Flats,Footwear,8,Beige,1,799.00,0,799.00,Card,Female,Young Adult (20-30),Women,INV001965,16:09:00,P32-8-BEIGE
S003907,2026-08-28,Friday,Floral Kurti,Ethnic Wear,L,Blue,1,1199.00,0,1199.00,Cash,Female,Young Adult (20-30),Women,INV001966,21:19:00,P08-L-BLUE
S003908,2026-08-28,Friday,Cotton Kurti,Ethnic Wear,M,Mustard,1,999.00,0,999.00,Cash,Female,Young Adult (20-30),Women,INV001966,21:19:00,P07-M-MUSTARD
S003909,2026-08-28,Friday,Denim Jeggings,Bottoms,S,Indigo,1,999.00,0,999.00,Cash,Female,Young Adult (20-30),Women,INV001966,21:19:00,P10-S-INDIGO
S003910,2026-08-28,Friday,Floral Kurti,Ethnic Wear,M,Green,1,1199.00,0,1199.00,UPI,Female,Adult (31-45),Women,INV001967,20:27:00,P08-M-GREEN
S003911,2026-08-28,Friday,Cotton Kurti,Ethnic Wear,L,Mustard,1,999.00,0,999.00,UPI,Female,Adult (31-45),Women,INV001967,20:27:00,P07-L-MUSTARD
S003912,2026-08-28,Friday,Women Flats,Footwear,4,Black,1,799.00,0,799.00,UPI,Female,Teen (13-19),Women,INV001968,20:05:00,P32-4-BLACK
S003913,2026-08-28,Friday,Denim Jeggings,Bottoms,XS,Indigo,1,999.00,0,999.00,UPI,Female,Teen (13-19),Women,INV001968,20:05:00,P10-XS-INDIGO
S003914,2026-08-28,Friday,Chino Trousers,Bottoms,34,Olive,1,1099.00,0,1099.00,UPI,Male,Young Adult (20-30),Men,INV001969,19:36:00,P04-34-OLIVE
S003915,2026-08-28,Friday,Basic Crew T-Shirt,Tops,S,Black,1,399.00,0,399.00,Cash,Female,Young Adult (20-30),Men,INV001970,20:25:00,P01-S-BLACK
S003916,2026-08-28,Friday,Belt,Accessories,38,Black,1,399.00,0,399.00,UPI,Female,Young Adult (20-30),Accessories,INV001971,12:11:00,P26-38-BLACK
S003917,2026-08-28,Friday,Flip Flops,Footwear,7,Grey,1,399.00,0,399.00,UPI,Male,Young Adult (20-30),Men,INV001972,11:43:00,P23-7-GREY
S003918,2026-08-28,Friday,Slim Fit Jeans,Bottoms,34,Black,1,1299.00,0,1299.00,UPI,Male,Young Adult (20-30),Men,INV001972,11:43:00,P03-34-BLACK
S003919,2026-08-28,Friday,Belt,Accessories,32,Brown,1,399.00,0,399.00,UPI,Male,Young Adult (20-30),Accessories,INV001972,11:43:00,P26-32-BROWN
S003920,2026-08-28,Friday,Sneakers,Footwear,8,Black,1,1499.00,0,1499.00,Card,Female,Teen (13-19),Men,INV001973,18:45:00,P20-8-BLACK
S003921,2026-08-28,Friday,Cotton Kurti,Ethnic Wear,S,Teal,1,999.00,0,999.00,Card,Female,Teen (13-19),Women,INV001973,18:45:00,P07-S-TEAL
S003922,2026-08-28,Friday,Flip Flops,Footwear,10,Black,1,399.00,0,399.00,UPI,Female,Young Adult (20-30),Men,INV001974,21:08:00,P23-10-BLACK
S003923,2026-08-28,Friday,Kids Joggers,Bottoms,8-9Y,Navy,1,699.00,0,699.00,Card,Female,Adult (31-45),Kids,INV001975,17:19:00,P19-89Y-NAVY
S003924,2026-08-28,Friday,Sandals,Footwear,4,Tan,1,999.00,0,999.00,Card,Female,Adult (31-45),Women,INV001975,17:19:00,P21-4-TAN
S003925,2026-08-28,Friday,Sneakers,Footwear,7,White,1,1499.00,0,1499.00,UPI,Male,Young Adult (20-30),Men,INV001976,14:32:00,P20-7-WHITE
S003926,2026-08-28,Friday,Palazzo Kurta Set,Ethnic Wear,S,Maroon,1,1399.00,20,1119.20,UPI,Female,Senior (46+),Women,INV001977,19:47:00,P14-S-MAROON
S003927,2026-08-28,Friday,Crop Top,Tops,M,Lavender,1,599.00,0,599.00,UPI,Female,Senior (46+),Women,INV001977,19:47:00,P11-M-LAVENDER
S003928,2026-08-29,Saturday,Kids Ethnic Kurta Set,Ethnic Wear,6-7Y,Mustard,1,999.00,0,999.00,UPI,Male,Senior (46+),Kids,INV001978,19:30:00,P17-67Y-MUSTARD
S003929,2026-08-29,Saturday,Printed Top,Tops,M,Blue,1,699.00,0,699.00,UPI,Male,Senior (46+),Women,INV001978,19:30:00,P12-M-BLUE
S003930,2026-08-29,Saturday,Formal Shirt,Tops,M,White,1,999.00,0,999.00,UPI,Female,Teen (13-19),Men,INV001979,21:21:00,P05-M-WHITE
S003931,2026-08-29,Saturday,Basic Crew T-Shirt,Tops,M,Navy,1,399.00,0,399.00,UPI,Female,Teen (13-19),Men,INV001979,21:21:00,P01-M-NAVY
S003932,2026-08-29,Saturday,Graphic Tee,Tops,L,White,1,499.00,0,499.00,Cash,Female,Adult (31-45),Men,INV001980,18:07:00,P06-L-WHITE
S003933,2026-08-29,Saturday,Handbag,Accessories,OneSize,Maroon,2,999.00,0,1998.00,UPI,Female,Adult (31-45),Accessories,INV001981,12:19:00,P24-ONESIZE-MAROON
S003934,2026-08-29,Saturday,Printed Top,Tops,XL,Red,1,699.00,0,699.00,UPI,Female,Adult (31-45),Women,INV001981,12:19:00,P12-XL-RED
S003935,2026-08-29,Saturday,Sneakers,Footwear,8,White,1,1499.00,0,1499.00,UPI,Female,Adult (31-45),Men,INV001981,12:19:00,P20-8-WHITE
S003936,2026-08-29,Saturday,Denim Jeggings,Bottoms,S,Black,2,999.00,0,1998.00,UPI,Female,Adult (31-45),Women,INV001981,12:19:00,P10-S-BLACK
S003937,2026-08-29,Saturday,Graphic Tee,Tops,L,White,1,499.00,0,499.00,UPI,Male,Senior (46+),Men,INV001982,20:00:00,P06-L-WHITE
S003938,2026-08-29,Saturday,Wallet,Accessories,OneSize,Black,1,499.00,0,499.00,UPI,Male,Senior (46+),Accessories,INV001982,20:00:00,P27-ONESIZE-BLACK
S003939,2026-08-29,Saturday,Kids Ethnic Kurta Set,Ethnic Wear,8-9Y,Mustard,1,999.00,0,999.00,UPI,Female,Adult (31-45),Kids,INV001983,16:57:00,P17-89Y-MUSTARD
S003940,2026-08-29,Saturday,Sneakers,Footwear,7,White,1,1499.00,0,1499.00,UPI,Female,Adult (31-45),Men,INV001983,16:57:00,P20-7-WHITE
S003941,2026-08-29,Saturday,Sneakers,Footwear,9,Black,1,1499.00,0,1499.00,UPI,Male,Young Adult (20-30),Men,INV001984,15:43:00,P20-9-BLACK
S003942,2026-08-29,Saturday,Basic Crew T-Shirt,Tops,XL,Olive,1,399.00,0,399.00,UPI,Male,Young Adult (20-30),Men,INV001984,15:43:00,P01-XL-OLIVE
S003943,2026-08-29,Saturday,Graphic Tee,Tops,S,Black,1,499.00,0,499.00,UPI,Other,Adult (31-45),Men,INV001985,21:20:00,P06-S-BLACK
S003944,2026-08-29,Saturday,Sandals,Footwear,5,Black,1,999.00,0,999.00,Card,Female,Adult (31-45),Women,INV001986,12:17:00,P21-5-BLACK
S003945,2026-08-29,Saturday,Printed Top,Tops,XL,Red,2,699.00,0,1398.00,UPI,Female,Young Adult (20-30),Women,INV001987,14:57:00,P12-XL-RED
S003946,2026-08-29,Saturday,Palazzo Kurta Set,Ethnic Wear,L,Maroon,1,1399.00,20,1119.20,Cash,Female,Adult (31-45),Women,INV001988,12:02:00,P14-L-MAROON
S003947,2026-08-29,Saturday,Cotton Kurti,Ethnic Wear,S,Teal,1,999.00,0,999.00,Cash,Female,Adult (31-45),Women,INV001988,12:02:00,P07-S-TEAL
S003948,2026-08-29,Saturday,Polo T-Shirt,Tops,L,Grey,1,699.00,0,699.00,Cash,Female,Adult (31-45),Men,INV001988,12:02:00,P02-L-GREY
S003949,2026-08-29,Saturday,Basic Crew T-Shirt,Tops,XL,Black,1,399.00,0,399.00,Cash,Female,Adult (31-45),Men,INV001988,12:02:00,P01-XL-BLACK
S003950,2026-08-29,Saturday,Palazzo Kurta Set,Ethnic Wear,L,Maroon,1,1399.00,20,1119.20,Card,Female,Young Adult (20-30),Women,INV001989,19:45:00,P14-L-MAROON
S003951,2026-08-29,Saturday,Graphic Tee,Tops,M,Red,1,499.00,0,499.00,UPI,Female,Young Adult (20-30),Men,INV001990,17:47:00,P06-M-RED
S003952,2026-08-29,Saturday,Denim Jeggings,Bottoms,M,Black,1,999.00,0,999.00,Cash,Male,Young Adult (20-30),Women,INV001991,19:50:00,P10-M-BLACK
S003953,2026-08-29,Saturday,Belt,Accessories,32,Brown,1,399.00,0,399.00,Cash,Male,Young Adult (20-30),Accessories,INV001991,19:50:00,P26-32-BROWN
S003954,2026-08-29,Saturday,Sneakers,Footwear,7,Black,1,1499.00,0,1499.00,Cash,Male,Young Adult (20-30),Men,INV001991,19:50:00,P20-7-BLACK
S003955,2026-08-29,Saturday,Women Flats,Footwear,6,Black,1,799.00,0,799.00,UPI,Male,Young Adult (20-30),Women,INV001992,13:56:00,P32-6-BLACK
S003956,2026-08-29,Saturday,Straight Pants,Bottoms,S,Beige,1,799.00,0,799.00,UPI,Male,Young Adult (20-30),Women,INV001992,13:56:00,P09-S-BEIGE
S003957,2026-08-29,Saturday,Basic Crew T-Shirt,Tops,S,Olive,1,399.00,0,399.00,Card,Male,Young Adult (20-30),Men,INV001993,12:59:00,P01-S-OLIVE
S003958,2026-08-29,Saturday,Denim Jeggings,Bottoms,M,Indigo,1,999.00,0,999.00,Card,Male,Young Adult (20-30),Women,INV001993,12:59:00,P10-M-INDIGO
S003959,2026-08-29,Saturday,Crop Top,Tops,S,White,1,599.00,0,599.00,Cash,Female,Adult (31-45),Women,INV001994,19:41:00,P11-S-WHITE
S003960,2026-08-29,Saturday,Basic Crew T-Shirt,Tops,L,Navy,1,399.00,0,399.00,Card,Male,Young Adult (20-30),Men,INV001995,20:23:00,P01-L-NAVY
S003961,2026-08-29,Saturday,Polo T-Shirt,Tops,M,Navy,1,699.00,0,699.00,Card,Male,Young Adult (20-30),Men,INV001995,20:23:00,P02-M-NAVY
S003962,2026-08-29,Saturday,Graphic Tee,Tops,M,White,1,499.00,0,499.00,Card,Male,Teen (13-19),Men,INV001996,12:26:00,P06-M-WHITE
S003963,2026-08-29,Saturday,Printed Top,Tops,L,Red,1,699.00,0,699.00,Card,Male,Teen (13-19),Women,INV001996,12:26:00,P12-L-RED
S003964,2026-08-29,Saturday,Chino Trousers,Bottoms,30,Navy,1,1099.00,0,1099.00,Card,Male,Teen (13-19),Men,INV001996,12:26:00,P04-30-NAVY
S003965,2026-08-29,Saturday,Graphic Tee,Tops,M,Red,1,499.00,0,499.00,Card,Male,Teen (13-19),Men,INV001996,12:26:00,P06-M-RED
S003966,2026-08-29,Saturday,Crop Top,Tops,S,Lavender,1,599.00,0,599.00,Card,Male,Teen (13-19),Women,INV001996,12:26:00,P11-S-LAVENDER
S003967,2026-08-29,Saturday,Graphic Tee,Tops,M,Red,2,499.00,0,998.00,UPI,Male,Adult (31-45),Men,INV001997,19:48:00,P06-M-RED
S003968,2026-08-29,Saturday,Palazzo Kurta Set,Ethnic Wear,L,Maroon,1,1399.00,20,1119.20,UPI,Male,Young Adult (20-30),Women,INV001998,16:40:00,P14-L-MAROON
S003969,2026-08-29,Saturday,Slim Fit Jeans,Bottoms,30,Navy,1,1299.00,0,1299.00,UPI,Male,Young Adult (20-30),Men,INV001998,16:40:00,P03-30-NAVY
S003970,2026-08-29,Saturday,Basic Crew T-Shirt,Tops,XL,Olive,1,399.00,0,399.00,UPI,Female,Adult (31-45),Men,INV001999,18:26:00,P01-XL-OLIVE
S003971,2026-08-29,Saturday,Basic Crew T-Shirt,Tops,L,Navy,2,399.00,0,798.00,UPI,Female,Adult (31-45),Men,INV001999,18:26:00,P01-L-NAVY
S003972,2026-08-29,Saturday,Cotton Kurti,Ethnic Wear,XS,Teal,1,999.00,0,999.00,UPI,Male,Senior (46+),Women,INV002000,14:01:00,P07-XS-TEAL
S003973,2026-08-29,Saturday,Floral Kurti,Ethnic Wear,XL,Blue,1,1199.00,0,1199.00,UPI,Male,Senior (46+),Women,INV002000,14:01:00,P08-XL-BLUE
S003974,2026-08-29,Saturday,Hair Accessories Set,Accessories,OneSize,Multicolor,1,199.00,0,199.00,UPI,Female,Young Adult (20-30),Accessories,INV002001,20:33:00,P28-ONESIZE-MULTICOL
S003975,2026-08-29,Saturday,Printed Top,Tops,L,Blue,1,699.00,0,699.00,UPI,Female,Young Adult (20-30),Women,INV002002,21:26:00,P12-L-BLUE
S003976,2026-08-29,Saturday,Cotton Kurti,Ethnic Wear,S,Mustard,1,999.00,0,999.00,UPI,Female,Young Adult (20-30),Women,INV002002,21:26:00,P07-S-MUSTARD
S003977,2026-08-29,Saturday,Graphic Tee,Tops,XL,White,1,499.00,0,499.00,UPI,Male,Adult (31-45),Men,INV002003,13:31:00,P06-XL-WHITE
S003978,2026-08-29,Saturday,Floral Kurti,Ethnic Wear,M,Green,1,1199.00,0,1199.00,UPI,Male,Adult (31-45),Women,INV002003,13:31:00,P08-M-GREEN
S003979,2026-08-29,Saturday,Basic Crew T-Shirt,Tops,M,Black,1,399.00,0,399.00,UPI,Male,Adult (31-45),Men,INV002004,15:27:00,P01-M-BLACK
S003980,2026-08-29,Saturday,Slim Fit Jeans,Bottoms,32,Black,2,1299.00,0,2598.00,UPI,Male,Adult (31-45),Men,INV002004,15:27:00,P03-32-BLACK
S003981,2026-08-29,Saturday,Kids Ethnic Kurta Set,Ethnic Wear,6-7Y,Mustard,1,999.00,0,999.00,UPI,Male,Adult (31-45),Kids,INV002004,15:27:00,P17-67Y-MUSTARD
S003982,2026-08-29,Saturday,Sandals,Footwear,5,Gold,1,999.00,0,999.00,Card,Female,Teen (13-19),Women,INV002005,12:28:00,P21-5-GOLD
S003983,2026-08-29,Saturday,Polo T-Shirt,Tops,L,Grey,2,699.00,0,1398.00,Card,Female,Teen (13-19),Men,INV002005,12:28:00,P02-L-GREY
S003984,2026-08-29,Saturday,Formal Shirt,Tops,L,Grey,1,999.00,0,999.00,Card,Female,Young Adult (20-30),Men,INV002006,12:27:00,P05-L-GREY
S003985,2026-08-29,Saturday,Women Flats,Footwear,7,Silver,1,799.00,0,799.00,Card,Female,Young Adult (20-30),Women,INV002006,12:27:00,P32-7-SILVER
S003986,2026-08-29,Saturday,Basic Crew T-Shirt,Tops,L,Black,1,399.00,0,399.00,UPI,Male,Adult (31-45),Men,INV002007,11:41:00,P01-L-BLACK
S003987,2026-08-29,Saturday,Basic Crew T-Shirt,Tops,M,Olive,1,399.00,0,399.00,Cash,Female,Young Adult (20-30),Men,INV002008,20:57:00,P01-M-OLIVE
S003988,2026-08-29,Saturday,Women Flats,Footwear,4,Beige,1,799.00,0,799.00,Cash,Female,Young Adult (20-30),Women,INV002008,20:57:00,P32-4-BEIGE
S003989,2026-08-29,Saturday,Palazzo Kurta Set,Ethnic Wear,L,Maroon,1,1399.00,20,1119.20,Cash,Male,Adult (31-45),Women,INV002009,20:55:00,P14-L-MAROON
S003990,2026-08-29,Saturday,Women Flats,Footwear,6,Silver,1,799.00,0,799.00,Cash,Male,Adult (31-45),Women,INV002009,20:55:00,P32-6-SILVER
S003991,2026-08-29,Saturday,Kids Denim Shorts,Bottoms,8-9Y,Black,1,599.00,0,599.00,Cash,Male,Adult (31-45),Kids,INV002009,20:55:00,P16-89Y-BLACK
S003992,2026-08-29,Saturday,Sneakers,Footwear,8,White,1,1499.00,0,1499.00,Cash,Female,Young Adult (20-30),Men,INV002010,17:57:00,P20-8-WHITE
S003993,2026-08-29,Saturday,Crop Top,Tops,L,Black,1,599.00,0,599.00,Cash,Female,Young Adult (20-30),Women,INV002010,17:57:00,P11-L-BLACK
S003994,2026-08-29,Saturday,Cotton Kurti,Ethnic Wear,L,Mustard,1,999.00,0,999.00,UPI,Male,Adult (31-45),Women,INV002011,14:47:00,P07-L-MUSTARD
S003995,2026-08-29,Saturday,Slim Fit Jeans,Bottoms,30,Navy,1,1299.00,0,1299.00,UPI,Male,Adult (31-45),Men,INV002011,14:47:00,P03-30-NAVY
S003996,2026-08-29,Saturday,Women Flats,Footwear,5,Beige,1,799.00,0,799.00,UPI,Female,Adult (31-45),Women,INV002012,16:37:00,P32-5-BEIGE
S003997,2026-08-29,Saturday,Graphic Tee,Tops,L,White,1,499.00,0,499.00,Card,Male,Adult (31-45),Men,INV002013,18:11:00,P06-L-WHITE
S003998,2026-08-29,Saturday,Crop Top,Tops,L,White,1,599.00,0,599.00,UPI,Female,Young Adult (20-30),Women,INV002014,15:07:00,P11-L-WHITE
S003999,2026-08-29,Saturday,Cotton Kurti,Ethnic Wear,M,Teal,1,999.00,0,999.00,UPI,Female,Young Adult (20-30),Women,INV002014,15:07:00,P07-M-TEAL
S004000,2026-08-29,Saturday,Palazzo Kurta Set,Ethnic Wear,M,Teal,1,1399.00,20,1119.20,Card,Female,Young Adult (20-30),Women,INV002015,16:20:00,P14-M-TEAL
S004001,2026-08-29,Saturday,Crop Top,Tops,L,Lavender,1,599.00,0,599.00,Cash,Male,Senior (46+),Women,INV002016,17:31:00,P11-L-LAVENDER
S004002,2026-08-29,Saturday,Printed Top,Tops,M,Blue,1,699.00,0,699.00,Cash,Male,Senior (46+),Women,INV002016,17:31:00,P12-M-BLUE
S004003,2026-08-29,Saturday,Crop Top,Tops,XS,Lavender,1,599.00,0,599.00,UPI,Male,Teen (13-19),Women,INV002017,14:37:00,P11-XS-LAVENDER
S004004,2026-08-29,Saturday,Cotton Kurti,Ethnic Wear,XL,Mustard,1,999.00,0,999.00,UPI,Male,Teen (13-19),Women,INV002017,14:37:00,P07-XL-MUSTARD
S004005,2026-08-29,Saturday,Kids Denim Shorts,Bottoms,2-3Y,Black,1,599.00,0,599.00,UPI,Male,Teen (13-19),Kids,INV002017,14:37:00,P16-23Y-BLACK
S004006,2026-08-29,Saturday,Flip Flops,Footwear,8,Black,1,399.00,0,399.00,UPI,Male,Teen (13-19),Men,INV002017,14:37:00,P23-8-BLACK
S004007,2026-08-29,Saturday,Basic Crew T-Shirt,Tops,M,White,3,399.00,0,1197.00,UPI,Female,Young Adult (20-30),Men,INV002018,20:11:00,P01-M-WHITE
S004008,2026-08-29,Saturday,Wallet,Accessories,OneSize,Tan,1,499.00,0,499.00,UPI,Female,Young Adult (20-30),Accessories,INV002018,20:11:00,P27-ONESIZE-TAN
S004009,2026-08-29,Saturday,Sneakers,Footwear,9,White,1,1499.00,0,1499.00,Card,Male,Senior (46+),Men,INV002019,19:59:00,P20-9-WHITE
S004010,2026-08-29,Saturday,Denim Jeggings,Bottoms,XL,Indigo,1,999.00,0,999.00,UPI,Male,Teen (13-19),Women,INV002020,18:10:00,P10-XL-INDIGO
S004011,2026-08-29,Saturday,Polo T-Shirt,Tops,L,Navy,1,699.00,0,699.00,Card,Female,Adult (31-45),Men,INV002021,19:13:00,P02-L-NAVY
S004012,2026-08-29,Saturday,Belt,Accessories,38,Brown,1,399.00,0,399.00,Card,Female,Adult (31-45),Accessories,INV002021,19:13:00,P26-38-BROWN
S004013,2026-08-29,Saturday,Women Flats,Footwear,6,Silver,1,799.00,0,799.00,UPI,Female,Teen (13-19),Women,INV002022,16:52:00,P32-6-SILVER
S004014,2026-08-29,Saturday,Palazzo Kurta Set,Ethnic Wear,M,Teal,1,1399.00,20,1119.20,UPI,Female,Teen (13-19),Women,INV002023,16:19:00,P14-M-TEAL
S004015,2026-08-29,Saturday,Women Flats,Footwear,5,Black,1,799.00,0,799.00,UPI,Female,Adult (31-45),Women,INV002024,15:28:00,P32-5-BLACK
S004016,2026-08-29,Saturday,Slim Fit Jeans,Bottoms,34,Light Blue,1,1299.00,0,1299.00,UPI,Female,Adult (31-45),Men,INV002024,15:28:00,P03-34-LIGHTBLU
S004017,2026-08-29,Saturday,Denim Jeggings,Bottoms,M,Black,1,999.00,0,999.00,UPI,Female,Adult (31-45),Women,INV002024,15:28:00,P10-M-BLACK
S004018,2026-08-29,Saturday,Sandals,Footwear,5,Gold,1,999.00,0,999.00,Card,Female,Young Adult (20-30),Women,INV002025,20:11:00,P21-5-GOLD
S004019,2026-08-29,Saturday,Cotton Kurti,Ethnic Wear,L,Teal,1,999.00,0,999.00,Card,Female,Young Adult (20-30),Women,INV002025,20:11:00,P07-L-TEAL
S004020,2026-08-29,Saturday,Crop Top,Tops,M,Lavender,1,599.00,0,599.00,Card,Female,Young Adult (20-30),Women,INV002025,20:11:00,P11-M-LAVENDER
S004021,2026-08-29,Saturday,Polo T-Shirt,Tops,M,Navy,1,699.00,0,699.00,UPI,Female,Young Adult (20-30),Men,INV002026,20:36:00,P02-M-NAVY
S004022,2026-08-29,Saturday,Chino Trousers,Bottoms,34,Beige,1,1099.00,0,1099.00,UPI,Female,Young Adult (20-30),Men,INV002026,20:36:00,P04-34-BEIGE
S004023,2026-08-29,Saturday,Denim Jeggings,Bottoms,L,Black,1,999.00,0,999.00,UPI,Female,Teen (13-19),Women,INV002027,13:55:00,P10-L-BLACK
S004024,2026-08-29,Saturday,Sandals,Footwear,6,Tan,1,999.00,0,999.00,UPI,Female,Teen (13-19),Women,INV002027,13:55:00,P21-6-TAN
S004025,2026-08-29,Saturday,Sandals,Footwear,8,Black,1,999.00,0,999.00,Card,Male,Young Adult (20-30),Women,INV002028,10:48:00,P21-8-BLACK
S004026,2026-08-29,Saturday,Cotton Kurti,Ethnic Wear,XL,Mustard,1,999.00,0,999.00,Card,Male,Young Adult (20-30),Women,INV002028,10:48:00,P07-XL-MUSTARD
S004027,2026-08-29,Saturday,Flip Flops,Footwear,10,Grey,1,399.00,0,399.00,Card,Male,Young Adult (20-30),Men,INV002028,10:48:00,P23-10-GREY
S004028,2026-08-29,Saturday,Kids Sports Shoes,Footwear,12C,Black,1,899.00,0,899.00,UPI,Male,Adult (31-45),Kids,INV002029,18:28:00,P22-12C-BLACK
S004029,2026-08-29,Saturday,Crop Top,Tops,S,Lavender,1,599.00,0,599.00,UPI,Male,Adult (31-45),Women,INV002029,18:28:00,P11-S-LAVENDER
S004030,2026-08-29,Saturday,Kids Cartoon Tee,Tops,4-5Y,Yellow,1,399.00,0,399.00,Card,Male,Adult (31-45),Kids,INV002030,13:47:00,P15-45Y-YELLOW
S004031,2026-08-29,Saturday,Denim Jeggings,Bottoms,L,Black,1,999.00,0,999.00,Card,Male,Adult (31-45),Women,INV002030,13:47:00,P10-L-BLACK
S004032,2026-08-29,Saturday,Straight Pants,Bottoms,M,Beige,1,799.00,0,799.00,Card,Male,Adult (31-45),Women,INV002030,13:47:00,P09-M-BEIGE
S004033,2026-08-29,Saturday,Kids Sports Shoes,Footwear,1Y,Blue,2,899.00,0,1798.00,UPI,Other,Young Adult (20-30),Kids,INV002031,16:19:00,P22-1Y-BLUE
S004034,2026-08-29,Saturday,Women Flats,Footwear,4,Silver,2,799.00,0,1598.00,UPI,Other,Young Adult (20-30),Women,INV002031,16:19:00,P32-4-SILVER
S004035,2026-08-29,Saturday,Printed Top,Tops,XS,Red,1,699.00,0,699.00,UPI,Male,Adult (31-45),Women,INV002032,13:43:00,P12-XS-RED
S004036,2026-08-29,Saturday,Palazzo Kurta Set,Ethnic Wear,XL,Mustard,1,1399.00,20,1119.20,UPI,Male,Adult (31-45),Women,INV002032,13:43:00,P14-XL-MUSTARD
S004037,2026-08-29,Saturday,Straight Pants,Bottoms,S,Beige,1,799.00,0,799.00,UPI,Male,Adult (31-45),Women,INV002032,13:43:00,P09-S-BEIGE
S004038,2026-08-29,Saturday,Wallet,Accessories,OneSize,Brown,1,499.00,0,499.00,UPI,Female,Young Adult (20-30),Accessories,INV002033,12:20:00,P27-ONESIZE-BROWN
S004039,2026-08-29,Saturday,Straight Pants,Bottoms,L,Black,1,799.00,0,799.00,UPI,Female,Young Adult (20-30),Women,INV002033,12:20:00,P09-L-BLACK
S004040,2026-08-29,Saturday,Basic Crew T-Shirt,Tops,L,Black,1,399.00,0,399.00,UPI,Male,Teen (13-19),Men,INV002034,19:08:00,P01-L-BLACK
S004041,2026-08-29,Saturday,Sandals,Footwear,6,Tan,1,999.00,0,999.00,UPI,Male,Teen (13-19),Women,INV002034,19:08:00,P21-6-TAN
S004042,2026-08-29,Saturday,Belt,Accessories,34,Black,1,399.00,0,399.00,UPI,Male,Teen (13-19),Accessories,INV002034,19:08:00,P26-34-BLACK
S004043,2026-08-29,Saturday,Basic Crew T-Shirt,Tops,XL,White,2,399.00,0,798.00,Card,Female,Teen (13-19),Men,INV002035,17:27:00,P01-XL-WHITE
S004044,2026-08-29,Saturday,Cotton Kurti,Ethnic Wear,L,Maroon,1,999.00,0,999.00,Card,Female,Teen (13-19),Women,INV002035,17:27:00,P07-L-MAROON
S004045,2026-08-29,Saturday,Straight Pants,Bottoms,L,Black,1,799.00,0,799.00,Card,Female,Teen (13-19),Women,INV002035,17:27:00,P09-L-BLACK
S004046,2026-08-29,Saturday,Basic Crew T-Shirt,Tops,M,Black,2,399.00,0,798.00,Card,Female,Teen (13-19),Men,INV002035,17:27:00,P01-M-BLACK
S004047,2026-08-29,Saturday,Straight Pants,Bottoms,L,Beige,1,799.00,0,799.00,Cash,Male,Young Adult (20-30),Women,INV002036,21:21:00,P09-L-BEIGE
S004048,2026-08-29,Saturday,Slim Fit Jeans,Bottoms,34,Black,2,1299.00,0,2598.00,Cash,Male,Young Adult (20-30),Men,INV002036,21:21:00,P03-34-BLACK
S004049,2026-08-29,Saturday,Graphic Tee,Tops,L,Red,1,499.00,0,499.00,Cash,Male,Young Adult (20-30),Men,INV002036,21:21:00,P06-L-RED
S004050,2026-08-29,Saturday,Chino Trousers,Bottoms,36,Olive,1,1099.00,0,1099.00,UPI,Female,Teen (13-19),Men,INV002037,19:50:00,P04-36-OLIVE
S004051,2026-08-29,Saturday,Cotton Kurti,Ethnic Wear,L,Teal,1,999.00,0,999.00,UPI,Female,Teen (13-19),Women,INV002037,19:50:00,P07-L-TEAL
S004052,2026-08-29,Saturday,Basic Crew T-Shirt,Tops,L,White,1,399.00,0,399.00,UPI,Female,Teen (13-19),Men,INV002037,19:50:00,P01-L-WHITE
S004053,2026-08-29,Saturday,Printed Top,Tops,M,White,1,699.00,0,699.00,UPI,Male,Young Adult (20-30),Women,INV002038,16:52:00,P12-M-WHITE
S004054,2026-08-29,Saturday,Chino Trousers,Bottoms,32,Beige,1,1099.00,0,1099.00,UPI,Male,Young Adult (20-30),Men,INV002038,16:52:00,P04-32-BEIGE
S004055,2026-08-29,Saturday,Denim Jeggings,Bottoms,M,Black,2,999.00,0,1998.00,UPI,Male,Young Adult (20-30),Women,INV002038,16:52:00,P10-M-BLACK
S004056,2026-08-29,Saturday,Formal Shirt,Tops,L,White,1,999.00,0,999.00,UPI,Female,Young Adult (20-30),Men,INV002039,18:59:00,P05-L-WHITE
S004057,2026-08-29,Saturday,Wallet,Accessories,OneSize,Black,1,499.00,0,499.00,UPI,Female,Young Adult (20-30),Accessories,INV002039,18:59:00,P27-ONESIZE-BLACK
S004058,2026-08-29,Saturday,Palazzo Kurta Set,Ethnic Wear,XL,Mustard,1,1399.00,20,1119.20,UPI,Male,Young Adult (20-30),Women,INV002040,17:33:00,P14-XL-MUSTARD
S004059,2026-08-29,Saturday,Palazzo Kurta Set,Ethnic Wear,M,Mustard,1,1399.00,20,1119.20,UPI,Female,Young Adult (20-30),Women,INV002041,18:44:00,P14-M-MUSTARD
S004060,2026-08-29,Saturday,Printed Top,Tops,XS,Blue,1,699.00,0,699.00,UPI,Female,Young Adult (20-30),Women,INV002041,18:44:00,P12-XS-BLUE
S004061,2026-08-29,Saturday,Women Flats,Footwear,4,Black,1,799.00,0,799.00,UPI,Female,Young Adult (20-30),Women,INV002041,18:44:00,P32-4-BLACK
S004062,2026-08-29,Saturday,Sandals,Footwear,6,Gold,1,999.00,0,999.00,UPI,Female,Young Adult (20-30),Women,INV002041,18:44:00,P21-6-GOLD
S004063,2026-08-29,Saturday,Basic Crew T-Shirt,Tops,M,White,2,399.00,0,798.00,UPI,Female,Young Adult (20-30),Men,INV002042,20:35:00,P01-M-WHITE
S004064,2026-08-29,Saturday,Women Flats,Footwear,5,Black,1,799.00,0,799.00,UPI,Female,Young Adult (20-30),Women,INV002042,20:35:00,P32-5-BLACK
S004065,2026-08-29,Saturday,Palazzo Kurta Set,Ethnic Wear,S,Mustard,1,1399.00,20,1119.20,Card,Female,Adult (31-45),Women,INV002043,20:02:00,P14-S-MUSTARD
S004066,2026-08-29,Saturday,Chino Trousers,Bottoms,32,Olive,1,1099.00,0,1099.00,Cash,Male,Adult (31-45),Men,INV002044,12:12:00,P04-32-OLIVE
S004067,2026-08-29,Saturday,Crop Top,Tops,S,Lavender,1,599.00,0,599.00,Cash,Male,Adult (31-45),Women,INV002044,12:12:00,P11-S-LAVENDER
S004068,2026-08-29,Saturday,Basic Crew T-Shirt,Tops,L,Navy,1,399.00,0,399.00,Card,Male,Young Adult (20-30),Men,INV002045,19:53:00,P01-L-NAVY
S004069,2026-08-29,Saturday,Basic Crew T-Shirt,Tops,M,Olive,1,399.00,0,399.00,Card,Male,Young Adult (20-30),Men,INV002045,19:53:00,P01-M-OLIVE
S004070,2026-08-29,Saturday,Crop Top,Tops,L,White,1,599.00,0,599.00,Card,Male,Young Adult (20-30),Women,INV002045,19:53:00,P11-L-WHITE
S004071,2026-08-29,Saturday,Basic Crew T-Shirt,Tops,M,White,1,399.00,0,399.00,Card,Male,Young Adult (20-30),Men,INV002045,19:53:00,P01-M-WHITE
S004072,2026-08-29,Saturday,Crop Top,Tops,L,Black,1,599.00,0,599.00,UPI,Female,Adult (31-45),Women,INV002046,10:49:00,P11-L-BLACK
S004073,2026-08-29,Saturday,Crop Top,Tops,L,White,1,599.00,0,599.00,UPI,Female,Adult (31-45),Women,INV002046,10:49:00,P11-L-WHITE
S004074,2026-08-29,Saturday,Polo T-Shirt,Tops,L,Grey,1,699.00,0,699.00,Card,Male,Young Adult (20-30),Men,INV002047,15:57:00,P02-L-GREY
S004075,2026-08-29,Saturday,Formal Shirt,Tops,L,White,1,999.00,0,999.00,Card,Male,Young Adult (20-30),Men,INV002047,15:57:00,P05-L-WHITE
S004076,2026-08-29,Saturday,Slim Fit Jeans,Bottoms,32,Black,1,1299.00,0,1299.00,UPI,Male,Young Adult (20-30),Men,INV002048,13:12:00,P03-32-BLACK
S004077,2026-08-29,Saturday,Basic Crew T-Shirt,Tops,XL,Black,1,399.00,0,399.00,UPI,Male,Young Adult (20-30),Men,INV002048,13:12:00,P01-XL-BLACK
S004078,2026-08-29,Saturday,Cotton Kurti,Ethnic Wear,L,Mustard,1,999.00,0,999.00,UPI,Female,Young Adult (20-30),Women,INV002049,15:15:00,P07-L-MUSTARD
S004079,2026-08-29,Saturday,Straight Pants,Bottoms,M,Navy,1,799.00,0,799.00,UPI,Female,Young Adult (20-30),Women,INV002049,15:15:00,P09-M-NAVY
S004080,2026-08-29,Saturday,Sling Bag,Accessories,OneSize,Black,1,699.00,0,699.00,UPI,Female,Young Adult (20-30),Accessories,INV002049,15:15:00,P25-ONESIZE-BLACK
S004081,2026-08-29,Saturday,Flip Flops,Footwear,8,Black,1,399.00,0,399.00,UPI,Female,Young Adult (20-30),Men,INV002049,15:15:00,P23-8-BLACK
S004082,2026-08-29,Saturday,Printed Top,Tops,M,Blue,1,699.00,0,699.00,UPI,Male,Teen (13-19),Women,INV002050,17:06:00,P12-M-BLUE
S004083,2026-08-29,Saturday,Chino Trousers,Bottoms,30,Olive,1,1099.00,0,1099.00,UPI,Male,Teen (13-19),Men,INV002050,17:06:00,P04-30-OLIVE
S004084,2026-08-29,Saturday,Ethnic Dupatta,Accessories,OneSize,Mustard,1,599.00,0,599.00,UPI,Male,Teen (13-19),Women,INV002050,17:06:00,P31-ONESIZE-MUSTARD
S004085,2026-08-29,Saturday,Printed Top,Tops,M,Blue,1,699.00,0,699.00,Cash,Female,Adult (31-45),Women,INV002051,19:58:00,P12-M-BLUE
S004086,2026-08-29,Saturday,Ethnic Dupatta,Accessories,OneSize,Red,1,599.00,0,599.00,Cash,Female,Adult (31-45),Women,INV002051,19:58:00,P31-ONESIZE-RED
S004087,2026-08-29,Saturday,Cotton Kurti,Ethnic Wear,L,Maroon,2,999.00,0,1998.00,Card,Other,Young Adult (20-30),Women,INV002052,14:21:00,P07-L-MAROON
S004088,2026-08-29,Saturday,Sneakers,Footwear,8,Black,1,1499.00,0,1499.00,Card,Other,Young Adult (20-30),Men,INV002052,14:21:00,P20-8-BLACK
S004089,2026-08-29,Saturday,Printed Top,Tops,L,Red,1,699.00,0,699.00,Cash,Female,Adult (31-45),Women,INV002053,17:14:00,P12-L-RED
S004090,2026-08-29,Saturday,Sandals,Footwear,6,Black,1,999.00,0,999.00,Cash,Female,Adult (31-45),Women,INV002053,17:14:00,P21-6-BLACK
S004091,2026-08-29,Saturday,Straight Pants,Bottoms,M,Navy,1,799.00,0,799.00,Cash,Female,Adult (31-45),Women,INV002053,17:14:00,P09-M-NAVY
S004092,2026-08-29,Saturday,Denim Jeggings,Bottoms,L,Indigo,1,999.00,0,999.00,Cash,Female,Adult (31-45),Women,INV002053,17:14:00,P10-L-INDIGO
S004093,2026-08-29,Saturday,Women Flats,Footwear,7,Beige,1,799.00,0,799.00,UPI,Male,Young Adult (20-30),Women,INV002054,15:40:00,P32-7-BEIGE
S004094,2026-08-29,Saturday,Straight Pants,Bottoms,L,Black,1,799.00,0,799.00,UPI,Male,Young Adult (20-30),Women,INV002054,15:40:00,P09-L-BLACK
S004095,2026-08-29,Saturday,Kids Denim Shorts,Bottoms,8-9Y,Black,1,599.00,0,599.00,Card,Female,Adult (31-45),Kids,INV002055,15:58:00,P16-89Y-BLACK
S004096,2026-08-29,Saturday,Cotton Kurti,Ethnic Wear,L,Mustard,1,999.00,0,999.00,Card,Female,Adult (31-45),Women,INV002055,15:58:00,P07-L-MUSTARD
S004097,2026-08-29,Saturday,Kids Joggers,Bottoms,4-5Y,Navy,1,699.00,0,699.00,Card,Female,Adult (31-45),Kids,INV002055,15:58:00,P19-45Y-NAVY
S004098,2026-08-29,Saturday,Kids Cartoon Tee,Tops,8-9Y,Red,1,399.00,0,399.00,Cash,Female,Adult (31-45),Kids,INV002056,14:56:00,P15-89Y-RED
S004099,2026-08-29,Saturday,Kids Denim Shorts,Bottoms,4-5Y,Blue,1,599.00,0,599.00,Cash,Female,Adult (31-45),Kids,INV002056,14:56:00,P16-45Y-BLUE
S004100,2026-08-29,Saturday,Graphic Tee,Tops,S,White,1,499.00,0,499.00,Cash,Female,Adult (31-45),Men,INV002056,14:56:00,P06-S-WHITE
S004101,2026-08-29,Saturday,Kids Sports Shoes,Footwear,12C,Pink,1,899.00,0,899.00,Cash,Female,Young Adult (20-30),Kids,INV002057,19:38:00,P22-12C-PINK
S004102,2026-08-29,Saturday,Slim Fit Jeans,Bottoms,36,Black,1,1299.00,0,1299.00,Cash,Female,Young Adult (20-30),Men,INV002057,19:38:00,P03-36-BLACK
S004103,2026-08-29,Saturday,Graphic Tee,Tops,M,Red,1,499.00,0,499.00,Cash,Female,Young Adult (20-30),Men,INV002057,19:38:00,P06-M-RED
S004104,2026-08-29,Saturday,Kids Joggers,Bottoms,4-5Y,Black,1,699.00,0,699.00,Cash,Female,Young Adult (20-30),Kids,INV002057,19:38:00,P19-45Y-BLACK
S004105,2026-08-29,Saturday,Cotton Kurti,Ethnic Wear,L,Mustard,1,999.00,0,999.00,Cash,Female,Adult (31-45),Women,INV002058,13:02:00,P07-L-MUSTARD
S004106,2026-08-29,Saturday,Sandals,Footwear,8,Gold,1,999.00,0,999.00,Cash,Female,Adult (31-45),Women,INV002059,12:45:00,P21-8-GOLD
S004107,2026-08-29,Saturday,Belt,Accessories,32,Black,2,399.00,0,798.00,Cash,Female,Adult (31-45),Accessories,INV002059,12:45:00,P26-32-BLACK
S004108,2026-08-29,Saturday,Cotton Kurti,Ethnic Wear,XL,Maroon,2,999.00,0,1998.00,Cash,Female,Adult (31-45),Women,INV002059,12:45:00,P07-XL-MAROON
S004109,2026-08-29,Saturday,Kids Lehenga Set,Ethnic Wear,2-3Y,Peach,1,1299.00,20,1039.20,Card,Female,Teen (13-19),Kids,INV002060,20:53:00,P18-23Y-PEACH
S004110,2026-08-29,Saturday,Denim Jeggings,Bottoms,M,Indigo,1,999.00,0,999.00,Card,Female,Teen (13-19),Women,INV002060,20:53:00,P10-M-INDIGO
S004111,2026-08-29,Saturday,Straight Pants,Bottoms,M,Beige,1,799.00,0,799.00,Card,Male,Young Adult (20-30),Women,INV002061,20:39:00,P09-M-BEIGE
S004112,2026-08-29,Saturday,Palazzo Kurta Set,Ethnic Wear,L,Maroon,1,1399.00,20,1119.20,Card,Female,Adult (31-45),Women,INV002062,21:24:00,P14-L-MAROON
S004113,2026-08-29,Saturday,Kids Sports Shoes,Footwear,10C,Pink,1,899.00,0,899.00,Card,Female,Adult (31-45),Kids,INV002062,21:24:00,P22-10C-PINK
S004114,2026-08-29,Saturday,Floral Kurti,Ethnic Wear,L,Pink,1,1199.00,0,1199.00,Cash,Female,Young Adult (20-30),Women,INV002063,12:04:00,P08-L-PINK
S004115,2026-08-29,Saturday,Polo T-Shirt,Tops,L,Grey,1,699.00,0,699.00,Card,Male,Young Adult (20-30),Men,INV002064,20:44:00,P02-L-GREY
S004116,2026-08-29,Saturday,Formal Shirt,Tops,L,White,1,999.00,0,999.00,Card,Male,Young Adult (20-30),Men,INV002064,20:44:00,P05-L-WHITE
S004117,2026-08-29,Saturday,Flip Flops,Footwear,8,Grey,2,399.00,0,798.00,Card,Male,Young Adult (20-30),Men,INV002064,20:44:00,P23-8-GREY
S004118,2026-08-29,Saturday,Flip Flops,Footwear,10,Grey,3,399.00,0,1197.00,Card,Female,Adult (31-45),Men,INV002065,15:29:00,P23-10-GREY
S004119,2026-08-29,Saturday,Denim Jeggings,Bottoms,XL,Black,1,999.00,0,999.00,UPI,Female,Teen (13-19),Women,INV002066,14:57:00,P10-XL-BLACK
S004120,2026-08-29,Saturday,Slim Fit Jeans,Bottoms,36,Navy,1,1299.00,0,1299.00,UPI,Female,Adult (31-45),Men,INV002067,15:18:00,P03-36-NAVY
S004121,2026-08-29,Saturday,Kids Joggers,Bottoms,2-3Y,Navy,1,699.00,0,699.00,UPI,Female,Adult (31-45),Kids,INV002067,15:18:00,P19-23Y-NAVY
S004122,2026-08-29,Saturday,Floral Kurti,Ethnic Wear,M,Green,1,1199.00,0,1199.00,UPI,Female,Adult (31-45),Women,INV002067,15:18:00,P08-M-GREEN
S004123,2026-08-29,Saturday,Kids Sports Shoes,Footwear,11C,Pink,1,899.00,0,899.00,UPI,Female,Adult (31-45),Kids,INV002067,15:18:00,P22-11C-PINK
S004124,2026-08-29,Saturday,Printed Top,Tops,L,Blue,2,699.00,0,1398.00,Card,Female,Young Adult (20-30),Women,INV002068,12:55:00,P12-L-BLUE
S004125,2026-08-29,Saturday,Crop Top,Tops,XS,Black,2,599.00,0,1198.00,Card,Female,Young Adult (20-30),Women,INV002068,12:55:00,P11-XS-BLACK
S004126,2026-08-29,Saturday,Basic Crew T-Shirt,Tops,L,Black,1,399.00,0,399.00,Card,Male,Young Adult (20-30),Men,INV002069,16:49:00,P01-L-BLACK
S004127,2026-08-29,Saturday,Hair Accessories Set,Accessories,OneSize,Multicolor,2,199.00,0,398.00,Card,Male,Young Adult (20-30),Accessories,INV002069,16:49:00,P28-ONESIZE-MULTICOL
S004128,2026-08-29,Saturday,Kids Denim Shorts,Bottoms,8-9Y,Blue,2,599.00,0,1198.00,Card,Male,Young Adult (20-30),Kids,INV002069,16:49:00,P16-89Y-BLUE
S004129,2026-08-29,Saturday,Straight Pants,Bottoms,L,Navy,1,799.00,0,799.00,Card,Female,Young Adult (20-30),Women,INV002070,16:39:00,P09-L-NAVY
S004130,2026-08-29,Saturday,Kids Cartoon Tee,Tops,4-5Y,Red,1,399.00,0,399.00,Card,Female,Young Adult (20-30),Kids,INV002070,16:39:00,P15-45Y-RED
S004131,2026-08-29,Saturday,Printed Top,Tops,XS,White,2,699.00,0,1398.00,Card,Female,Adult (31-45),Women,INV002071,18:40:00,P12-XS-WHITE
S004132,2026-08-29,Saturday,Kids Joggers,Bottoms,6-7Y,Black,1,699.00,0,699.00,Card,Female,Adult (31-45),Kids,INV002071,18:40:00,P19-67Y-BLACK
S004133,2026-08-29,Saturday,Straight Pants,Bottoms,L,Navy,1,799.00,0,799.00,Card,Female,Adult (31-45),Women,INV002071,18:40:00,P09-L-NAVY
S004134,2026-08-29,Saturday,Polo T-Shirt,Tops,XL,Navy,1,699.00,0,699.00,UPI,Other,Teen (13-19),Men,INV002072,14:41:00,P02-XL-NAVY
S004135,2026-08-29,Saturday,Slim Fit Jeans,Bottoms,30,Black,1,1299.00,0,1299.00,UPI,Other,Teen (13-19),Men,INV002072,14:41:00,P03-30-BLACK
S004136,2026-08-29,Saturday,Denim Jeggings,Bottoms,XL,Indigo,1,999.00,0,999.00,UPI,Female,Teen (13-19),Women,INV002073,14:41:00,P10-XL-INDIGO
S004137,2026-08-29,Saturday,Women Flats,Footwear,7,Black,2,799.00,0,1598.00,UPI,Female,Teen (13-19),Women,INV002073,14:41:00,P32-7-BLACK
S004138,2026-08-29,Saturday,Women Flats,Footwear,8,Silver,1,799.00,0,799.00,UPI,Female,Adult (31-45),Women,INV002074,13:50:00,P32-8-SILVER
S004139,2026-08-29,Saturday,Denim Jeggings,Bottoms,L,Indigo,1,999.00,0,999.00,UPI,Female,Adult (31-45),Women,INV002074,13:50:00,P10-L-INDIGO
S004140,2026-08-29,Saturday,Straight Pants,Bottoms,L,Navy,1,799.00,0,799.00,UPI,Female,Adult (31-45),Women,INV002074,13:50:00,P09-L-NAVY
S004141,2026-08-29,Saturday,Chino Trousers,Bottoms,34,Navy,1,1099.00,0,1099.00,UPI,Other,Young Adult (20-30),Men,INV002075,19:27:00,P04-34-NAVY
S004142,2026-08-30,Sunday,Belt,Accessories,34,Brown,1,399.00,0,399.00,Card,Female,Adult (31-45),Accessories,INV002076,19:25:00,P26-34-BROWN
S004143,2026-08-30,Sunday,Polo T-Shirt,Tops,M,Navy,1,699.00,0,699.00,Card,Female,Adult (31-45),Men,INV002076,19:25:00,P02-M-NAVY
S004144,2026-08-30,Sunday,Printed Top,Tops,L,Blue,1,699.00,0,699.00,Card,Male,Young Adult (20-30),Women,INV002077,12:16:00,P12-L-BLUE
S004145,2026-08-30,Sunday,Crop Top,Tops,L,Black,2,599.00,0,1198.00,Card,Male,Young Adult (20-30),Women,INV002077,12:16:00,P11-L-BLACK
S004146,2026-08-30,Sunday,Hair Accessories Set,Accessories,OneSize,Pink,1,199.00,0,199.00,UPI,Male,Adult (31-45),Accessories,INV002078,19:57:00,P28-ONESIZE-PINK
S004147,2026-08-30,Sunday,Kids Sports Shoes,Footwear,10C,Pink,1,899.00,0,899.00,UPI,Male,Adult (31-45),Kids,INV002079,16:19:00,P22-10C-PINK
S004148,2026-08-30,Sunday,Formal Shirt,Tops,M,Grey,1,999.00,0,999.00,UPI,Female,Young Adult (20-30),Men,INV002080,14:54:00,P05-M-GREY
S004149,2026-08-30,Sunday,Kids Sports Shoes,Footwear,12C,Black,1,899.00,0,899.00,UPI,Female,Young Adult (20-30),Kids,INV002080,14:54:00,P22-12C-BLACK
S004150,2026-08-30,Sunday,Crop Top,Tops,S,White,2,599.00,0,1198.00,Card,Female,Young Adult (20-30),Women,INV002081,13:39:00,P11-S-WHITE
S004151,2026-08-30,Sunday,Straight Pants,Bottoms,L,Navy,1,799.00,0,799.00,Card,Female,Young Adult (20-30),Women,INV002081,13:39:00,P09-L-NAVY
S004152,2026-08-30,Sunday,Graphic Tee,Tops,L,Red,1,499.00,0,499.00,Card,Male,Young Adult (20-30),Men,INV002082,14:33:00,P06-L-RED
S004153,2026-08-30,Sunday,Cotton Kurti,Ethnic Wear,L,Mustard,1,999.00,0,999.00,Card,Male,Young Adult (20-30),Women,INV002082,14:33:00,P07-L-MUSTARD
S004154,2026-08-30,Sunday,Basic Crew T-Shirt,Tops,XL,Black,1,399.00,0,399.00,Card,Female,Adult (31-45),Men,INV002083,12:22:00,P01-XL-BLACK
S004155,2026-08-30,Sunday,Flip Flops,Footwear,10,Navy,2,399.00,0,798.00,Card,Female,Adult (31-45),Men,INV002083,12:22:00,P23-10-NAVY
S004156,2026-08-30,Sunday,Kids Denim Shorts,Bottoms,4-5Y,Black,1,599.00,0,599.00,Cash,Male,Adult (31-45),Kids,INV002084,13:20:00,P16-45Y-BLACK
S004157,2026-08-30,Sunday,Chino Trousers,Bottoms,36,Olive,1,1099.00,0,1099.00,Cash,Male,Adult (31-45),Men,INV002084,13:20:00,P04-36-OLIVE
S004158,2026-08-30,Sunday,Kids Cartoon Tee,Tops,4-5Y,Yellow,1,399.00,0,399.00,Cash,Male,Adult (31-45),Kids,INV002084,13:20:00,P15-45Y-YELLOW
S004159,2026-08-30,Sunday,Palazzo Kurta Set,Ethnic Wear,L,Maroon,1,1399.00,20,1119.20,Card,Male,Adult (31-45),Women,INV002085,17:47:00,P14-L-MAROON
S004160,2026-08-30,Sunday,Cotton Kurti,Ethnic Wear,L,Maroon,1,999.00,0,999.00,UPI,Female,Young Adult (20-30),Women,INV002086,10:51:00,P07-L-MAROON
S004161,2026-08-30,Sunday,Women Flats,Footwear,5,Black,3,799.00,0,2397.00,UPI,Female,Young Adult (20-30),Women,INV002086,10:51:00,P32-5-BLACK
S004162,2026-08-30,Sunday,Printed Top,Tops,XS,Blue,1,699.00,0,699.00,UPI,Female,Young Adult (20-30),Women,INV002086,10:51:00,P12-XS-BLUE
S004163,2026-08-30,Sunday,Formal Shirt,Tops,M,Grey,1,999.00,0,999.00,UPI,Male,Senior (46+),Men,INV002087,13:18:00,P05-M-GREY
S004164,2026-08-30,Sunday,Polo T-Shirt,Tops,L,Navy,1,699.00,0,699.00,UPI,Male,Senior (46+),Men,INV002087,13:18:00,P02-L-NAVY
S004165,2026-08-30,Sunday,Kids Sports Shoes,Footwear,11C,Blue,1,899.00,0,899.00,UPI,Male,Senior (46+),Kids,INV002087,13:18:00,P22-11C-BLUE
S004166,2026-08-30,Sunday,Crop Top,Tops,S,Black,1,599.00,0,599.00,UPI,Female,Adult (31-45),Women,INV002088,19:06:00,P11-S-BLACK
S004167,2026-08-30,Sunday,Formal Shirt,Tops,XL,Blue,1,999.00,0,999.00,UPI,Female,Adult (31-45),Men,INV002088,19:06:00,P05-XL-BLUE
S004168,2026-08-30,Sunday,Cotton Kurti,Ethnic Wear,L,Teal,1,999.00,0,999.00,UPI,Female,Young Adult (20-30),Women,INV002089,17:00:00,P07-L-TEAL
S004169,2026-08-30,Sunday,Ethnic Dupatta,Accessories,OneSize,Mustard,2,599.00,0,1198.00,UPI,Female,Young Adult (20-30),Women,INV002089,17:00:00,P31-ONESIZE-MUSTARD
S004170,2026-08-30,Sunday,Slim Fit Jeans,Bottoms,32,Navy,1,1299.00,0,1299.00,UPI,Other,Adult (31-45),Men,INV002090,20:39:00,P03-32-NAVY
S004171,2026-08-30,Sunday,Sneakers,Footwear,8,White,1,1499.00,0,1499.00,Card,Male,Adult (31-45),Men,INV002091,14:05:00,P20-8-WHITE
S004172,2026-08-30,Sunday,Graphic Tee,Tops,L,Black,1,499.00,0,499.00,Card,Male,Adult (31-45),Men,INV002091,14:05:00,P06-L-BLACK
S004173,2026-08-30,Sunday,Kids Cartoon Tee,Tops,6-7Y,Blue,1,399.00,0,399.00,Card,Male,Adult (31-45),Kids,INV002091,14:05:00,P15-67Y-BLUE
S004174,2026-08-30,Sunday,Formal Shirt,Tops,XL,Grey,1,999.00,0,999.00,UPI,Female,Teen (13-19),Men,INV002092,12:37:00,P05-XL-GREY
S004175,2026-08-30,Sunday,Basic Crew T-Shirt,Tops,M,White,1,399.00,0,399.00,UPI,Female,Young Adult (20-30),Men,INV002093,19:49:00,P01-M-WHITE
S004176,2026-08-30,Sunday,Ethnic Dupatta,Accessories,OneSize,Green,1,599.00,0,599.00,UPI,Female,Young Adult (20-30),Women,INV002093,19:49:00,P31-ONESIZE-GREEN
S004177,2026-08-30,Sunday,Basic Crew T-Shirt,Tops,M,Black,2,399.00,0,798.00,UPI,Female,Young Adult (20-30),Men,INV002093,19:49:00,P01-M-BLACK
S004178,2026-08-30,Sunday,Anarkali Kurta Set,Ethnic Wear,XL,Navy,2,1799.00,50,1799.00,UPI,Female,Young Adult (20-30),Women,INV002093,19:49:00,P13-XL-NAVY
S004179,2026-08-30,Sunday,Graphic Tee,Tops,L,White,2,499.00,0,998.00,UPI,Male,Adult (31-45),Men,INV002094,15:24:00,P06-L-WHITE
S004180,2026-08-30,Sunday,Flip Flops,Footwear,9,Grey,1,399.00,0,399.00,Cash,Male,Teen (13-19),Men,INV002095,21:26:00,P23-9-GREY
S004181,2026-08-30,Sunday,Graphic Tee,Tops,M,Black,1,499.00,0,499.00,Cash,Male,Teen (13-19),Men,INV002095,21:26:00,P06-M-BLACK
S004182,2026-08-30,Sunday,Polo T-Shirt,Tops,XL,Navy,1,699.00,0,699.00,UPI,Male,Young Adult (20-30),Men,INV002096,16:47:00,P02-XL-NAVY
S004183,2026-08-30,Sunday,Kids Ethnic Kurta Set,Ethnic Wear,2-3Y,Green,1,999.00,0,999.00,UPI,Male,Young Adult (20-30),Kids,INV002096,16:47:00,P17-23Y-GREEN
S004184,2026-08-30,Sunday,Printed Top,Tops,S,Blue,1,699.00,0,699.00,UPI,Male,Young Adult (20-30),Women,INV002096,16:47:00,P12-S-BLUE
S004185,2026-08-30,Sunday,Basic Crew T-Shirt,Tops,S,Navy,1,399.00,0,399.00,UPI,Male,Teen (13-19),Men,INV002097,20:27:00,P01-S-NAVY
S004186,2026-08-30,Sunday,Basic Crew T-Shirt,Tops,L,Olive,1,399.00,0,399.00,UPI,Male,Teen (13-19),Men,INV002097,20:27:00,P01-L-OLIVE
S004187,2026-08-30,Sunday,Flip Flops,Footwear,7,Black,1,399.00,0,399.00,UPI,Male,Teen (13-19),Men,INV002097,20:27:00,P23-7-BLACK
S004188,2026-08-30,Sunday,Basic Crew T-Shirt,Tops,M,Olive,1,399.00,0,399.00,UPI,Male,Teen (13-19),Men,INV002097,20:27:00,P01-M-OLIVE
S004189,2026-08-30,Sunday,Kids Joggers,Bottoms,6-7Y,Navy,1,699.00,0,699.00,UPI,Male,Young Adult (20-30),Kids,INV002098,20:45:00,P19-67Y-NAVY
S004190,2026-08-30,Sunday,Palazzo Kurta Set,Ethnic Wear,XL,Teal,1,1399.00,20,1119.20,UPI,Male,Young Adult (20-30),Women,INV002098,20:45:00,P14-XL-TEAL
S004191,2026-08-30,Sunday,Sneakers,Footwear,8,Black,1,1499.00,0,1499.00,UPI,Male,Adult (31-45),Men,INV002099,21:28:00,P20-8-BLACK
S004192,2026-08-30,Sunday,Basic Crew T-Shirt,Tops,S,Navy,1,399.00,0,399.00,UPI,Male,Adult (31-45),Men,INV002099,21:28:00,P01-S-NAVY
S004193,2026-08-30,Sunday,Kids Joggers,Bottoms,6-7Y,Black,1,699.00,0,699.00,UPI,Male,Adult (31-45),Kids,INV002099,21:28:00,P19-67Y-BLACK
S004194,2026-08-30,Sunday,Floral Kurti,Ethnic Wear,S,Green,1,1199.00,0,1199.00,UPI,Male,Young Adult (20-30),Women,INV002100,18:29:00,P08-S-GREEN
S004195,2026-08-30,Sunday,Slim Fit Jeans,Bottoms,30,Black,1,1299.00,0,1299.00,Card,Female,Adult (31-45),Men,INV002101,18:55:00,P03-30-BLACK
S004196,2026-08-30,Sunday,Sandals,Footwear,4,Black,1,999.00,0,999.00,UPI,Male,Young Adult (20-30),Women,INV002102,16:59:00,P21-4-BLACK
S004197,2026-08-30,Sunday,Graphic Tee,Tops,XL,Black,1,499.00,0,499.00,UPI,Male,Young Adult (20-30),Men,INV002102,16:59:00,P06-XL-BLACK
S004198,2026-08-30,Sunday,Basic Crew T-Shirt,Tops,L,Black,1,399.00,0,399.00,UPI,Male,Young Adult (20-30),Men,INV002102,16:59:00,P01-L-BLACK
S004199,2026-08-30,Sunday,Sneakers,Footwear,9,White,1,1499.00,0,1499.00,UPI,Female,Young Adult (20-30),Men,INV002103,20:32:00,P20-9-WHITE
S004200,2026-08-30,Sunday,Straight Pants,Bottoms,L,Black,1,799.00,0,799.00,UPI,Female,Young Adult (20-30),Women,INV002103,20:32:00,P09-L-BLACK
S004201,2026-08-30,Sunday,Sandals,Footwear,4,Tan,1,999.00,0,999.00,UPI,Female,Adult (31-45),Women,INV002104,13:13:00,P21-4-TAN
S004202,2026-08-30,Sunday,Cotton Kurti,Ethnic Wear,L,Maroon,1,999.00,0,999.00,UPI,Female,Young Adult (20-30),Women,INV002105,11:33:00,P07-L-MAROON
S004203,2026-08-30,Sunday,Palazzo Kurta Set,Ethnic Wear,L,Teal,1,1399.00,20,1119.20,UPI,Male,Young Adult (20-30),Women,INV002106,19:21:00,P14-L-TEAL
S004204,2026-08-30,Sunday,Cotton Kurti,Ethnic Wear,L,Maroon,2,999.00,0,1998.00,UPI,Male,Young Adult (20-30),Women,INV002106,19:21:00,P07-L-MAROON
S004205,2026-08-30,Sunday,Palazzo Kurta Set,Ethnic Wear,L,Maroon,1,1399.00,20,1119.20,Card,Female,Young Adult (20-30),Women,INV002107,14:46:00,P14-L-MAROON
S004206,2026-08-30,Sunday,Printed Top,Tops,S,White,1,699.00,0,699.00,Card,Female,Young Adult (20-30),Women,INV002107,14:46:00,P12-S-WHITE
S004207,2026-08-30,Sunday,Hair Accessories Set,Accessories,OneSize,Pink,1,199.00,0,199.00,Card,Female,Young Adult (20-30),Accessories,INV002107,14:46:00,P28-ONESIZE-PINK
S004208,2026-08-30,Sunday,Graphic Tee,Tops,L,Red,1,499.00,0,499.00,Cash,Male,Teen (13-19),Men,INV002108,17:07:00,P06-L-RED
S004209,2026-08-30,Sunday,Crop Top,Tops,M,Black,1,599.00,0,599.00,Cash,Male,Teen (13-19),Women,INV002108,17:07:00,P11-M-BLACK
S004210,2026-08-30,Sunday,Slim Fit Jeans,Bottoms,34,Black,3,1299.00,0,3897.00,Cash,Male,Teen (13-19),Men,INV002108,17:07:00,P03-34-BLACK
S004211,2026-08-30,Sunday,Cotton Kurti,Ethnic Wear,XS,Mustard,1,999.00,0,999.00,Cash,Male,Teen (13-19),Women,INV002108,17:07:00,P07-XS-MUSTARD
S004212,2026-08-30,Sunday,Graphic Tee,Tops,L,White,2,499.00,0,998.00,UPI,Male,Adult (31-45),Men,INV002109,10:36:00,P06-L-WHITE
S004213,2026-08-30,Sunday,Kids Denim Shorts,Bottoms,6-7Y,Blue,1,599.00,0,599.00,UPI,Male,Adult (31-45),Kids,INV002109,10:36:00,P16-67Y-BLUE
S004214,2026-08-30,Sunday,Polo T-Shirt,Tops,M,Grey,1,699.00,0,699.00,UPI,Male,Adult (31-45),Men,INV002110,13:48:00,P02-M-GREY
S004215,2026-08-30,Sunday,Crop Top,Tops,M,White,1,599.00,0,599.00,UPI,Male,Adult (31-45),Women,INV002110,13:48:00,P11-M-WHITE
S004216,2026-08-30,Sunday,Anarkali Kurta Set,Ethnic Wear,L,Emerald,1,1799.00,50,899.50,UPI,Male,Adult (31-45),Women,INV002110,13:48:00,P13-L-EMERALD
S004217,2026-08-30,Sunday,Kids Denim Shorts,Bottoms,2-3Y,Black,1,599.00,0,599.00,UPI,Male,Adult (31-45),Kids,INV002110,13:48:00,P16-23Y-BLACK
S004218,2026-08-30,Sunday,Crop Top,Tops,L,White,1,599.00,0,599.00,Card,Female,Adult (31-45),Women,INV002111,20:41:00,P11-L-WHITE
S004219,2026-08-30,Sunday,Floral Kurti,Ethnic Wear,XS,Blue,1,1199.00,0,1199.00,Card,Female,Adult (31-45),Women,INV002111,20:41:00,P08-XS-BLUE
S004220,2026-08-30,Sunday,Flip Flops,Footwear,8,Navy,1,399.00,0,399.00,Cash,Male,Teen (13-19),Men,INV002112,11:16:00,P23-8-NAVY
S004221,2026-08-30,Sunday,Cotton Kurti,Ethnic Wear,L,Teal,1,999.00,0,999.00,Card,Female,Teen (13-19),Women,INV002113,17:37:00,P07-L-TEAL
S004222,2026-08-30,Sunday,Hair Accessories Set,Accessories,OneSize,Multicolor,1,199.00,0,199.00,Card,Female,Teen (13-19),Accessories,INV002113,17:37:00,P28-ONESIZE-MULTICOL
S004223,2026-08-30,Sunday,Kids Denim Shorts,Bottoms,6-7Y,Blue,1,599.00,0,599.00,Card,Female,Teen (13-19),Kids,INV002113,17:37:00,P16-67Y-BLUE
S004224,2026-08-30,Sunday,Basic Crew T-Shirt,Tops,L,Olive,3,399.00,0,1197.00,UPI,Male,Young Adult (20-30),Men,INV002114,20:39:00,P01-L-OLIVE
S004225,2026-08-30,Sunday,Graphic Tee,Tops,L,Red,1,499.00,0,499.00,UPI,Male,Young Adult (20-30),Men,INV002114,20:39:00,P06-L-RED
S004226,2026-08-30,Sunday,Basic Crew T-Shirt,Tops,M,Olive,1,399.00,0,399.00,Cash,Male,Adult (31-45),Men,INV002115,14:51:00,P01-M-OLIVE
S004227,2026-08-30,Sunday,Basic Crew T-Shirt,Tops,L,Navy,2,399.00,0,798.00,Cash,Male,Adult (31-45),Men,INV002115,14:51:00,P01-L-NAVY
S004228,2026-08-30,Sunday,Palazzo Kurta Set,Ethnic Wear,XS,Maroon,1,1399.00,20,1119.20,Cash,Male,Adult (31-45),Women,INV002115,14:51:00,P14-XS-MAROON
S004229,2026-08-30,Sunday,Kids Joggers,Bottoms,6-7Y,Navy,1,699.00,0,699.00,Cash,Male,Adult (31-45),Kids,INV002115,14:51:00,P19-67Y-NAVY
S004230,2026-08-30,Sunday,Graphic Tee,Tops,M,Red,1,499.00,0,499.00,Cash,Male,Young Adult (20-30),Men,INV002116,12:42:00,P06-M-RED
S004231,2026-08-30,Sunday,Belt,Accessories,32,Brown,2,399.00,0,798.00,Cash,Male,Young Adult (20-30),Accessories,INV002116,12:42:00,P26-32-BROWN
S004232,2026-08-30,Sunday,Sneakers,Footwear,7,Black,1,1499.00,0,1499.00,Cash,Male,Young Adult (20-30),Men,INV002116,12:42:00,P20-7-BLACK
S004233,2026-08-30,Sunday,Palazzo Kurta Set,Ethnic Wear,L,Mustard,1,1399.00,20,1119.20,Cash,Male,Young Adult (20-30),Women,INV002116,12:42:00,P14-L-MUSTARD
S004234,2026-08-30,Sunday,Denim Jeggings,Bottoms,L,Indigo,1,999.00,0,999.00,Cash,Male,Young Adult (20-30),Women,INV002116,12:42:00,P10-L-INDIGO
S004235,2026-08-30,Sunday,Printed Top,Tops,XS,Blue,1,699.00,0,699.00,UPI,Male,Young Adult (20-30),Women,INV002117,17:31:00,P12-XS-BLUE
S004236,2026-08-30,Sunday,Graphic Tee,Tops,L,Black,2,499.00,0,998.00,UPI,Male,Young Adult (20-30),Men,INV002117,17:31:00,P06-L-BLACK
S004237,2026-08-30,Sunday,Sling Bag,Accessories,OneSize,Beige,1,699.00,0,699.00,UPI,Female,Adult (31-45),Accessories,INV002118,16:31:00,P25-ONESIZE-BEIGE
S004238,2026-08-30,Sunday,Floral Kurti,Ethnic Wear,XS,Blue,1,1199.00,0,1199.00,Cash,Female,Teen (13-19),Women,INV002119,13:56:00,P08-XS-BLUE
S004239,2026-08-30,Sunday,Floral Kurti,Ethnic Wear,S,Pink,1,1199.00,0,1199.00,Cash,Female,Teen (13-19),Women,INV002119,13:56:00,P08-S-PINK
S004240,2026-08-30,Sunday,Printed Top,Tops,XL,White,1,699.00,0,699.00,Cash,Male,Teen (13-19),Women,INV002120,11:50:00,P12-XL-WHITE
S004241,2026-08-30,Sunday,Kids Denim Shorts,Bottoms,6-7Y,Black,1,599.00,0,599.00,UPI,Female,Adult (31-45),Kids,INV002121,20:58:00,P16-67Y-BLACK
S004242,2026-08-30,Sunday,Basic Crew T-Shirt,Tops,M,Black,1,399.00,0,399.00,UPI,Female,Adult (31-45),Men,INV002121,20:58:00,P01-M-BLACK
S004243,2026-08-30,Sunday,Sneakers,Footwear,8,Grey,2,1499.00,0,2998.00,UPI,Female,Adult (31-45),Men,INV002121,20:58:00,P20-8-GREY
S004244,2026-08-30,Sunday,Floral Kurti,Ethnic Wear,XL,Pink,1,1199.00,0,1199.00,UPI,Female,Young Adult (20-30),Women,INV002122,14:10:00,P08-XL-PINK
S004245,2026-08-30,Sunday,Denim Jeggings,Bottoms,L,Indigo,1,999.00,0,999.00,UPI,Female,Young Adult (20-30),Women,INV002122,14:10:00,P10-L-INDIGO
S004246,2026-08-30,Sunday,Women Flats,Footwear,7,Silver,1,799.00,0,799.00,UPI,Female,Young Adult (20-30),Women,INV002122,14:10:00,P32-7-SILVER
S004247,2026-08-30,Sunday,Denim Jeggings,Bottoms,S,Indigo,1,999.00,0,999.00,UPI,Female,Young Adult (20-30),Women,INV002123,17:25:00,P10-S-INDIGO
S004248,2026-08-30,Sunday,Floral Kurti,Ethnic Wear,XL,Green,1,1199.00,0,1199.00,UPI,Female,Young Adult (20-30),Women,INV002123,17:25:00,P08-XL-GREEN
S004249,2026-08-30,Sunday,Polo T-Shirt,Tops,S,Grey,2,699.00,0,1398.00,Card,Female,Senior (46+),Men,INV002124,11:26:00,P02-S-GREY
S004250,2026-08-30,Sunday,Straight Pants,Bottoms,S,Navy,1,799.00,0,799.00,Card,Female,Senior (46+),Women,INV002124,11:26:00,P09-S-NAVY
S004251,2026-08-30,Sunday,Basic Crew T-Shirt,Tops,L,White,1,399.00,0,399.00,Cash,Male,Adult (31-45),Men,INV002125,20:25:00,P01-L-WHITE
S004252,2026-08-30,Sunday,Floral Kurti,Ethnic Wear,S,Blue,1,1199.00,0,1199.00,Cash,Male,Adult (31-45),Women,INV002125,20:25:00,P08-S-BLUE
S004253,2026-08-30,Sunday,Sneakers,Footwear,9,Black,1,1499.00,0,1499.00,Cash,Female,Senior (46+),Men,INV002126,18:39:00,P20-9-BLACK
S004254,2026-08-30,Sunday,Sandals,Footwear,4,Tan,1,999.00,0,999.00,Cash,Female,Senior (46+),Women,INV002126,18:39:00,P21-4-TAN
S004255,2026-08-30,Sunday,Polo T-Shirt,Tops,XL,Grey,1,699.00,0,699.00,UPI,Male,Young Adult (20-30),Men,INV002127,18:14:00,P02-XL-GREY
S004256,2026-08-30,Sunday,Graphic Tee,Tops,L,Red,1,499.00,0,499.00,Card,Male,Adult (31-45),Men,INV002128,17:42:00,P06-L-RED
S004257,2026-08-30,Sunday,Graphic Tee,Tops,L,Black,1,499.00,0,499.00,Card,Male,Adult (31-45),Men,INV002128,17:42:00,P06-L-BLACK
S004258,2026-08-30,Sunday,Denim Jeggings,Bottoms,L,Black,1,999.00,0,999.00,UPI,Female,Senior (46+),Women,INV002129,17:49:00,P10-L-BLACK
S004259,2026-08-30,Sunday,Cotton Kurti,Ethnic Wear,L,Maroon,1,999.00,0,999.00,UPI,Female,Senior (46+),Women,INV002129,17:49:00,P07-L-MAROON
S004260,2026-08-30,Sunday,Crop Top,Tops,M,White,1,599.00,0,599.00,UPI,Female,Senior (46+),Women,INV002129,17:49:00,P11-M-WHITE
S004261,2026-08-30,Sunday,Graphic Tee,Tops,L,Black,1,499.00,0,499.00,UPI,Female,Senior (46+),Men,INV002129,17:49:00,P06-L-BLACK
S004262,2026-08-30,Sunday,Women Flats,Footwear,6,Black,1,799.00,0,799.00,Card,Female,Teen (13-19),Women,INV002130,21:07:00,P32-6-BLACK
S004263,2026-08-30,Sunday,Polo T-Shirt,Tops,S,Maroon,1,699.00,0,699.00,Card,Female,Young Adult (20-30),Men,INV002131,12:58:00,P02-S-MAROON
S004264,2026-08-30,Sunday,Belt,Accessories,32,Black,1,399.00,0,399.00,Card,Female,Young Adult (20-30),Accessories,INV002131,12:58:00,P26-32-BLACK
S004265,2026-08-30,Sunday,Kids Joggers,Bottoms,4-5Y,Black,1,699.00,0,699.00,Card,Female,Young Adult (20-30),Kids,INV002131,12:58:00,P19-45Y-BLACK
S004266,2026-08-30,Sunday,Sneakers,Footwear,9,Black,2,1499.00,0,2998.00,Card,Male,Young Adult (20-30),Men,INV002132,13:17:00,P20-9-BLACK
S004267,2026-08-30,Sunday,Kids Cartoon Tee,Tops,4-5Y,Red,1,399.00,0,399.00,Card,Male,Young Adult (20-30),Kids,INV002132,13:17:00,P15-45Y-RED
S004268,2026-08-30,Sunday,Basic Crew T-Shirt,Tops,XL,Navy,1,399.00,0,399.00,Card,Male,Young Adult (20-30),Men,INV002132,13:17:00,P01-XL-NAVY
S004269,2026-08-30,Sunday,Flip Flops,Footwear,10,Black,1,399.00,0,399.00,Card,Male,Young Adult (20-30),Men,INV002132,13:17:00,P23-10-BLACK
S004270,2026-08-30,Sunday,Straight Pants,Bottoms,L,Beige,3,799.00,0,2397.00,Cash,Female,Young Adult (20-30),Women,INV002133,18:27:00,P09-L-BEIGE
S004271,2026-08-30,Sunday,Kids Cartoon Tee,Tops,6-7Y,Red,1,399.00,0,399.00,Cash,Female,Young Adult (20-30),Kids,INV002133,18:27:00,P15-67Y-RED
S004272,2026-08-30,Sunday,Slim Fit Jeans,Bottoms,34,Black,1,1299.00,0,1299.00,Cash,Female,Young Adult (20-30),Men,INV002133,18:27:00,P03-34-BLACK
S004273,2026-08-30,Sunday,Slim Fit Jeans,Bottoms,32,Black,1,1299.00,0,1299.00,Cash,Female,Young Adult (20-30),Men,INV002133,18:27:00,P03-32-BLACK
S004274,2026-08-30,Sunday,Basic Crew T-Shirt,Tops,S,Navy,1,399.00,0,399.00,UPI,Male,Adult (31-45),Men,INV002134,17:18:00,P01-S-NAVY
S004275,2026-08-30,Sunday,Kids Joggers,Bottoms,4-5Y,Black,1,699.00,0,699.00,UPI,Male,Adult (31-45),Kids,INV002134,17:18:00,P19-45Y-BLACK
S004276,2026-08-30,Sunday,Women Flats,Footwear,8,Beige,1,799.00,0,799.00,UPI,Male,Senior (46+),Women,INV002135,20:58:00,P32-8-BEIGE
S004277,2026-08-30,Sunday,Polo T-Shirt,Tops,L,Maroon,1,699.00,0,699.00,UPI,Male,Senior (46+),Men,INV002135,20:58:00,P02-L-MAROON
S004278,2026-08-30,Sunday,Chino Trousers,Bottoms,36,Beige,1,1099.00,0,1099.00,UPI,Male,Young Adult (20-30),Men,INV002136,14:39:00,P04-36-BEIGE
S004279,2026-08-30,Sunday,Palazzo Kurta Set,Ethnic Wear,L,Mustard,1,1399.00,20,1119.20,UPI,Male,Young Adult (20-30),Women,INV002136,14:39:00,P14-L-MUSTARD
S004280,2026-08-30,Sunday,Belt,Accessories,32,Black,1,399.00,0,399.00,UPI,Male,Young Adult (20-30),Accessories,INV002136,14:39:00,P26-32-BLACK
S004281,2026-08-30,Sunday,Sandals,Footwear,8,Gold,1,999.00,0,999.00,UPI,Male,Young Adult (20-30),Women,INV002136,14:39:00,P21-8-GOLD
S004282,2026-08-30,Sunday,Basic Crew T-Shirt,Tops,L,White,1,399.00,0,399.00,UPI,Male,Young Adult (20-30),Men,INV002136,14:39:00,P01-L-WHITE
S004283,2026-08-30,Sunday,Belt,Accessories,34,Black,1,399.00,0,399.00,UPI,Female,Young Adult (20-30),Accessories,INV002137,12:45:00,P26-34-BLACK
S004284,2026-08-30,Sunday,Kids Ethnic Kurta Set,Ethnic Wear,2-3Y,Maroon,1,999.00,0,999.00,UPI,Female,Teen (13-19),Kids,INV002138,20:13:00,P17-23Y-MAROON
S004285,2026-08-30,Sunday,Printed Top,Tops,XL,White,1,699.00,0,699.00,UPI,Female,Teen (13-19),Women,INV002138,20:13:00,P12-XL-WHITE
S004286,2026-08-30,Sunday,Graphic Tee,Tops,M,Red,1,499.00,0,499.00,UPI,Male,Young Adult (20-30),Men,INV002139,19:06:00,P06-M-RED
S004287,2026-08-30,Sunday,Formal Shirt,Tops,M,Grey,1,999.00,0,999.00,UPI,Male,Young Adult (20-30),Men,INV002139,19:06:00,P05-M-GREY
S004288,2026-08-30,Sunday,Kids Cartoon Tee,Tops,4-5Y,Red,1,399.00,0,399.00,Cash,Male,Adult (31-45),Kids,INV002140,12:07:00,P15-45Y-RED
S004289,2026-08-30,Sunday,Graphic Tee,Tops,L,Red,1,499.00,0,499.00,UPI,Male,Senior (46+),Men,INV002141,14:07:00,P06-L-RED
S004290,2026-08-30,Sunday,Printed Top,Tops,XL,White,2,699.00,0,1398.00,UPI,Male,Senior (46+),Women,INV002141,14:07:00,P12-XL-WHITE
S004291,2026-08-30,Sunday,Sneakers,Footwear,10,Grey,1,1499.00,0,1499.00,Cash,Male,Adult (31-45),Men,INV002142,19:08:00,P20-10-GREY
S004292,2026-08-30,Sunday,Straight Pants,Bottoms,L,Navy,1,799.00,0,799.00,Cash,Male,Adult (31-45),Women,INV002142,19:08:00,P09-L-NAVY
S004293,2026-08-30,Sunday,Women Flats,Footwear,4,Black,1,799.00,0,799.00,UPI,Female,Adult (31-45),Women,INV002143,17:37:00,P32-4-BLACK
S004294,2026-08-30,Sunday,Sandals,Footwear,7,Black,1,999.00,0,999.00,UPI,Female,Adult (31-45),Women,INV002143,17:37:00,P21-7-BLACK
S004295,2026-08-30,Sunday,Denim Jeggings,Bottoms,M,Black,1,999.00,0,999.00,UPI,Female,Adult (31-45),Women,INV002143,17:37:00,P10-M-BLACK
S004296,2026-08-30,Sunday,Floral Kurti,Ethnic Wear,L,Blue,1,1199.00,0,1199.00,UPI,Female,Adult (31-45),Women,INV002143,17:37:00,P08-L-BLUE
S004297,2026-08-30,Sunday,Crop Top,Tops,XS,White,1,599.00,0,599.00,UPI,Female,Young Adult (20-30),Women,INV002144,17:53:00,P11-XS-WHITE
S004298,2026-08-30,Sunday,Crop Top,Tops,M,White,1,599.00,0,599.00,Card,Female,Teen (13-19),Women,INV002145,14:46:00,P11-M-WHITE
S004299,2026-08-30,Sunday,Graphic Tee,Tops,M,White,1,499.00,0,499.00,UPI,Male,Teen (13-19),Men,INV002146,19:53:00,P06-M-WHITE
S004300,2026-08-30,Sunday,Basic Crew T-Shirt,Tops,XL,Black,2,399.00,0,798.00,UPI,Male,Teen (13-19),Men,INV002146,19:53:00,P01-XL-BLACK
S004301,2026-08-30,Sunday,Polo T-Shirt,Tops,L,Navy,2,699.00,0,1398.00,Card,Male,Adult (31-45),Men,INV002147,16:50:00,P02-L-NAVY
S004302,2026-08-30,Sunday,Basic Crew T-Shirt,Tops,L,Navy,1,399.00,0,399.00,Card,Male,Adult (31-45),Men,INV002147,16:50:00,P01-L-NAVY
S004303,2026-08-30,Sunday,Basic Crew T-Shirt,Tops,M,Navy,1,399.00,0,399.00,Card,Male,Adult (31-45),Men,INV002147,16:50:00,P01-M-NAVY
S004304,2026-08-30,Sunday,Chino Trousers,Bottoms,36,Beige,1,1099.00,0,1099.00,Card,Male,Teen (13-19),Men,INV002148,17:00:00,P04-36-BEIGE
S004305,2026-08-30,Sunday,Kids Cartoon Tee,Tops,8-9Y,Yellow,1,399.00,0,399.00,Card,Male,Teen (13-19),Kids,INV002148,17:00:00,P15-89Y-YELLOW
S004306,2026-08-30,Sunday,Formal Shirt,Tops,M,White,1,999.00,0,999.00,UPI,Female,Adult (31-45),Men,INV002149,15:54:00,P05-M-WHITE
S004307,2026-08-30,Sunday,Straight Pants,Bottoms,L,Black,1,799.00,0,799.00,UPI,Female,Adult (31-45),Women,INV002149,15:54:00,P09-L-BLACK
S004308,2026-08-30,Sunday,Kids Joggers,Bottoms,2-3Y,Black,1,699.00,0,699.00,Card,Male,Young Adult (20-30),Kids,INV002150,20:23:00,P19-23Y-BLACK
S004309,2026-08-30,Sunday,Kids Sports Shoes,Footwear,10C,Pink,2,899.00,0,1798.00,Cash,Male,Young Adult (20-30),Kids,INV002151,16:32:00,P22-10C-PINK
S004310,2026-08-30,Sunday,Kids Ethnic Kurta Set,Ethnic Wear,8-9Y,Maroon,1,999.00,0,999.00,Cash,Male,Young Adult (20-30),Kids,INV002151,16:32:00,P17-89Y-MAROON
S004311,2026-08-30,Sunday,Denim Jeggings,Bottoms,L,Black,1,999.00,0,999.00,UPI,Female,Adult (31-45),Women,INV002152,13:35:00,P10-L-BLACK
S004312,2026-08-30,Sunday,Basic Crew T-Shirt,Tops,M,Black,1,399.00,0,399.00,UPI,Male,Teen (13-19),Men,INV002153,14:32:00,P01-M-BLACK
S004313,2026-08-30,Sunday,Belt,Accessories,34,Black,1,399.00,0,399.00,UPI,Male,Adult (31-45),Accessories,INV002154,12:19:00,P26-34-BLACK
S004314,2026-08-30,Sunday,Women Flats,Footwear,6,Silver,2,799.00,0,1598.00,UPI,Male,Adult (31-45),Women,INV002154,12:19:00,P32-6-SILVER
S004315,2026-08-30,Sunday,Women Flats,Footwear,4,Beige,1,799.00,0,799.00,UPI,Male,Teen (13-19),Women,INV002155,18:43:00,P32-4-BEIGE
S004316,2026-08-30,Sunday,Denim Jeggings,Bottoms,M,Black,1,999.00,0,999.00,UPI,Male,Teen (13-19),Women,INV002155,18:43:00,P10-M-BLACK
S004317,2026-08-30,Sunday,Belt,Accessories,32,Black,1,399.00,0,399.00,Card,Female,Senior (46+),Accessories,INV002156,20:39:00,P26-32-BLACK
S004318,2026-08-30,Sunday,Women Flats,Footwear,4,Black,1,799.00,0,799.00,Card,Male,Adult (31-45),Women,INV002157,14:08:00,P32-4-BLACK
S004319,2026-08-30,Sunday,Formal Shirt,Tops,L,White,1,999.00,0,999.00,Card,Male,Adult (31-45),Men,INV002157,14:08:00,P05-L-WHITE
S004320,2026-08-30,Sunday,Kids Sports Shoes,Footwear,10C,Pink,2,899.00,0,1798.00,Card,Male,Adult (31-45),Kids,INV002157,14:08:00,P22-10C-PINK
S004321,2026-08-30,Sunday,Printed Top,Tops,M,White,1,699.00,0,699.00,Card,Male,Adult (31-45),Women,INV002157,14:08:00,P12-M-WHITE
S004322,2026-08-30,Sunday,Chino Trousers,Bottoms,30,Navy,1,1099.00,0,1099.00,Card,Male,Adult (31-45),Men,INV002157,14:08:00,P04-30-NAVY
S004323,2026-08-30,Sunday,Palazzo Kurta Set,Ethnic Wear,M,Maroon,1,1399.00,20,1119.20,UPI,Female,Adult (31-45),Women,INV002158,19:38:00,P14-M-MAROON
S004324,2026-08-30,Sunday,Basic Crew T-Shirt,Tops,M,Olive,1,399.00,0,399.00,UPI,Female,Adult (31-45),Men,INV002158,19:38:00,P01-M-OLIVE
S004325,2026-08-30,Sunday,Crop Top,Tops,L,Black,1,599.00,0,599.00,Card,Male,Young Adult (20-30),Women,INV002159,18:23:00,P11-L-BLACK
S004326,2026-08-30,Sunday,Chino Trousers,Bottoms,36,Navy,1,1099.00,0,1099.00,Card,Male,Young Adult (20-30),Men,INV002159,18:23:00,P04-36-NAVY
S004327,2026-08-30,Sunday,Chino Trousers,Bottoms,32,Navy,1,1099.00,0,1099.00,Cash,Female,Adult (31-45),Men,INV002160,20:10:00,P04-32-NAVY
S004328,2026-08-30,Sunday,Kids Cartoon Tee,Tops,8-9Y,Yellow,1,399.00,0,399.00,Cash,Female,Adult (31-45),Kids,INV002160,20:10:00,P15-89Y-YELLOW
S004329,2026-08-30,Sunday,Kids Sports Shoes,Footwear,10C,Black,1,899.00,0,899.00,Cash,Female,Adult (31-45),Kids,INV002160,20:10:00,P22-10C-BLACK
S004330,2026-08-30,Sunday,Printed Top,Tops,XL,Red,1,699.00,0,699.00,UPI,Female,Young Adult (20-30),Women,INV002161,16:47:00,P12-XL-RED
S004331,2026-08-30,Sunday,Kids Denim Shorts,Bottoms,6-7Y,Blue,1,599.00,0,599.00,UPI,Female,Young Adult (20-30),Kids,INV002161,16:47:00,P16-67Y-BLUE
S004332,2026-08-30,Sunday,Ethnic Dupatta,Accessories,OneSize,Red,1,599.00,0,599.00,UPI,Male,Senior (46+),Women,INV002162,18:51:00,P31-ONESIZE-RED
S004333,2026-08-30,Sunday,Slim Fit Jeans,Bottoms,32,Navy,2,1299.00,0,2598.00,UPI,Male,Senior (46+),Men,INV002162,18:51:00,P03-32-NAVY
S004334,2026-08-30,Sunday,Cotton Kurti,Ethnic Wear,M,Mustard,1,999.00,0,999.00,Card,Female,Adult (31-45),Women,INV002163,17:21:00,P07-M-MUSTARD
S004335,2026-08-30,Sunday,Crop Top,Tops,XS,Black,1,599.00,0,599.00,Card,Female,Adult (31-45),Women,INV002163,17:21:00,P11-XS-BLACK
S004336,2026-08-30,Sunday,Flip Flops,Footwear,7,Navy,1,399.00,0,399.00,Cash,Female,Teen (13-19),Men,INV002164,17:54:00,P23-7-NAVY
S004337,2026-08-30,Sunday,Palazzo Kurta Set,Ethnic Wear,S,Mustard,3,1399.00,20,3357.60,UPI,Female,Young Adult (20-30),Women,INV002165,19:04:00,P14-S-MUSTARD
S004338,2026-08-30,Sunday,Basic Crew T-Shirt,Tops,S,White,1,399.00,0,399.00,Cash,Male,Senior (46+),Men,INV002166,17:15:00,P01-S-WHITE
S004339,2026-08-30,Sunday,Floral Kurti,Ethnic Wear,L,Blue,1,1199.00,0,1199.00,Cash,Male,Senior (46+),Women,INV002166,17:15:00,P08-L-BLUE
S004340,2026-08-30,Sunday,Kids Denim Shorts,Bottoms,4-5Y,Black,1,599.00,0,599.00,Cash,Male,Senior (46+),Kids,INV002166,17:15:00,P16-45Y-BLACK
S004341,2026-08-30,Sunday,Sneakers,Footwear,8,Grey,1,1499.00,0,1499.00,UPI,Male,Young Adult (20-30),Men,INV002167,18:20:00,P20-8-GREY
S004342,2026-08-30,Sunday,Formal Shirt,Tops,M,Blue,1,999.00,0,999.00,UPI,Male,Young Adult (20-30),Men,INV002167,18:20:00,P05-M-BLUE
S004343,2026-08-30,Sunday,Basic Crew T-Shirt,Tops,M,Black,1,399.00,0,399.00,UPI,Male,Young Adult (20-30),Men,INV002167,18:20:00,P01-M-BLACK
S004344,2026-08-30,Sunday,Flip Flops,Footwear,8,Black,1,399.00,0,399.00,UPI,Female,Young Adult (20-30),Men,INV002168,17:44:00,P23-8-BLACK
S004345,2026-08-30,Sunday,Printed Top,Tops,S,White,2,699.00,0,1398.00,UPI,Female,Young Adult (20-30),Women,INV002168,17:44:00,P12-S-WHITE
S004346,2026-08-30,Sunday,Printed Top,Tops,M,Red,1,699.00,0,699.00,UPI,Male,Adult (31-45),Women,INV002169,13:41:00,P12-M-RED
S004347,2026-08-30,Sunday,Kids Lehenga Set,Ethnic Wear,4-5Y,Mint,1,1299.00,20,1039.20,UPI,Male,Adult (31-45),Kids,INV002169,13:41:00,P18-45Y-MINT
S004348,2026-08-30,Sunday,Slim Fit Jeans,Bottoms,30,Navy,1,1299.00,0,1299.00,UPI,Female,Adult (31-45),Men,INV002170,10:51:00,P03-30-NAVY
S004349,2026-08-30,Sunday,Basic Crew T-Shirt,Tops,XL,White,1,399.00,0,399.00,UPI,Female,Adult (31-45),Men,INV002170,10:51:00,P01-XL-WHITE
S004350,2026-08-31,Monday,Denim Jeggings,Bottoms,L,Black,1,999.00,0,999.00,Card,Male,Young Adult (20-30),Women,INV002171,13:16:00,P10-L-BLACK
S004351,2026-08-31,Monday,Slim Fit Jeans,Bottoms,34,Navy,1,1299.00,0,1299.00,Card,Male,Young Adult (20-30),Men,INV002171,13:16:00,P03-34-NAVY
S004352,2026-08-31,Monday,Graphic Tee,Tops,M,Red,1,499.00,0,499.00,UPI,Female,Young Adult (20-30),Men,INV002172,21:23:00,P06-M-RED
S004353,2026-08-31,Monday,Printed Top,Tops,M,Red,1,699.00,0,699.00,UPI,Male,Adult (31-45),Women,INV002173,18:01:00,P12-M-RED
S004354,2026-08-31,Monday,Basic Crew T-Shirt,Tops,M,Black,1,399.00,0,399.00,UPI,Male,Adult (31-45),Men,INV002173,18:01:00,P01-M-BLACK
S004355,2026-08-31,Monday,Kids Sports Shoes,Footwear,13C,Black,1,899.00,0,899.00,UPI,Male,Adult (31-45),Kids,INV002173,18:01:00,P22-13C-BLACK
S004356,2026-08-31,Monday,Basic Crew T-Shirt,Tops,L,Black,1,399.00,0,399.00,Cash,Male,Senior (46+),Men,INV002174,17:00:00,P01-L-BLACK
S004357,2026-08-31,Monday,Basic Crew T-Shirt,Tops,M,White,1,399.00,0,399.00,Cash,Male,Senior (46+),Men,INV002174,17:00:00,P01-M-WHITE
S004358,2026-08-31,Monday,Cotton Kurti,Ethnic Wear,L,Mustard,1,999.00,0,999.00,Card,Female,Young Adult (20-30),Women,INV002175,13:02:00,P07-L-MUSTARD
S004359,2026-08-31,Monday,Palazzo Kurta Set,Ethnic Wear,M,Teal,1,1399.00,20,1119.20,Card,Female,Young Adult (20-30),Women,INV002175,13:02:00,P14-M-TEAL
S004360,2026-08-31,Monday,Kids Ethnic Kurta Set,Ethnic Wear,8-9Y,Mustard,1,999.00,0,999.00,Card,Female,Young Adult (20-30),Kids,INV002175,13:02:00,P17-89Y-MUSTARD
S004361,2026-08-31,Monday,Chino Trousers,Bottoms,34,Beige,1,1099.00,0,1099.00,Card,Female,Young Adult (20-30),Men,INV002176,10:39:00,P04-34-BEIGE
S004362,2026-08-31,Monday,Basic Crew T-Shirt,Tops,M,Navy,3,399.00,0,1197.00,UPI,Female,Adult (31-45),Men,INV002177,12:24:00,P01-M-NAVY
S004363,2026-08-31,Monday,Floral Kurti,Ethnic Wear,L,Blue,1,1199.00,0,1199.00,UPI,Female,Adult (31-45),Women,INV002177,12:24:00,P08-L-BLUE
S004364,2026-08-31,Monday,Kids Joggers,Bottoms,2-3Y,Grey,2,699.00,0,1398.00,UPI,Female,Adult (31-45),Kids,INV002177,12:24:00,P19-23Y-GREY
S004365,2026-08-31,Monday,Kids Lehenga Set,Ethnic Wear,6-7Y,Peach,2,1299.00,20,2078.40,UPI,Female,Adult (31-45),Kids,INV002178,13:52:00,P18-67Y-PEACH
S004366,2026-08-31,Monday,Straight Pants,Bottoms,M,Black,1,799.00,0,799.00,UPI,Female,Adult (31-45),Women,INV002178,13:52:00,P09-M-BLACK
S004367,2026-08-31,Monday,Straight Pants,Bottoms,L,Navy,1,799.00,0,799.00,Card,Male,Young Adult (20-30),Women,INV002179,12:32:00,P09-L-NAVY
S004368,2026-08-31,Monday,Cap,Accessories,OneSize,Navy,1,299.00,0,299.00,Card,Male,Young Adult (20-30),Accessories,INV002179,12:32:00,P29-ONESIZE-NAVY
S004369,2026-08-31,Monday,Slim Fit Jeans,Bottoms,32,Black,1,1299.00,0,1299.00,UPI,Female,Young Adult (20-30),Men,INV002180,20:29:00,P03-32-BLACK
S004370,2026-08-31,Monday,Straight Pants,Bottoms,S,Navy,1,799.00,0,799.00,UPI,Female,Young Adult (20-30),Women,INV002180,20:29:00,P09-S-NAVY
S004371,2026-08-31,Monday,Printed Top,Tops,L,Red,1,699.00,0,699.00,UPI,Female,Young Adult (20-30),Women,INV002180,20:29:00,P12-L-RED
S004372,2026-08-31,Monday,Floral Kurti,Ethnic Wear,L,Blue,1,1199.00,0,1199.00,UPI,Male,Adult (31-45),Women,INV002181,16:35:00,P08-L-BLUE
S004373,2026-08-31,Monday,Denim Jeggings,Bottoms,M,Black,1,999.00,0,999.00,UPI,Male,Adult (31-45),Women,INV002181,16:35:00,P10-M-BLACK
S004374,2026-08-31,Monday,Floral Kurti,Ethnic Wear,L,Green,1,1199.00,0,1199.00,UPI,Male,Young Adult (20-30),Women,INV002182,18:15:00,P08-L-GREEN
S004375,2026-08-31,Monday,Basic Crew T-Shirt,Tops,L,Black,1,399.00,0,399.00,UPI,Male,Young Adult (20-30),Men,INV002182,18:15:00,P01-L-BLACK
S004376,2026-08-31,Monday,Denim Jeggings,Bottoms,M,Black,1,999.00,0,999.00,UPI,Male,Young Adult (20-30),Women,INV002183,17:41:00,P10-M-BLACK
S004377,2026-08-31,Monday,Kids Joggers,Bottoms,6-7Y,Grey,1,699.00,0,699.00,UPI,Male,Young Adult (20-30),Kids,INV002183,17:41:00,P19-67Y-GREY
S004378,2026-08-31,Monday,Handbag,Accessories,OneSize,Maroon,1,999.00,0,999.00,Cash,Female,Adult (31-45),Accessories,INV002184,12:45:00,P24-ONESIZE-MAROON
S004379,2026-08-31,Monday,Graphic Tee,Tops,L,Red,1,499.00,0,499.00,Cash,Female,Adult (31-45),Men,INV002184,12:45:00,P06-L-RED
S004380,2026-08-31,Monday,Chino Trousers,Bottoms,34,Olive,2,1099.00,0,2198.00,Cash,Female,Adult (31-45),Men,INV002184,12:45:00,P04-34-OLIVE
S004381,2026-08-31,Monday,Basic Crew T-Shirt,Tops,XL,Black,1,399.00,0,399.00,UPI,Male,Adult (31-45),Men,INV002185,18:28:00,P01-XL-BLACK
S004382,2026-08-31,Monday,Palazzo Kurta Set,Ethnic Wear,XL,Maroon,1,1399.00,20,1119.20,Cash,Female,Adult (31-45),Women,INV002186,11:04:00,P14-XL-MAROON
S004383,2026-08-31,Monday,Palazzo Kurta Set,Ethnic Wear,M,Mustard,2,1399.00,20,2238.40,Cash,Female,Adult (31-45),Women,INV002186,11:04:00,P14-M-MUSTARD
S004384,2026-08-31,Monday,Straight Pants,Bottoms,S,Navy,1,799.00,0,799.00,Cash,Female,Adult (31-45),Women,INV002186,11:04:00,P09-S-NAVY
S004385,2026-08-31,Monday,Basic Crew T-Shirt,Tops,M,Black,1,399.00,0,399.00,Cash,Female,Adult (31-45),Men,INV002187,13:04:00,P01-M-BLACK
S004386,2026-08-31,Monday,Kids Joggers,Bottoms,2-3Y,Black,1,699.00,0,699.00,Cash,Female,Adult (31-45),Kids,INV002187,13:04:00,P19-23Y-BLACK
S004387,2026-08-31,Monday,Basic Crew T-Shirt,Tops,L,Black,1,399.00,0,399.00,Cash,Female,Adult (31-45),Men,INV002187,13:04:00,P01-L-BLACK
S004388,2026-08-31,Monday,Basic Crew T-Shirt,Tops,L,White,1,399.00,0,399.00,Cash,Female,Adult (31-45),Men,INV002187,13:04:00,P01-L-WHITE
S004389,2026-08-31,Monday,Cotton Kurti,Ethnic Wear,M,Teal,1,999.00,0,999.00,Card,Female,Adult (31-45),Women,INV002188,20:59:00,P07-M-TEAL
S004390,2026-08-31,Monday,Cotton Kurti,Ethnic Wear,M,Maroon,1,999.00,0,999.00,UPI,Female,Young Adult (20-30),Women,INV002189,17:43:00,P07-M-MAROON
S004391,2026-08-31,Monday,Basic Crew T-Shirt,Tops,XL,White,1,399.00,0,399.00,Card,Female,Adult (31-45),Men,INV002190,20:24:00,P01-XL-WHITE
S004392,2026-08-31,Monday,Basic Crew T-Shirt,Tops,L,Navy,1,399.00,0,399.00,Card,Female,Adult (31-45),Men,INV002190,20:24:00,P01-L-NAVY
S004393,2026-08-31,Monday,Denim Jeggings,Bottoms,L,Black,1,999.00,0,999.00,Card,Female,Adult (31-45),Women,INV002190,20:24:00,P10-L-BLACK
S004394,2026-08-31,Monday,Sneakers,Footwear,7,Grey,1,1499.00,0,1499.00,Card,Female,Adult (31-45),Men,INV002190,20:24:00,P20-7-GREY
S004395,2026-08-31,Monday,Kids Ethnic Kurta Set,Ethnic Wear,2-3Y,Mustard,2,999.00,0,1998.00,Cash,Female,Adult (31-45),Kids,INV002191,20:20:00,P17-23Y-MUSTARD
S004396,2026-08-31,Monday,Women Flats,Footwear,6,Beige,1,799.00,0,799.00,Cash,Female,Adult (31-45),Women,INV002191,20:20:00,P32-6-BEIGE
S004397,2026-08-31,Monday,Women Flats,Footwear,8,Silver,1,799.00,0,799.00,UPI,Female,Young Adult (20-30),Women,INV002192,16:01:00,P32-8-SILVER
S004398,2026-08-31,Monday,Kids Cartoon Tee,Tops,8-9Y,Yellow,1,399.00,0,399.00,UPI,Female,Young Adult (20-30),Kids,INV002192,16:01:00,P15-89Y-YELLOW
S004399,2026-08-31,Monday,Graphic Tee,Tops,M,Red,1,499.00,0,499.00,UPI,Female,Young Adult (20-30),Men,INV002192,16:01:00,P06-M-RED
S004400,2026-08-31,Monday,Sandals,Footwear,4,Black,1,999.00,0,999.00,UPI,Female,Young Adult (20-30),Women,INV002193,21:01:00,P21-4-BLACK
S004401,2026-08-31,Monday,Cotton Kurti,Ethnic Wear,L,Mustard,1,999.00,0,999.00,UPI,Female,Young Adult (20-30),Women,INV002193,21:01:00,P07-L-MUSTARD
S004402,2026-08-31,Monday,Basic Crew T-Shirt,Tops,L,Black,1,399.00,0,399.00,UPI,Female,Young Adult (20-30),Men,INV002194,16:12:00,P01-L-BLACK
S004403,2026-08-31,Monday,Printed Top,Tops,L,Red,2,699.00,0,1398.00,UPI,Female,Adult (31-45),Women,INV002195,20:19:00,P12-L-RED
S004404,2026-08-31,Monday,Floral Kurti,Ethnic Wear,L,Blue,1,1199.00,0,1199.00,UPI,Female,Adult (31-45),Women,INV002195,20:19:00,P08-L-BLUE
S004405,2026-08-31,Monday,Cotton Kurti,Ethnic Wear,S,Maroon,1,999.00,0,999.00,UPI,Female,Adult (31-45),Women,INV002195,20:19:00,P07-S-MAROON
S004406,2026-08-31,Monday,Basic Crew T-Shirt,Tops,L,Olive,1,399.00,0,399.00,UPI,Male,Adult (31-45),Men,INV002196,19:44:00,P01-L-OLIVE
S004407,2026-08-31,Monday,Formal Shirt,Tops,S,Grey,1,999.00,0,999.00,UPI,Male,Adult (31-45),Men,INV002197,19:49:00,P05-S-GREY
S004408,2026-08-31,Monday,Basic Crew T-Shirt,Tops,L,Black,1,399.00,0,399.00,UPI,Male,Adult (31-45),Men,INV002197,19:49:00,P01-L-BLACK
S004409,2026-08-31,Monday,Chino Trousers,Bottoms,36,Beige,1,1099.00,0,1099.00,UPI,Male,Adult (31-45),Men,INV002197,19:49:00,P04-36-BEIGE
S004410,2026-08-31,Monday,Kids Sports Shoes,Footwear,12C,Blue,1,899.00,0,899.00,UPI,Male,Adult (31-45),Kids,INV002197,19:49:00,P22-12C-BLUE
S004411,2026-08-31,Monday,Kids Denim Shorts,Bottoms,2-3Y,Blue,2,599.00,0,1198.00,UPI,Male,Young Adult (20-30),Kids,INV002198,16:32:00,P16-23Y-BLUE
S004412,2026-08-31,Monday,Floral Kurti,Ethnic Wear,M,Blue,1,1199.00,0,1199.00,Card,Male,Young Adult (20-30),Women,INV002199,17:50:00,P08-M-BLUE
S004413,2026-08-31,Monday,Basic Crew T-Shirt,Tops,S,White,1,399.00,0,399.00,Card,Male,Young Adult (20-30),Men,INV002199,17:50:00,P01-S-WHITE
S004414,2026-08-31,Monday,Straight Pants,Bottoms,XS,Beige,1,799.00,0,799.00,UPI,Male,Adult (31-45),Women,INV002200,13:34:00,P09-XS-BEIGE
S004415,2026-08-31,Monday,Sandals,Footwear,8,Gold,1,999.00,0,999.00,Card,Male,Young Adult (20-30),Women,INV002201,18:18:00,P21-8-GOLD
S004416,2026-08-31,Monday,Handbag,Accessories,OneSize,Maroon,2,999.00,0,1998.00,Card,Male,Young Adult (20-30),Accessories,INV002201,18:18:00,P24-ONESIZE-MAROON
S004417,2026-08-31,Monday,Floral Kurti,Ethnic Wear,XS,Blue,1,1199.00,0,1199.00,UPI,Female,Young Adult (20-30),Women,INV002202,20:34:00,P08-XS-BLUE
S004418,2026-08-31,Monday,Slim Fit Jeans,Bottoms,34,Navy,1,1299.00,0,1299.00,UPI,Male,Adult (31-45),Men,INV002203,21:07:00,P03-34-NAVY
S004419,2026-08-31,Monday,Crop Top,Tops,L,Black,1,599.00,0,599.00,Cash,Female,Young Adult (20-30),Women,INV002204,19:24:00,P11-L-BLACK
S004420,2026-08-31,Monday,Denim Jeggings,Bottoms,L,Indigo,2,999.00,0,1998.00,Cash,Female,Young Adult (20-30),Women,INV002204,19:24:00,P10-L-INDIGO
S004421,2026-08-31,Monday,Kids Cartoon Tee,Tops,6-7Y,Yellow,1,399.00,0,399.00,UPI,Male,Young Adult (20-30),Kids,INV002205,19:52:00,P15-67Y-YELLOW
S004422,2026-08-31,Monday,Slim Fit Jeans,Bottoms,30,Black,1,1299.00,0,1299.00,Cash,Male,Adult (31-45),Men,INV002206,17:21:00,P03-30-BLACK
S004423,2026-08-31,Monday,Sneakers,Footwear,10,White,1,1499.00,0,1499.00,Card,Male,Young Adult (20-30),Men,INV002207,17:51:00,P20-10-WHITE
S004424,2026-08-31,Monday,Chino Trousers,Bottoms,34,Navy,1,1099.00,0,1099.00,Card,Male,Young Adult (20-30),Men,INV002207,17:51:00,P04-34-NAVY
S004425,2026-08-31,Monday,Kids Joggers,Bottoms,4-5Y,Grey,1,699.00,0,699.00,Card,Male,Young Adult (20-30),Kids,INV002207,17:51:00,P19-45Y-GREY
S004426,2026-08-31,Monday,Polo T-Shirt,Tops,XL,Grey,1,699.00,0,699.00,UPI,Male,Adult (31-45),Men,INV002208,18:49:00,P02-XL-GREY
S004427,2026-08-31,Monday,Formal Shirt,Tops,M,Grey,1,999.00,0,999.00,Card,Male,Young Adult (20-30),Men,INV002209,12:46:00,P05-M-GREY
S004428,2026-08-31,Monday,Sandals,Footwear,8,Black,1,999.00,0,999.00,Card,Male,Young Adult (20-30),Women,INV002209,12:46:00,P21-8-BLACK
S004429,2026-08-31,Monday,Women Flats,Footwear,5,Silver,1,799.00,0,799.00,UPI,Male,Adult (31-45),Women,INV002210,19:46:00,P32-5-SILVER
S004430,2026-08-31,Monday,Chino Trousers,Bottoms,34,Olive,1,1099.00,0,1099.00,UPI,Male,Adult (31-45),Men,INV002210,19:46:00,P04-34-OLIVE
S004431,2026-08-31,Monday,Slim Fit Jeans,Bottoms,32,Light Blue,1,1299.00,0,1299.00,Cash,Male,Young Adult (20-30),Men,INV002211,21:02:00,P03-32-LIGHTBLU
S004432,2026-08-31,Monday,Graphic Tee,Tops,S,Black,1,499.00,0,499.00,UPI,Female,Teen (13-19),Men,INV002212,13:43:00,P06-S-BLACK
S004433,2026-08-31,Monday,Kids Sports Shoes,Footwear,1Y,Pink,1,899.00,0,899.00,Card,Male,Young Adult (20-30),Kids,INV002213,13:41:00,P22-1Y-PINK
S004434,2026-08-31,Monday,Polo T-Shirt,Tops,M,Grey,1,699.00,0,699.00,Card,Male,Young Adult (20-30),Men,INV002213,13:41:00,P02-M-GREY
S004435,2026-08-31,Monday,Chino Trousers,Bottoms,32,Beige,1,1099.00,0,1099.00,Card,Male,Young Adult (20-30),Men,INV002213,13:41:00,P04-32-BEIGE
S004436,2026-08-31,Monday,Graphic Tee,Tops,M,Red,1,499.00,0,499.00,Card,Male,Young Adult (20-30),Men,INV002213,13:41:00,P06-M-RED
S004437,2026-08-31,Monday,Printed Top,Tops,M,White,1,699.00,0,699.00,UPI,Female,Young Adult (20-30),Women,INV002214,17:42:00,P12-M-WHITE
S004438,2026-08-31,Monday,Kids Ethnic Kurta Set,Ethnic Wear,8-9Y,Mustard,1,999.00,0,999.00,Cash,Female,Senior (46+),Kids,INV002215,17:42:00,P17-89Y-MUSTARD
S004439,2026-08-31,Monday,Formal Shirt,Tops,L,Blue,1,999.00,0,999.00,Cash,Female,Senior (46+),Men,INV002215,17:42:00,P05-L-BLUE
S004440,2026-08-31,Monday,Cotton Kurti,Ethnic Wear,L,Mustard,1,999.00,0,999.00,Cash,Female,Senior (46+),Women,INV002215,17:42:00,P07-L-MUSTARD
S004441,2026-08-31,Monday,Chino Trousers,Bottoms,30,Navy,1,1099.00,0,1099.00,UPI,Male,Young Adult (20-30),Men,INV002216,14:45:00,P04-30-NAVY
S004442,2026-08-31,Monday,Basic Crew T-Shirt,Tops,L,White,1,399.00,0,399.00,UPI,Male,Young Adult (20-30),Men,INV002216,14:45:00,P01-L-WHITE
S004443,2026-08-31,Monday,Basic Crew T-Shirt,Tops,XL,Navy,1,399.00,0,399.00,UPI,Male,Young Adult (20-30),Men,INV002216,14:45:00,P01-XL-NAVY
S004444,2026-08-31,Monday,Palazzo Kurta Set,Ethnic Wear,L,Mustard,1,1399.00,20,1119.20,Cash,Female,Young Adult (20-30),Women,INV002217,19:09:00,P14-L-MUSTARD
S004445,2026-08-31,Monday,Palazzo Kurta Set,Ethnic Wear,S,Mustard,1,1399.00,20,1119.20,Cash,Female,Young Adult (20-30),Women,INV002217,19:09:00,P14-S-MUSTARD
S004446,2026-08-31,Monday,Chino Trousers,Bottoms,32,Olive,1,1099.00,0,1099.00,UPI,Male,Young Adult (20-30),Men,INV002218,20:45:00,P04-32-OLIVE
S004447,2026-08-31,Monday,Basic Crew T-Shirt,Tops,L,White,1,399.00,0,399.00,UPI,Male,Young Adult (20-30),Men,INV002218,20:45:00,P01-L-WHITE
S004448,2026-08-31,Monday,Polo T-Shirt,Tops,L,Grey,1,699.00,0,699.00,UPI,Female,Young Adult (20-30),Men,INV002219,20:56:00,P02-L-GREY
S004449,2026-08-31,Monday,Graphic Tee,Tops,S,White,1,499.00,0,499.00,UPI,Female,Young Adult (20-30),Men,INV002219,20:56:00,P06-S-WHITE
S004450,2026-08-31,Monday,Cotton Kurti,Ethnic Wear,XS,Maroon,1,999.00,0,999.00,Card,Female,Young Adult (20-30),Women,INV002220,17:05:00,P07-XS-MAROON
S004451,2026-08-31,Monday,Kids Sports Shoes,Footwear,10C,Black,1,899.00,0,899.00,Card,Female,Young Adult (20-30),Kids,INV002220,17:05:00,P22-10C-BLACK
S004452,2026-08-31,Monday,Women Flats,Footwear,4,Silver,1,799.00,0,799.00,Card,Female,Young Adult (20-30),Women,INV002220,17:05:00,P32-4-SILVER
S004453,2026-08-31,Monday,Kids Cartoon Tee,Tops,4-5Y,Yellow,1,399.00,0,399.00,UPI,Female,Adult (31-45),Kids,INV002221,20:03:00,P15-45Y-YELLOW
S004454,2026-08-31,Monday,Slim Fit Jeans,Bottoms,34,Light Blue,1,1299.00,0,1299.00,UPI,Female,Adult (31-45),Men,INV002221,20:03:00,P03-34-LIGHTBLU
S004455,2026-08-31,Monday,Printed Top,Tops,S,Blue,1,699.00,0,699.00,Card,Female,Senior (46+),Women,INV002222,20:24:00,P12-S-BLUE
S004456,2026-08-31,Monday,Graphic Tee,Tops,XL,Black,1,499.00,0,499.00,Card,Male,Young Adult (20-30),Men,INV002223,10:44:00,P06-XL-BLACK
S004457,2026-08-31,Monday,Kids Cartoon Tee,Tops,4-5Y,Blue,1,399.00,0,399.00,UPI,Male,Adult (31-45),Kids,INV002224,11:12:00,P15-45Y-BLUE
S004458,2026-08-31,Monday,Sandals,Footwear,5,Gold,1,999.00,0,999.00,Card,Male,Teen (13-19),Women,INV002225,16:11:00,P21-5-GOLD
S004459,2026-08-31,Monday,Kids Sports Shoes,Footwear,1Y,Black,1,899.00,0,899.00,Card,Male,Teen (13-19),Kids,INV002225,16:11:00,P22-1Y-BLACK
S004460,2026-08-31,Monday,Straight Pants,Bottoms,L,Beige,1,799.00,0,799.00,UPI,Female,Young Adult (20-30),Women,INV002226,13:50:00,P09-L-BEIGE
S004461,2026-08-31,Monday,Cotton Kurti,Ethnic Wear,L,Maroon,2,999.00,0,1998.00,UPI,Male,Adult (31-45),Women,INV002227,16:17:00,P07-L-MAROON
S004462,2026-08-31,Monday,Kids Lehenga Set,Ethnic Wear,4-5Y,Pink,1,1299.00,20,1039.20,UPI,Male,Adult (31-45),Kids,INV002227,16:17:00,P18-45Y-PINK
S004463,2026-08-31,Monday,Printed Top,Tops,XL,White,1,699.00,0,699.00,UPI,Male,Adult (31-45),Women,INV002227,16:17:00,P12-XL-WHITE
S004464,2026-08-31,Monday,Formal Shirt,Tops,M,White,1,999.00,0,999.00,UPI,Male,Adult (31-45),Men,INV002227,16:17:00,P05-M-WHITE
S004465,2026-08-31,Monday,Sandals,Footwear,6,Gold,1,999.00,0,999.00,Card,Female,Young Adult (20-30),Women,INV002228,20:14:00,P21-6-GOLD
S004466,2026-08-31,Monday,Floral Kurti,Ethnic Wear,M,Green,2,1199.00,0,2398.00,Cash,Male,Young Adult (20-30),Women,INV002229,17:31:00,P08-M-GREEN
S004467,2026-08-31,Monday,Basic Crew T-Shirt,Tops,L,Black,1,399.00,0,399.00,Cash,Male,Young Adult (20-30),Men,INV002229,17:31:00,P01-L-BLACK
S004468,2026-08-31,Monday,Sandals,Footwear,6,Gold,1,999.00,0,999.00,Cash,Male,Young Adult (20-30),Women,INV002229,17:31:00,P21-6-GOLD
S004469,2026-08-31,Monday,Chino Trousers,Bottoms,36,Navy,1,1099.00,0,1099.00,UPI,Female,Young Adult (20-30),Men,INV002230,17:11:00,P04-36-NAVY
S004470,2026-08-31,Monday,Crop Top,Tops,S,White,1,599.00,0,599.00,Cash,Female,Young Adult (20-30),Women,INV002231,18:59:00,P11-S-WHITE
S004471,2026-08-31,Monday,Graphic Tee,Tops,S,Black,1,499.00,0,499.00,Cash,Female,Young Adult (20-30),Men,INV002231,18:59:00,P06-S-BLACK
S004472,2026-08-31,Monday,Printed Top,Tops,XS,Blue,1,699.00,0,699.00,Cash,Female,Young Adult (20-30),Women,INV002231,18:59:00,P12-XS-BLUE
S004473,2026-08-31,Monday,Graphic Tee,Tops,L,White,1,499.00,0,499.00,Card,Male,Young Adult (20-30),Men,INV002232,10:55:00,P06-L-WHITE
S004474,2026-08-31,Monday,Straight Pants,Bottoms,L,Beige,1,799.00,0,799.00,Card,Male,Young Adult (20-30),Women,INV002232,10:55:00,P09-L-BEIGE
S004475,2026-08-31,Monday,Basic Crew T-Shirt,Tops,M,Navy,1,399.00,0,399.00,Cash,Female,Young Adult (20-30),Men,INV002233,20:48:00,P01-M-NAVY
S004476,2026-08-31,Monday,Basic Crew T-Shirt,Tops,XL,White,1,399.00,0,399.00,Cash,Female,Young Adult (20-30),Men,INV002233,20:48:00,P01-XL-WHITE
S004477,2026-08-31,Monday,Graphic Tee,Tops,L,Red,1,499.00,0,499.00,Cash,Female,Young Adult (20-30),Men,INV002233,20:48:00,P06-L-RED
S004478,2026-08-31,Monday,Anarkali Kurta Set,Ethnic Wear,S,Navy,1,1799.00,50,899.50,Cash,Female,Young Adult (20-30),Women,INV002233,20:48:00,P13-S-NAVY
S004479,2026-08-31,Monday,Straight Pants,Bottoms,M,Black,1,799.00,0,799.00,Card,Male,Adult (31-45),Women,INV002234,12:21:00,P09-M-BLACK
S004480,2026-08-31,Monday,Slim Fit Jeans,Bottoms,30,Navy,1,1299.00,0,1299.00,Card,Male,Adult (31-45),Men,INV002234,12:21:00,P03-30-NAVY
S004481,2026-08-31,Monday,Printed Top,Tops,S,White,1,699.00,0,699.00,Card,Male,Adult (31-45),Women,INV002234,12:21:00,P12-S-WHITE
S004482,2026-08-31,Monday,Slim Fit Jeans,Bottoms,36,Light Blue,2,1299.00,0,2598.00,Card,Male,Young Adult (20-30),Men,INV002235,20:35:00,P03-36-LIGHTBLU
S004483,2026-08-31,Monday,Cotton Kurti,Ethnic Wear,S,Maroon,1,999.00,0,999.00,UPI,Female,Adult (31-45),Women,INV002236,11:59:00,P07-S-MAROON
S004484,2026-08-31,Monday,Printed Top,Tops,M,Blue,1,699.00,0,699.00,UPI,Female,Adult (31-45),Women,INV002236,11:59:00,P12-M-BLUE
S004485,2026-08-31,Monday,Women Flats,Footwear,5,Black,1,799.00,0,799.00,UPI,Female,Adult (31-45),Women,INV002236,11:59:00,P32-5-BLACK
S004486,2026-08-31,Monday,Basic Crew T-Shirt,Tops,M,White,1,399.00,0,399.00,UPI,Male,Teen (13-19),Men,INV002237,20:08:00,P01-M-WHITE
S004487,2026-08-31,Monday,Crop Top,Tops,M,White,1,599.00,0,599.00,UPI,Male,Teen (13-19),Women,INV002237,20:08:00,P11-M-WHITE
S004488,2026-08-31,Monday,Cotton Kurti,Ethnic Wear,XL,Mustard,2,999.00,0,1998.00,Cash,Female,Adult (31-45),Women,INV002238,14:22:00,P07-XL-MUSTARD
S004489,2026-08-31,Monday,Crop Top,Tops,XS,Black,1,599.00,0,599.00,Cash,Female,Adult (31-45),Women,INV002238,14:22:00,P11-XS-BLACK
S004490,2026-08-31,Monday,Floral Kurti,Ethnic Wear,M,Pink,1,1199.00,0,1199.00,Cash,Female,Adult (31-45),Women,INV002238,14:22:00,P08-M-PINK
S004491,2026-08-31,Monday,Kids Cartoon Tee,Tops,2-3Y,Red,2,399.00,0,798.00,UPI,Male,Adult (31-45),Kids,INV002239,18:51:00,P15-23Y-RED
S004492,2026-08-31,Monday,Crop Top,Tops,L,White,1,599.00,0,599.00,Cash,Male,Young Adult (20-30),Women,INV002240,19:35:00,P11-L-WHITE
S004493,2026-08-31,Monday,Basic Crew T-Shirt,Tops,L,Black,2,399.00,0,798.00,Cash,Male,Young Adult (20-30),Men,INV002240,19:35:00,P01-L-BLACK
S004494,2026-08-31,Monday,Basic Crew T-Shirt,Tops,M,White,1,399.00,0,399.00,Cash,Male,Young Adult (20-30),Men,INV002240,19:35:00,P01-M-WHITE
S004495,2026-08-31,Monday,Graphic Tee,Tops,S,White,1,499.00,0,499.00,Cash,Male,Young Adult (20-30),Men,INV002240,19:35:00,P06-S-WHITE
S004496,2026-08-31,Monday,Graphic Tee,Tops,M,White,1,499.00,0,499.00,UPI,Male,Teen (13-19),Men,INV002241,20:40:00,P06-M-WHITE
S004497,2026-08-31,Monday,Basic Crew T-Shirt,Tops,S,Black,1,399.00,0,399.00,UPI,Male,Teen (13-19),Men,INV002241,20:40:00,P01-S-BLACK
S004498,2026-08-31,Monday,Palazzo Kurta Set,Ethnic Wear,L,Teal,1,1399.00,20,1119.20,UPI,Male,Teen (13-19),Women,INV002241,20:40:00,P14-L-TEAL
S004499,2026-08-31,Monday,Polo T-Shirt,Tops,M,Maroon,1,699.00,0,699.00,UPI,Male,Teen (13-19),Men,INV002241,20:40:00,P02-M-MAROON
S004500,2026-08-31,Monday,Basic Crew T-Shirt,Tops,L,Navy,1,399.00,0,399.00,UPI,Male,Young Adult (20-30),Men,INV002242,16:39:00,P01-L-NAVY
S004501,2026-08-31,Monday,Basic Crew T-Shirt,Tops,M,Black,1,399.00,0,399.00,UPI,Male,Young Adult (20-30),Men,INV002243,17:35:00,P01-M-BLACK
S004502,2026-08-31,Monday,Kids Joggers,Bottoms,6-7Y,Navy,1,699.00,0,699.00,UPI,Male,Young Adult (20-30),Kids,INV002243,17:35:00,P19-67Y-NAVY
S004503,2026-08-31,Monday,Palazzo Kurta Set,Ethnic Wear,S,Teal,1,1399.00,20,1119.20,UPI,Other,Adult (31-45),Women,INV002244,14:30:00,P14-S-TEAL
S004504,2026-08-31,Monday,Basic Crew T-Shirt,Tops,M,White,1,399.00,0,399.00,UPI,Other,Adult (31-45),Men,INV002244,14:30:00,P01-M-WHITE
S004505,2026-08-31,Monday,Kids Ethnic Kurta Set,Ethnic Wear,6-7Y,Mustard,1,999.00,0,999.00,UPI,Other,Adult (31-45),Kids,INV002244,14:30:00,P17-67Y-MUSTARD
S004506,2026-08-31,Monday,Basic Crew T-Shirt,Tops,M,Olive,1,399.00,0,399.00,UPI,Female,Teen (13-19),Men,INV002245,18:54:00,P01-M-OLIVE
S004507,2026-08-31,Monday,Kids Ethnic Kurta Set,Ethnic Wear,4-5Y,Maroon,1,999.00,0,999.00,Card,Male,Adult (31-45),Kids,INV002246,12:37:00,P17-45Y-MAROON
S004508,2026-08-31,Monday,Basic Crew T-Shirt,Tops,M,Navy,1,399.00,0,399.00,Card,Male,Adult (31-45),Men,INV002246,12:37:00,P01-M-NAVY
S004509,2026-08-31,Monday,Kids Lehenga Set,Ethnic Wear,8-9Y,Peach,1,1299.00,20,1039.20,Card,Male,Adult (31-45),Kids,INV002246,12:37:00,P18-89Y-PEACH
S004510,2026-08-31,Monday,Crop Top,Tops,L,White,1,599.00,0,599.00,Cash,Male,Young Adult (20-30),Women,INV002247,15:10:00,P11-L-WHITE
S004511,2026-08-31,Monday,Kids Denim Shorts,Bottoms,4-5Y,Blue,1,599.00,0,599.00,Cash,Male,Young Adult (20-30),Kids,INV002247,15:10:00,P16-45Y-BLUE
S004512,2026-08-31,Monday,Basic Crew T-Shirt,Tops,M,Olive,2,399.00,0,798.00,UPI,Female,Adult (31-45),Men,INV002248,15:10:00,P01-M-OLIVE
S004513,2026-08-31,Monday,Scarf,Accessories,OneSize,Teal,1,499.00,30,349.30,UPI,Female,Adult (31-45),Accessories,INV002249,21:21:00,P30-ONESIZE-TEAL
S004514,2026-08-31,Monday,Kids Joggers,Bottoms,4-5Y,Grey,1,699.00,0,699.00,UPI,Female,Adult (31-45),Kids,INV002249,21:21:00,P19-45Y-GREY
S004515,2026-08-31,Monday,Kids Ethnic Kurta Set,Ethnic Wear,6-7Y,Green,1,999.00,0,999.00,UPI,Female,Adult (31-45),Kids,INV002249,21:21:00,P17-67Y-GREEN
